match_id,date,team,opponent,venue,toss_winner,toss_decision,toss_won,innings,batted_first,runs_scored,wickets_lost,balls_faced,overs_faced,run_rate,powerplay_runs,powerplay_wickets_lost,middle_runs,middle_wickets_lost,death_runs,death_wickets_lost,result_win,target,chased_successfully,opponent_runs,opponent_wickets
335982,2008-04-18,Kolkata Knight Riders,Royal Challengers Bangalore,M Chinnaswamy Stadium,Royal Challengers Bangalore,field,0,1,1,222,3,120,20.0,11.1,61,1,93,1,68,1,1,,0,82,10
335982,2008-04-18,Royal Challengers Bangalore,Kolkata Knight Riders,M Chinnaswamy Stadium,Royal Challengers Bangalore,field,1,2,0,82,10,91,15.17,5.41,26,4,55,5,1,1,0,223.0,0,222,3
335983,2008-04-19,Chennai Super Kings,Kings XI Punjab,"Punjab Cricket Association Stadium, Mohali",Chennai Super Kings,bat,1,1,1,240,5,120,20.0,12.0,53,1,108,3,79,1,1,,0,207,4
335983,2008-04-19,Kings XI Punjab,Chennai Super Kings,"Punjab Cricket Association Stadium, Mohali",Chennai Super Kings,bat,0,2,0,207,4,120,20.0,10.35,63,1,102,2,42,1,0,241.0,0,240,5
335984,2008-04-19,Rajasthan Royals,Delhi Daredevils,Feroz Shah Kotla,Rajasthan Royals,bat,1,1,1,129,8,120,20.0,6.45,40,2,56,5,33,1,0,,0,132,1
335984,2008-04-19,Delhi Daredevils,Rajasthan Royals,Feroz Shah Kotla,Rajasthan Royals,bat,0,2,0,132,1,91,15.17,8.7,55,1,73,0,4,0,1,130.0,1,129,8
335985,2008-04-20,Mumbai Indians,Royal Challengers Bangalore,Wankhede Stadium,Mumbai Indians,bat,1,1,1,165,7,120,20.0,8.25,47,3,58,1,60,3,0,,0,166,5
335985,2008-04-20,Royal Challengers Bangalore,Mumbai Indians,Wankhede Stadium,Mumbai Indians,bat,0,2,0,166,5,118,19.67,8.44,40,1,78,3,48,1,1,166.0,1,165,7
335986,2008-04-20,Deccan Chargers,Kolkata Knight Riders,Eden Gardens,Deccan Chargers,bat,1,1,1,110,10,112,18.67,5.89,39,2,38,4,33,4,0,,0,112,5
335986,2008-04-20,Kolkata Knight Riders,Deccan Chargers,Eden Gardens,Deccan Chargers,bat,0,2,0,112,5,114,19.0,5.89,26,3,55,1,31,1,1,111.0,1,110,10
335987,2008-04-21,Kings XI Punjab,Rajasthan Royals,Sawai Mansingh Stadium,Kings XI Punjab,bat,1,1,1,166,8,119,19.83,8.37,54,1,61,3,51,4,0,,0,168,4
335987,2008-04-21,Rajasthan Royals,Kings XI Punjab,Sawai Mansingh Stadium,Kings XI Punjab,bat,0,2,0,168,4,109,18.17,9.25,53,3,89,1,26,0,1,167.0,1,166,8
335988,2008-04-22,Deccan Chargers,Delhi Daredevils,"Rajiv Gandhi International Stadium, Uppal",Deccan Chargers,bat,1,1,1,142,8,120,20.0,7.1,25,2,48,3,69,3,0,,0,143,1
335988,2008-04-22,Delhi Daredevils,Deccan Chargers,"Rajiv Gandhi International Stadium, Uppal",Deccan Chargers,bat,0,2,0,143,1,78,13.0,11.0,48,1,95,0,0,0,1,143.0,1,142,8
335989,2008-04-23,Chennai Super Kings,Mumbai Indians,"MA Chidambaram Stadium, Chepauk",Mumbai Indians,field,0,1,1,208,5,120,20.0,10.4,53,2,90,1,65,2,1,,0,202,7
335989,2008-04-23,Mumbai Indians,Chennai Super Kings,"MA Chidambaram Stadium, Chepauk",Mumbai Indians,field,1,2,0,202,7,120,20.0,10.1,52,2,82,3,68,2,0,209.0,0,208,5
335990,2008-04-24,Deccan Chargers,Rajasthan Royals,"Rajiv Gandhi International Stadium, Uppal",Rajasthan Royals,field,0,1,1,214,5,120,20.0,10.7,58,2,90,1,66,2,0,,0,217,7
335990,2008-04-24,Rajasthan Royals,Deccan Chargers,"Rajiv Gandhi International Stadium, Uppal",Rajasthan Royals,field,1,2,0,217,7,119,19.83,10.94,73,1,86,2,58,4,1,215.0,1,214,5
335991,2008-04-25,Kings XI Punjab,Mumbai Indians,"Punjab Cricket Association Stadium, Mohali",Mumbai Indians,field,0,1,1,182,10,120,20.0,9.1,60,1,78,3,44,6,1,,0,116,9
335991,2008-04-25,Mumbai Indians,Kings XI Punjab,"Punjab Cricket Association Stadium, Mohali",Mumbai Indians,field,1,2,0,116,9,120,20.0,5.8,39,2,62,5,15,2,0,183.0,0,182,10
335992,2008-04-26,Royal Challengers Bangalore,Rajasthan Royals,M Chinnaswamy Stadium,Rajasthan Royals,field,0,1,1,135,8,120,20.0,6.75,57,2,38,5,40,1,0,,0,138,3
335992,2008-04-26,Rajasthan Royals,Royal Challengers Bangalore,M Chinnaswamy Stadium,Rajasthan Royals,field,1,2,0,138,3,103,17.17,8.04,45,2,76,0,17,1,1,136.0,1,135,8
335993,2008-04-26,Kolkata Knight Riders,Chennai Super Kings,"MA Chidambaram Stadium, Chepauk",Kolkata Knight Riders,bat,1,1,1,147,9,120,20.0,7.35,61,3,43,3,43,3,0,,0,152,1
335993,2008-04-26,Chennai Super Kings,Kolkata Knight Riders,"MA Chidambaram Stadium, Chepauk",Kolkata Knight Riders,bat,0,2,0,152,1,102,17.0,8.94,45,0,76,1,31,0,1,148.0,1,147,9
335994,2008-04-27,Mumbai Indians,Deccan Chargers,Dr DY Patil Sports Academy,Deccan Chargers,field,0,1,1,154,7,120,20.0,7.7,27,3,72,2,55,2,0,,0,155,0
335994,2008-04-27,Deccan Chargers,Mumbai Indians,Dr DY Patil Sports Academy,Deccan Chargers,field,1,2,0,155,0,73,12.17,12.74,60,0,95,0,0,0,1,155.0,1,154,7
335995,2008-04-27,Delhi Daredevils,Kings XI Punjab,"Punjab Cricket Association Stadium, Mohali",Delhi Daredevils,bat,1,1,1,158,8,120,20.0,7.9,45,3,62,2,51,3,0,,0,162,6
335995,2008-04-27,Kings XI Punjab,Delhi Daredevils,"Punjab Cricket Association Stadium, Mohali",Delhi Daredevils,bat,0,2,0,162,6,117,19.5,8.31,55,2,68,2,39,2,1,159.0,1,158,8
335996,2008-04-28,Chennai Super Kings,Royal Challengers Bangalore,M Chinnaswamy Stadium,Chennai Super Kings,bat,1,1,1,178,5,120,20.0,8.9,36,1,66,2,76,2,1,,0,165,10
335996,2008-04-28,Royal Challengers Bangalore,Chennai Super Kings,M Chinnaswamy Stadium,Chennai Super Kings,bat,0,2,0,165,10,118,19.67,8.39,45,1,87,2,33,7,0,179.0,0,178,5
335997,2008-04-29,Kolkata Knight Riders,Mumbai Indians,Eden Gardens,Kolkata Knight Riders,bat,1,1,1,137,8,120,20.0,6.85,40,3,47,3,50,2,0,,0,138,3
335997,2008-04-29,Mumbai Indians,Kolkata Knight Riders,Eden Gardens,Kolkata Knight Riders,bat,0,2,0,138,3,112,18.67,7.39,38,3,72,0,28,0,1,138.0,1,137,8
335998,2008-04-30,Delhi Daredevils,Royal Challengers Bangalore,Feroz Shah Kotla,Royal Challengers Bangalore,field,0,1,1,191,5,120,20.0,9.55,58,1,93,1,40,3,1,,0,181,5
335998,2008-04-30,Royal Challengers Bangalore,Delhi Daredevils,Feroz Shah Kotla,Royal Challengers Bangalore,field,1,2,0,181,5,120,20.0,9.05,55,3,79,0,47,2,0,192.0,0,191,5
335999,2008-05-01,Deccan Chargers,Kings XI Punjab,"Rajiv Gandhi International Stadium, Uppal",Kings XI Punjab,field,0,1,1,164,8,120,20.0,8.2,50,1,61,5,53,2,0,,0,167,3
335999,2008-05-01,Kings XI Punjab,Deccan Chargers,"Rajiv Gandhi International Stadium, Uppal",Kings XI Punjab,field,1,2,0,167,3,113,18.83,8.87,41,1,88,2,38,0,1,165.0,1,164,8
336000,2008-05-01,Rajasthan Royals,Kolkata Knight Riders,Sawai Mansingh Stadium,Rajasthan Royals,bat,1,1,1,196,7,120,20.0,9.8,45,1,97,3,54,3,1,,0,151,10
336000,2008-05-01,Kolkata Knight Riders,Rajasthan Royals,Sawai Mansingh Stadium,Rajasthan Royals,bat,0,2,0,151,10,115,19.17,7.88,51,3,77,2,23,5,0,197.0,0,196,7
336001,2008-05-02,Chennai Super Kings,Delhi Daredevils,"MA Chidambaram Stadium, Chepauk",Chennai Super Kings,bat,1,1,1,169,6,120,20.0,8.45,47,1,79,2,43,3,0,,0,172,2
336001,2008-05-02,Delhi Daredevils,Chennai Super Kings,"MA Chidambaram Stadium, Chepauk",Chennai Super Kings,bat,0,2,0,172,2,114,19.0,9.05,64,0,78,2,30,0,1,170.0,1,169,6
336003,2008-05-03,Kings XI Punjab,Kolkata Knight Riders,"Punjab Cricket Association Stadium, Mohali",Kings XI Punjab,bat,1,1,1,178,6,120,20.0,8.9,49,1,70,4,59,1,1,,0,169,6
336003,2008-05-03,Kolkata Knight Riders,Kings XI Punjab,"Punjab Cricket Association Stadium, Mohali",Kings XI Punjab,bat,0,2,0,169,6,120,20.0,8.45,31,4,70,1,68,1,0,179.0,0,178,6
336034,2008-05-03,Royal Challengers Bangalore,Deccan Chargers,M Chinnaswamy Stadium,Deccan Chargers,field,0,1,1,156,8,120,20.0,7.8,46,1,68,4,42,3,1,,0,153,6
336034,2008-05-03,Deccan Chargers,Royal Challengers Bangalore,M Chinnaswamy Stadium,Deccan Chargers,field,1,2,0,153,6,120,20.0,7.65,33,2,79,0,41,4,0,157.0,0,156,8
336004,2008-05-04,Mumbai Indians,Delhi Daredevils,Dr DY Patil Sports Academy,Delhi Daredevils,field,0,1,1,162,8,120,20.0,8.1,50,2,62,3,50,3,1,,0,133,10
336004,2008-05-04,Delhi Daredevils,Mumbai Indians,Dr DY Patil Sports Academy,Delhi Daredevils,field,1,2,0,133,10,113,18.83,7.06,37,2,77,3,19,5,0,163.0,0,162,8
336005,2008-05-04,Chennai Super Kings,Rajasthan Royals,Sawai Mansingh Stadium,Chennai Super Kings,bat,1,1,1,109,10,114,19.0,5.74,38,4,53,3,18,3,0,,0,110,2
336005,2008-05-04,Rajasthan Royals,Chennai Super Kings,Sawai Mansingh Stadium,Chennai Super Kings,bat,0,2,0,110,2,86,14.33,7.68,44,0,66,2,0,0,1,110.0,1,109,10
336006,2008-05-05,Royal Challengers Bangalore,Kings XI Punjab,M Chinnaswamy Stadium,Kings XI Punjab,field,0,1,1,126,10,116,19.33,6.52,26,3,71,1,29,6,0,,0,127,4
336006,2008-05-05,Kings XI Punjab,Royal Challengers Bangalore,M Chinnaswamy Stadium,Kings XI Punjab,field,1,2,0,127,4,110,18.33,6.93,52,1,57,3,18,0,1,127.0,1,126,10
336007,2008-05-06,Chennai Super Kings,Deccan Chargers,"MA Chidambaram Stadium, Chepauk",Deccan Chargers,field,0,1,1,144,7,120,20.0,7.2,34,3,52,3,58,1,0,,0,148,3
336007,2008-05-06,Deccan Chargers,Chennai Super Kings,"MA Chidambaram Stadium, Chepauk",Deccan Chargers,field,1,2,0,148,3,108,18.0,8.22,50,1,65,1,33,1,1,145.0,1,144,7
336008,2008-05-07,Rajasthan Royals,Mumbai Indians,Dr DY Patil Sports Academy,Mumbai Indians,field,0,1,1,103,10,98,16.33,6.31,48,2,54,5,1,3,0,,0,104,3
336008,2008-05-07,Mumbai Indians,Rajasthan Royals,Dr DY Patil Sports Academy,Mumbai Indians,field,1,2,0,104,3,91,15.17,6.86,34,0,68,3,2,0,1,104.0,1,103,10
336009,2008-05-08,Delhi Daredevils,Chennai Super Kings,Feroz Shah Kotla,Chennai Super Kings,field,0,1,1,187,5,120,20.0,9.35,50,2,83,0,54,3,0,,0,188,6
336009,2008-05-08,Chennai Super Kings,Delhi Daredevils,Feroz Shah Kotla,Chennai Super Kings,field,1,2,0,188,6,120,20.0,9.4,62,0,80,4,46,2,1,188.0,1,187,5
336010,2008-05-08,Kolkata Knight Riders,Royal Challengers Bangalore,Eden Gardens,Kolkata Knight Riders,bat,1,1,1,129,7,96,16.0,8.06,41,2,74,4,14,1,1,,0,124,4
336010,2008-05-08,Royal Challengers Bangalore,Kolkata Knight Riders,Eden Gardens,Kolkata Knight Riders,bat,0,2,0,124,4,96,16.0,7.75,35,2,76,2,13,0,0,130.0,0,129,7
336011,2008-05-09,Deccan Chargers,Rajasthan Royals,Sawai Mansingh Stadium,Rajasthan Royals,field,0,1,1,140,8,120,20.0,7.0,50,0,53,4,37,4,0,,0,141,2
336011,2008-05-09,Rajasthan Royals,Deccan Chargers,Sawai Mansingh Stadium,Rajasthan Royals,field,1,2,0,141,2,96,16.0,8.81,50,0,79,1,12,1,1,141.0,1,140,8
336013,2008-05-10,Chennai Super Kings,Kings XI Punjab,"MA Chidambaram Stadium, Chepauk",Kings XI Punjab,field,0,1,1,181,4,120,20.0,9.05,53,2,91,1,37,1,1,,0,163,9
336013,2008-05-10,Kings XI Punjab,Chennai Super Kings,"MA Chidambaram Stadium, Chepauk",Kings XI Punjab,field,1,2,0,163,9,120,20.0,8.15,35,2,80,4,48,3,0,182.0,0,181,4
336014,2008-05-11,Kolkata Knight Riders,Deccan Chargers,"Rajiv Gandhi International Stadium, Uppal",Kolkata Knight Riders,bat,1,1,1,204,4,120,20.0,10.2,43,1,75,1,86,2,1,,0,181,7
336014,2008-05-11,Deccan Chargers,Kolkata Knight Riders,"Rajiv Gandhi International Stadium, Uppal",Kolkata Knight Riders,bat,0,2,0,181,7,120,20.0,9.05,55,3,70,3,56,1,0,205.0,0,204,4
336015,2008-05-11,Delhi Daredevils,Rajasthan Royals,Sawai Mansingh Stadium,Rajasthan Royals,field,0,1,1,156,7,120,20.0,7.8,47,1,49,4,60,2,0,,0,159,7
336015,2008-05-11,Rajasthan Royals,Delhi Daredevils,Sawai Mansingh Stadium,Rajasthan Royals,field,1,2,0,159,7,114,19.0,8.37,21,2,99,2,39,3,1,157.0,1,156,7
336016,2008-05-12,Royal Challengers Bangalore,Kings XI Punjab,"Punjab Cricket Association Stadium, Mohali",Royal Challengers Bangalore,bat,1,1,1,143,8,120,20.0,7.15,50,3,52,2,41,3,0,,0,144,1
336016,2008-05-12,Kings XI Punjab,Royal Challengers Bangalore,"Punjab Cricket Association Stadium, Mohali",Royal Challengers Bangalore,bat,0,2,0,144,1,94,15.67,9.19,42,0,99,1,3,0,1,144.0,1,143,8
336017,2008-05-13,Kolkata Knight Riders,Delhi Daredevils,Eden Gardens,Kolkata Knight Riders,bat,1,1,1,133,6,120,20.0,6.65,35,1,60,2,38,3,1,,0,110,10
336017,2008-05-13,Delhi Daredevils,Kolkata Knight Riders,Eden Gardens,Kolkata Knight Riders,bat,0,2,0,110,10,107,17.83,6.17,37,4,60,2,13,4,0,134.0,0,133,6
336018,2008-05-14,Chennai Super Kings,Mumbai Indians,Wankhede Stadium,Mumbai Indians,field,0,1,1,156,6,120,20.0,7.8,28,2,61,2,67,2,0,,0,158,1
336018,2008-05-14,Mumbai Indians,Chennai Super Kings,Wankhede Stadium,Mumbai Indians,field,1,2,0,158,1,83,13.83,11.42,78,0,80,1,0,0,1,157.0,1,156,6
336020,2008-05-15,Delhi Daredevils,Deccan Chargers,Feroz Shah Kotla,Deccan Chargers,field,0,1,1,194,4,120,20.0,9.7,48,1,90,0,56,3,1,,0,182,9
336020,2008-05-15,Deccan Chargers,Delhi Daredevils,Feroz Shah Kotla,Deccan Chargers,field,1,2,0,182,9,120,20.0,9.1,71,1,57,3,54,5,0,195.0,0,194,4
336021,2008-05-16,Kolkata Knight Riders,Mumbai Indians,Wankhede Stadium,Mumbai Indians,field,0,1,1,67,10,92,15.33,4.37,27,3,40,6,0,1,0,,0,68,2
336021,2008-05-16,Mumbai Indians,Kolkata Knight Riders,Wankhede Stadium,Mumbai Indians,field,1,2,0,68,2,33,5.5,12.36,68,2,0,0,0,0,1,68.0,1,67,10
336022,2008-05-17,Delhi Daredevils,Kings XI Punjab,Feroz Shah Kotla,Delhi Daredevils,bat,1,1,1,118,4,66,11.0,10.73,68,0,50,4,0,0,0,,0,94,3
336022,2008-05-17,Kings XI Punjab,Delhi Daredevils,Feroz Shah Kotla,Delhi Daredevils,bat,0,2,0,94,3,48,8.0,11.75,73,3,21,0,0,0,1,119.0,1,118,4
336023,2008-05-17,Rajasthan Royals,Royal Challengers Bangalore,Sawai Mansingh Stadium,Royal Challengers Bangalore,field,0,1,1,197,1,120,20.0,9.85,51,0,92,1,54,0,1,,0,132,9
336023,2008-05-17,Royal Challengers Bangalore,Rajasthan Royals,Sawai Mansingh Stadium,Royal Challengers Bangalore,field,1,2,0,132,9,120,20.0,6.6,23,3,60,4,49,2,0,198.0,0,197,1
336024,2008-05-18,Mumbai Indians,Deccan Chargers,"Rajiv Gandhi International Stadium, Uppal",Deccan Chargers,field,0,1,1,178,7,120,20.0,8.9,57,1,57,3,64,3,1,,0,153,7
336024,2008-05-18,Deccan Chargers,Mumbai Indians,"Rajiv Gandhi International Stadium, Uppal",Deccan Chargers,field,1,2,0,153,7,120,20.0,7.65,32,3,74,1,47,3,0,179.0,0,178,7
336025,2008-05-18,Kolkata Knight Riders,Chennai Super Kings,Eden Gardens,Kolkata Knight Riders,bat,1,1,1,149,5,120,20.0,7.45,35,2,66,0,48,3,0,,0,55,0
336025,2008-05-18,Chennai Super Kings,Kolkata Knight Riders,Eden Gardens,Kolkata Knight Riders,bat,0,2,0,55,0,48,8.0,6.88,43,0,12,0,0,0,1,150.0,1,149,5
336026,2008-05-19,Royal Challengers Bangalore,Delhi Daredevils,M Chinnaswamy Stadium,Delhi Daredevils,field,0,1,1,154,7,120,20.0,7.7,41,1,61,2,52,4,0,,0,158,5
336026,2008-05-19,Delhi Daredevils,Royal Challengers Bangalore,M Chinnaswamy Stadium,Delhi Daredevils,field,1,2,0,158,5,110,18.33,8.62,71,0,56,4,31,1,1,155.0,1,154,7
336027,2008-05-20,Kolkata Knight Riders,Rajasthan Royals,Eden Gardens,Rajasthan Royals,field,0,1,1,147,8,120,20.0,7.35,32,1,70,3,45,4,0,,0,150,4
336027,2008-05-20,Rajasthan Royals,Kolkata Knight Riders,Eden Gardens,Rajasthan Royals,field,1,2,0,150,4,99,16.5,9.09,42,3,86,1,22,0,1,148.0,1,147,8
336028,2008-05-21,Kings XI Punjab,Mumbai Indians,Wankhede Stadium,Mumbai Indians,field,0,1,1,189,4,120,20.0,9.45,43,1,91,1,55,2,1,,0,188,10
336028,2008-05-21,Mumbai Indians,Kings XI Punjab,Wankhede Stadium,Mumbai Indians,field,1,2,0,188,10,120,20.0,9.4,68,1,76,2,44,7,0,190.0,0,189,4
336029,2008-05-21,Royal Challengers Bangalore,Chennai Super Kings,"MA Chidambaram Stadium, Chepauk",Royal Challengers Bangalore,bat,1,1,1,126,8,120,20.0,6.3,23,2,53,3,50,3,1,,0,112,8
336029,2008-05-21,Chennai Super Kings,Royal Challengers Bangalore,"MA Chidambaram Stadium, Chepauk",Royal Challengers Bangalore,bat,0,2,0,112,8,120,20.0,5.6,44,0,48,4,20,4,0,127.0,0,126,8
336031,2008-05-23,Deccan Chargers,Kings XI Punjab,"Punjab Cricket Association Stadium, Mohali",Kings XI Punjab,field,0,1,1,175,4,120,20.0,8.75,42,0,69,2,64,2,0,,0,178,4
336031,2008-05-23,Kings XI Punjab,Deccan Chargers,"Punjab Cricket Association Stadium, Mohali",Kings XI Punjab,field,1,2,0,178,4,117,19.5,9.13,74,0,61,2,43,2,1,176.0,1,175,4
336032,2008-05-24,Mumbai Indians,Delhi Daredevils,Feroz Shah Kotla,Delhi Daredevils,field,0,1,1,176,8,120,20.0,8.8,60,0,63,4,53,4,0,,0,179,5
336032,2008-05-24,Delhi Daredevils,Mumbai Indians,Feroz Shah Kotla,Delhi Daredevils,field,1,2,0,179,5,119,19.83,9.03,56,2,74,3,49,0,1,177.0,1,176,8
336033,2008-05-24,Rajasthan Royals,Chennai Super Kings,"MA Chidambaram Stadium, Chepauk",Rajasthan Royals,bat,1,1,1,211,5,120,20.0,10.55,67,0,100,2,44,3,1,,0,201,7
336033,2008-05-24,Chennai Super Kings,Rajasthan Royals,"MA Chidambaram Stadium, Chepauk",Rajasthan Royals,bat,0,2,0,201,7,120,20.0,10.05,65,1,92,2,44,4,0,212.0,0,211,5
336002,2008-05-25,Deccan Chargers,Royal Challengers Bangalore,"Rajiv Gandhi International Stadium, Uppal",Deccan Chargers,bat,1,1,1,165,10,120,20.0,8.25,41,0,82,4,42,6,0,,0,171,5
336002,2008-05-25,Royal Challengers Bangalore,Deccan Chargers,"Rajiv Gandhi International Stadium, Uppal",Deccan Chargers,bat,0,2,0,171,5,114,19.0,9.0,43,1,63,2,65,2,1,166.0,1,165,10
336035,2008-05-25,Kings XI Punjab,Kolkata Knight Riders,Eden Gardens,Kings XI Punjab,bat,1,1,1,174,6,120,20.0,8.7,47,1,86,2,41,3,0,,0,175,7
336035,2008-05-25,Kolkata Knight Riders,Kings XI Punjab,Eden Gardens,Kings XI Punjab,bat,0,2,0,175,7,118,19.67,8.9,51,2,53,3,71,2,1,175.0,1,174,6
336036,2008-05-26,Mumbai Indians,Rajasthan Royals,Sawai Mansingh Stadium,Rajasthan Royals,field,0,1,1,145,7,120,20.0,7.25,29,0,68,2,48,5,0,,0,146,5
336036,2008-05-26,Rajasthan Royals,Mumbai Indians,Sawai Mansingh Stadium,Rajasthan Royals,field,1,2,0,146,5,120,20.0,7.3,36,2,54,3,56,0,1,146.0,1,145,7
336037,2008-05-27,Deccan Chargers,Chennai Super Kings,"Rajiv Gandhi International Stadium, Uppal",Deccan Chargers,bat,1,1,1,147,8,120,20.0,7.35,26,2,67,1,54,5,0,,0,148,3
336037,2008-05-27,Chennai Super Kings,Deccan Chargers,"Rajiv Gandhi International Stadium, Uppal",Deccan Chargers,bat,0,2,0,148,3,116,19.33,7.66,44,1,70,1,34,1,1,148.0,1,147,8
336012,2008-05-28,Royal Challengers Bangalore,Mumbai Indians,M Chinnaswamy Stadium,Mumbai Indians,field,0,1,1,122,9,108,18.0,6.78,36,2,56,5,30,2,0,,0,126,1
336012,2008-05-28,Mumbai Indians,Royal Challengers Bangalore,M Chinnaswamy Stadium,Mumbai Indians,field,1,2,0,126,1,96,16.0,7.88,39,0,78,1,9,0,1,123.0,1,122,9
336019,2008-05-28,Kings XI Punjab,Rajasthan Royals,"Punjab Cricket Association Stadium, Mohali",Rajasthan Royals,field,0,1,1,221,3,120,20.0,11.05,51,0,93,1,77,2,1,,0,180,7
336019,2008-05-28,Rajasthan Royals,Kings XI Punjab,"Punjab Cricket Association Stadium, Mohali",Rajasthan Royals,field,1,2,0,180,7,120,20.0,9.0,38,2,102,3,40,2,0,222.0,0,221,3
336038,2008-05-30,Rajasthan Royals,Delhi Daredevils,Wankhede Stadium,Delhi Daredevils,field,0,1,1,192,9,120,20.0,9.6,58,0,84,4,50,5,1,,0,87,10
336038,2008-05-30,Delhi Daredevils,Rajasthan Royals,Wankhede Stadium,Delhi Daredevils,field,1,2,0,87,10,97,16.17,5.38,28,3,54,5,5,2,0,193.0,0,192,9
336039,2008-05-31,Kings XI Punjab,Chennai Super Kings,Wankhede Stadium,Kings XI Punjab,bat,1,1,1,112,8,120,20.0,5.6,35,4,33,3,44,1,0,,0,116,1
336039,2008-05-31,Chennai Super Kings,Kings XI Punjab,Wankhede Stadium,Kings XI Punjab,bat,0,2,0,116,1,89,14.83,7.82,35,1,81,0,0,0,1,113.0,1,112,8
336040,2008-06-01,Chennai Super Kings,Rajasthan Royals,Dr DY Patil Sports Academy,Rajasthan Royals,field,0,1,1,163,5,120,20.0,8.15,42,1,75,2,46,2,0,,0,164,7
336040,2008-06-01,Rajasthan Royals,Chennai Super Kings,Dr DY Patil Sports Academy,Rajasthan Royals,field,1,2,0,164,7,120,20.0,8.2,41,1,71,3,52,3,1,164.0,1,163,5
392181,2009-04-18,Mumbai Indians,Chennai Super Kings,Newlands,Chennai Super Kings,field,0,1,1,165,7,120,20.0,8.25,40,1,65,3,60,3,1,,0,146,7
392181,2009-04-18,Chennai Super Kings,Mumbai Indians,Newlands,Chennai Super Kings,field,1,2,0,146,7,120,20.0,7.3,40,2,68,3,38,2,0,166.0,0,165,7
392182,2009-04-18,Royal Challengers Bangalore,Rajasthan Royals,Newlands,Royal Challengers Bangalore,bat,1,1,1,133,8,120,20.0,6.65,29,3,58,2,46,3,1,,0,58,10
392182,2009-04-18,Rajasthan Royals,Royal Challengers Bangalore,Newlands,Royal Challengers Bangalore,bat,0,2,0,58,10,91,15.17,3.82,14,2,44,7,0,1,0,134.0,0,133,8
392183,2009-04-19,Kings XI Punjab,Delhi Daredevils,Newlands,Delhi Daredevils,field,0,1,1,104,7,72,12.0,8.67,67,1,37,6,0,0,0,,0,58,0
392183,2009-04-19,Delhi Daredevils,Kings XI Punjab,Newlands,Delhi Daredevils,field,1,2,0,58,0,29,4.83,12.01,58,0,0,0,0,0,1,105.0,1,104,7
392184,2009-04-19,Kolkata Knight Riders,Deccan Chargers,Newlands,Kolkata Knight Riders,bat,1,1,1,101,10,118,19.67,5.13,21,3,43,2,37,5,0,,0,104,2
392184,2009-04-19,Deccan Chargers,Kolkata Knight Riders,Newlands,Kolkata Knight Riders,bat,0,2,0,104,2,79,13.17,7.9,37,2,67,0,0,0,1,102.0,1,101,10
392185,2009-04-20,Chennai Super Kings,Royal Challengers Bangalore,St George's Park,Chennai Super Kings,bat,1,1,1,179,5,120,20.0,8.95,68,0,67,2,44,3,1,,0,87,10
392185,2009-04-20,Royal Challengers Bangalore,Chennai Super Kings,St George's Park,Chennai Super Kings,bat,0,2,0,87,10,92,15.33,5.68,46,2,39,7,2,1,0,180.0,0,179,5
392186,2009-04-21,Kings XI Punjab,Kolkata Knight Riders,Kingsmead,Kolkata Knight Riders,field,0,1,1,158,6,120,20.0,7.9,46,1,71,3,41,2,0,,0,79,1
392186,2009-04-21,Kolkata Knight Riders,Kings XI Punjab,Kingsmead,Kolkata Knight Riders,field,1,2,0,79,1,56,9.33,8.47,60,1,19,0,0,0,1,159.0,1,158,6
392188,2009-04-22,Deccan Chargers,Royal Challengers Bangalore,Newlands,Deccan Chargers,bat,1,1,1,184,6,120,20.0,9.2,62,1,77,2,45,3,1,,0,160,8
392188,2009-04-22,Royal Challengers Bangalore,Deccan Chargers,Newlands,Deccan Chargers,bat,0,2,0,160,8,120,20.0,8.0,31,2,78,2,51,4,0,185.0,0,184,6
392189,2009-04-23,Delhi Daredevils,Chennai Super Kings,Kingsmead,Delhi Daredevils,bat,1,1,1,189,5,120,20.0,9.45,59,2,64,2,66,1,1,,0,180,9
392189,2009-04-23,Chennai Super Kings,Delhi Daredevils,Kingsmead,Delhi Daredevils,bat,0,2,0,180,9,120,20.0,9.0,61,1,87,3,32,5,0,190.0,0,189,5
392190,2009-04-23,Rajasthan Royals,Kolkata Knight Riders,Newlands,Kolkata Knight Riders,field,0,1,1,150,6,120,20.0,7.5,54,2,53,2,43,2,0,,0,150,8
392190,2009-04-23,Kolkata Knight Riders,Rajasthan Royals,Newlands,Kolkata Knight Riders,field,1,2,0,150,8,120,20.0,7.5,38,1,60,4,52,3,0,151.0,0,150,6
392191,2009-04-24,Royal Challengers Bangalore,Kings XI Punjab,Kingsmead,Royal Challengers Bangalore,bat,1,1,1,168,9,120,20.0,8.4,49,3,69,1,50,5,0,,0,173,3
392191,2009-04-24,Kings XI Punjab,Royal Challengers Bangalore,Kingsmead,Royal Challengers Bangalore,bat,0,2,0,173,3,114,19.0,9.11,44,0,65,2,64,1,1,169.0,1,168,9
392192,2009-04-25,Deccan Chargers,Mumbai Indians,Kingsmead,Deccan Chargers,bat,1,1,1,168,9,120,20.0,8.4,55,0,82,4,31,5,1,,0,156,7
392192,2009-04-25,Mumbai Indians,Deccan Chargers,Kingsmead,Deccan Chargers,bat,0,2,0,156,7,120,20.0,7.8,50,1,58,3,48,3,0,169.0,0,168,9
392194,2009-04-26,Royal Challengers Bangalore,Delhi Daredevils,St George's Park,Royal Challengers Bangalore,bat,1,1,1,149,7,120,20.0,7.45,45,2,55,2,49,3,0,,0,150,4
392194,2009-04-26,Delhi Daredevils,Royal Challengers Bangalore,St George's Park,Royal Challengers Bangalore,bat,0,2,0,150,4,116,19.33,7.76,43,2,56,1,51,1,1,150.0,1,149,7
392195,2009-04-26,Kings XI Punjab,Rajasthan Royals,Newlands,Kings XI Punjab,bat,1,1,1,139,6,120,20.0,6.95,38,2,60,2,41,2,1,,0,112,7
392195,2009-04-26,Rajasthan Royals,Kings XI Punjab,Newlands,Kings XI Punjab,bat,0,2,0,112,7,120,20.0,5.6,32,4,50,2,30,1,0,140.0,0,139,6
392196,2009-04-27,Chennai Super Kings,Deccan Chargers,Kingsmead,Deccan Chargers,field,0,1,1,165,6,120,20.0,8.25,62,1,51,3,52,2,0,,0,169,4
392196,2009-04-27,Deccan Chargers,Chennai Super Kings,Kingsmead,Deccan Chargers,field,1,2,0,169,4,117,19.5,8.67,69,1,60,2,40,1,1,166.0,1,165,6
392197,2009-04-27,Mumbai Indians,Kolkata Knight Riders,St George's Park,Mumbai Indians,bat,1,1,1,187,6,120,20.0,9.35,61,0,90,3,36,3,1,,0,95,9
392197,2009-04-27,Kolkata Knight Riders,Mumbai Indians,St George's Park,Mumbai Indians,bat,0,2,0,95,9,92,15.33,6.2,47,2,48,5,0,2,0,188.0,0,187,6
392198,2009-04-28,Delhi Daredevils,Rajasthan Royals,SuperSport Park,Delhi Daredevils,bat,1,1,1,143,7,120,20.0,7.15,42,3,59,1,42,3,0,,0,147,5
392198,2009-04-28,Rajasthan Royals,Delhi Daredevils,SuperSport Park,Delhi Daredevils,bat,0,2,0,147,5,112,18.67,7.87,33,2,63,3,51,0,1,144.0,1,143,7
392199,2009-04-29,Kolkata Knight Riders,Royal Challengers Bangalore,Kingsmead,Kolkata Knight Riders,bat,1,1,1,139,6,120,20.0,6.95,45,2,49,2,45,2,0,,0,143,5
392199,2009-04-29,Royal Challengers Bangalore,Kolkata Knight Riders,Kingsmead,Kolkata Knight Riders,bat,0,2,0,143,5,119,19.83,7.21,46,0,52,2,45,3,1,140.0,1,139,6
392200,2009-04-29,Kings XI Punjab,Mumbai Indians,Kingsmead,Kings XI Punjab,bat,1,1,1,119,8,120,20.0,5.95,26,2,60,3,33,3,1,,0,116,7
392200,2009-04-29,Mumbai Indians,Kings XI Punjab,Kingsmead,Kings XI Punjab,bat,0,2,0,116,7,120,20.0,5.8,23,3,58,1,35,3,0,120.0,0,119,8
392201,2009-04-30,Deccan Chargers,Delhi Daredevils,SuperSport Park,Delhi Daredevils,field,0,1,1,148,9,120,20.0,7.4,37,2,81,3,30,4,0,,0,150,4
392201,2009-04-30,Delhi Daredevils,Deccan Chargers,SuperSport Park,Delhi Daredevils,field,1,2,0,150,4,112,18.67,8.03,41,2,60,1,49,1,1,149.0,1,148,9
392202,2009-04-30,Chennai Super Kings,Rajasthan Royals,SuperSport Park,Rajasthan Royals,field,0,1,1,164,5,120,20.0,8.2,40,2,64,2,60,1,1,,0,126,9
392202,2009-04-30,Rajasthan Royals,Chennai Super Kings,SuperSport Park,Rajasthan Royals,field,1,2,0,126,9,117,19.5,6.46,38,2,60,3,28,4,0,165.0,0,164,5
392203,2009-05-01,Mumbai Indians,Kolkata Knight Riders,Buffalo Park,Mumbai Indians,bat,1,1,1,148,6,120,20.0,7.4,40,2,48,2,60,2,1,,0,139,6
392203,2009-05-01,Kolkata Knight Riders,Mumbai Indians,Buffalo Park,Mumbai Indians,bat,0,2,0,139,6,120,20.0,6.95,26,2,72,1,41,3,0,149.0,0,148,6
392204,2009-05-01,Royal Challengers Bangalore,Kings XI Punjab,Kingsmead,Royal Challengers Bangalore,bat,1,1,1,145,9,120,20.0,7.25,38,2,62,4,45,3,1,,0,137,7
392204,2009-05-01,Kings XI Punjab,Royal Challengers Bangalore,Kingsmead,Royal Challengers Bangalore,bat,0,2,0,137,7,120,20.0,6.85,35,0,60,3,42,4,0,146.0,0,145,9
392205,2009-05-02,Deccan Chargers,Rajasthan Royals,St George's Park,Deccan Chargers,bat,1,1,1,141,5,120,20.0,7.05,39,2,63,1,39,2,0,,0,142,7
392205,2009-05-02,Rajasthan Royals,Deccan Chargers,St George's Park,Deccan Chargers,bat,0,2,0,142,7,118,19.67,7.22,30,3,68,3,44,1,1,142.0,1,141,5
392206,2009-05-02,Chennai Super Kings,Delhi Daredevils,New Wanderers Stadium,Delhi Daredevils,field,0,1,1,163,10,120,20.0,8.15,53,2,77,2,33,6,1,,0,145,8
392206,2009-05-02,Delhi Daredevils,Chennai Super Kings,New Wanderers Stadium,Delhi Daredevils,field,1,2,0,145,8,120,20.0,7.25,49,2,71,1,25,5,0,164.0,0,163,10
392207,2009-05-03,Kolkata Knight Riders,Kings XI Punjab,St George's Park,Kolkata Knight Riders,bat,1,1,1,153,3,120,20.0,7.65,28,1,64,1,61,1,0,,0,154,4
392207,2009-05-03,Kings XI Punjab,Kolkata Knight Riders,St George's Park,Kolkata Knight Riders,bat,0,2,0,154,4,120,20.0,7.7,51,2,65,2,38,0,1,154.0,1,153,3
392208,2009-05-03,Mumbai Indians,Royal Challengers Bangalore,New Wanderers Stadium,Mumbai Indians,bat,1,1,1,149,4,120,20.0,7.45,25,3,61,1,63,0,0,,0,150,1
392208,2009-05-03,Royal Challengers Bangalore,Mumbai Indians,New Wanderers Stadium,Mumbai Indians,bat,0,2,0,150,1,109,18.17,8.26,51,1,71,0,28,0,1,150.0,1,149,4
392209,2009-05-04,Chennai Super Kings,Deccan Chargers,Buffalo Park,Chennai Super Kings,bat,1,1,1,178,3,120,20.0,8.9,53,0,77,2,48,1,1,,0,100,10
392209,2009-05-04,Deccan Chargers,Chennai Super Kings,Buffalo Park,Chennai Super Kings,bat,0,2,0,100,10,88,14.67,6.82,52,3,48,7,0,0,0,179.0,0,178,3
392210,2009-05-05,Rajasthan Royals,Kings XI Punjab,Kingsmead,Kings XI Punjab,field,0,1,1,211,4,120,20.0,10.55,57,0,79,1,75,3,1,,0,133,8
392210,2009-05-05,Kings XI Punjab,Rajasthan Royals,Kingsmead,Kings XI Punjab,field,1,2,0,133,8,120,20.0,6.65,29,4,67,2,37,2,0,212.0,0,211,4
392211,2009-05-05,Kolkata Knight Riders,Delhi Daredevils,Kingsmead,Kolkata Knight Riders,bat,1,1,1,154,3,120,20.0,7.7,54,0,49,2,51,1,0,,0,157,1
392211,2009-05-05,Delhi Daredevils,Kolkata Knight Riders,Kingsmead,Kolkata Knight Riders,bat,0,2,0,157,1,114,19.0,8.26,57,0,57,1,43,0,1,155.0,1,154,3
392212,2009-05-06,Deccan Chargers,Mumbai Indians,SuperSport Park,Deccan Chargers,bat,1,1,1,145,6,120,20.0,7.25,37,2,62,2,46,2,1,,0,126,8
392212,2009-05-06,Mumbai Indians,Deccan Chargers,SuperSport Park,Deccan Chargers,bat,0,2,0,126,8,120,20.0,6.3,41,2,59,2,26,4,0,146.0,0,145,6
392213,2009-05-07,Royal Challengers Bangalore,Rajasthan Royals,SuperSport Park,Rajasthan Royals,field,0,1,1,105,10,120,20.0,5.25,29,3,47,3,29,4,0,,0,107,3
392213,2009-05-07,Rajasthan Royals,Royal Challengers Bangalore,SuperSport Park,Rajasthan Royals,field,1,2,0,107,3,90,15.0,7.13,31,1,76,2,0,0,1,106.0,1,105,10
392214,2009-05-07,Chennai Super Kings,Kings XI Punjab,SuperSport Park,Chennai Super Kings,bat,1,1,1,185,3,108,18.0,10.28,57,1,88,1,40,1,1,,0,174,3
392214,2009-05-07,Kings XI Punjab,Chennai Super Kings,SuperSport Park,Chennai Super Kings,bat,0,2,0,174,3,108,18.0,9.67,53,1,95,2,26,0,0,186.0,0,185,3
392215,2009-05-08,Mumbai Indians,Delhi Daredevils,Buffalo Park,Mumbai Indians,bat,1,1,1,116,10,120,20.0,5.8,30,3,44,1,42,6,0,,0,118,3
392215,2009-05-08,Delhi Daredevils,Mumbai Indians,Buffalo Park,Mumbai Indians,bat,0,2,0,118,3,113,18.83,6.27,36,0,38,2,44,1,1,117.0,1,116,10
392216,2009-05-09,Deccan Chargers,Kings XI Punjab,De Beers Diamond Oval,Kings XI Punjab,field,0,1,1,168,5,120,20.0,8.4,52,1,48,3,68,1,0,,0,169,7
392216,2009-05-09,Kings XI Punjab,Deccan Chargers,De Beers Diamond Oval,Kings XI Punjab,field,1,2,0,169,7,119,19.83,8.52,45,2,74,3,50,2,1,169.0,1,168,5
392217,2009-05-09,Rajasthan Royals,Chennai Super Kings,De Beers Diamond Oval,Rajasthan Royals,bat,1,1,1,140,7,120,20.0,7.0,34,1,65,3,41,3,0,,0,141,3
392217,2009-05-09,Chennai Super Kings,Rajasthan Royals,De Beers Diamond Oval,Rajasthan Royals,bat,0,2,0,141,3,110,18.33,7.69,37,2,60,0,44,1,1,141.0,1,140,7
392218,2009-05-10,Mumbai Indians,Royal Challengers Bangalore,St George's Park,Mumbai Indians,bat,1,1,1,157,2,120,20.0,7.85,46,1,58,1,53,0,1,,0,141,7
392218,2009-05-10,Royal Challengers Bangalore,Mumbai Indians,St George's Park,Mumbai Indians,bat,0,2,0,141,7,120,20.0,7.05,39,2,61,4,41,1,0,158.0,0,157,2
392219,2009-05-10,Kolkata Knight Riders,Delhi Daredevils,New Wanderers Stadium,Delhi Daredevils,field,0,1,1,123,8,120,20.0,6.15,37,3,40,3,46,2,0,,0,125,3
392219,2009-05-10,Delhi Daredevils,Kolkata Knight Riders,New Wanderers Stadium,Delhi Daredevils,field,1,2,0,125,3,103,17.17,7.28,47,0,53,3,25,0,1,124.0,1,123,8
392220,2009-05-11,Deccan Chargers,Rajasthan Royals,De Beers Diamond Oval,Deccan Chargers,bat,1,1,1,166,7,120,20.0,8.3,42,2,66,2,58,3,1,,0,113,10
392220,2009-05-11,Rajasthan Royals,Deccan Chargers,De Beers Diamond Oval,Deccan Chargers,bat,0,2,0,113,10,117,19.5,5.79,30,2,65,4,18,4,0,167.0,0,166,7
392221,2009-05-12,Kolkata Knight Riders,Royal Challengers Bangalore,SuperSport Park,Royal Challengers Bangalore,field,0,1,1,173,4,120,20.0,8.65,38,2,64,1,71,1,0,,0,176,4
392221,2009-05-12,Royal Challengers Bangalore,Kolkata Knight Riders,SuperSport Park,Royal Challengers Bangalore,field,1,2,0,176,4,116,19.33,9.11,46,0,73,3,57,1,1,174.0,1,173,4
392222,2009-05-12,Kings XI Punjab,Mumbai Indians,SuperSport Park,Kings XI Punjab,bat,1,1,1,119,9,120,20.0,5.95,51,3,41,4,27,2,0,,0,122,2
392222,2009-05-12,Mumbai Indians,Kings XI Punjab,SuperSport Park,Kings XI Punjab,bat,0,2,0,122,2,98,16.33,7.47,42,2,71,0,9,0,1,120.0,1,119,9
392223,2009-05-13,Delhi Daredevils,Deccan Chargers,Kingsmead,Deccan Chargers,field,0,1,1,173,7,120,20.0,8.65,56,1,53,3,64,3,1,,0,161,10
392223,2009-05-13,Deccan Chargers,Delhi Daredevils,Kingsmead,Deccan Chargers,field,1,2,0,161,10,118,19.67,8.19,50,2,84,1,27,7,0,174.0,0,173,7
392224,2009-05-14,Chennai Super Kings,Royal Challengers Bangalore,Kingsmead,Chennai Super Kings,bat,1,1,1,129,10,118,19.67,6.56,52,2,53,2,24,6,0,,0,132,8
392224,2009-05-14,Royal Challengers Bangalore,Chennai Super Kings,Kingsmead,Chennai Super Kings,bat,0,2,0,132,8,118,19.67,6.71,33,3,58,1,41,4,1,130.0,1,129,10
392225,2009-05-14,Rajasthan Royals,Mumbai Indians,Kingsmead,Rajasthan Royals,bat,1,1,1,145,7,120,20.0,7.25,42,0,81,2,22,5,1,,0,143,10
392225,2009-05-14,Mumbai Indians,Rajasthan Royals,Kingsmead,Rajasthan Royals,bat,0,2,0,143,10,119,19.83,7.21,26,3,72,2,45,5,0,146.0,0,145,7
392226,2009-05-15,Delhi Daredevils,Kings XI Punjab,OUTsurance Oval,Kings XI Punjab,field,0,1,1,120,9,120,20.0,6.0,38,2,59,2,23,5,0,,0,123,4
392226,2009-05-15,Kings XI Punjab,Delhi Daredevils,OUTsurance Oval,Kings XI Punjab,field,1,2,0,123,4,115,19.17,6.42,37,3,49,0,37,1,1,121.0,1,120,9
392227,2009-05-16,Mumbai Indians,Chennai Super Kings,St George's Park,Mumbai Indians,bat,1,1,1,147,5,120,20.0,7.35,49,2,47,1,51,2,0,,0,151,3
392227,2009-05-16,Chennai Super Kings,Mumbai Indians,St George's Park,Mumbai Indians,bat,0,2,0,151,3,115,19.17,7.88,35,2,67,1,49,0,1,148.0,1,147,5
392228,2009-05-16,Kolkata Knight Riders,Deccan Chargers,New Wanderers Stadium,Deccan Chargers,field,0,1,1,160,5,120,20.0,8.0,31,1,58,1,71,3,0,,0,166,4
392228,2009-05-16,Deccan Chargers,Kolkata Knight Riders,New Wanderers Stadium,Deccan Chargers,field,1,2,0,166,4,120,20.0,8.3,50,0,55,2,61,2,1,161.0,1,160,5
392229,2009-05-17,Kings XI Punjab,Deccan Chargers,New Wanderers Stadium,Deccan Chargers,field,0,1,1,134,7,120,20.0,6.7,39,3,55,1,40,3,1,,0,133,8
392229,2009-05-17,Deccan Chargers,Kings XI Punjab,New Wanderers Stadium,Deccan Chargers,field,1,2,0,133,8,120,20.0,6.65,46,2,40,3,47,3,0,135.0,0,134,7
392230,2009-05-17,Delhi Daredevils,Rajasthan Royals,OUTsurance Oval,Delhi Daredevils,bat,1,1,1,150,3,120,20.0,7.5,35,2,60,0,55,1,1,,0,136,9
392230,2009-05-17,Rajasthan Royals,Delhi Daredevils,OUTsurance Oval,Delhi Daredevils,bat,0,2,0,136,9,120,20.0,6.8,24,2,69,3,43,4,0,151.0,0,150,3
392231,2009-05-18,Chennai Super Kings,Kolkata Knight Riders,SuperSport Park,Chennai Super Kings,bat,1,1,1,188,3,120,20.0,9.4,54,0,69,2,65,1,0,,0,189,3
392231,2009-05-18,Kolkata Knight Riders,Chennai Super Kings,SuperSport Park,Chennai Super Kings,bat,0,2,0,189,3,120,20.0,9.45,56,1,75,1,58,1,1,189.0,1,188,3
392232,2009-05-19,Delhi Daredevils,Royal Challengers Bangalore,New Wanderers Stadium,Delhi Daredevils,bat,1,1,1,134,7,120,20.0,6.7,37,3,52,2,45,2,0,,0,135,3
392232,2009-05-19,Royal Challengers Bangalore,Delhi Daredevils,New Wanderers Stadium,Delhi Daredevils,bat,0,2,0,135,3,114,19.0,7.11,27,1,75,2,33,0,1,135.0,1,134,7
392233,2009-05-20,Rajasthan Royals,Kolkata Knight Riders,Kingsmead,Kolkata Knight Riders,field,0,1,1,101,9,120,20.0,5.05,46,4,33,3,22,2,0,,0,102,6
392233,2009-05-20,Kolkata Knight Riders,Rajasthan Royals,Kingsmead,Kolkata Knight Riders,field,1,2,0,102,6,117,19.5,5.23,29,3,36,3,37,0,1,102.0,1,101,9
392234,2009-05-20,Chennai Super Kings,Kings XI Punjab,Kingsmead,Chennai Super Kings,bat,1,1,1,116,9,120,20.0,5.8,50,1,46,5,20,3,1,,0,92,8
392234,2009-05-20,Kings XI Punjab,Chennai Super Kings,Kingsmead,Chennai Super Kings,bat,0,2,0,92,8,120,20.0,4.6,29,1,30,3,33,4,0,117.0,0,116,9
392235,2009-05-21,Mumbai Indians,Delhi Daredevils,SuperSport Park,Delhi Daredevils,field,0,1,1,165,8,120,20.0,8.25,30,3,79,2,56,3,0,,0,166,6
392235,2009-05-21,Delhi Daredevils,Mumbai Indians,SuperSport Park,Delhi Daredevils,field,1,2,0,166,6,105,17.5,9.49,60,1,86,3,20,2,1,166.0,1,165,8
392236,2009-05-21,Royal Challengers Bangalore,Deccan Chargers,SuperSport Park,Royal Challengers Bangalore,bat,1,1,1,170,4,120,20.0,8.5,33,1,83,2,54,1,1,,0,158,6
392236,2009-05-21,Deccan Chargers,Royal Challengers Bangalore,SuperSport Park,Royal Challengers Bangalore,bat,0,2,0,158,6,120,20.0,7.9,64,0,55,3,39,3,0,171.0,0,170,4
392237,2009-05-22,Delhi Daredevils,Deccan Chargers,SuperSport Park,Deccan Chargers,field,0,1,1,153,8,120,20.0,7.65,49,2,60,1,44,5,0,,0,154,4
392237,2009-05-22,Deccan Chargers,Delhi Daredevils,SuperSport Park,Deccan Chargers,field,1,2,0,154,4,106,17.67,8.72,84,1,62,3,8,0,1,154.0,1,153,8
392238,2009-05-23,Chennai Super Kings,Royal Challengers Bangalore,New Wanderers Stadium,Royal Challengers Bangalore,field,0,1,1,146,5,120,20.0,7.3,52,0,55,3,39,2,0,,0,149,4
392238,2009-05-23,Royal Challengers Bangalore,Chennai Super Kings,New Wanderers Stadium,Royal Challengers Bangalore,field,1,2,0,149,4,113,18.83,7.91,59,2,51,1,39,1,1,147.0,1,146,5
392239,2009-05-24,Deccan Chargers,Royal Challengers Bangalore,New Wanderers Stadium,Royal Challengers Bangalore,field,0,1,1,143,6,120,20.0,7.15,31,2,70,1,42,3,1,,0,137,9
392239,2009-05-24,Royal Challengers Bangalore,Deccan Chargers,New Wanderers Stadium,Royal Challengers Bangalore,field,1,2,0,137,9,120,20.0,6.85,36,1,67,5,34,3,0,144.0,0,143,6
419106,2010-03-12,Kolkata Knight Riders,Deccan Chargers,Dr DY Patil Sports Academy,Deccan Chargers,field,0,1,1,161,4,120,20.0,8.05,38,4,54,0,69,0,1,,0,150,7
419106,2010-03-12,Deccan Chargers,Kolkata Knight Riders,Dr DY Patil Sports Academy,Deccan Chargers,field,1,2,0,150,7,120,20.0,7.5,62,1,60,3,28,3,0,162.0,0,161,4
419107,2010-03-13,Mumbai Indians,Rajasthan Royals,Brabourne Stadium,Mumbai Indians,bat,1,1,1,212,7,120,20.0,10.6,69,1,90,2,53,4,1,,0,208,7
419107,2010-03-13,Rajasthan Royals,Mumbai Indians,Brabourne Stadium,Mumbai Indians,bat,0,2,0,208,7,120,20.0,10.4,39,2,104,2,65,3,0,213.0,0,212,7
419108,2010-03-13,Kings XI Punjab,Delhi Daredevils,"Punjab Cricket Association Stadium, Mohali",Delhi Daredevils,field,0,1,1,142,9,120,20.0,7.1,44,3,69,3,29,3,0,,0,146,5
419108,2010-03-13,Delhi Daredevils,Kings XI Punjab,"Punjab Cricket Association Stadium, Mohali",Delhi Daredevils,field,1,2,0,146,5,119,19.83,7.36,39,2,66,2,41,1,1,143.0,1,142,9
419109,2010-03-14,Royal Challengers Bangalore,Kolkata Knight Riders,Eden Gardens,Kolkata Knight Riders,field,0,1,1,135,7,120,20.0,6.75,24,3,65,2,46,2,0,,0,136,3
419109,2010-03-14,Kolkata Knight Riders,Royal Challengers Bangalore,Eden Gardens,Kolkata Knight Riders,field,1,2,0,136,3,116,19.33,7.04,61,0,55,2,20,1,1,136.0,1,135,7
419110,2010-03-14,Deccan Chargers,Chennai Super Kings,"MA Chidambaram Stadium, Chepauk",Deccan Chargers,bat,1,1,1,190,4,120,20.0,9.5,57,2,70,0,63,2,1,,0,159,9
419110,2010-03-14,Chennai Super Kings,Deccan Chargers,"MA Chidambaram Stadium, Chepauk",Deccan Chargers,bat,0,2,0,159,9,120,20.0,7.95,34,4,74,2,51,3,0,191.0,0,190,4
419111,2010-03-15,Rajasthan Royals,Delhi Daredevils,"Sardar Patel Stadium, Motera",Delhi Daredevils,field,0,1,1,141,6,120,20.0,7.05,47,3,44,1,50,2,0,,0,142,4
419111,2010-03-15,Delhi Daredevils,Rajasthan Royals,"Sardar Patel Stadium, Motera",Delhi Daredevils,field,1,2,0,142,4,103,17.17,8.27,60,2,71,2,11,0,1,142.0,1,141,6
419112,2010-03-16,Kings XI Punjab,Royal Challengers Bangalore,M Chinnaswamy Stadium,Kings XI Punjab,bat,1,1,1,203,3,120,20.0,10.15,50,0,83,1,70,2,0,,0,204,2
419112,2010-03-16,Royal Challengers Bangalore,Kings XI Punjab,M Chinnaswamy Stadium,Kings XI Punjab,bat,0,2,0,204,2,113,18.83,10.83,61,0,88,2,55,0,1,204.0,1,203,3
419113,2010-03-16,Chennai Super Kings,Kolkata Knight Riders,Eden Gardens,Chennai Super Kings,bat,1,1,1,164,3,120,20.0,8.2,31,1,65,2,68,0,1,,0,109,10
419113,2010-03-16,Kolkata Knight Riders,Chennai Super Kings,Eden Gardens,Chennai Super Kings,bat,0,2,0,109,10,116,19.33,5.64,45,3,45,6,19,1,0,165.0,0,164,3
419114,2010-03-17,Mumbai Indians,Delhi Daredevils,Feroz Shah Kotla,Delhi Daredevils,field,0,1,1,218,7,120,20.0,10.9,67,1,98,2,53,4,1,,0,120,9
419114,2010-03-17,Delhi Daredevils,Mumbai Indians,Feroz Shah Kotla,Delhi Daredevils,field,1,2,0,120,9,99,16.5,7.27,56,1,63,7,1,1,0,219.0,0,218,7
419115,2010-03-18,Rajasthan Royals,Royal Challengers Bangalore,M Chinnaswamy Stadium,Royal Challengers Bangalore,field,0,1,1,92,10,119,19.83,4.64,31,1,47,3,14,6,0,,0,93,0
419115,2010-03-18,Royal Challengers Bangalore,Rajasthan Royals,M Chinnaswamy Stadium,Royal Challengers Bangalore,field,1,2,0,93,0,64,10.67,8.72,59,0,34,0,0,0,1,93.0,1,92,10
419116,2010-03-19,Delhi Daredevils,Chennai Super Kings,Feroz Shah Kotla,Delhi Daredevils,bat,1,1,1,185,6,120,20.0,9.25,52,1,87,3,46,2,0,,0,190,5
419116,2010-03-19,Chennai Super Kings,Delhi Daredevils,Feroz Shah Kotla,Delhi Daredevils,bat,0,2,0,190,5,115,19.17,9.91,56,1,97,2,37,2,1,186.0,1,185,6
419117,2010-03-19,Deccan Chargers,Kings XI Punjab,Barabati Stadium,Kings XI Punjab,field,0,1,1,170,8,120,20.0,8.5,56,2,69,3,45,3,1,,0,164,8
419117,2010-03-19,Kings XI Punjab,Deccan Chargers,Barabati Stadium,Kings XI Punjab,field,1,2,0,164,8,120,20.0,8.2,27,3,71,3,66,2,0,171.0,0,170,8
419118,2010-03-20,Rajasthan Royals,Kolkata Knight Riders,"Sardar Patel Stadium, Motera",Rajasthan Royals,bat,1,1,1,168,7,120,20.0,8.4,56,2,68,2,44,3,1,,0,134,5
419118,2010-03-20,Kolkata Knight Riders,Rajasthan Royals,"Sardar Patel Stadium, Motera",Rajasthan Royals,bat,0,2,0,134,5,120,20.0,6.7,38,1,61,2,35,2,0,169.0,0,168,7
419119,2010-03-20,Mumbai Indians,Royal Challengers Bangalore,Brabourne Stadium,Mumbai Indians,bat,1,1,1,151,9,120,20.0,7.55,45,2,57,4,49,3,0,,0,155,3
419119,2010-03-20,Royal Challengers Bangalore,Mumbai Indians,Brabourne Stadium,Mumbai Indians,bat,0,2,0,155,3,115,19.17,8.09,55,0,62,2,38,1,1,152.0,1,151,9
419120,2010-03-21,Deccan Chargers,Delhi Daredevils,Barabati Stadium,Deccan Chargers,bat,1,1,1,171,6,120,20.0,8.55,47,2,68,2,56,2,1,,0,161,9
419120,2010-03-21,Delhi Daredevils,Deccan Chargers,Barabati Stadium,Deccan Chargers,bat,0,2,0,161,9,120,20.0,8.05,48,1,68,3,45,5,0,172.0,0,171,6
419121,2010-03-21,Kings XI Punjab,Chennai Super Kings,"MA Chidambaram Stadium, Chepauk",Chennai Super Kings,field,0,1,1,136,8,120,20.0,6.8,38,1,60,3,38,4,0,,0,136,7
419121,2010-03-21,Chennai Super Kings,Kings XI Punjab,"MA Chidambaram Stadium, Chepauk",Chennai Super Kings,field,1,2,0,136,7,120,20.0,6.8,42,0,67,4,27,3,0,137.0,0,136,8
419122,2010-03-22,Kolkata Knight Riders,Mumbai Indians,Brabourne Stadium,Kolkata Knight Riders,bat,1,1,1,155,3,120,20.0,7.75,41,0,61,1,53,2,0,,0,156,3
419122,2010-03-22,Mumbai Indians,Kolkata Knight Riders,Brabourne Stadium,Kolkata Knight Riders,bat,0,2,0,156,3,111,18.5,8.43,57,0,65,2,34,1,1,156.0,1,155,3
419123,2010-03-23,Royal Challengers Bangalore,Chennai Super Kings,M Chinnaswamy Stadium,Chennai Super Kings,field,0,1,1,171,5,120,20.0,8.55,38,1,66,2,67,2,1,,0,135,7
419123,2010-03-23,Chennai Super Kings,Royal Challengers Bangalore,M Chinnaswamy Stadium,Chennai Super Kings,field,1,2,0,135,7,120,20.0,6.75,29,1,66,4,40,2,0,172.0,0,171,5
419124,2010-03-24,Rajasthan Royals,Kings XI Punjab,"Punjab Cricket Association Stadium, Mohali",Kings XI Punjab,field,0,1,1,183,5,120,20.0,9.15,53,1,80,2,50,2,1,,0,152,10
419124,2010-03-24,Kings XI Punjab,Rajasthan Royals,"Punjab Cricket Association Stadium, Mohali",Kings XI Punjab,field,1,2,0,152,10,115,19.17,7.93,76,1,51,5,25,4,0,184.0,0,183,5
419125,2010-03-25,Chennai Super Kings,Mumbai Indians,"Brabourne Stadium, Mumbai",Mumbai Indians,field,0,1,1,180,2,120,20.0,9.0,51,2,75,0,54,0,0,,0,181,5
419125,2010-03-25,Mumbai Indians,Chennai Super Kings,"Brabourne Stadium, Mumbai",Mumbai Indians,field,1,2,0,181,5,114,19.0,9.53,63,0,70,3,48,2,1,181.0,1,180,2
419128,2010-03-25,Delhi Daredevils,Royal Challengers Bangalore,M Chinnaswamy Stadium,Royal Challengers Bangalore,field,0,1,1,183,4,120,20.0,9.15,64,2,64,1,55,1,1,,0,166,9
419128,2010-03-25,Royal Challengers Bangalore,Delhi Daredevils,M Chinnaswamy Stadium,Royal Challengers Bangalore,field,1,2,0,166,9,120,20.0,8.3,46,0,75,5,45,4,0,184.0,0,183,4
419126,2010-03-26,Deccan Chargers,Rajasthan Royals,"Sardar Patel Stadium, Motera",Deccan Chargers,bat,1,1,1,148,9,120,20.0,7.4,55,2,53,4,40,3,0,,0,151,2
419126,2010-03-26,Rajasthan Royals,Deccan Chargers,"Sardar Patel Stadium, Motera",Deccan Chargers,bat,0,2,0,151,2,94,15.67,9.64,54,0,85,2,12,0,1,149.0,1,148,9
419127,2010-03-27,Kolkata Knight Riders,Kings XI Punjab,"Punjab Cricket Association Stadium, Mohali",Kolkata Knight Riders,bat,1,1,1,183,5,120,20.0,9.15,50,2,76,1,57,2,1,,0,144,6
419127,2010-03-27,Kings XI Punjab,Kolkata Knight Riders,"Punjab Cricket Association Stadium, Mohali",Kolkata Knight Riders,bat,0,2,0,144,6,120,20.0,7.2,42,2,60,3,42,1,0,184.0,0,183,5
419129,2010-03-28,Rajasthan Royals,Chennai Super Kings,"Sardar Patel Stadium, Motera",Rajasthan Royals,bat,1,1,1,177,8,120,20.0,8.85,58,1,71,2,48,5,1,,0,160,6
419129,2010-03-28,Chennai Super Kings,Rajasthan Royals,"Sardar Patel Stadium, Motera",Rajasthan Royals,bat,0,2,0,160,6,120,20.0,8.0,58,1,61,2,41,3,0,178.0,0,177,8
419130,2010-03-28,Mumbai Indians,Deccan Chargers,Dr DY Patil Sports Academy,Deccan Chargers,field,0,1,1,172,7,120,20.0,8.6,52,1,48,5,72,1,1,,0,131,10
419130,2010-03-28,Deccan Chargers,Mumbai Indians,Dr DY Patil Sports Academy,Deccan Chargers,field,1,2,0,131,10,106,17.67,7.41,50,4,72,3,9,3,0,173.0,0,172,7
419131,2010-03-29,Delhi Daredevils,Kolkata Knight Riders,Feroz Shah Kotla,Delhi Daredevils,bat,1,1,1,177,4,120,20.0,8.85,62,3,73,0,42,1,1,,0,137,9
419131,2010-03-29,Kolkata Knight Riders,Delhi Daredevils,Feroz Shah Kotla,Delhi Daredevils,bat,0,2,0,137,9,120,20.0,6.85,36,3,62,2,39,4,0,178.0,0,177,4
419132,2010-03-30,Kings XI Punjab,Mumbai Indians,Brabourne Stadium,Mumbai Indians,field,0,1,1,163,10,120,20.0,8.15,48,2,70,2,45,6,0,,0,164,6
419132,2010-03-30,Mumbai Indians,Kings XI Punjab,Brabourne Stadium,Mumbai Indians,field,1,2,0,164,6,117,19.5,8.41,45,1,73,2,46,3,1,164.0,1,163,10
419133,2010-03-31,Royal Challengers Bangalore,Chennai Super Kings,"MA Chidambaram Stadium, Chepauk",Royal Challengers Bangalore,bat,1,1,1,161,4,120,20.0,8.05,52,1,65,1,44,2,0,,0,162,5
419133,2010-03-31,Chennai Super Kings,Royal Challengers Bangalore,"MA Chidambaram Stadium, Chepauk",Royal Challengers Bangalore,bat,0,2,0,162,5,113,18.83,8.6,56,0,69,2,37,3,1,162.0,1,161,4
419134,2010-03-31,Delhi Daredevils,Rajasthan Royals,Feroz Shah Kotla,Delhi Daredevils,bat,1,1,1,188,6,120,20.0,9.4,52,3,68,1,68,2,1,,0,121,10
419134,2010-03-31,Rajasthan Royals,Delhi Daredevils,Feroz Shah Kotla,Delhi Daredevils,bat,0,2,0,121,10,106,17.67,6.85,39,4,68,4,14,2,0,189.0,0,188,6
419135,2010-04-01,Kolkata Knight Riders,Deccan Chargers,Eden Gardens,Kolkata Knight Riders,bat,1,1,1,181,6,120,20.0,9.05,46,2,70,1,65,3,1,,0,157,5
419135,2010-04-01,Deccan Chargers,Kolkata Knight Riders,Eden Gardens,Kolkata Knight Riders,bat,0,2,0,157,5,120,20.0,7.85,59,1,66,2,32,2,0,182.0,0,181,6
419136,2010-04-02,Kings XI Punjab,Royal Challengers Bangalore,"Punjab Cricket Association Stadium, Mohali",Kings XI Punjab,bat,1,1,1,181,5,120,20.0,9.05,41,1,78,2,62,2,0,,0,184,4
419136,2010-04-02,Royal Challengers Bangalore,Kings XI Punjab,"Punjab Cricket Association Stadium, Mohali",Kings XI Punjab,bat,0,2,0,184,4,115,19.17,9.6,51,1,71,1,62,2,1,182.0,1,181,5
419137,2010-04-03,Chennai Super Kings,Rajasthan Royals,"MA Chidambaram Stadium, Chepauk",Chennai Super Kings,bat,1,1,1,246,5,120,20.0,12.3,66,1,104,1,76,3,1,,0,223,5
419137,2010-04-03,Rajasthan Royals,Chennai Super Kings,"MA Chidambaram Stadium, Chepauk",Chennai Super Kings,bat,0,2,0,223,5,120,20.0,11.15,62,0,113,2,48,3,0,247.0,0,246,5
419138,2010-04-03,Mumbai Indians,Deccan Chargers,Brabourne Stadium,Mumbai Indians,bat,1,1,1,178,5,120,20.0,8.9,53,0,61,3,64,2,1,,0,115,10
419138,2010-04-03,Deccan Chargers,Mumbai Indians,Brabourne Stadium,Mumbai Indians,bat,0,2,0,115,10,110,18.33,6.27,40,2,58,4,17,4,0,179.0,0,178,5
419139,2010-04-04,Kolkata Knight Riders,Kings XI Punjab,Eden Gardens,Kolkata Knight Riders,bat,1,1,1,200,3,120,20.0,10.0,53,0,96,1,51,2,0,,0,204,2
419139,2010-04-04,Kings XI Punjab,Kolkata Knight Riders,Eden Gardens,Kolkata Knight Riders,bat,0,2,0,204,2,110,18.33,11.13,69,1,87,1,48,0,1,201.0,1,200,3
419140,2010-04-04,Delhi Daredevils,Royal Challengers Bangalore,Feroz Shah Kotla,Delhi Daredevils,bat,1,1,1,184,5,120,20.0,9.2,54,2,71,3,59,0,1,,0,147,9
419140,2010-04-04,Royal Challengers Bangalore,Delhi Daredevils,Feroz Shah Kotla,Delhi Daredevils,bat,0,2,0,147,9,120,20.0,7.35,38,1,73,3,36,5,0,185.0,0,184,5
419141,2010-04-05,Rajasthan Royals,Deccan Chargers,"Vidarbha Cricket Association Stadium, Jamtha",Rajasthan Royals,bat,1,1,1,159,10,119,19.83,8.02,48,2,80,2,31,6,1,,0,157,10
419141,2010-04-05,Deccan Chargers,Rajasthan Royals,"Vidarbha Cricket Association Stadium, Jamtha",Rajasthan Royals,bat,0,2,0,157,10,119,19.83,7.92,52,2,66,2,39,6,0,160.0,0,159,10
419142,2010-04-06,Chennai Super Kings,Mumbai Indians,"MA Chidambaram Stadium, Chepauk",Chennai Super Kings,bat,1,1,1,165,4,120,20.0,8.25,42,1,82,3,41,0,1,,0,141,9
419142,2010-04-06,Mumbai Indians,Chennai Super Kings,"MA Chidambaram Stadium, Chepauk",Chennai Super Kings,bat,0,2,0,141,9,120,20.0,7.05,46,0,46,7,49,2,0,166.0,0,165,4
419143,2010-04-07,Kings XI Punjab,Rajasthan Royals,Sawai Mansingh Stadium,Kings XI Punjab,bat,1,1,1,153,6,120,20.0,7.65,52,1,74,3,27,2,0,,0,157,1
419143,2010-04-07,Rajasthan Royals,Kings XI Punjab,Sawai Mansingh Stadium,Kings XI Punjab,bat,0,2,0,157,1,90,15.0,10.47,70,0,87,1,0,0,1,154.0,1,153,6
419144,2010-04-07,Kolkata Knight Riders,Delhi Daredevils,Eden Gardens,Kolkata Knight Riders,bat,1,1,1,181,3,120,20.0,9.05,50,0,76,3,55,0,1,,0,167,8
419144,2010-04-07,Delhi Daredevils,Kolkata Knight Riders,Eden Gardens,Kolkata Knight Riders,bat,0,2,0,167,8,120,20.0,8.35,44,1,91,3,32,4,0,182.0,0,181,3
419145,2010-04-08,Royal Challengers Bangalore,Deccan Chargers,M Chinnaswamy Stadium,Deccan Chargers,field,0,1,1,184,6,120,20.0,9.2,46,1,61,3,77,2,0,,0,186,3
419145,2010-04-08,Deccan Chargers,Royal Challengers Bangalore,M Chinnaswamy Stadium,Deccan Chargers,field,1,2,0,186,3,116,19.33,9.62,32,1,93,2,61,0,1,185.0,1,184,6
419146,2010-04-09,Mumbai Indians,Kings XI Punjab,"Punjab Cricket Association Stadium, Mohali",Mumbai Indians,bat,1,1,1,154,9,120,20.0,7.7,51,2,58,3,45,4,0,,0,158,4
419146,2010-04-09,Kings XI Punjab,Mumbai Indians,"Punjab Cricket Association Stadium, Mohali",Mumbai Indians,bat,0,2,0,158,4,116,19.33,8.17,56,1,60,1,42,2,1,155.0,1,154,9
419147,2010-04-10,Chennai Super Kings,Deccan Chargers,"Vidarbha Cricket Association Stadium, Jamtha",Chennai Super Kings,bat,1,1,1,138,8,120,20.0,6.9,55,1,55,3,28,4,0,,0,139,4
419147,2010-04-10,Deccan Chargers,Chennai Super Kings,"Vidarbha Cricket Association Stadium, Jamtha",Chennai Super Kings,bat,0,2,0,139,4,115,19.17,7.25,37,2,65,1,37,1,1,139.0,1,138,8
419148,2010-04-10,Kolkata Knight Riders,Royal Challengers Bangalore,M Chinnaswamy Stadium,Royal Challengers Bangalore,field,0,1,1,160,9,120,20.0,8.0,61,1,63,3,36,5,0,,0,162,3
419148,2010-04-10,Royal Challengers Bangalore,Kolkata Knight Riders,M Chinnaswamy Stadium,Royal Challengers Bangalore,field,1,2,0,162,3,103,17.17,9.44,48,1,72,2,42,0,1,161.0,1,160,9
419149,2010-04-11,Delhi Daredevils,Kings XI Punjab,Feroz Shah Kotla,Delhi Daredevils,bat,1,1,1,111,10,118,19.67,5.64,45,3,36,4,30,3,0,,0,112,3
419149,2010-04-11,Kings XI Punjab,Delhi Daredevils,Feroz Shah Kotla,Delhi Daredevils,bat,0,2,0,112,3,112,18.67,6.0,39,0,49,2,24,1,1,112.0,1,111,10
419150,2010-04-11,Mumbai Indians,Rajasthan Royals,Sawai Mansingh Stadium,Rajasthan Royals,field,0,1,1,174,5,120,20.0,8.7,47,3,59,1,68,1,1,,0,137,8
419150,2010-04-11,Rajasthan Royals,Mumbai Indians,Sawai Mansingh Stadium,Rajasthan Royals,field,1,2,0,137,8,120,20.0,6.85,34,3,55,4,48,1,0,175.0,0,174,5
419151,2010-04-12,Deccan Chargers,Royal Challengers Bangalore,"Vidarbha Cricket Association Stadium, Jamtha",Royal Challengers Bangalore,field,0,1,1,151,6,120,20.0,7.55,35,3,76,1,40,2,1,,0,138,10
419151,2010-04-12,Royal Challengers Bangalore,Deccan Chargers,"Vidarbha Cricket Association Stadium, Jamtha",Royal Challengers Bangalore,field,1,2,0,138,10,118,19.67,7.02,38,1,64,3,36,6,0,152.0,0,151,6
419152,2010-04-13,Mumbai Indians,Delhi Daredevils,Brabourne Stadium,Mumbai Indians,bat,1,1,1,183,4,120,20.0,9.15,44,1,64,2,75,1,1,,0,144,7
419152,2010-04-13,Delhi Daredevils,Mumbai Indians,Brabourne Stadium,Mumbai Indians,bat,0,2,0,144,7,120,20.0,7.2,69,1,39,5,36,1,0,184.0,0,183,4
419153,2010-04-13,Kolkata Knight Riders,Chennai Super Kings,"MA Chidambaram Stadium, Chepauk",Kolkata Knight Riders,bat,1,1,1,139,8,120,20.0,6.95,22,4,71,1,46,3,0,,0,143,1
419153,2010-04-13,Chennai Super Kings,Kolkata Knight Riders,"MA Chidambaram Stadium, Chepauk",Kolkata Knight Riders,bat,0,2,0,143,1,81,13.5,10.59,67,1,76,0,0,0,1,140.0,1,139,8
419154,2010-04-14,Rajasthan Royals,Royal Challengers Bangalore,Sawai Mansingh Stadium,Rajasthan Royals,bat,1,1,1,130,6,120,20.0,6.5,30,3,57,3,43,0,0,,0,132,5
419154,2010-04-14,Royal Challengers Bangalore,Rajasthan Royals,Sawai Mansingh Stadium,Rajasthan Royals,bat,0,2,0,132,5,94,15.67,8.42,59,2,65,3,8,0,1,131.0,1,130,6
419155,2010-04-15,Chennai Super Kings,Delhi Daredevils,"MA Chidambaram Stadium, Chepauk",Chennai Super Kings,bat,1,1,1,112,9,121,20.17,5.55,39,3,35,4,38,2,0,,0,113,4
419155,2010-04-15,Delhi Daredevils,Chennai Super Kings,"MA Chidambaram Stadium, Chepauk",Chennai Super Kings,bat,0,2,0,113,4,112,18.67,6.05,33,3,47,1,33,0,1,113.0,1,112,9
419156,2010-04-16,Kings XI Punjab,Deccan Chargers,Himachal Pradesh Cricket Association Stadium,Deccan Chargers,field,0,1,1,174,3,120,20.0,8.7,43,1,55,1,76,1,0,,0,178,5
419156,2010-04-16,Deccan Chargers,Kings XI Punjab,Himachal Pradesh Cricket Association Stadium,Deccan Chargers,field,1,2,0,178,5,115,19.17,9.29,45,1,86,3,47,1,1,175.0,1,174,3
419157,2010-04-17,Mumbai Indians,Royal Challengers Bangalore,M Chinnaswamy Stadium,Royal Challengers Bangalore,field,0,1,1,191,4,120,20.0,9.55,34,1,104,1,53,2,1,,0,134,9
419157,2010-04-17,Royal Challengers Bangalore,Mumbai Indians,M Chinnaswamy Stadium,Royal Challengers Bangalore,field,1,2,0,134,9,120,20.0,6.7,34,2,64,4,36,3,0,192.0,0,191,4
419158,2010-04-17,Rajasthan Royals,Kolkata Knight Riders,Eden Gardens,Rajasthan Royals,bat,1,1,1,132,9,120,20.0,6.6,46,0,55,5,31,4,0,,0,133,2
419158,2010-04-17,Kolkata Knight Riders,Rajasthan Royals,Eden Gardens,Rajasthan Royals,bat,0,2,0,133,2,97,16.17,8.23,42,2,76,0,15,0,1,133.0,1,132,9
419159,2010-04-18,Kings XI Punjab,Chennai Super Kings,Himachal Pradesh Cricket Association Stadium,Chennai Super Kings,field,0,1,1,192,3,120,20.0,9.6,49,1,82,2,61,0,0,,0,195,4
419159,2010-04-18,Chennai Super Kings,Kings XI Punjab,Himachal Pradesh Cricket Association Stadium,Chennai Super Kings,field,1,2,0,195,4,118,19.67,9.91,49,2,81,1,65,1,1,193.0,1,192,3
419160,2010-04-18,Deccan Chargers,Delhi Daredevils,Feroz Shah Kotla,Deccan Chargers,bat,1,1,1,145,7,120,20.0,7.25,38,2,79,3,28,2,1,,0,134,7
419160,2010-04-18,Delhi Daredevils,Deccan Chargers,Feroz Shah Kotla,Deccan Chargers,bat,0,2,0,134,7,120,20.0,6.7,39,3,47,3,48,1,0,146.0,0,145,7
419161,2010-04-19,Mumbai Indians,Kolkata Knight Riders,Eden Gardens,Mumbai Indians,bat,1,1,1,133,8,120,20.0,6.65,42,2,44,2,47,4,0,,0,135,1
419161,2010-04-19,Kolkata Knight Riders,Mumbai Indians,Eden Gardens,Mumbai Indians,bat,0,2,0,135,1,105,17.5,7.71,44,0,63,1,28,0,1,134.0,1,133,8
419162,2010-04-21,Mumbai Indians,Royal Challengers Bangalore,Dr DY Patil Sports Academy,Mumbai Indians,bat,1,1,1,184,5,120,20.0,9.2,54,2,53,2,77,1,1,,0,149,9
419162,2010-04-21,Royal Challengers Bangalore,Mumbai Indians,Dr DY Patil Sports Academy,Mumbai Indians,bat,0,2,0,149,9,120,20.0,7.45,44,1,74,6,31,2,0,185.0,0,184,5
419163,2010-04-22,Chennai Super Kings,Deccan Chargers,Dr DY Patil Sports Academy,Chennai Super Kings,bat,1,1,1,142,7,120,20.0,7.1,39,3,57,2,46,2,1,,0,104,10
419163,2010-04-22,Deccan Chargers,Chennai Super Kings,Dr DY Patil Sports Academy,Chennai Super Kings,bat,0,2,0,104,10,116,19.33,5.38,23,2,58,3,23,5,0,143.0,0,142,7
419164,2010-04-24,Deccan Chargers,Royal Challengers Bangalore,Dr DY Patil Sports Academy,Deccan Chargers,bat,1,1,1,82,10,111,18.5,4.43,27,3,51,2,4,5,0,,0,86,1
419164,2010-04-24,Royal Challengers Bangalore,Deccan Chargers,Dr DY Patil Sports Academy,Deccan Chargers,bat,0,2,0,86,1,83,13.83,6.22,33,0,53,1,0,0,1,83.0,1,82,10
419165,2010-04-25,Chennai Super Kings,Mumbai Indians,Dr DY Patil Sports Academy,Chennai Super Kings,bat,1,1,1,168,5,120,20.0,8.4,40,0,68,3,60,2,1,,0,146,9
419165,2010-04-25,Mumbai Indians,Chennai Super Kings,Dr DY Patil Sports Academy,Chennai Super Kings,bat,0,2,0,146,9,120,20.0,7.3,33,1,68,4,45,4,0,169.0,0,168,5
501198,2011-04-08,Chennai Super Kings,Kolkata Knight Riders,"MA Chidambaram Stadium, Chepauk",Chennai Super Kings,bat,1,1,1,153,4,120,20.0,7.65,45,1,62,1,46,2,1,,0,151,7
501198,2011-04-08,Kolkata Knight Riders,Chennai Super Kings,"MA Chidambaram Stadium, Chepauk",Chennai Super Kings,bat,0,2,0,151,7,120,20.0,7.55,52,0,59,2,40,5,0,154.0,0,153,4
501199,2011-04-09,Deccan Chargers,Rajasthan Royals,"Rajiv Gandhi International Stadium, Uppal",Rajasthan Royals,field,0,1,1,137,8,120,20.0,6.85,44,2,46,3,47,3,0,,0,141,2
501199,2011-04-09,Rajasthan Royals,Deccan Chargers,"Rajiv Gandhi International Stadium, Uppal",Rajasthan Royals,field,1,2,0,141,2,113,18.83,7.49,31,1,62,1,48,0,1,138.0,1,137,8
501200,2011-04-09,Kochi Tuskers Kerala,Royal Challengers Bangalore,Nehru Stadium,Kochi Tuskers Kerala,bat,1,1,1,161,5,120,20.0,8.05,61,0,63,2,37,3,0,,0,162,4
501200,2011-04-09,Royal Challengers Bangalore,Kochi Tuskers Kerala,Nehru Stadium,Kochi Tuskers Kerala,bat,0,2,0,162,4,112,18.67,8.68,48,2,70,1,44,1,1,162.0,1,161,5
501201,2011-04-10,Delhi Daredevils,Mumbai Indians,Feroz Shah Kotla,Delhi Daredevils,bat,1,1,1,95,10,106,17.67,5.38,38,3,49,3,8,4,0,,0,99,2
501201,2011-04-10,Mumbai Indians,Delhi Daredevils,Feroz Shah Kotla,Delhi Daredevils,bat,0,2,0,99,2,101,16.83,5.88,31,1,54,1,14,0,1,96.0,1,95,10
501202,2011-04-10,Kings XI Punjab,Pune Warriors,Dr DY Patil Sports Academy,Kings XI Punjab,bat,1,1,1,112,8,119,19.83,5.65,36,5,32,1,44,2,0,,0,113,3
501202,2011-04-10,Pune Warriors,Kings XI Punjab,Dr DY Patil Sports Academy,Kings XI Punjab,bat,0,2,0,113,3,79,13.17,8.58,44,1,69,2,0,0,1,113.0,1,112,8
501203,2011-04-11,Kolkata Knight Riders,Deccan Chargers,Eden Gardens,Kolkata Knight Riders,bat,1,1,1,163,4,120,20.0,8.15,46,0,72,2,45,2,1,,0,154,8
501203,2011-04-11,Deccan Chargers,Kolkata Knight Riders,Eden Gardens,Kolkata Knight Riders,bat,0,2,0,154,8,120,20.0,7.7,30,2,71,3,53,3,0,164.0,0,163,4
501204,2011-04-12,Delhi Daredevils,Rajasthan Royals,Sawai Mansingh Stadium,Delhi Daredevils,bat,1,1,1,151,6,120,20.0,7.55,30,2,59,2,62,2,0,,0,152,4
501204,2011-04-12,Rajasthan Royals,Delhi Daredevils,Sawai Mansingh Stadium,Delhi Daredevils,bat,0,2,0,152,4,111,18.5,8.22,57,1,64,2,31,1,1,152.0,1,151,6
501205,2011-04-12,Royal Challengers Bangalore,Mumbai Indians,M Chinnaswamy Stadium,Mumbai Indians,field,0,1,1,140,4,120,20.0,7.0,24,2,67,0,49,2,0,,0,143,1
501205,2011-04-12,Mumbai Indians,Royal Challengers Bangalore,M Chinnaswamy Stadium,Mumbai Indians,field,1,2,0,143,1,111,18.5,7.73,40,1,76,0,27,0,1,141.0,1,140,4
501206,2011-04-13,Chennai Super Kings,Kings XI Punjab,"Punjab Cricket Association Stadium, Mohali",Kings XI Punjab,field,0,1,1,188,4,120,20.0,9.4,31,2,95,1,62,1,0,,0,193,4
501206,2011-04-13,Kings XI Punjab,Chennai Super Kings,"Punjab Cricket Association Stadium, Mohali",Kings XI Punjab,field,1,2,0,193,4,115,19.17,10.07,65,1,73,3,55,0,1,189.0,1,188,4
501207,2011-04-13,Kochi Tuskers Kerala,Pune Warriors,Dr DY Patil Sports Academy,Kochi Tuskers Kerala,bat,1,1,1,148,8,120,20.0,7.4,37,4,74,0,37,4,0,,0,151,6
501207,2011-04-13,Pune Warriors,Kochi Tuskers Kerala,Dr DY Patil Sports Academy,Kochi Tuskers Kerala,bat,0,2,0,151,6,113,18.83,8.02,44,1,71,4,36,1,1,149.0,1,148,8
501208,2011-04-14,Deccan Chargers,Royal Challengers Bangalore,"Rajiv Gandhi International Stadium, Uppal",Royal Challengers Bangalore,field,0,1,1,175,5,120,20.0,8.75,41,1,73,2,61,2,1,,0,142,9
501208,2011-04-14,Royal Challengers Bangalore,Deccan Chargers,"Rajiv Gandhi International Stadium, Uppal",Royal Challengers Bangalore,field,1,2,0,142,9,120,20.0,7.1,28,3,64,2,50,4,0,176.0,0,175,5
501209,2011-04-15,Rajasthan Royals,Kolkata Knight Riders,Sawai Mansingh Stadium,Kolkata Knight Riders,field,0,1,1,159,4,120,20.0,7.95,31,1,71,2,57,1,0,,0,160,1
501209,2011-04-15,Kolkata Knight Riders,Rajasthan Royals,Sawai Mansingh Stadium,Kolkata Knight Riders,field,1,2,0,160,1,111,18.5,8.65,62,1,68,0,30,0,1,160.0,1,159,4
501210,2011-04-15,Mumbai Indians,Kochi Tuskers Kerala,Wankhede Stadium,Kochi Tuskers Kerala,field,0,1,1,182,2,120,20.0,9.1,44,0,81,1,57,1,0,,0,184,2
501210,2011-04-15,Kochi Tuskers Kerala,Mumbai Indians,Wankhede Stadium,Kochi Tuskers Kerala,field,1,2,0,184,2,114,19.0,9.68,50,0,84,1,50,1,1,183.0,1,182,2
501211,2011-04-16,Chennai Super Kings,Royal Challengers Bangalore,"MA Chidambaram Stadium, Chepauk",Chennai Super Kings,bat,1,1,1,183,5,120,20.0,9.15,45,0,81,2,57,3,1,,0,162,7
501211,2011-04-16,Royal Challengers Bangalore,Chennai Super Kings,"MA Chidambaram Stadium, Chepauk",Chennai Super Kings,bat,0,2,0,162,7,120,20.0,8.1,33,3,79,2,50,2,0,184.0,0,183,5
501212,2011-04-16,Deccan Chargers,Kings XI Punjab,"Rajiv Gandhi International Stadium, Uppal",Kings XI Punjab,field,0,1,1,165,8,120,20.0,8.25,48,1,65,3,52,4,0,,0,166,2
501212,2011-04-16,Kings XI Punjab,Deccan Chargers,"Rajiv Gandhi International Stadium, Uppal",Kings XI Punjab,field,1,2,0,166,2,106,17.67,9.39,62,0,77,1,27,1,1,166.0,1,165,8
501213,2011-04-17,Pune Warriors,Delhi Daredevils,Dr DY Patil Sports Academy,Delhi Daredevils,field,0,1,1,187,5,120,20.0,9.35,63,1,65,3,59,1,0,,0,190,7
501213,2011-04-17,Delhi Daredevils,Pune Warriors,Dr DY Patil Sports Academy,Delhi Daredevils,field,1,2,0,190,7,116,19.33,9.83,67,0,61,5,62,2,1,188.0,1,187,5
501214,2011-04-17,Rajasthan Royals,Kolkata Knight Riders,Eden Gardens,Kolkata Knight Riders,field,0,1,1,81,10,92,15.33,5.28,36,2,44,7,1,1,0,,0,85,2
501214,2011-04-17,Kolkata Knight Riders,Rajasthan Royals,Eden Gardens,Kolkata Knight Riders,field,1,2,0,85,2,83,13.83,6.15,26,1,59,1,0,0,1,82.0,1,81,10
501215,2011-04-18,Chennai Super Kings,Kochi Tuskers Kerala,Nehru Stadium,Kochi Tuskers Kerala,field,0,1,1,131,4,102,17.0,7.71,42,1,67,2,22,1,0,,0,135,3
501215,2011-04-18,Kochi Tuskers Kerala,Chennai Super Kings,Nehru Stadium,Kochi Tuskers Kerala,field,1,2,0,135,3,90,15.0,9.0,49,1,86,2,0,0,1,132.0,1,131,4
501216,2011-04-19,Deccan Chargers,Delhi Daredevils,Feroz Shah Kotla,Deccan Chargers,bat,1,1,1,168,4,120,20.0,8.4,43,1,86,2,39,1,1,,0,152,7
501216,2011-04-19,Delhi Daredevils,Deccan Chargers,Feroz Shah Kotla,Deccan Chargers,bat,0,2,0,152,7,120,20.0,7.6,38,3,69,2,45,2,0,169.0,0,168,4
501218,2011-04-20,Pune Warriors,Mumbai Indians,Wankhede Stadium,Pune Warriors,bat,1,1,1,118,10,104,17.33,6.81,33,4,67,3,18,3,0,,0,124,3
501218,2011-04-20,Mumbai Indians,Pune Warriors,Wankhede Stadium,Pune Warriors,bat,0,2,0,124,3,120,20.0,6.2,32,1,57,2,35,0,1,119.0,1,118,10
501219,2011-04-20,Kochi Tuskers Kerala,Kolkata Knight Riders,Eden Gardens,Kolkata Knight Riders,field,0,1,1,132,7,120,20.0,6.6,45,0,55,5,32,2,1,,0,126,9
501219,2011-04-20,Kolkata Knight Riders,Kochi Tuskers Kerala,Eden Gardens,Kolkata Knight Riders,field,1,2,0,126,9,120,20.0,6.3,37,3,49,2,40,4,0,133.0,0,132,7
501220,2011-04-21,Kings XI Punjab,Rajasthan Royals,"Punjab Cricket Association Stadium, Mohali",Rajasthan Royals,field,0,1,1,195,7,120,20.0,9.75,77,1,92,1,26,5,1,,0,147,7
501220,2011-04-21,Rajasthan Royals,Kings XI Punjab,"Punjab Cricket Association Stadium, Mohali",Rajasthan Royals,field,1,2,0,147,7,120,20.0,7.35,45,2,68,3,34,2,0,196.0,0,195,7
501221,2011-04-22,Mumbai Indians,Chennai Super Kings,Wankhede Stadium,Chennai Super Kings,field,0,1,1,164,4,120,20.0,8.2,40,2,67,1,57,1,1,,0,156,9
501221,2011-04-22,Chennai Super Kings,Mumbai Indians,Wankhede Stadium,Chennai Super Kings,field,1,2,0,156,9,120,20.0,7.8,44,2,75,2,37,5,0,165.0,0,164,4
501222,2011-04-22,Kolkata Knight Riders,Royal Challengers Bangalore,Eden Gardens,Royal Challengers Bangalore,field,0,1,1,171,5,120,20.0,8.55,50,1,64,1,57,3,0,,0,175,1
501222,2011-04-22,Royal Challengers Bangalore,Kolkata Knight Riders,Eden Gardens,Royal Challengers Bangalore,field,1,2,0,175,1,109,18.17,9.63,57,0,95,1,23,0,1,172.0,1,171,5
501223,2011-04-23,Delhi Daredevils,Kings XI Punjab,Feroz Shah Kotla,Kings XI Punjab,field,0,1,1,231,4,120,20.0,11.55,70,0,103,2,58,2,1,,0,202,6
501223,2011-04-23,Kings XI Punjab,Delhi Daredevils,Feroz Shah Kotla,Kings XI Punjab,field,1,2,0,202,6,120,20.0,10.1,46,1,101,2,55,3,0,232.0,0,231,4
501224,2011-04-24,Mumbai Indians,Deccan Chargers,"Rajiv Gandhi International Stadium, Uppal",Deccan Chargers,field,0,1,1,172,4,120,20.0,8.6,57,1,45,3,70,0,1,,0,135,8
501224,2011-04-24,Deccan Chargers,Mumbai Indians,"Rajiv Gandhi International Stadium, Uppal",Deccan Chargers,field,1,2,0,135,8,120,20.0,6.75,41,2,59,4,35,2,0,173.0,0,172,4
501225,2011-04-24,Kochi Tuskers Kerala,Rajasthan Royals,Sawai Mansingh Stadium,Rajasthan Royals,field,0,1,1,109,10,120,20.0,5.45,32,2,56,1,21,7,0,,0,111,2
501225,2011-04-24,Rajasthan Royals,Kochi Tuskers Kerala,Sawai Mansingh Stadium,Rajasthan Royals,field,1,2,0,111,2,85,14.17,7.83,38,0,73,2,0,0,1,110.0,1,109,10
501226,2011-04-25,Chennai Super Kings,Pune Warriors,"MA Chidambaram Stadium, Chepauk",Pune Warriors,field,0,1,1,142,6,120,20.0,7.1,45,0,54,2,43,4,1,,0,117,9
501226,2011-04-25,Pune Warriors,Chennai Super Kings,"MA Chidambaram Stadium, Chepauk",Pune Warriors,field,1,2,0,117,9,120,20.0,5.85,40,4,53,1,24,4,0,143.0,0,142,6
501227,2011-04-26,Delhi Daredevils,Royal Challengers Bangalore,Feroz Shah Kotla,Royal Challengers Bangalore,field,0,1,1,160,6,120,20.0,8.0,42,1,73,2,45,3,0,,0,161,7
501227,2011-04-26,Royal Challengers Bangalore,Delhi Daredevils,Feroz Shah Kotla,Royal Challengers Bangalore,field,1,2,0,161,7,117,19.5,8.26,65,1,52,4,44,2,1,161.0,1,160,6
501228,2011-04-27,Pune Warriors,Chennai Super Kings,Dr DY Patil Sports Academy,Pune Warriors,bat,1,1,1,141,6,120,20.0,7.05,37,3,54,2,50,1,0,,0,145,2
501228,2011-04-27,Chennai Super Kings,Pune Warriors,Dr DY Patil Sports Academy,Pune Warriors,bat,0,2,0,145,2,117,19.5,7.44,28,1,76,1,41,0,1,142.0,1,141,6
501229,2011-04-27,Deccan Chargers,Kochi Tuskers Kerala,Nehru Stadium,Kochi Tuskers Kerala,field,0,1,1,129,7,120,20.0,6.45,20,3,70,0,39,4,1,,0,74,10
501229,2011-04-27,Kochi Tuskers Kerala,Deccan Chargers,Nehru Stadium,Kochi Tuskers Kerala,field,1,2,0,74,10,99,16.5,4.48,29,6,44,1,1,3,0,130.0,0,129,7
501230,2011-04-28,Kolkata Knight Riders,Delhi Daredevils,Feroz Shah Kotla,Delhi Daredevils,field,0,1,1,148,7,120,20.0,7.4,42,1,63,4,43,2,1,,0,131,9
501230,2011-04-28,Delhi Daredevils,Kolkata Knight Riders,Feroz Shah Kotla,Delhi Daredevils,field,1,2,0,131,9,120,20.0,6.55,41,1,45,5,45,3,0,149.0,0,148,7
501231,2011-04-29,Mumbai Indians,Rajasthan Royals,Sawai Mansingh Stadium,Rajasthan Royals,field,0,1,1,94,8,120,20.0,4.7,31,2,36,2,27,4,0,,0,95,3
501231,2011-04-29,Rajasthan Royals,Mumbai Indians,Sawai Mansingh Stadium,Rajasthan Royals,field,1,2,0,95,3,109,18.17,5.23,18,1,55,1,22,1,1,95.0,1,94,8
501232,2011-04-29,Royal Challengers Bangalore,Pune Warriors,M Chinnaswamy Stadium,Pune Warriors,field,0,1,1,181,5,120,20.0,9.05,57,0,61,2,63,3,1,,0,155,5
501232,2011-04-29,Pune Warriors,Royal Challengers Bangalore,M Chinnaswamy Stadium,Pune Warriors,field,1,2,0,155,5,120,20.0,7.75,42,1,66,2,47,2,0,182.0,0,181,5
501233,2011-04-30,Delhi Daredevils,Kochi Tuskers Kerala,Nehru Stadium,Delhi Daredevils,bat,1,1,1,157,7,120,20.0,7.85,34,2,60,2,63,3,1,,0,119,10
501233,2011-04-30,Kochi Tuskers Kerala,Delhi Daredevils,Nehru Stadium,Delhi Daredevils,bat,0,2,0,119,10,113,18.83,6.32,37,3,55,2,27,5,0,158.0,0,157,7
501234,2011-04-30,Kings XI Punjab,Kolkata Knight Riders,Eden Gardens,Kolkata Knight Riders,field,0,1,1,119,6,120,20.0,5.95,40,2,46,3,33,1,0,,0,120,2
501234,2011-04-30,Kolkata Knight Riders,Kings XI Punjab,Eden Gardens,Kolkata Knight Riders,field,1,2,0,120,2,104,17.33,6.92,45,2,57,0,18,0,1,120.0,1,119,6
501235,2011-05-01,Pune Warriors,Rajasthan Royals,Sawai Mansingh Stadium,Rajasthan Royals,field,0,1,1,143,7,120,20.0,7.15,49,1,53,3,41,3,0,,0,144,4
501235,2011-05-01,Rajasthan Royals,Pune Warriors,Sawai Mansingh Stadium,Rajasthan Royals,field,1,2,0,144,4,117,19.5,7.38,34,1,58,3,52,0,1,144.0,1,143,7
501236,2011-05-01,Chennai Super Kings,Deccan Chargers,"MA Chidambaram Stadium, Chepauk",Chennai Super Kings,bat,1,1,1,165,5,120,20.0,8.25,34,1,62,1,69,3,1,,0,146,8
501236,2011-05-01,Deccan Chargers,Chennai Super Kings,"MA Chidambaram Stadium, Chepauk",Chennai Super Kings,bat,0,2,0,146,8,120,20.0,7.3,64,0,54,3,28,5,0,166.0,0,165,5
501237,2011-05-02,Mumbai Indians,Kings XI Punjab,Wankhede Stadium,Kings XI Punjab,field,0,1,1,159,5,120,20.0,7.95,35,1,79,1,45,3,1,,0,136,8
501237,2011-05-02,Kings XI Punjab,Mumbai Indians,Wankhede Stadium,Kings XI Punjab,field,1,2,0,136,8,120,20.0,6.8,24,1,77,3,35,4,0,160.0,0,159,5
501238,2011-05-02,Delhi Daredevils,Kochi Tuskers Kerala,Feroz Shah Kotla,Kochi Tuskers Kerala,field,0,1,1,140,6,120,20.0,7.0,42,2,56,2,42,2,0,,0,141,3
501238,2011-05-02,Kochi Tuskers Kerala,Delhi Daredevils,Feroz Shah Kotla,Kochi Tuskers Kerala,field,1,2,0,141,3,90,15.0,9.4,67,1,74,2,0,0,1,141.0,1,140,6
501239,2011-05-03,Kolkata Knight Riders,Deccan Chargers,"Rajiv Gandhi International Stadium, Uppal",Deccan Chargers,field,0,1,1,169,4,120,20.0,8.45,41,1,69,2,59,1,1,,0,149,6
501239,2011-05-03,Deccan Chargers,Kolkata Knight Riders,"Rajiv Gandhi International Stadium, Uppal",Deccan Chargers,field,1,2,0,149,6,120,20.0,7.45,41,2,67,2,41,2,0,170.0,0,169,4
501240,2011-05-04,Rajasthan Royals,Chennai Super Kings,"MA Chidambaram Stadium, Chepauk",Rajasthan Royals,bat,1,1,1,147,6,120,20.0,7.35,47,0,66,3,34,3,0,,0,149,2
501240,2011-05-04,Chennai Super Kings,Rajasthan Royals,"MA Chidambaram Stadium, Chepauk",Rajasthan Royals,bat,0,2,0,149,2,112,18.67,7.98,43,1,75,0,31,1,1,148.0,1,147,6
501241,2011-05-04,Mumbai Indians,Pune Warriors,Dr DY Patil Sports Academy,Pune Warriors,field,0,1,1,160,7,120,20.0,8.0,49,1,48,3,63,3,1,,0,139,7
501241,2011-05-04,Pune Warriors,Mumbai Indians,Dr DY Patil Sports Academy,Pune Warriors,field,1,2,0,139,7,120,20.0,6.95,31,2,59,2,49,3,0,161.0,0,160,7
501242,2011-05-05,Kochi Tuskers Kerala,Kolkata Knight Riders,Nehru Stadium,Kolkata Knight Riders,field,0,1,1,156,5,120,20.0,7.8,35,2,63,2,58,1,1,,0,139,7
501242,2011-05-05,Kolkata Knight Riders,Kochi Tuskers Kerala,Nehru Stadium,Kolkata Knight Riders,field,1,2,0,139,7,120,20.0,6.95,43,0,57,3,39,4,0,157.0,0,156,5
501243,2011-05-05,Deccan Chargers,Delhi Daredevils,"Rajiv Gandhi International Stadium, Uppal",Delhi Daredevils,field,0,1,1,175,5,120,20.0,8.75,43,1,82,2,50,2,0,,0,179,6
501243,2011-05-05,Delhi Daredevils,Deccan Chargers,"Rajiv Gandhi International Stadium, Uppal",Delhi Daredevils,field,1,2,0,179,6,114,19.0,9.42,29,3,120,1,30,2,1,176.0,1,175,5
501244,2011-05-06,Royal Challengers Bangalore,Kings XI Punjab,M Chinnaswamy Stadium,Kings XI Punjab,field,0,1,1,205,6,120,20.0,10.25,48,1,107,2,50,3,1,,0,120,9
501244,2011-05-06,Kings XI Punjab,Royal Challengers Bangalore,M Chinnaswamy Stadium,Kings XI Punjab,field,1,2,0,120,9,120,20.0,6.0,38,4,51,3,31,2,0,206.0,0,205,6
501245,2011-05-07,Chennai Super Kings,Kolkata Knight Riders,Eden Gardens,Chennai Super Kings,bat,1,1,1,114,4,120,20.0,5.7,15,2,62,1,37,1,0,,0,61,2
501245,2011-05-07,Kolkata Knight Riders,Chennai Super Kings,Eden Gardens,Chennai Super Kings,bat,0,2,0,61,2,60,10.0,6.1,33,2,28,0,0,0,1,115.0,1,114,4
501246,2011-05-07,Mumbai Indians,Delhi Daredevils,Wankhede Stadium,Delhi Daredevils,field,0,1,1,178,4,120,20.0,8.9,50,1,79,1,49,2,1,,0,146,10
501246,2011-05-07,Delhi Daredevils,Mumbai Indians,Wankhede Stadium,Delhi Daredevils,field,1,2,0,146,10,119,19.83,7.36,23,4,76,1,47,5,0,179.0,0,178,4
501247,2011-05-08,Kochi Tuskers Kerala,Royal Challengers Bangalore,M Chinnaswamy Stadium,Kochi Tuskers Kerala,bat,1,1,1,125,9,120,20.0,6.25,49,1,48,4,28,4,0,,0,128,1
501247,2011-05-08,Royal Challengers Bangalore,Kochi Tuskers Kerala,M Chinnaswamy Stadium,Kochi Tuskers Kerala,bat,0,2,0,128,1,79,13.17,9.72,79,1,49,0,0,0,1,126.0,1,125,9
501248,2011-05-08,Kings XI Punjab,Pune Warriors,"Punjab Cricket Association Stadium, Mohali",Kings XI Punjab,bat,1,1,1,119,8,120,20.0,5.95,34,1,62,3,23,4,0,,0,120,5
501248,2011-05-08,Pune Warriors,Kings XI Punjab,"Punjab Cricket Association Stadium, Mohali",Kings XI Punjab,bat,0,2,0,120,5,103,17.17,6.99,40,1,74,2,6,2,1,120.0,1,119,8
501249,2011-05-09,Chennai Super Kings,Rajasthan Royals,Sawai Mansingh Stadium,Rajasthan Royals,field,0,1,1,196,3,120,20.0,9.8,55,0,81,2,60,1,1,,0,133,10
501249,2011-05-09,Rajasthan Royals,Chennai Super Kings,Sawai Mansingh Stadium,Rajasthan Royals,field,1,2,0,133,10,117,19.5,6.82,48,2,66,3,19,5,0,197.0,0,196,3
501250,2011-05-10,Deccan Chargers,Pune Warriors,"Rajiv Gandhi International Stadium, Uppal",Deccan Chargers,bat,1,1,1,136,8,120,20.0,6.8,50,0,50,4,36,4,0,,0,137,4
501250,2011-05-10,Pune Warriors,Deccan Chargers,"Rajiv Gandhi International Stadium, Uppal",Deccan Chargers,bat,0,2,0,137,4,110,18.33,7.47,52,0,60,3,25,1,1,137.0,1,136,8
501251,2011-05-10,Kings XI Punjab,Mumbai Indians,"Punjab Cricket Association Stadium, Mohali",Mumbai Indians,field,0,1,1,163,8,120,20.0,8.15,39,1,85,1,39,6,1,,0,87,10
501251,2011-05-10,Mumbai Indians,Kings XI Punjab,"Punjab Cricket Association Stadium, Mohali",Mumbai Indians,field,1,2,0,87,10,77,12.83,6.78,33,3,54,7,0,0,0,164.0,0,163,8
501252,2011-05-11,Rajasthan Royals,Royal Challengers Bangalore,Sawai Mansingh Stadium,Royal Challengers Bangalore,field,0,1,1,146,6,120,20.0,7.3,43,0,69,3,34,3,0,,0,151,1
501252,2011-05-11,Royal Challengers Bangalore,Rajasthan Royals,Sawai Mansingh Stadium,Royal Challengers Bangalore,field,1,2,0,151,1,102,17.0,8.88,66,0,60,1,25,0,1,147.0,1,146,6
501253,2011-05-12,Chennai Super Kings,Delhi Daredevils,"MA Chidambaram Stadium, Chepauk",Chennai Super Kings,bat,1,1,1,176,4,120,20.0,8.8,42,2,63,1,71,1,1,,0,158,6
501253,2011-05-12,Delhi Daredevils,Chennai Super Kings,"MA Chidambaram Stadium, Chepauk",Chennai Super Kings,bat,0,2,0,158,6,120,20.0,7.9,52,1,55,2,51,3,0,177.0,0,176,4
501254,2011-05-13,Kochi Tuskers Kerala,Kings XI Punjab,Holkar Cricket Stadium,Kings XI Punjab,field,0,1,1,178,7,120,20.0,8.9,62,0,68,3,48,4,0,,0,181,4
501254,2011-05-13,Kings XI Punjab,Kochi Tuskers Kerala,Holkar Cricket Stadium,Kings XI Punjab,field,1,2,0,181,4,113,18.83,9.61,49,2,96,2,36,0,1,179.0,1,178,7
501255,2011-05-14,Kolkata Knight Riders,Royal Challengers Bangalore,M Chinnaswamy Stadium,Royal Challengers Bangalore,field,0,1,1,89,4,78,13.0,6.85,33,3,56,1,0,0,0,,0,105,6
501255,2011-05-14,Royal Challengers Bangalore,Kolkata Knight Riders,M Chinnaswamy Stadium,Royal Challengers Bangalore,field,1,2,0,105,6,74,12.33,8.52,65,2,40,4,0,0,1,90.0,1,89,4
501256,2011-05-14,Deccan Chargers,Mumbai Indians,Wankhede Stadium,Deccan Chargers,bat,1,1,1,135,6,120,20.0,6.75,32,1,50,4,53,1,1,,0,125,8
501256,2011-05-14,Mumbai Indians,Deccan Chargers,Wankhede Stadium,Deccan Chargers,bat,0,2,0,125,8,120,20.0,6.25,26,3,50,1,49,4,0,136.0,0,135,6
501257,2011-05-15,Kings XI Punjab,Delhi Daredevils,Himachal Pradesh Cricket Association Stadium,Delhi Daredevils,field,0,1,1,170,6,120,20.0,8.5,43,1,83,2,44,3,1,,0,141,8
501257,2011-05-15,Delhi Daredevils,Kings XI Punjab,Himachal Pradesh Cricket Association Stadium,Delhi Daredevils,field,1,2,0,141,8,120,20.0,7.05,42,0,55,5,44,3,0,171.0,0,170,6
501258,2011-05-15,Rajasthan Royals,Kochi Tuskers Kerala,Holkar Cricket Stadium,Kochi Tuskers Kerala,field,0,1,1,97,10,111,18.5,5.24,32,3,55,5,10,2,0,,0,98,2
501258,2011-05-15,Kochi Tuskers Kerala,Rajasthan Royals,Holkar Cricket Stadium,Kochi Tuskers Kerala,field,1,2,0,98,2,44,7.33,13.37,87,2,11,0,0,0,1,98.0,1,97,10
501259,2011-05-16,Pune Warriors,Deccan Chargers,Dr DY Patil Sports Academy,Deccan Chargers,field,0,1,1,136,9,120,20.0,6.8,39,2,53,5,44,2,0,,0,138,4
501259,2011-05-16,Deccan Chargers,Pune Warriors,Dr DY Patil Sports Academy,Deccan Chargers,field,1,2,0,138,4,116,19.33,7.14,57,0,51,2,30,2,1,137.0,1,136,9
501260,2011-05-17,Kings XI Punjab,Royal Challengers Bangalore,Himachal Pradesh Cricket Association Stadium,Kings XI Punjab,bat,1,1,1,232,2,120,20.0,11.6,30,1,143,0,59,1,1,,0,121,10
501260,2011-05-17,Royal Challengers Bangalore,Kings XI Punjab,Himachal Pradesh Cricket Association Stadium,Kings XI Punjab,bat,0,2,0,121,10,102,17.0,7.12,34,3,63,5,24,2,0,233.0,0,232,2
501261,2011-05-18,Chennai Super Kings,Kochi Tuskers Kerala,"MA Chidambaram Stadium, Chepauk",Chennai Super Kings,bat,1,1,1,152,5,120,20.0,7.6,41,2,60,2,51,1,1,,0,141,5
501261,2011-05-18,Kochi Tuskers Kerala,Chennai Super Kings,"MA Chidambaram Stadium, Chepauk",Chennai Super Kings,bat,0,2,0,141,5,120,20.0,7.05,40,1,50,2,51,2,0,153.0,0,152,5
501262,2011-05-19,Pune Warriors,Kolkata Knight Riders,Dr DY Patil Sports Academy,Kolkata Knight Riders,field,0,1,1,118,7,120,20.0,5.9,29,2,52,3,37,2,0,,0,119,3
501262,2011-05-19,Kolkata Knight Riders,Pune Warriors,Dr DY Patil Sports Academy,Kolkata Knight Riders,field,1,2,0,119,3,100,16.67,7.14,44,1,70,1,5,1,1,119.0,1,118,7
501263,2011-05-20,Mumbai Indians,Rajasthan Royals,Wankhede Stadium,Mumbai Indians,bat,1,1,1,133,5,120,20.0,6.65,26,2,68,1,39,2,0,,0,134,0
501263,2011-05-20,Rajasthan Royals,Mumbai Indians,Wankhede Stadium,Mumbai Indians,bat,0,2,0,134,0,79,13.17,10.17,52,0,82,0,0,0,1,134.0,1,133,5
501264,2011-05-21,Deccan Chargers,Kings XI Punjab,Himachal Pradesh Cricket Association Stadium,Kings XI Punjab,field,0,1,1,198,2,120,20.0,9.9,58,0,89,1,51,1,1,,0,116,10
501264,2011-05-21,Kings XI Punjab,Deccan Chargers,Himachal Pradesh Cricket Association Stadium,Kings XI Punjab,field,1,2,0,116,10,114,19.0,6.11,45,2,54,3,17,5,0,199.0,0,198,2
501266,2011-05-22,Chennai Super Kings,Royal Challengers Bangalore,M Chinnaswamy Stadium,Royal Challengers Bangalore,field,0,1,1,128,8,120,20.0,6.4,23,4,56,1,49,3,0,,0,129,2
501266,2011-05-22,Royal Challengers Bangalore,Chennai Super Kings,M Chinnaswamy Stadium,Royal Challengers Bangalore,field,1,2,0,129,2,108,18.0,7.17,44,1,60,1,25,0,1,129.0,1,128,8
501267,2011-05-22,Kolkata Knight Riders,Mumbai Indians,Eden Gardens,Mumbai Indians,field,0,1,1,175,7,120,20.0,8.75,46,2,75,1,54,4,0,,0,178,5
501267,2011-05-22,Mumbai Indians,Kolkata Knight Riders,Eden Gardens,Mumbai Indians,field,1,2,0,178,5,120,20.0,8.9,54,1,56,3,68,1,1,176.0,1,175,7
501268,2011-05-24,Royal Challengers Bangalore,Chennai Super Kings,Wankhede Stadium,Chennai Super Kings,field,0,1,1,175,4,120,20.0,8.75,44,1,78,2,53,1,0,,0,177,4
501268,2011-05-24,Chennai Super Kings,Royal Challengers Bangalore,Wankhede Stadium,Chennai Super Kings,field,1,2,0,177,4,118,19.67,9.0,25,2,85,1,67,1,1,176.0,1,175,4
501269,2011-05-25,Kolkata Knight Riders,Mumbai Indians,Wankhede Stadium,Mumbai Indians,field,0,1,1,147,7,120,20.0,7.35,25,4,77,1,45,2,0,,0,148,6
501269,2011-05-25,Mumbai Indians,Kolkata Knight Riders,Wankhede Stadium,Mumbai Indians,field,1,2,0,148,6,116,19.33,7.66,62,0,58,4,28,2,1,148.0,1,147,7
501270,2011-05-27,Royal Challengers Bangalore,Mumbai Indians,"MA Chidambaram Stadium, Chepauk",Mumbai Indians,field,0,1,1,185,4,120,20.0,9.25,68,0,82,2,35,2,1,,0,142,8
501270,2011-05-27,Mumbai Indians,Royal Challengers Bangalore,"MA Chidambaram Stadium, Chepauk",Mumbai Indians,field,1,2,0,142,8,120,20.0,7.1,52,2,51,5,39,1,0,186.0,0,185,4
501271,2011-05-28,Chennai Super Kings,Royal Challengers Bangalore,"MA Chidambaram Stadium, Chepauk",Chennai Super Kings,bat,1,1,1,205,5,120,20.0,10.25,56,0,105,1,44,4,1,,0,147,8
501271,2011-05-28,Royal Challengers Bangalore,Chennai Super Kings,"MA Chidambaram Stadium, Chepauk",Chennai Super Kings,bat,0,2,0,147,8,120,20.0,7.35,47,2,60,5,40,1,0,206.0,0,205,5
548306,2012-04-04,Chennai Super Kings,Mumbai Indians,"MA Chidambaram Stadium, Chepauk",Mumbai Indians,field,0,1,1,112,10,119,19.83,5.65,42,2,53,3,17,5,0,,0,115,3
548306,2012-04-04,Mumbai Indians,Chennai Super Kings,"MA Chidambaram Stadium, Chepauk",Mumbai Indians,field,1,2,0,115,3,101,16.83,6.83,53,0,47,3,15,0,1,113.0,1,112,10
548307,2012-04-05,Kolkata Knight Riders,Delhi Daredevils,Eden Gardens,Delhi Daredevils,field,0,1,1,97,9,72,12.0,8.08,46,4,51,5,0,0,0,,0,100,2
548307,2012-04-05,Delhi Daredevils,Kolkata Knight Riders,Eden Gardens,Delhi Daredevils,field,1,2,0,100,2,67,11.17,8.95,48,0,52,2,0,0,1,98.0,1,97,9
548308,2012-04-06,Pune Warriors,Mumbai Indians,Wankhede Stadium,Mumbai Indians,field,0,1,1,129,9,120,20.0,6.45,30,3,61,1,38,5,1,,0,101,9
548308,2012-04-06,Mumbai Indians,Pune Warriors,Wankhede Stadium,Mumbai Indians,field,1,2,0,101,9,120,20.0,5.05,27,3,47,2,27,4,0,130.0,0,129,9
548309,2012-04-06,Rajasthan Royals,Kings XI Punjab,Sawai Mansingh Stadium,Kings XI Punjab,field,0,1,1,191,4,120,20.0,9.55,57,0,70,2,64,2,1,,0,160,9
548309,2012-04-06,Kings XI Punjab,Rajasthan Royals,Sawai Mansingh Stadium,Kings XI Punjab,field,1,2,0,160,9,120,20.0,8.0,45,2,72,3,43,4,0,192.0,0,191,4
548310,2012-04-07,Royal Challengers Bangalore,Delhi Daredevils,M Chinnaswamy Stadium,Delhi Daredevils,field,0,1,1,157,8,120,20.0,7.85,46,2,62,4,49,2,1,,0,137,7
548310,2012-04-07,Delhi Daredevils,Royal Challengers Bangalore,M Chinnaswamy Stadium,Delhi Daredevils,field,1,2,0,137,7,120,20.0,6.85,46,1,45,4,46,2,0,158.0,0,157,8
548311,2012-04-07,Chennai Super Kings,Deccan Chargers,Dr. Y.S. Rajasekhara Reddy ACA-VDCA Cricket Stadium,Deccan Chargers,field,0,1,1,193,6,120,20.0,9.65,44,2,77,3,72,1,1,,0,119,10
548311,2012-04-07,Deccan Chargers,Chennai Super Kings,Dr. Y.S. Rajasekhara Reddy ACA-VDCA Cricket Stadium,Deccan Chargers,field,1,2,0,119,10,103,17.17,6.93,45,1,56,7,18,2,0,194.0,0,193,6
548312,2012-04-08,Rajasthan Royals,Kolkata Knight Riders,Sawai Mansingh Stadium,Kolkata Knight Riders,field,0,1,1,164,5,120,20.0,8.2,37,1,79,2,48,2,1,,0,142,10
548312,2012-04-08,Kolkata Knight Riders,Rajasthan Royals,Sawai Mansingh Stadium,Kolkata Knight Riders,field,1,2,0,142,10,120,20.0,7.1,27,4,67,3,48,3,0,165.0,0,164,5
548313,2012-04-08,Pune Warriors,Kings XI Punjab,Subrata Roy Sahara Stadium,Pune Warriors,bat,1,1,1,166,6,120,20.0,8.3,38,2,75,1,53,3,1,,0,144,8
548313,2012-04-08,Kings XI Punjab,Pune Warriors,Subrata Roy Sahara Stadium,Pune Warriors,bat,0,2,0,144,8,120,20.0,7.2,19,2,80,3,45,3,0,167.0,0,166,6
548314,2012-04-09,Deccan Chargers,Mumbai Indians,Dr. Y.S. Rajasekhara Reddy ACA-VDCA Cricket Stadium,Deccan Chargers,bat,1,1,1,138,9,120,20.0,6.9,45,2,51,2,42,5,0,,0,142,5
548314,2012-04-09,Mumbai Indians,Deccan Chargers,Dr. Y.S. Rajasekhara Reddy ACA-VDCA Cricket Stadium,Deccan Chargers,bat,0,2,0,142,5,120,20.0,7.1,29,2,56,1,57,2,1,139.0,1,138,9
548315,2012-04-10,Kolkata Knight Riders,Royal Challengers Bangalore,M Chinnaswamy Stadium,Royal Challengers Bangalore,field,0,1,1,165,8,120,20.0,8.25,60,0,68,3,37,5,1,,0,123,9
548315,2012-04-10,Royal Challengers Bangalore,Kolkata Knight Riders,M Chinnaswamy Stadium,Royal Challengers Bangalore,field,1,2,0,123,9,120,20.0,6.15,20,3,61,4,42,2,0,166.0,0,165,8
548316,2012-04-10,Chennai Super Kings,Delhi Daredevils,Feroz Shah Kotla,Delhi Daredevils,field,0,1,1,110,8,120,20.0,5.5,41,2,39,3,30,3,0,,0,111,2
548316,2012-04-10,Delhi Daredevils,Chennai Super Kings,Feroz Shah Kotla,Delhi Daredevils,field,1,2,0,111,2,80,13.33,8.33,50,2,61,0,0,0,1,111.0,1,110,8
548317,2012-04-11,Mumbai Indians,Rajasthan Royals,Wankhede Stadium,Rajasthan Royals,field,0,1,1,197,6,120,20.0,9.85,54,1,83,2,60,3,1,,0,170,10
548317,2012-04-11,Rajasthan Royals,Mumbai Indians,Wankhede Stadium,Rajasthan Royals,field,1,2,0,170,10,118,19.67,8.64,44,2,92,3,34,5,0,198.0,0,197,6
548318,2012-04-12,Royal Challengers Bangalore,Chennai Super Kings,"MA Chidambaram Stadium, Chepauk",Royal Challengers Bangalore,bat,1,1,1,205,8,120,20.0,10.25,56,1,93,0,56,7,0,,0,208,5
548318,2012-04-12,Chennai Super Kings,Royal Challengers Bangalore,"MA Chidambaram Stadium, Chepauk",Royal Challengers Bangalore,bat,0,2,0,208,5,120,20.0,10.4,52,0,79,3,77,2,1,206.0,1,205,8
548319,2012-04-12,Pune Warriors,Kings XI Punjab,"Punjab Cricket Association Stadium, Mohali",Kings XI Punjab,field,0,1,1,115,10,114,19.0,6.05,29,3,67,2,19,5,0,,0,116,3
548319,2012-04-12,Kings XI Punjab,Pune Warriors,"Punjab Cricket Association Stadium, Mohali",Kings XI Punjab,field,1,2,0,116,3,106,17.67,6.56,38,1,50,2,28,0,1,116.0,1,115,10
548320,2012-04-13,Rajasthan Royals,Kolkata Knight Riders,Eden Gardens,Rajasthan Royals,bat,1,1,1,131,5,120,20.0,6.55,45,0,40,3,46,2,0,,0,137,5
548320,2012-04-13,Kolkata Knight Riders,Rajasthan Royals,Eden Gardens,Rajasthan Royals,bat,0,2,0,137,5,116,19.33,7.09,36,1,59,2,42,2,1,132.0,1,131,5
548322,2012-04-14,Chennai Super Kings,Pune Warriors,Subrata Roy Sahara Stadium,Chennai Super Kings,bat,1,1,1,155,5,120,20.0,7.75,43,0,71,3,41,2,0,,0,156,3
548322,2012-04-14,Pune Warriors,Chennai Super Kings,Subrata Roy Sahara Stadium,Chennai Super Kings,bat,0,2,0,156,3,116,19.33,8.07,56,1,50,2,50,0,1,156.0,1,155,5
548323,2012-04-15,Kings XI Punjab,Kolkata Knight Riders,Eden Gardens,Kolkata Knight Riders,field,0,1,1,134,9,120,20.0,6.7,26,2,61,2,47,5,1,,0,132,7
548323,2012-04-15,Kolkata Knight Riders,Kings XI Punjab,Eden Gardens,Kolkata Knight Riders,field,1,2,0,132,7,120,20.0,6.6,48,2,46,4,38,1,0,135.0,0,134,9
548324,2012-04-15,Rajasthan Royals,Royal Challengers Bangalore,M Chinnaswamy Stadium,Rajasthan Royals,bat,1,1,1,195,2,120,20.0,9.75,43,0,70,1,82,1,1,,0,136,10
548324,2012-04-15,Royal Challengers Bangalore,Rajasthan Royals,M Chinnaswamy Stadium,Rajasthan Royals,bat,0,2,0,136,10,119,19.83,6.86,54,2,51,4,31,4,0,196.0,0,195,2
548325,2012-04-16,Mumbai Indians,Delhi Daredevils,Wankhede Stadium,Delhi Daredevils,field,0,1,1,92,10,116,19.33,4.76,23,2,56,5,13,3,0,,0,93,3
548325,2012-04-16,Delhi Daredevils,Mumbai Indians,Wankhede Stadium,Delhi Daredevils,field,1,2,0,93,3,89,14.83,6.27,41,1,52,2,0,0,1,93.0,1,92,10
548326,2012-04-17,Deccan Chargers,Rajasthan Royals,Sawai Mansingh Stadium,Deccan Chargers,bat,1,1,1,196,2,120,20.0,9.8,57,0,62,2,77,0,0,,0,197,5
548326,2012-04-17,Rajasthan Royals,Deccan Chargers,Sawai Mansingh Stadium,Deccan Chargers,bat,0,2,0,197,5,118,19.67,10.02,62,1,72,2,63,2,1,197.0,1,196,2
548327,2012-04-17,Pune Warriors,Royal Challengers Bangalore,M Chinnaswamy Stadium,Pune Warriors,bat,1,1,1,182,6,120,20.0,9.1,58,0,76,3,48,3,0,,0,186,4
548327,2012-04-17,Royal Challengers Bangalore,Pune Warriors,M Chinnaswamy Stadium,Pune Warriors,bat,0,2,0,186,4,120,20.0,9.3,42,2,75,1,69,1,1,183.0,1,182,6
548328,2012-04-18,Kings XI Punjab,Kolkata Knight Riders,"Punjab Cricket Association Stadium, Mohali",Kings XI Punjab,bat,1,1,1,124,7,120,20.0,6.2,45,1,44,3,35,3,0,,0,127,2
548328,2012-04-18,Kolkata Knight Riders,Kings XI Punjab,"Punjab Cricket Association Stadium, Mohali",Kings XI Punjab,bat,0,2,0,127,2,99,16.5,7.7,53,1,54,1,20,0,1,125.0,1,124,7
548321,2012-04-19,Deccan Chargers,Delhi Daredevils,Feroz Shah Kotla,Deccan Chargers,bat,1,1,1,157,8,120,20.0,7.85,50,1,70,3,37,4,0,,0,162,5
548321,2012-04-19,Delhi Daredevils,Deccan Chargers,Feroz Shah Kotla,Deccan Chargers,bat,0,2,0,162,5,115,19.17,8.45,34,3,81,2,47,0,1,158.0,1,157,8
548330,2012-04-19,Chennai Super Kings,Pune Warriors,"MA Chidambaram Stadium, Chepauk",Pune Warriors,field,0,1,1,164,5,120,20.0,8.2,42,0,73,0,49,5,1,,0,151,7
548330,2012-04-19,Pune Warriors,Chennai Super Kings,"MA Chidambaram Stadium, Chepauk",Pune Warriors,field,1,2,0,151,7,120,20.0,7.55,53,2,54,3,44,2,0,165.0,0,164,5
548331,2012-04-20,Kings XI Punjab,Royal Challengers Bangalore,"Punjab Cricket Association Stadium, Mohali",Royal Challengers Bangalore,field,0,1,1,163,6,120,20.0,8.15,41,2,64,3,58,1,0,,0,166,5
548331,2012-04-20,Royal Challengers Bangalore,Kings XI Punjab,"Punjab Cricket Association Stadium, Mohali",Royal Challengers Bangalore,field,1,2,0,166,5,117,19.5,8.51,36,3,80,0,50,2,1,164.0,1,163,6
548332,2012-04-21,Rajasthan Royals,Chennai Super Kings,"MA Chidambaram Stadium, Chepauk",Rajasthan Royals,bat,1,1,1,146,4,120,20.0,7.3,41,1,66,1,39,2,0,,0,147,3
548332,2012-04-21,Chennai Super Kings,Rajasthan Royals,"MA Chidambaram Stadium, Chepauk",Rajasthan Royals,bat,0,2,0,147,3,120,20.0,7.35,45,0,59,1,43,2,1,147.0,1,146,4
548333,2012-04-21,Pune Warriors,Delhi Daredevils,Feroz Shah Kotla,Delhi Daredevils,field,0,1,1,192,3,120,20.0,9.6,52,1,73,1,67,1,1,,0,172,7
548333,2012-04-21,Delhi Daredevils,Pune Warriors,Feroz Shah Kotla,Delhi Daredevils,field,1,2,0,172,7,120,20.0,8.6,49,1,82,4,41,2,0,193.0,0,192,3
548334,2012-04-22,Mumbai Indians,Kings XI Punjab,Wankhede Stadium,Mumbai Indians,bat,1,1,1,163,6,120,20.0,8.15,39,0,90,2,34,4,0,,0,164,4
548334,2012-04-22,Kings XI Punjab,Mumbai Indians,Wankhede Stadium,Mumbai Indians,bat,0,2,0,164,4,117,19.5,8.41,48,0,71,2,45,2,1,164.0,1,163,6
548335,2012-04-22,Deccan Chargers,Kolkata Knight Riders,Barabati Stadium,Kolkata Knight Riders,field,0,1,1,126,7,120,20.0,6.3,39,1,59,2,28,4,0,,0,127,5
548335,2012-04-22,Kolkata Knight Riders,Deccan Chargers,Barabati Stadium,Kolkata Knight Riders,field,1,2,0,127,5,114,19.0,6.68,42,1,55,3,30,1,1,127.0,1,126,7
548336,2012-04-23,Royal Challengers Bangalore,Rajasthan Royals,Sawai Mansingh Stadium,Rajasthan Royals,field,0,1,1,189,3,120,20.0,9.45,37,1,70,2,82,0,1,,0,143,7
548336,2012-04-23,Rajasthan Royals,Royal Challengers Bangalore,Sawai Mansingh Stadium,Rajasthan Royals,field,1,2,0,143,7,120,20.0,7.15,48,0,55,5,40,2,0,190.0,0,189,3
548337,2012-04-24,Pune Warriors,Delhi Daredevils,Subrata Roy Sahara Stadium,Pune Warriors,bat,1,1,1,146,2,120,20.0,7.3,28,2,67,0,51,0,0,,0,148,2
548337,2012-04-24,Delhi Daredevils,Pune Warriors,Subrata Roy Sahara Stadium,Pune Warriors,bat,0,2,0,148,2,96,16.0,9.25,61,1,73,1,14,0,1,147.0,1,146,2
548339,2012-04-25,Kings XI Punjab,Mumbai Indians,"Punjab Cricket Association Stadium, Mohali",Kings XI Punjab,bat,1,1,1,168,3,120,20.0,8.4,44,1,56,2,68,0,0,,0,171,6
548339,2012-04-25,Mumbai Indians,Kings XI Punjab,"Punjab Cricket Association Stadium, Mohali",Kings XI Punjab,bat,0,2,0,171,6,119,19.83,8.62,40,0,66,4,65,2,1,169.0,1,168,3
548341,2012-04-26,Deccan Chargers,Pune Warriors,Subrata Roy Sahara Stadium,Deccan Chargers,bat,1,1,1,177,4,120,20.0,8.85,50,2,72,1,55,1,1,,0,159,7
548341,2012-04-26,Pune Warriors,Deccan Chargers,Subrata Roy Sahara Stadium,Deccan Chargers,bat,0,2,0,159,7,120,20.0,7.95,44,2,57,3,58,2,0,178.0,0,177,4
548342,2012-04-27,Delhi Daredevils,Mumbai Indians,Feroz Shah Kotla,Mumbai Indians,field,0,1,1,207,5,120,20.0,10.35,54,0,99,1,54,4,1,,0,170,9
548342,2012-04-27,Mumbai Indians,Delhi Daredevils,Feroz Shah Kotla,Mumbai Indians,field,1,2,0,170,9,120,20.0,8.5,49,3,90,1,31,5,0,208.0,0,207,5
548343,2012-04-28,Kings XI Punjab,Chennai Super Kings,"MA Chidambaram Stadium, Chepauk",Kings XI Punjab,bat,1,1,1,156,8,120,20.0,7.8,43,0,78,2,35,6,1,,0,149,8
548343,2012-04-28,Chennai Super Kings,Kings XI Punjab,"MA Chidambaram Stadium, Chepauk",Kings XI Punjab,bat,0,2,0,149,8,120,20.0,7.45,48,1,51,5,50,2,0,157.0,0,156,8
548344,2012-04-28,Kolkata Knight Riders,Royal Challengers Bangalore,Eden Gardens,Kolkata Knight Riders,bat,1,1,1,190,4,120,20.0,9.5,46,0,88,1,56,3,1,,0,143,6
548344,2012-04-28,Royal Challengers Bangalore,Kolkata Knight Riders,Eden Gardens,Kolkata Knight Riders,bat,0,2,0,143,6,120,20.0,7.15,35,3,52,1,56,2,0,191.0,0,190,4
548345,2012-04-29,Delhi Daredevils,Rajasthan Royals,Feroz Shah Kotla,Delhi Daredevils,bat,1,1,1,152,6,120,20.0,7.6,42,2,63,2,47,2,1,,0,151,3
548345,2012-04-29,Rajasthan Royals,Delhi Daredevils,Feroz Shah Kotla,Delhi Daredevils,bat,0,2,0,151,3,120,20.0,7.55,40,0,68,1,43,2,0,153.0,0,152,6
548346,2012-04-29,Deccan Chargers,Mumbai Indians,Wankhede Stadium,Mumbai Indians,field,0,1,1,100,10,112,18.67,5.36,38,1,44,5,18,4,0,,0,101,5
548346,2012-04-29,Mumbai Indians,Deccan Chargers,Wankhede Stadium,Mumbai Indians,field,1,2,0,101,5,109,18.17,5.56,31,2,46,2,24,1,1,101.0,1,100,10
548347,2012-04-30,Chennai Super Kings,Kolkata Knight Riders,"MA Chidambaram Stadium, Chepauk",Chennai Super Kings,bat,1,1,1,139,5,120,20.0,6.95,43,2,55,2,41,1,0,,0,140,5
548347,2012-04-30,Kolkata Knight Riders,Chennai Super Kings,"MA Chidambaram Stadium, Chepauk",Chennai Super Kings,bat,0,2,0,140,5,118,19.67,7.12,37,1,66,1,37,3,1,140.0,1,139,5
548348,2012-05-01,Deccan Chargers,Pune Warriors,Barabati Stadium,Deccan Chargers,bat,1,1,1,186,4,120,20.0,9.3,33,2,77,0,76,2,1,,0,173,5
548348,2012-05-01,Pune Warriors,Deccan Chargers,Barabati Stadium,Deccan Chargers,bat,0,2,0,173,5,120,20.0,8.65,48,1,68,2,57,2,0,187.0,0,186,4
548349,2012-05-01,Rajasthan Royals,Delhi Daredevils,Sawai Mansingh Stadium,Rajasthan Royals,bat,1,1,1,141,6,120,20.0,7.05,56,0,48,5,37,1,0,,0,144,4
548349,2012-05-01,Delhi Daredevils,Rajasthan Royals,Sawai Mansingh Stadium,Rajasthan Royals,bat,0,2,0,144,4,92,15.33,9.39,61,1,73,3,10,0,1,142.0,1,141,6
548350,2012-05-02,Royal Challengers Bangalore,Kings XI Punjab,M Chinnaswamy Stadium,Kings XI Punjab,field,0,1,1,158,5,120,20.0,7.9,33,1,89,0,36,4,0,,0,163,6
548350,2012-05-02,Kings XI Punjab,Royal Challengers Bangalore,M Chinnaswamy Stadium,Kings XI Punjab,field,1,2,0,163,6,119,19.83,8.22,53,1,79,1,31,4,1,159.0,1,158,5
548351,2012-05-03,Mumbai Indians,Pune Warriors,Subrata Roy Sahara Stadium,Mumbai Indians,bat,1,1,1,120,9,120,20.0,6.0,42,0,50,5,28,4,1,,0,119,6
548351,2012-05-03,Pune Warriors,Mumbai Indians,Subrata Roy Sahara Stadium,Mumbai Indians,bat,0,2,0,119,6,120,20.0,5.95,37,1,39,3,43,2,0,121.0,0,120,9
548352,2012-05-04,Chennai Super Kings,Deccan Chargers,"MA Chidambaram Stadium, Chepauk",Chennai Super Kings,bat,1,1,1,160,6,120,20.0,8.0,56,1,68,3,36,2,1,,0,150,5
548352,2012-05-04,Deccan Chargers,Chennai Super Kings,"MA Chidambaram Stadium, Chepauk",Chennai Super Kings,bat,0,2,0,150,5,120,20.0,7.5,47,1,55,2,48,2,0,161.0,0,160,6
548353,2012-05-05,Kolkata Knight Riders,Pune Warriors,Eden Gardens,Kolkata Knight Riders,bat,1,1,1,150,5,120,20.0,7.5,68,0,53,2,29,3,1,,0,143,8
548353,2012-05-05,Pune Warriors,Kolkata Knight Riders,Eden Gardens,Kolkata Knight Riders,bat,0,2,0,143,8,120,20.0,7.15,45,2,64,3,34,3,0,151.0,0,150,5
548354,2012-05-05,Rajasthan Royals,Kings XI Punjab,"Punjab Cricket Association Stadium, Mohali",Rajasthan Royals,bat,1,1,1,177,6,120,20.0,8.85,64,1,62,2,51,3,1,,0,134,8
548354,2012-05-05,Kings XI Punjab,Rajasthan Royals,"Punjab Cricket Association Stadium, Mohali",Rajasthan Royals,bat,0,2,0,134,8,120,20.0,6.7,33,2,64,3,37,3,0,178.0,0,177,6
548355,2012-05-06,Chennai Super Kings,Mumbai Indians,Wankhede Stadium,Mumbai Indians,field,0,1,1,173,8,120,20.0,8.65,52,1,71,2,50,5,0,,0,174,8
548355,2012-05-06,Mumbai Indians,Chennai Super Kings,Wankhede Stadium,Mumbai Indians,field,1,2,0,174,8,120,20.0,8.7,46,1,85,0,43,7,1,174.0,1,173,8
548356,2012-05-06,Deccan Chargers,Royal Challengers Bangalore,M Chinnaswamy Stadium,Royal Challengers Bangalore,field,0,1,1,181,2,120,20.0,9.05,46,0,71,1,64,1,0,,0,185,5
548356,2012-05-06,Royal Challengers Bangalore,Deccan Chargers,M Chinnaswamy Stadium,Royal Challengers Bangalore,field,1,2,0,185,5,113,18.83,9.82,46,0,67,3,72,2,1,182.0,1,181,2
548357,2012-05-07,Delhi Daredevils,Kolkata Knight Riders,Feroz Shah Kotla,Delhi Daredevils,bat,1,1,1,153,9,120,20.0,7.65,50,2,58,2,45,5,0,,0,154,4
548357,2012-05-07,Kolkata Knight Riders,Delhi Daredevils,Feroz Shah Kotla,Delhi Daredevils,bat,0,2,0,154,4,112,18.67,8.25,60,0,68,1,26,3,1,154.0,1,153,9
548358,2012-05-08,Pune Warriors,Rajasthan Royals,Subrata Roy Sahara Stadium,Pune Warriors,bat,1,1,1,125,6,120,20.0,6.25,35,1,56,3,34,2,0,,0,126,3
548358,2012-05-08,Rajasthan Royals,Pune Warriors,Subrata Roy Sahara Stadium,Pune Warriors,bat,0,2,0,126,3,98,16.33,7.72,49,2,63,1,14,0,1,126.0,1,125,6
548359,2012-05-08,Kings XI Punjab,Deccan Chargers,"Rajiv Gandhi International Stadium, Uppal",Deccan Chargers,field,0,1,1,170,5,120,20.0,8.5,51,0,78,3,41,2,1,,0,145,8
548359,2012-05-08,Deccan Chargers,Kings XI Punjab,"Rajiv Gandhi International Stadium, Uppal",Deccan Chargers,field,1,2,0,145,8,120,20.0,7.25,40,2,59,3,46,3,0,171.0,0,170,5
548360,2012-05-09,Mumbai Indians,Royal Challengers Bangalore,Wankhede Stadium,Royal Challengers Bangalore,field,0,1,1,141,6,120,20.0,7.05,25,2,70,2,46,2,0,,0,142,1
548360,2012-05-09,Royal Challengers Bangalore,Mumbai Indians,Wankhede Stadium,Royal Challengers Bangalore,field,1,2,0,142,1,108,18.0,7.89,35,0,76,1,31,0,1,142.0,1,141,6
548329,2012-05-10,Deccan Chargers,Delhi Daredevils,"Rajiv Gandhi International Stadium, Uppal",Deccan Chargers,bat,1,1,1,187,4,120,20.0,9.35,33,2,94,0,60,2,0,,0,193,1
548329,2012-05-10,Delhi Daredevils,Deccan Chargers,"Rajiv Gandhi International Stadium, Uppal",Deccan Chargers,bat,0,2,0,193,1,100,16.67,11.58,64,1,103,0,26,0,1,188.0,1,187,4
548361,2012-05-10,Rajasthan Royals,Chennai Super Kings,Sawai Mansingh Stadium,Chennai Super Kings,field,0,1,1,126,6,120,20.0,6.3,28,2,61,2,37,2,0,,0,127,6
548361,2012-05-10,Chennai Super Kings,Rajasthan Royals,Sawai Mansingh Stadium,Chennai Super Kings,field,1,2,0,127,6,109,18.17,6.99,36,2,41,2,50,2,1,127.0,1,126,6
548362,2012-05-11,Royal Challengers Bangalore,Pune Warriors,Subrata Roy Sahara Stadium,Pune Warriors,field,0,1,1,173,3,120,20.0,8.65,66,0,63,2,44,1,1,,0,138,9
548362,2012-05-11,Pune Warriors,Royal Challengers Bangalore,Subrata Roy Sahara Stadium,Pune Warriors,field,1,2,0,138,9,120,20.0,6.9,50,3,55,3,33,3,0,174.0,0,173,3
548363,2012-05-12,Mumbai Indians,Kolkata Knight Riders,Eden Gardens,Mumbai Indians,bat,1,1,1,182,1,120,20.0,9.1,49,1,83,0,50,0,1,,0,155,4
548363,2012-05-12,Kolkata Knight Riders,Mumbai Indians,Eden Gardens,Mumbai Indians,bat,0,2,0,155,4,120,20.0,7.75,32,2,74,1,49,1,0,183.0,0,182,1
548364,2012-05-12,Delhi Daredevils,Chennai Super Kings,"MA Chidambaram Stadium, Chepauk",Chennai Super Kings,field,0,1,1,114,5,120,20.0,5.7,27,4,51,1,36,0,0,,0,115,1
548364,2012-05-12,Chennai Super Kings,Delhi Daredevils,"MA Chidambaram Stadium, Chepauk",Chennai Super Kings,field,1,2,0,115,1,92,15.33,7.5,45,0,67,1,3,0,1,115.0,1,114,5
548365,2012-05-13,Rajasthan Royals,Pune Warriors,Sawai Mansingh Stadium,Rajasthan Royals,bat,1,1,1,170,4,120,20.0,8.5,45,1,81,1,44,2,1,,0,125,9
548365,2012-05-13,Pune Warriors,Rajasthan Royals,Sawai Mansingh Stadium,Rajasthan Royals,bat,0,2,0,125,9,120,20.0,6.25,33,4,64,2,28,3,0,171.0,0,170,4
548366,2012-05-13,Deccan Chargers,Kings XI Punjab,"Punjab Cricket Association Stadium, Mohali",Deccan Chargers,bat,1,1,1,190,4,120,20.0,9.5,47,1,79,1,64,2,0,,0,194,6
548366,2012-05-13,Kings XI Punjab,Deccan Chargers,"Punjab Cricket Association Stadium, Mohali",Deccan Chargers,bat,0,2,0,194,6,120,20.0,9.7,44,2,86,2,64,2,1,191.0,1,190,4
548367,2012-05-14,Royal Challengers Bangalore,Mumbai Indians,M Chinnaswamy Stadium,Mumbai Indians,field,0,1,1,171,6,120,20.0,8.55,40,2,67,2,64,2,0,,0,173,5
548367,2012-05-14,Mumbai Indians,Royal Challengers Bangalore,M Chinnaswamy Stadium,Mumbai Indians,field,1,2,0,173,5,118,19.67,8.8,32,3,74,2,67,0,1,172.0,1,171,6
548368,2012-05-14,Kolkata Knight Riders,Chennai Super Kings,Eden Gardens,Chennai Super Kings,field,0,1,1,158,6,120,20.0,7.9,50,0,62,3,46,3,0,,0,160,5
548368,2012-05-14,Chennai Super Kings,Kolkata Knight Riders,Eden Gardens,Chennai Super Kings,field,1,2,0,160,5,120,20.0,8.0,51,0,64,3,45,2,1,159.0,1,158,6
548369,2012-05-15,Kings XI Punjab,Delhi Daredevils,Feroz Shah Kotla,Kings XI Punjab,bat,1,1,1,136,8,120,20.0,6.8,47,2,52,4,37,2,0,,0,140,5
548369,2012-05-15,Delhi Daredevils,Kings XI Punjab,Feroz Shah Kotla,Kings XI Punjab,bat,0,2,0,140,5,114,19.0,7.37,37,4,66,1,37,0,1,137.0,1,136,8
548370,2012-05-16,Kolkata Knight Riders,Mumbai Indians,Wankhede Stadium,Mumbai Indians,field,0,1,1,140,7,120,20.0,7.0,32,2,62,3,46,2,1,,0,108,10
548370,2012-05-16,Mumbai Indians,Kolkata Knight Riders,Wankhede Stadium,Mumbai Indians,field,1,2,0,108,10,115,19.17,5.63,26,1,54,2,28,7,0,141.0,0,140,7
548371,2012-05-17,Chennai Super Kings,Kings XI Punjab,Himachal Pradesh Cricket Association Stadium,Kings XI Punjab,field,0,1,1,120,7,120,20.0,6.0,25,2,52,2,43,3,0,,0,123,4
548371,2012-05-17,Kings XI Punjab,Chennai Super Kings,Himachal Pradesh Cricket Association Stadium,Kings XI Punjab,field,1,2,0,123,4,99,16.5,7.45,43,0,71,3,9,1,1,121.0,1,120,7
548372,2012-05-17,Royal Challengers Bangalore,Delhi Daredevils,Feroz Shah Kotla,Delhi Daredevils,field,0,1,1,215,1,120,20.0,10.75,42,1,95,0,78,0,1,,0,194,9
548372,2012-05-17,Delhi Daredevils,Royal Challengers Bangalore,Feroz Shah Kotla,Delhi Daredevils,field,1,2,0,194,9,120,20.0,9.7,51,2,98,2,45,5,0,216.0,0,215,1
548373,2012-05-18,Rajasthan Royals,Deccan Chargers,"Rajiv Gandhi International Stadium, Uppal",Rajasthan Royals,bat,1,1,1,126,8,120,20.0,6.3,41,1,52,3,33,4,0,,0,128,5
548373,2012-05-18,Deccan Chargers,Rajasthan Royals,"Rajiv Gandhi International Stadium, Uppal",Rajasthan Royals,bat,0,2,0,128,5,112,18.67,6.86,58,0,41,3,29,2,1,127.0,1,126,8
548374,2012-05-19,Kings XI Punjab,Delhi Daredevils,Himachal Pradesh Cricket Association Stadium,Delhi Daredevils,field,0,1,1,141,8,120,20.0,7.05,20,4,64,1,57,3,0,,0,145,4
548374,2012-05-19,Delhi Daredevils,Kings XI Punjab,Himachal Pradesh Cricket Association Stadium,Delhi Daredevils,field,1,2,0,145,4,110,18.33,7.91,44,0,74,3,27,1,1,142.0,1,141,8
548375,2012-05-19,Kolkata Knight Riders,Pune Warriors,Subrata Roy Sahara Stadium,Kolkata Knight Riders,bat,1,1,1,136,4,120,20.0,6.8,27,1,74,1,35,2,1,,0,102,8
548375,2012-05-19,Pune Warriors,Kolkata Knight Riders,Subrata Roy Sahara Stadium,Kolkata Knight Riders,bat,0,2,0,102,8,120,20.0,5.1,40,1,42,3,20,4,0,137.0,0,136,4
548376,2012-05-20,Deccan Chargers,Royal Challengers Bangalore,"Rajiv Gandhi International Stadium, Uppal",Royal Challengers Bangalore,field,0,1,1,132,7,120,20.0,6.6,23,3,52,1,57,3,1,,0,123,9
548376,2012-05-20,Royal Challengers Bangalore,Deccan Chargers,"Rajiv Gandhi International Stadium, Uppal",Royal Challengers Bangalore,field,1,2,0,123,9,120,20.0,6.15,40,2,49,2,34,5,0,133.0,0,132,7
548377,2012-05-20,Rajasthan Royals,Mumbai Indians,Sawai Mansingh Stadium,Rajasthan Royals,bat,1,1,1,162,6,120,20.0,8.1,31,2,75,2,56,2,0,,0,163,0
548377,2012-05-20,Mumbai Indians,Rajasthan Royals,Sawai Mansingh Stadium,Rajasthan Royals,bat,0,2,0,163,0,108,18.0,9.06,44,0,96,0,23,0,1,163.0,1,162,6
548378,2012-05-22,Kolkata Knight Riders,Delhi Daredevils,Subrata Roy Sahara Stadium,Kolkata Knight Riders,bat,1,1,1,162,4,120,20.0,8.1,48,1,51,2,63,1,1,,0,144,8
548378,2012-05-22,Delhi Daredevils,Kolkata Knight Riders,Subrata Roy Sahara Stadium,Kolkata Knight Riders,bat,0,2,0,144,8,120,20.0,7.2,49,2,60,2,35,4,0,163.0,0,162,4
548379,2012-05-23,Chennai Super Kings,Mumbai Indians,M Chinnaswamy Stadium,Mumbai Indians,field,0,1,1,187,5,120,20.0,9.35,30,2,84,2,73,1,1,,0,149,9
548379,2012-05-23,Mumbai Indians,Chennai Super Kings,M Chinnaswamy Stadium,Mumbai Indians,field,1,2,0,149,9,120,20.0,7.45,54,1,58,6,37,2,0,188.0,0,187,5
548380,2012-05-25,Chennai Super Kings,Delhi Daredevils,"MA Chidambaram Stadium, Chepauk",Delhi Daredevils,field,0,1,1,222,5,120,20.0,11.1,52,0,110,2,60,3,1,,0,136,10
548380,2012-05-25,Delhi Daredevils,Chennai Super Kings,"MA Chidambaram Stadium, Chepauk",Delhi Daredevils,field,1,2,0,136,10,101,16.83,8.08,46,2,82,5,8,3,0,223.0,0,222,5
548381,2012-05-27,Chennai Super Kings,Kolkata Knight Riders,"MA Chidambaram Stadium, Chepauk",Chennai Super Kings,bat,1,1,1,190,3,120,20.0,9.5,54,0,82,1,54,2,0,,0,192,5
548381,2012-05-27,Kolkata Knight Riders,Chennai Super Kings,"MA Chidambaram Stadium, Chepauk",Chennai Super Kings,bat,0,2,0,192,5,118,19.67,9.76,56,1,85,1,51,3,1,191.0,1,190,3
597998,2013-04-03,Delhi Daredevils,Kolkata Knight Riders,Eden Gardens,Kolkata Knight Riders,field,0,1,1,128,10,120,20.0,6.4,45,2,51,3,32,5,0,,0,129,4
597998,2013-04-03,Kolkata Knight Riders,Delhi Daredevils,Eden Gardens,Kolkata Knight Riders,field,1,2,0,129,4,112,18.67,6.91,46,1,54,3,29,0,1,129.0,1,128,10
597999,2013-04-04,Royal Challengers Bangalore,Mumbai Indians,M Chinnaswamy Stadium,Mumbai Indians,field,0,1,1,156,5,120,20.0,7.8,31,2,69,3,56,0,1,,0,154,5
597999,2013-04-04,Mumbai Indians,Royal Challengers Bangalore,M Chinnaswamy Stadium,Mumbai Indians,field,1,2,0,154,5,120,20.0,7.7,38,0,58,3,58,2,0,157.0,0,156,5
598000,2013-04-05,Sunrisers Hyderabad,Pune Warriors,"Rajiv Gandhi International Stadium, Uppal",Pune Warriors,field,0,1,1,126,6,120,20.0,6.3,38,1,49,3,39,2,1,,0,104,10
598000,2013-04-05,Pune Warriors,Sunrisers Hyderabad,"Rajiv Gandhi International Stadium, Uppal",Pune Warriors,field,1,2,0,104,10,113,18.83,5.52,27,0,51,4,26,6,0,127.0,0,126,6
598001,2013-04-06,Rajasthan Royals,Delhi Daredevils,Feroz Shah Kotla,Rajasthan Royals,bat,1,1,1,165,7,120,20.0,8.25,45,1,82,1,38,5,1,,0,160,6
598001,2013-04-06,Delhi Daredevils,Rajasthan Royals,Feroz Shah Kotla,Rajasthan Royals,bat,0,2,0,160,6,120,20.0,8.0,39,1,81,1,40,4,0,166.0,0,165,7
598002,2013-04-06,Mumbai Indians,Chennai Super Kings,"MA Chidambaram Stadium, Chepauk",Mumbai Indians,bat,1,1,1,148,6,120,20.0,7.4,41,2,55,4,52,0,1,,0,139,9
598002,2013-04-06,Chennai Super Kings,Mumbai Indians,"MA Chidambaram Stadium, Chepauk",Mumbai Indians,bat,0,2,0,139,9,120,20.0,6.95,36,2,57,3,46,4,0,149.0,0,148,6
598003,2013-04-07,Pune Warriors,Kings XI Punjab,Subrata Roy Sahara Stadium,Pune Warriors,bat,1,1,1,99,9,120,20.0,4.95,24,2,40,4,35,3,0,,0,100,2
598003,2013-04-07,Kings XI Punjab,Pune Warriors,Subrata Roy Sahara Stadium,Pune Warriors,bat,0,2,0,100,2,74,12.33,8.11,56,1,44,1,0,0,1,100.0,1,99,9
598004,2013-04-07,Royal Challengers Bangalore,Sunrisers Hyderabad,"Rajiv Gandhi International Stadium, Uppal",Royal Challengers Bangalore,bat,1,1,1,130,8,120,20.0,6.5,40,2,54,2,36,4,0,,0,130,7
598004,2013-04-07,Sunrisers Hyderabad,Royal Challengers Bangalore,"Rajiv Gandhi International Stadium, Uppal",Royal Challengers Bangalore,bat,0,2,0,130,7,120,20.0,6.5,37,2,54,2,39,3,0,131.0,0,130,8
598005,2013-04-08,Rajasthan Royals,Kolkata Knight Riders,Sawai Mansingh Stadium,Kolkata Knight Riders,field,0,1,1,144,6,120,20.0,7.2,35,1,65,2,44,3,1,,0,125,10
598005,2013-04-08,Kolkata Knight Riders,Rajasthan Royals,Sawai Mansingh Stadium,Kolkata Knight Riders,field,1,2,0,125,10,114,19.0,6.58,40,2,59,5,26,3,0,145.0,0,144,6
598006,2013-04-09,Mumbai Indians,Delhi Daredevils,Wankhede Stadium,Mumbai Indians,bat,1,1,1,209,5,120,20.0,10.45,38,2,100,1,71,2,1,,0,165,9
598006,2013-04-09,Delhi Daredevils,Mumbai Indians,Wankhede Stadium,Mumbai Indians,bat,0,2,0,165,9,120,20.0,8.25,46,2,80,3,39,4,0,210.0,0,209,5
598048,2013-04-09,Sunrisers Hyderabad,Royal Challengers Bangalore,M Chinnaswamy Stadium,Sunrisers Hyderabad,bat,1,1,1,161,6,120,20.0,8.05,40,1,58,2,63,3,0,,0,162,3
598048,2013-04-09,Royal Challengers Bangalore,Sunrisers Hyderabad,M Chinnaswamy Stadium,Sunrisers Hyderabad,bat,0,2,0,162,3,106,17.67,9.17,47,1,70,2,45,0,1,162.0,1,161,6
598007,2013-04-10,Kings XI Punjab,Chennai Super Kings,"Punjab Cricket Association Stadium, Mohali",Chennai Super Kings,field,0,1,1,138,10,119,19.83,6.96,43,2,73,2,22,6,0,,0,139,0
598007,2013-04-10,Chennai Super Kings,Kings XI Punjab,"Punjab Cricket Association Stadium, Mohali",Chennai Super Kings,field,1,2,0,139,0,104,17.33,8.02,38,0,65,0,36,0,1,139.0,1,138,10
598008,2013-04-11,Kolkata Knight Riders,Royal Challengers Bangalore,M Chinnaswamy Stadium,Royal Challengers Bangalore,field,0,1,1,154,8,120,20.0,7.7,44,1,69,2,41,5,0,,0,158,2
598008,2013-04-11,Royal Challengers Bangalore,Kolkata Knight Riders,M Chinnaswamy Stadium,Royal Challengers Bangalore,field,1,2,0,158,2,105,17.5,9.03,43,1,74,1,41,0,1,155.0,1,154,8
598009,2013-04-11,Rajasthan Royals,Pune Warriors,Subrata Roy Sahara Stadium,Rajasthan Royals,bat,1,1,1,145,5,120,20.0,7.25,44,1,58,3,43,1,0,,0,148,3
598009,2013-04-11,Pune Warriors,Rajasthan Royals,Subrata Roy Sahara Stadium,Rajasthan Royals,bat,0,2,0,148,3,112,18.67,7.93,64,1,53,1,31,1,1,146.0,1,145,5
598010,2013-04-12,Delhi Daredevils,Sunrisers Hyderabad,Feroz Shah Kotla,Delhi Daredevils,bat,1,1,1,114,8,120,20.0,5.7,29,3,43,2,42,3,0,,0,115,7
598010,2013-04-12,Sunrisers Hyderabad,Delhi Daredevils,Feroz Shah Kotla,Delhi Daredevils,bat,0,2,0,115,7,116,19.33,5.95,38,1,38,4,39,2,1,115.0,1,114,8
598011,2013-04-13,Mumbai Indians,Pune Warriors,Wankhede Stadium,Mumbai Indians,bat,1,1,1,183,3,120,20.0,9.15,48,0,67,2,68,1,1,,0,142,8
598011,2013-04-13,Pune Warriors,Mumbai Indians,Wankhede Stadium,Mumbai Indians,bat,0,2,0,142,8,120,20.0,7.1,40,4,78,2,24,2,0,184.0,0,183,3
598012,2013-04-13,Royal Challengers Bangalore,Chennai Super Kings,"MA Chidambaram Stadium, Chepauk",Chennai Super Kings,field,0,1,1,165,6,120,20.0,8.25,33,1,82,1,50,4,0,,0,166,6
598012,2013-04-13,Chennai Super Kings,Royal Challengers Bangalore,"MA Chidambaram Stadium, Chepauk",Chennai Super Kings,field,1,2,0,166,6,119,19.83,8.37,31,2,70,2,65,2,1,166.0,1,165,6
598013,2013-04-14,Kolkata Knight Riders,Sunrisers Hyderabad,Eden Gardens,Kolkata Knight Riders,bat,1,1,1,180,4,120,20.0,9.0,48,0,61,2,71,2,1,,0,132,7
598013,2013-04-14,Sunrisers Hyderabad,Kolkata Knight Riders,Eden Gardens,Kolkata Knight Riders,bat,0,2,0,132,7,120,20.0,6.6,39,0,65,3,28,4,0,181.0,0,180,4
598014,2013-04-14,Kings XI Punjab,Rajasthan Royals,Sawai Mansingh Stadium,Rajasthan Royals,field,0,1,1,124,10,113,18.83,6.59,34,3,54,3,36,4,0,,0,126,4
598014,2013-04-14,Rajasthan Royals,Kings XI Punjab,Sawai Mansingh Stadium,Rajasthan Royals,field,1,2,0,126,4,116,19.33,6.52,48,1,46,3,32,0,1,125.0,1,124,10
598015,2013-04-15,Pune Warriors,Chennai Super Kings,"MA Chidambaram Stadium, Chepauk",Pune Warriors,bat,1,1,1,159,5,120,20.0,7.95,48,0,58,2,53,3,1,,0,135,8
598015,2013-04-15,Chennai Super Kings,Pune Warriors,"MA Chidambaram Stadium, Chepauk",Pune Warriors,bat,0,2,0,135,8,120,20.0,6.75,38,2,61,3,36,3,0,160.0,0,159,5
598016,2013-04-16,Kings XI Punjab,Kolkata Knight Riders,"Punjab Cricket Association Stadium, Mohali",Kolkata Knight Riders,field,0,1,1,157,9,120,20.0,7.85,35,1,64,5,58,3,1,,0,153,9
598016,2013-04-16,Kolkata Knight Riders,Kings XI Punjab,"Punjab Cricket Association Stadium, Mohali",Kolkata Knight Riders,field,1,2,0,153,9,120,20.0,7.65,45,2,71,2,37,5,0,158.0,0,157,9
598017,2013-04-16,Delhi Daredevils,Royal Challengers Bangalore,M Chinnaswamy Stadium,Royal Challengers Bangalore,field,0,1,1,152,5,120,20.0,7.6,43,1,51,3,58,1,0,,0,152,7
598017,2013-04-16,Royal Challengers Bangalore,Delhi Daredevils,M Chinnaswamy Stadium,Royal Challengers Bangalore,field,1,2,0,152,7,120,20.0,7.6,48,2,78,0,26,5,0,153.0,0,152,5
598018,2013-04-17,Sunrisers Hyderabad,Pune Warriors,Maharashtra Cricket Association Stadium,Pune Warriors,field,0,1,1,119,8,120,20.0,5.95,25,4,50,3,44,1,1,,0,108,10
598018,2013-04-17,Pune Warriors,Sunrisers Hyderabad,Maharashtra Cricket Association Stadium,Pune Warriors,field,1,2,0,108,10,114,19.0,5.68,41,2,46,2,21,6,0,120.0,0,119,8
598019,2013-04-17,Rajasthan Royals,Mumbai Indians,Sawai Mansingh Stadium,Rajasthan Royals,bat,1,1,1,179,3,120,20.0,8.95,58,0,67,2,54,1,1,,0,92,10
598019,2013-04-17,Mumbai Indians,Rajasthan Royals,Sawai Mansingh Stadium,Rajasthan Royals,bat,0,2,0,92,10,110,18.33,5.02,26,2,45,5,21,3,0,180.0,0,179,3
598020,2013-04-18,Chennai Super Kings,Delhi Daredevils,Feroz Shah Kotla,Chennai Super Kings,bat,1,1,1,169,4,120,20.0,8.45,39,1,77,1,53,2,1,,0,83,10
598020,2013-04-18,Delhi Daredevils,Chennai Super Kings,Feroz Shah Kotla,Chennai Super Kings,bat,0,2,0,83,10,105,17.5,4.74,32,4,48,3,3,3,0,170.0,0,169,4
598021,2013-04-19,Kings XI Punjab,Sunrisers Hyderabad,"Rajiv Gandhi International Stadium, Uppal",Kings XI Punjab,bat,1,1,1,123,9,120,20.0,6.15,36,1,56,3,31,5,0,,0,127,5
598021,2013-04-19,Sunrisers Hyderabad,Kings XI Punjab,"Rajiv Gandhi International Stadium, Uppal",Kings XI Punjab,bat,0,2,0,127,5,113,18.83,6.74,33,1,54,2,40,2,1,124.0,1,123,9
598022,2013-04-20,Kolkata Knight Riders,Chennai Super Kings,Eden Gardens,Kolkata Knight Riders,bat,1,1,1,119,9,120,20.0,5.95,47,1,42,5,30,3,0,,0,124,6
598022,2013-04-20,Chennai Super Kings,Kolkata Knight Riders,Eden Gardens,Kolkata Knight Riders,bat,0,2,0,124,6,115,19.17,6.47,27,1,43,3,54,2,1,120.0,1,119,9
598023,2013-04-20,Rajasthan Royals,Royal Challengers Bangalore,M Chinnaswamy Stadium,Royal Challengers Bangalore,field,0,1,1,117,10,118,19.67,5.95,31,2,70,2,16,6,0,,0,123,3
598023,2013-04-20,Royal Challengers Bangalore,Rajasthan Royals,M Chinnaswamy Stadium,Royal Challengers Bangalore,field,1,2,0,123,3,107,17.83,6.9,48,0,50,3,25,0,1,118.0,1,117,10
598024,2013-04-21,Mumbai Indians,Delhi Daredevils,Feroz Shah Kotla,Mumbai Indians,bat,1,1,1,161,4,120,20.0,8.05,24,2,83,0,54,2,0,,0,165,1
598024,2013-04-21,Delhi Daredevils,Mumbai Indians,Feroz Shah Kotla,Mumbai Indians,bat,0,2,0,165,1,102,17.0,9.71,60,0,84,0,21,1,1,162.0,1,161,4
598025,2013-04-21,Pune Warriors,Kings XI Punjab,"Punjab Cricket Association Stadium, Mohali",Kings XI Punjab,field,0,1,1,185,4,120,20.0,9.25,48,0,76,1,61,3,0,,0,186,3
598025,2013-04-21,Kings XI Punjab,Pune Warriors,"Punjab Cricket Association Stadium, Mohali",Kings XI Punjab,field,1,2,0,186,3,119,19.83,9.38,55,2,74,1,57,0,1,186.0,1,185,4
598026,2013-04-22,Rajasthan Royals,Chennai Super Kings,"MA Chidambaram Stadium, Chepauk",Rajasthan Royals,bat,1,1,1,185,4,120,20.0,9.25,55,0,76,3,54,1,0,,0,186,5
598026,2013-04-22,Chennai Super Kings,Rajasthan Royals,"MA Chidambaram Stadium, Chepauk",Rajasthan Royals,bat,0,2,0,186,5,119,19.83,9.38,58,1,82,1,46,3,1,186.0,1,185,4
598027,2013-04-23,Royal Challengers Bangalore,Pune Warriors,M Chinnaswamy Stadium,Pune Warriors,field,0,1,1,263,5,120,20.0,13.15,62,0,134,1,67,4,1,,0,133,9
598027,2013-04-23,Pune Warriors,Royal Challengers Bangalore,M Chinnaswamy Stadium,Pune Warriors,field,1,2,0,133,9,120,20.0,6.65,43,4,68,1,22,4,0,264.0,0,263,5
598059,2013-04-23,Delhi Daredevils,Kings XI Punjab,Feroz Shah Kotla,Kings XI Punjab,field,0,1,1,120,7,120,20.0,6.0,40,2,50,4,30,1,0,,0,121,5
598059,2013-04-23,Kings XI Punjab,Delhi Daredevils,Feroz Shah Kotla,Kings XI Punjab,field,1,2,0,121,5,102,17.0,7.12,56,3,45,1,20,1,1,121.0,1,120,7
598029,2013-04-24,Kolkata Knight Riders,Mumbai Indians,Eden Gardens,Kolkata Knight Riders,bat,1,1,1,159,6,120,20.0,7.95,61,1,51,2,47,3,0,,0,162,5
598029,2013-04-24,Mumbai Indians,Kolkata Knight Riders,Eden Gardens,Kolkata Knight Riders,bat,0,2,0,162,5,119,19.83,8.17,42,1,74,2,46,2,1,160.0,1,159,6
598030,2013-04-25,Sunrisers Hyderabad,Chennai Super Kings,"MA Chidambaram Stadium, Chepauk",Sunrisers Hyderabad,bat,1,1,1,159,6,120,20.0,7.95,40,3,56,1,63,2,0,,0,160,5
598030,2013-04-25,Chennai Super Kings,Sunrisers Hyderabad,"MA Chidambaram Stadium, Chepauk",Sunrisers Hyderabad,bat,0,2,0,160,5,118,19.67,8.13,58,0,56,3,46,2,1,160.0,1,159,6
598031,2013-04-26,Kings XI Punjab,Kolkata Knight Riders,Eden Gardens,Kings XI Punjab,bat,1,1,1,149,6,120,20.0,7.45,45,0,66,4,38,2,0,,0,150,4
598031,2013-04-26,Kolkata Knight Riders,Kings XI Punjab,Eden Gardens,Kings XI Punjab,bat,0,2,0,150,4,110,18.33,8.18,45,2,73,1,32,1,1,150.0,1,149,6
598032,2013-04-27,Sunrisers Hyderabad,Rajasthan Royals,Sawai Mansingh Stadium,Sunrisers Hyderabad,bat,1,1,1,144,9,120,20.0,7.2,29,5,63,2,52,2,0,,0,146,2
598032,2013-04-27,Rajasthan Royals,Sunrisers Hyderabad,Sawai Mansingh Stadium,Sunrisers Hyderabad,bat,0,2,0,146,2,107,17.83,8.19,30,1,79,1,37,0,1,145.0,1,144,9
598033,2013-04-27,Mumbai Indians,Royal Challengers Bangalore,Wankhede Stadium,Mumbai Indians,bat,1,1,1,194,7,120,20.0,9.7,52,1,91,2,51,4,1,,0,136,7
598033,2013-04-27,Royal Challengers Bangalore,Mumbai Indians,Wankhede Stadium,Mumbai Indians,bat,0,2,0,136,7,120,20.0,6.8,35,1,59,6,42,0,0,195.0,0,194,7
598034,2013-04-28,Chennai Super Kings,Kolkata Knight Riders,"MA Chidambaram Stadium, Chepauk",Kolkata Knight Riders,field,0,1,1,200,3,120,20.0,10.0,67,0,84,1,49,2,1,,0,186,4
598034,2013-04-28,Kolkata Knight Riders,Chennai Super Kings,"MA Chidambaram Stadium, Chepauk",Kolkata Knight Riders,field,1,2,0,186,4,120,20.0,9.3,63,2,63,1,60,1,0,201.0,0,200,3
598035,2013-04-28,Delhi Daredevils,Pune Warriors,Shaheed Veer Narayan Singh International Stadium,Pune Warriors,field,0,1,1,164,5,120,20.0,8.2,37,1,64,3,63,1,1,,0,149,4
598035,2013-04-28,Pune Warriors,Delhi Daredevils,Shaheed Veer Narayan Singh International Stadium,Pune Warriors,field,1,2,0,149,4,120,20.0,7.45,43,0,67,2,39,2,0,165.0,0,164,5
598036,2013-04-29,Royal Challengers Bangalore,Rajasthan Royals,Sawai Mansingh Stadium,Rajasthan Royals,field,0,1,1,171,6,120,20.0,8.55,55,1,61,2,55,3,0,,0,173,6
598036,2013-04-29,Rajasthan Royals,Royal Challengers Bangalore,Sawai Mansingh Stadium,Rajasthan Royals,field,1,2,0,173,6,119,19.83,8.72,45,1,75,2,53,3,1,172.0,1,171,6
598037,2013-04-29,Mumbai Indians,Kings XI Punjab,Wankhede Stadium,Mumbai Indians,bat,1,1,1,174,3,120,20.0,8.7,36,1,66,2,72,0,1,,0,170,10
598037,2013-04-29,Kings XI Punjab,Mumbai Indians,Wankhede Stadium,Mumbai Indians,bat,0,2,0,170,10,120,20.0,8.5,55,2,63,5,52,3,0,175.0,0,174,3
598038,2013-04-30,Chennai Super Kings,Pune Warriors,Subrata Roy Sahara Stadium,Chennai Super Kings,bat,1,1,1,164,3,120,20.0,8.2,29,2,73,0,62,1,1,,0,127,9
598038,2013-04-30,Pune Warriors,Chennai Super Kings,Subrata Roy Sahara Stadium,Chennai Super Kings,bat,0,2,0,127,9,120,20.0,6.35,46,4,47,3,34,2,0,165.0,0,164,3
598039,2013-05-01,Mumbai Indians,Sunrisers Hyderabad,"Rajiv Gandhi International Stadium, Uppal",Mumbai Indians,bat,1,1,1,129,4,120,20.0,6.45,41,2,48,2,40,0,0,,0,130,3
598039,2013-05-01,Sunrisers Hyderabad,Mumbai Indians,"Rajiv Gandhi International Stadium, Uppal",Mumbai Indians,bat,0,2,0,130,3,108,18.0,7.22,36,1,70,1,24,1,1,130.0,1,129,4
598040,2013-05-01,Kolkata Knight Riders,Delhi Daredevils,Shaheed Veer Narayan Singh International Stadium,Kolkata Knight Riders,bat,1,1,1,136,7,120,20.0,6.8,37,3,46,2,53,2,0,,0,137,3
598040,2013-05-01,Delhi Daredevils,Kolkata Knight Riders,Shaheed Veer Narayan Singh International Stadium,Kolkata Knight Riders,bat,0,2,0,137,3,107,17.83,7.68,34,2,66,0,37,1,1,137.0,1,136,7
598041,2013-05-02,Chennai Super Kings,Kings XI Punjab,"MA Chidambaram Stadium, Chepauk",Chennai Super Kings,bat,1,1,1,186,4,120,20.0,9.3,36,1,80,2,70,1,1,,0,171,6
598041,2013-05-02,Kings XI Punjab,Chennai Super Kings,"MA Chidambaram Stadium, Chepauk",Chennai Super Kings,bat,0,2,0,171,6,120,20.0,8.55,36,2,86,1,49,3,0,187.0,0,186,4
598042,2013-05-02,Royal Challengers Bangalore,Pune Warriors,Subrata Roy Sahara Stadium,Royal Challengers Bangalore,bat,1,1,1,187,3,120,20.0,9.35,30,0,89,2,68,1,1,,0,170,9
598042,2013-05-02,Pune Warriors,Royal Challengers Bangalore,Subrata Roy Sahara Stadium,Royal Challengers Bangalore,bat,0,2,0,170,9,120,20.0,8.5,39,1,83,3,48,5,0,188.0,0,187,3
598043,2013-05-03,Rajasthan Royals,Kolkata Knight Riders,Eden Gardens,Rajasthan Royals,bat,1,1,1,132,6,120,20.0,6.6,34,2,68,2,30,2,0,,0,133,2
598043,2013-05-03,Kolkata Knight Riders,Rajasthan Royals,Eden Gardens,Rajasthan Royals,bat,0,2,0,133,2,104,17.33,7.67,48,1,66,1,19,0,1,133.0,1,132,6
598044,2013-05-04,Delhi Daredevils,Sunrisers Hyderabad,"Rajiv Gandhi International Stadium, Uppal",Delhi Daredevils,bat,1,1,1,80,10,115,19.17,4.17,26,1,44,5,10,4,0,,0,81,4
598044,2013-05-04,Sunrisers Hyderabad,Delhi Daredevils,"Rajiv Gandhi International Stadium, Uppal",Delhi Daredevils,bat,0,2,0,81,4,83,13.83,5.86,41,2,40,2,0,0,1,81.0,1,80,10
598046,2013-05-05,Mumbai Indians,Chennai Super Kings,Wankhede Stadium,Mumbai Indians,bat,1,1,1,139,5,120,20.0,6.95,32,0,50,4,57,1,1,,0,79,10
598046,2013-05-05,Chennai Super Kings,Mumbai Indians,Wankhede Stadium,Mumbai Indians,bat,0,2,0,79,10,92,15.33,5.15,32,4,46,5,1,1,0,140.0,0,139,5
598047,2013-05-05,Pune Warriors,Rajasthan Royals,Sawai Mansingh Stadium,Pune Warriors,bat,1,1,1,178,4,120,20.0,8.9,61,0,64,2,53,2,0,,0,182,5
598047,2013-05-05,Rajasthan Royals,Pune Warriors,Sawai Mansingh Stadium,Pune Warriors,bat,0,2,0,182,5,119,19.83,9.18,53,0,75,2,54,3,1,179.0,1,178,4
598064,2013-05-06,Royal Challengers Bangalore,Kings XI Punjab,"Punjab Cricket Association Stadium, Mohali",Kings XI Punjab,field,0,1,1,190,3,120,20.0,9.5,58,0,75,1,57,2,0,,0,194,4
598064,2013-05-06,Kings XI Punjab,Royal Challengers Bangalore,"Punjab Cricket Association Stadium, Mohali",Kings XI Punjab,field,1,2,0,194,4,108,18.0,10.78,41,2,97,2,56,0,1,191.0,1,190,3
598049,2013-05-07,Delhi Daredevils,Rajasthan Royals,Sawai Mansingh Stadium,Delhi Daredevils,bat,1,1,1,154,4,120,20.0,7.7,42,2,59,2,53,0,0,,0,155,1
598049,2013-05-07,Rajasthan Royals,Delhi Daredevils,Sawai Mansingh Stadium,Delhi Daredevils,bat,0,2,0,155,1,107,17.83,8.69,49,0,77,1,29,0,1,155.0,1,154,4
598050,2013-05-07,Mumbai Indians,Kolkata Knight Riders,Wankhede Stadium,Mumbai Indians,bat,1,1,1,170,6,120,20.0,8.5,41,0,65,2,64,4,1,,0,105,10
598050,2013-05-07,Kolkata Knight Riders,Mumbai Indians,Wankhede Stadium,Mumbai Indians,bat,0,2,0,105,10,110,18.33,5.73,38,1,54,6,13,3,0,171.0,0,170,6
598051,2013-05-08,Chennai Super Kings,Sunrisers Hyderabad,"Rajiv Gandhi International Stadium, Uppal",Sunrisers Hyderabad,field,0,1,1,223,3,120,20.0,11.15,50,1,86,0,87,2,1,,0,146,8
598051,2013-05-08,Sunrisers Hyderabad,Chennai Super Kings,"Rajiv Gandhi International Stadium, Uppal",Sunrisers Hyderabad,field,1,2,0,146,8,120,20.0,7.3,49,2,60,4,37,2,0,224.0,0,223,3
598052,2013-05-09,Kings XI Punjab,Rajasthan Royals,"Punjab Cricket Association Stadium, Mohali",Rajasthan Royals,field,0,1,1,145,6,120,20.0,7.25,37,1,70,2,38,3,0,,0,147,2
598052,2013-05-09,Rajasthan Royals,Kings XI Punjab,"Punjab Cricket Association Stadium, Mohali",Rajasthan Royals,field,1,2,0,147,2,114,19.0,7.74,38,1,67,1,42,0,1,146.0,1,145,6
598053,2013-05-09,Kolkata Knight Riders,Pune Warriors,Subrata Roy Sahara Stadium,Kolkata Knight Riders,bat,1,1,1,152,6,120,20.0,7.6,50,1,46,3,56,2,1,,0,106,10
598053,2013-05-09,Pune Warriors,Kolkata Knight Riders,Subrata Roy Sahara Stadium,Kolkata Knight Riders,bat,0,2,0,106,10,117,19.5,5.44,34,2,46,3,26,5,0,153.0,0,152,6
598054,2013-05-10,Royal Challengers Bangalore,Delhi Daredevils,Feroz Shah Kotla,Delhi Daredevils,field,0,1,1,183,4,120,20.0,9.15,40,2,59,1,84,1,1,,0,179,7
598054,2013-05-10,Delhi Daredevils,Royal Challengers Bangalore,Feroz Shah Kotla,Delhi Daredevils,field,1,2,0,179,7,120,20.0,8.95,49,2,74,2,56,3,0,184.0,0,183,4
598055,2013-05-11,Pune Warriors,Mumbai Indians,Subrata Roy Sahara Stadium,Pune Warriors,bat,1,1,1,112,8,120,20.0,5.6,36,2,52,3,24,3,0,,0,116,5
598055,2013-05-11,Mumbai Indians,Pune Warriors,Subrata Roy Sahara Stadium,Pune Warriors,bat,0,2,0,116,5,113,18.83,6.16,37,2,46,1,33,2,1,113.0,1,112,8
598056,2013-05-11,Sunrisers Hyderabad,Kings XI Punjab,"Punjab Cricket Association Stadium, Mohali",Kings XI Punjab,field,0,1,1,150,7,120,20.0,7.5,37,2,61,4,52,1,1,,0,120,9
598056,2013-05-11,Kings XI Punjab,Sunrisers Hyderabad,"Punjab Cricket Association Stadium, Mohali",Kings XI Punjab,field,1,2,0,120,9,120,20.0,6.0,41,1,52,3,27,5,0,151.0,0,150,7
598057,2013-05-12,Royal Challengers Bangalore,Kolkata Knight Riders,JSCA International Stadium Complex,Kolkata Knight Riders,field,0,1,1,115,9,120,20.0,5.75,22,1,62,2,31,6,0,,0,116,5
598057,2013-05-12,Kolkata Knight Riders,Royal Challengers Bangalore,JSCA International Stadium Complex,Kolkata Knight Riders,field,1,2,0,116,5,116,19.33,6.0,31,2,54,1,31,2,1,116.0,1,115,9
598058,2013-05-12,Chennai Super Kings,Rajasthan Royals,Sawai Mansingh Stadium,Rajasthan Royals,field,0,1,1,141,4,120,20.0,7.05,37,0,63,3,41,1,0,,0,144,5
598058,2013-05-12,Rajasthan Royals,Chennai Super Kings,Sawai Mansingh Stadium,Rajasthan Royals,field,1,2,0,144,5,103,17.17,8.39,24,3,106,1,14,1,1,142.0,1,141,4
598060,2013-05-13,Sunrisers Hyderabad,Mumbai Indians,Wankhede Stadium,Sunrisers Hyderabad,bat,1,1,1,178,3,120,20.0,8.9,52,1,79,1,47,1,0,,0,184,4
598060,2013-05-13,Mumbai Indians,Sunrisers Hyderabad,Wankhede Stadium,Sunrisers Hyderabad,bat,0,2,0,184,4,117,19.5,9.44,39,1,74,3,71,0,1,179.0,1,178,3
598045,2013-05-14,Royal Challengers Bangalore,Kings XI Punjab,M Chinnaswamy Stadium,Kings XI Punjab,field,0,1,1,174,5,120,20.0,8.7,31,1,80,0,63,4,0,,0,176,3
598045,2013-05-14,Kings XI Punjab,Royal Challengers Bangalore,M Chinnaswamy Stadium,Kings XI Punjab,field,1,2,0,176,3,109,18.17,9.69,46,1,94,0,36,2,1,175.0,1,174,5
598062,2013-05-14,Chennai Super Kings,Delhi Daredevils,"MA Chidambaram Stadium, Chepauk",Chennai Super Kings,bat,1,1,1,168,4,120,20.0,8.4,47,0,62,3,59,1,1,,0,135,9
598062,2013-05-14,Delhi Daredevils,Chennai Super Kings,"MA Chidambaram Stadium, Chepauk",Chennai Super Kings,bat,0,2,0,135,9,120,20.0,6.75,49,2,54,4,32,3,0,169.0,0,168,4
598061,2013-05-15,Pune Warriors,Kolkata Knight Riders,JSCA International Stadium Complex,Kolkata Knight Riders,field,0,1,1,170,4,120,20.0,8.5,42,1,70,1,58,2,1,,0,163,7
598061,2013-05-15,Kolkata Knight Riders,Pune Warriors,JSCA International Stadium Complex,Kolkata Knight Riders,field,1,2,0,163,7,120,20.0,8.15,33,3,89,0,41,4,0,171.0,0,170,4
598063,2013-05-15,Mumbai Indians,Rajasthan Royals,Wankhede Stadium,Rajasthan Royals,field,0,1,1,166,8,120,20.0,8.3,49,1,83,2,34,5,1,,0,152,7
598063,2013-05-15,Rajasthan Royals,Mumbai Indians,Wankhede Stadium,Rajasthan Royals,field,1,2,0,152,7,120,20.0,7.6,29,4,77,2,46,1,0,167.0,0,166,8
598028,2013-05-16,Kings XI Punjab,Delhi Daredevils,Himachal Pradesh Cricket Association Stadium,Delhi Daredevils,field,0,1,1,171,4,120,20.0,8.55,53,0,50,2,68,2,1,,0,164,7
598028,2013-05-16,Delhi Daredevils,Kings XI Punjab,Himachal Pradesh Cricket Association Stadium,Delhi Daredevils,field,1,2,0,164,7,120,20.0,8.2,21,3,79,1,64,3,0,172.0,0,171,4
598065,2013-05-17,Sunrisers Hyderabad,Rajasthan Royals,"Rajiv Gandhi International Stadium, Uppal",Sunrisers Hyderabad,bat,1,1,1,136,9,120,20.0,6.8,21,3,69,1,46,5,1,,0,113,9
598065,2013-05-17,Rajasthan Royals,Sunrisers Hyderabad,"Rajiv Gandhi International Stadium, Uppal",Sunrisers Hyderabad,bat,0,2,0,113,9,120,20.0,5.65,33,0,40,5,40,4,0,137.0,0,136,9
598066,2013-05-18,Kings XI Punjab,Mumbai Indians,Himachal Pradesh Cricket Association Stadium,Mumbai Indians,field,0,1,1,183,8,120,20.0,9.15,35,2,96,0,52,6,1,,0,133,9
598066,2013-05-18,Mumbai Indians,Kings XI Punjab,Himachal Pradesh Cricket Association Stadium,Mumbai Indians,field,1,2,0,133,9,115,19.17,6.94,51,2,56,3,26,4,0,184.0,0,183,8
598068,2013-05-18,Royal Challengers Bangalore,Chennai Super Kings,M Chinnaswamy Stadium,Chennai Super Kings,field,0,1,1,106,2,48,8.0,13.25,76,1,30,1,0,0,1,,0,82,6
598068,2013-05-18,Chennai Super Kings,Royal Challengers Bangalore,M Chinnaswamy Stadium,Chennai Super Kings,field,1,2,0,82,6,48,8.0,10.25,56,3,26,3,0,0,0,107.0,0,106,2
598067,2013-05-19,Pune Warriors,Delhi Daredevils,Subrata Roy Sahara Stadium,Pune Warriors,bat,1,1,1,172,5,120,20.0,8.6,40,1,67,3,65,1,1,,0,134,9
598067,2013-05-19,Delhi Daredevils,Pune Warriors,Subrata Roy Sahara Stadium,Pune Warriors,bat,0,2,0,134,9,120,20.0,6.7,47,2,57,3,30,4,0,173.0,0,172,5
598069,2013-05-19,Kolkata Knight Riders,Sunrisers Hyderabad,"Rajiv Gandhi International Stadium, Uppal",Kolkata Knight Riders,bat,1,1,1,130,7,120,20.0,6.5,33,1,56,2,41,4,0,,0,132,5
598069,2013-05-19,Sunrisers Hyderabad,Kolkata Knight Riders,"Rajiv Gandhi International Stadium, Uppal",Kolkata Knight Riders,bat,0,2,0,132,5,113,18.83,7.01,45,0,61,3,26,2,1,131.0,1,130,7
598070,2013-05-21,Chennai Super Kings,Mumbai Indians,Feroz Shah Kotla,Chennai Super Kings,bat,1,1,1,192,1,120,20.0,9.6,47,0,78,1,67,0,1,,0,144,10
598070,2013-05-21,Mumbai Indians,Chennai Super Kings,Feroz Shah Kotla,Chennai Super Kings,bat,0,2,0,144,10,112,18.67,7.71,56,1,71,4,17,5,0,193.0,0,192,1
598071,2013-05-22,Sunrisers Hyderabad,Rajasthan Royals,Feroz Shah Kotla,Sunrisers Hyderabad,bat,1,1,1,132,7,120,20.0,6.6,27,2,50,1,55,4,0,,0,135,6
598071,2013-05-22,Rajasthan Royals,Sunrisers Hyderabad,Feroz Shah Kotla,Sunrisers Hyderabad,bat,0,2,0,135,6,116,19.33,6.98,44,1,55,4,36,1,1,133.0,1,132,7
598072,2013-05-24,Rajasthan Royals,Mumbai Indians,Eden Gardens,Rajasthan Royals,bat,1,1,1,165,6,120,20.0,8.25,42,0,62,4,61,2,0,,0,169,6
598072,2013-05-24,Mumbai Indians,Rajasthan Royals,Eden Gardens,Rajasthan Royals,bat,0,2,0,169,6,119,19.83,8.52,45,0,81,2,43,4,1,166.0,1,165,6
598073,2013-05-26,Mumbai Indians,Chennai Super Kings,Eden Gardens,Mumbai Indians,bat,1,1,1,148,9,120,20.0,7.4,34,3,66,1,48,5,1,,0,125,9
598073,2013-05-26,Chennai Super Kings,Mumbai Indians,Eden Gardens,Mumbai Indians,bat,0,2,0,125,9,120,20.0,6.25,35,4,48,4,42,1,0,149.0,0,148,9
729279,2014-04-16,Kolkata Knight Riders,Mumbai Indians,Sheikh Zayed Stadium,Kolkata Knight Riders,bat,1,1,1,163,5,120,20.0,8.15,31,1,79,0,53,4,1,,0,122,7
729279,2014-04-16,Mumbai Indians,Kolkata Knight Riders,Sheikh Zayed Stadium,Kolkata Knight Riders,bat,0,2,0,122,7,120,20.0,6.1,32,1,63,1,27,5,0,164.0,0,163,5
729281,2014-04-17,Delhi Daredevils,Royal Challengers Bangalore,Sharjah Cricket Stadium,Royal Challengers Bangalore,field,0,1,1,145,4,120,20.0,7.25,30,3,52,1,63,0,0,,0,146,2
729281,2014-04-17,Royal Challengers Bangalore,Delhi Daredevils,Sharjah Cricket Stadium,Royal Challengers Bangalore,field,1,2,0,146,2,100,16.67,8.76,50,1,74,1,22,0,1,146.0,1,145,4
729283,2014-04-18,Chennai Super Kings,Kings XI Punjab,Sheikh Zayed Stadium,Chennai Super Kings,bat,1,1,1,205,4,120,20.0,10.25,70,0,75,1,60,3,0,,0,206,4
729283,2014-04-18,Kings XI Punjab,Chennai Super Kings,Sheikh Zayed Stadium,Chennai Super Kings,bat,0,2,0,206,4,113,18.83,10.94,64,3,92,0,50,1,1,206.0,1,205,4
729285,2014-04-18,Sunrisers Hyderabad,Rajasthan Royals,Sheikh Zayed Stadium,Rajasthan Royals,field,0,1,1,133,6,120,20.0,6.65,41,1,49,2,43,3,0,,0,135,6
729285,2014-04-18,Rajasthan Royals,Sunrisers Hyderabad,Sheikh Zayed Stadium,Rajasthan Royals,field,1,2,0,135,6,117,19.5,6.92,30,2,72,1,33,3,1,134.0,1,133,6
729287,2014-04-19,Mumbai Indians,Royal Challengers Bangalore,Dubai International Cricket Stadium,Royal Challengers Bangalore,field,0,1,1,115,9,120,20.0,5.75,49,1,43,3,23,5,0,,0,116,3
729287,2014-04-19,Royal Challengers Bangalore,Mumbai Indians,Dubai International Cricket Stadium,Royal Challengers Bangalore,field,1,2,0,116,3,105,17.5,6.63,30,3,62,0,24,0,1,116.0,1,115,9
729289,2014-04-19,Kolkata Knight Riders,Delhi Daredevils,Dubai International Cricket Stadium,Kolkata Knight Riders,bat,1,1,1,166,5,120,20.0,8.3,31,2,81,1,54,2,0,,0,167,6
729289,2014-04-19,Delhi Daredevils,Kolkata Knight Riders,Dubai International Cricket Stadium,Kolkata Knight Riders,bat,0,2,0,167,6,117,19.5,8.56,49,2,74,2,44,2,1,167.0,1,166,5
729291,2014-04-20,Rajasthan Royals,Kings XI Punjab,Sharjah Cricket Stadium,Kings XI Punjab,field,0,1,1,191,5,120,20.0,9.55,54,1,89,2,48,2,0,,0,193,3
729291,2014-04-20,Kings XI Punjab,Rajasthan Royals,Sharjah Cricket Stadium,Kings XI Punjab,field,1,2,0,193,3,112,18.67,10.34,39,2,93,1,61,0,1,192.0,1,191,5
729293,2014-04-21,Chennai Super Kings,Delhi Daredevils,Sheikh Zayed Stadium,Chennai Super Kings,bat,1,1,1,177,7,120,20.0,8.85,34,1,77,2,66,4,1,,0,84,9
729293,2014-04-21,Delhi Daredevils,Chennai Super Kings,Sheikh Zayed Stadium,Chennai Super Kings,bat,0,2,0,84,9,94,15.67,5.36,24,3,58,5,2,1,0,178.0,0,177,7
729295,2014-04-22,Kings XI Punjab,Sunrisers Hyderabad,Sharjah Cricket Stadium,Sunrisers Hyderabad,field,0,1,1,193,6,120,20.0,9.65,43,0,109,2,41,4,1,,0,121,10
729295,2014-04-22,Sunrisers Hyderabad,Kings XI Punjab,Sharjah Cricket Stadium,Sunrisers Hyderabad,field,1,2,0,121,10,116,19.33,6.26,45,3,54,4,22,3,0,194.0,0,193,6
729297,2014-04-23,Chennai Super Kings,Rajasthan Royals,Dubai International Cricket Stadium,Rajasthan Royals,field,0,1,1,140,6,120,20.0,7.0,51,1,50,5,39,0,1,,0,133,10
729297,2014-04-23,Rajasthan Royals,Chennai Super Kings,Dubai International Cricket Stadium,Rajasthan Royals,field,1,2,0,133,10,119,19.83,6.71,38,2,49,6,46,2,0,141.0,0,140,6
729299,2014-04-24,Kolkata Knight Riders,Royal Challengers Bangalore,Sharjah Cricket Stadium,Royal Challengers Bangalore,field,0,1,1,150,7,120,20.0,7.5,42,2,64,2,44,3,1,,0,148,5
729299,2014-04-24,Royal Challengers Bangalore,Kolkata Knight Riders,Sharjah Cricket Stadium,Royal Challengers Bangalore,field,1,2,0,148,5,120,20.0,7.4,49,0,67,2,32,3,0,151.0,0,150,7
729301,2014-04-25,Sunrisers Hyderabad,Delhi Daredevils,Dubai International Cricket Stadium,Sunrisers Hyderabad,bat,1,1,1,184,1,120,20.0,9.2,55,0,63,1,66,0,1,,0,180,4
729301,2014-04-25,Delhi Daredevils,Sunrisers Hyderabad,Dubai International Cricket Stadium,Sunrisers Hyderabad,bat,0,2,0,180,4,120,20.0,9.0,44,0,75,2,61,2,0,185.0,0,184,1
729303,2014-04-25,Mumbai Indians,Chennai Super Kings,Dubai International Cricket Stadium,Mumbai Indians,bat,1,1,1,141,7,120,20.0,7.05,31,2,77,0,33,5,0,,0,142,3
729303,2014-04-25,Chennai Super Kings,Mumbai Indians,Dubai International Cricket Stadium,Mumbai Indians,bat,0,2,0,142,3,114,19.0,7.47,51,0,56,2,35,1,1,142.0,1,141,7
729305,2014-04-26,Royal Challengers Bangalore,Rajasthan Royals,Sheikh Zayed Stadium,Rajasthan Royals,field,0,1,1,70,10,90,15.0,4.67,22,5,48,5,0,0,0,,0,71,4
729305,2014-04-26,Rajasthan Royals,Royal Challengers Bangalore,Sheikh Zayed Stadium,Rajasthan Royals,field,1,2,0,71,4,78,13.0,5.46,36,2,35,2,0,0,1,71.0,1,70,10
729307,2014-04-26,Kings XI Punjab,Kolkata Knight Riders,Sheikh Zayed Stadium,Kolkata Knight Riders,field,0,1,1,132,9,120,20.0,6.6,51,2,60,4,21,3,1,,0,109,10
729307,2014-04-26,Kolkata Knight Riders,Kings XI Punjab,Sheikh Zayed Stadium,Kolkata Knight Riders,field,1,2,0,109,10,110,18.33,5.95,24,3,51,4,34,3,0,133.0,0,132,9
729309,2014-04-27,Mumbai Indians,Delhi Daredevils,Sharjah Cricket Stadium,Mumbai Indians,bat,1,1,1,125,7,120,20.0,6.25,37,2,32,3,56,2,0,,0,126,4
729309,2014-04-27,Delhi Daredevils,Mumbai Indians,Sharjah Cricket Stadium,Mumbai Indians,bat,0,2,0,126,4,113,18.83,6.69,31,0,72,2,23,2,1,126.0,1,125,7
729311,2014-04-27,Sunrisers Hyderabad,Chennai Super Kings,Sharjah Cricket Stadium,Sunrisers Hyderabad,bat,1,1,1,145,5,120,20.0,7.25,37,2,61,2,47,1,0,,0,146,5
729311,2014-04-27,Chennai Super Kings,Sunrisers Hyderabad,Sharjah Cricket Stadium,Sunrisers Hyderabad,bat,0,2,0,146,5,117,19.5,7.49,47,0,77,2,22,3,1,146.0,1,145,5
729313,2014-04-28,Royal Challengers Bangalore,Kings XI Punjab,Dubai International Cricket Stadium,Kings XI Punjab,field,0,1,1,124,8,120,20.0,6.2,44,4,54,3,26,1,0,,0,127,5
729313,2014-04-28,Kings XI Punjab,Royal Challengers Bangalore,Dubai International Cricket Stadium,Kings XI Punjab,field,1,2,0,127,5,113,18.83,6.74,33,2,68,3,26,0,1,125.0,1,124,8
729315,2014-04-29,Rajasthan Royals,Kolkata Knight Riders,Sheikh Zayed Stadium,Rajasthan Royals,bat,1,1,1,152,5,120,20.0,7.6,45,1,61,1,46,3,0,,0,152,8
729315,2014-04-29,Kolkata Knight Riders,Rajasthan Royals,Sheikh Zayed Stadium,Rajasthan Royals,bat,0,2,0,152,8,120,20.0,7.6,33,1,68,3,51,4,0,153.0,0,152,5
729317,2014-04-30,Sunrisers Hyderabad,Mumbai Indians,Dubai International Cricket Stadium,Mumbai Indians,field,0,1,1,172,5,120,20.0,8.6,44,2,73,0,55,3,1,,0,157,7
729317,2014-04-30,Mumbai Indians,Sunrisers Hyderabad,Dubai International Cricket Stadium,Mumbai Indians,field,1,2,0,157,7,120,20.0,7.85,32,3,74,0,51,4,0,173.0,0,172,5
733971,2014-05-02,Chennai Super Kings,Kolkata Knight Riders,JSCA International Stadium Complex,Chennai Super Kings,bat,1,1,1,148,3,102,17.0,8.71,43,1,83,2,22,0,1,,0,114,9
733971,2014-05-02,Kolkata Knight Riders,Chennai Super Kings,JSCA International Stadium Complex,Chennai Super Kings,bat,0,2,0,114,9,102,17.0,6.71,39,4,52,3,23,2,0,149.0,0,148,3
733973,2014-05-03,Kings XI Punjab,Mumbai Indians,Wankhede Stadium,Kings XI Punjab,bat,1,1,1,168,5,120,20.0,8.4,36,2,90,1,42,2,0,,0,170,5
733973,2014-05-03,Mumbai Indians,Kings XI Punjab,Wankhede Stadium,Kings XI Punjab,bat,0,2,0,170,5,115,19.17,8.87,49,2,69,1,52,2,1,169.0,1,168,5
733975,2014-05-03,Delhi Daredevils,Rajasthan Royals,Feroz Shah Kotla,Rajasthan Royals,field,0,1,1,152,5,120,20.0,7.6,46,1,48,2,58,2,0,,0,156,3
733975,2014-05-03,Rajasthan Royals,Delhi Daredevils,Feroz Shah Kotla,Rajasthan Royals,field,1,2,0,156,3,111,18.5,8.43,38,1,77,2,41,0,1,153.0,1,152,5
733977,2014-05-04,Sunrisers Hyderabad,Royal Challengers Bangalore,M Chinnaswamy Stadium,Royal Challengers Bangalore,field,0,1,1,155,6,120,20.0,7.75,47,2,59,1,49,3,0,,0,158,6
733977,2014-05-04,Royal Challengers Bangalore,Sunrisers Hyderabad,M Chinnaswamy Stadium,Royal Challengers Bangalore,field,1,2,0,158,6,119,19.83,7.97,36,2,61,3,61,1,1,156.0,1,155,6
733979,2014-05-05,Rajasthan Royals,Kolkata Knight Riders,"Sardar Patel Stadium, Motera",Kolkata Knight Riders,field,0,1,1,170,6,120,20.0,8.5,50,0,66,2,54,4,1,,0,160,6
733979,2014-05-05,Kolkata Knight Riders,Rajasthan Royals,"Sardar Patel Stadium, Motera",Kolkata Knight Riders,field,1,2,0,160,6,120,20.0,8.0,50,0,72,3,38,3,0,171.0,0,170,6
733981,2014-05-05,Delhi Daredevils,Chennai Super Kings,Feroz Shah Kotla,Chennai Super Kings,field,0,1,1,178,5,120,20.0,8.9,46,2,76,3,56,0,0,,0,181,2
733981,2014-05-05,Chennai Super Kings,Delhi Daredevils,Feroz Shah Kotla,Chennai Super Kings,field,1,2,0,181,2,118,19.67,9.2,49,0,78,1,54,1,1,179.0,1,178,5
733983,2014-05-06,Mumbai Indians,Royal Challengers Bangalore,Wankhede Stadium,Royal Challengers Bangalore,field,0,1,1,187,5,120,20.0,9.35,50,1,69,3,68,1,1,,0,168,8
733983,2014-05-06,Royal Challengers Bangalore,Mumbai Indians,Wankhede Stadium,Royal Challengers Bangalore,field,1,2,0,168,8,120,20.0,8.4,64,1,61,3,43,4,0,188.0,0,187,5
733985,2014-05-07,Delhi Daredevils,Kolkata Knight Riders,Feroz Shah Kotla,Delhi Daredevils,bat,1,1,1,160,5,120,20.0,8.0,29,2,74,2,57,1,0,,0,161,2
733985,2014-05-07,Kolkata Knight Riders,Delhi Daredevils,Feroz Shah Kotla,Delhi Daredevils,bat,0,2,0,161,2,110,18.33,8.78,52,0,76,1,33,1,1,161.0,1,160,5
733987,2014-05-07,Kings XI Punjab,Chennai Super Kings,Barabati Stadium,Chennai Super Kings,field,0,1,1,231,4,120,20.0,11.55,38,2,115,0,78,2,1,,0,187,6
733987,2014-05-07,Chennai Super Kings,Kings XI Punjab,Barabati Stadium,Chennai Super Kings,field,1,2,0,187,6,120,20.0,9.35,46,1,73,3,68,2,0,232.0,0,231,4
733989,2014-05-08,Sunrisers Hyderabad,Rajasthan Royals,"Sardar Patel Stadium, Motera",Rajasthan Royals,field,0,1,1,134,9,120,20.0,6.7,50,1,52,4,32,4,1,,0,102,10
733989,2014-05-08,Rajasthan Royals,Sunrisers Hyderabad,"Sardar Patel Stadium, Motera",Rajasthan Royals,field,1,2,0,102,10,119,19.83,5.14,37,3,44,2,21,5,0,135.0,0,134,9
733991,2014-05-09,Kings XI Punjab,Royal Challengers Bangalore,M Chinnaswamy Stadium,Royal Challengers Bangalore,field,0,1,1,198,8,120,20.0,9.9,64,1,76,3,58,4,1,,0,166,9
733991,2014-05-09,Royal Challengers Bangalore,Kings XI Punjab,M Chinnaswamy Stadium,Royal Challengers Bangalore,field,1,2,0,166,9,120,20.0,8.3,34,3,75,3,57,3,0,199.0,0,198,8
733993,2014-05-10,Delhi Daredevils,Sunrisers Hyderabad,Feroz Shah Kotla,Sunrisers Hyderabad,field,0,1,1,143,7,120,20.0,7.15,52,1,69,2,22,4,0,,0,44,2
733993,2014-05-10,Sunrisers Hyderabad,Delhi Daredevils,Feroz Shah Kotla,Sunrisers Hyderabad,field,1,2,0,44,2,26,4.33,10.16,44,2,0,0,0,0,1,144.0,1,143,7
733995,2014-05-10,Mumbai Indians,Chennai Super Kings,Wankhede Stadium,Chennai Super Kings,field,0,1,1,157,6,120,20.0,7.85,42,1,57,1,58,4,0,,0,160,6
733995,2014-05-10,Chennai Super Kings,Mumbai Indians,Wankhede Stadium,Chennai Super Kings,field,1,2,0,160,6,117,19.5,8.21,38,1,74,1,48,4,1,158.0,1,157,6
733997,2014-05-11,Kings XI Punjab,Kolkata Knight Riders,Barabati Stadium,Kolkata Knight Riders,field,0,1,1,149,8,120,20.0,7.45,49,2,67,2,33,4,0,,0,150,1
733997,2014-05-11,Kolkata Knight Riders,Kings XI Punjab,Barabati Stadium,Kolkata Knight Riders,field,1,2,0,150,1,108,18.0,8.33,55,0,68,1,27,0,1,150.0,1,149,8
733999,2014-05-11,Royal Challengers Bangalore,Rajasthan Royals,M Chinnaswamy Stadium,Royal Challengers Bangalore,bat,1,1,1,190,5,120,20.0,9.5,31,1,75,2,84,2,0,,0,191,5
733999,2014-05-11,Rajasthan Royals,Royal Challengers Bangalore,M Chinnaswamy Stadium,Royal Challengers Bangalore,bat,0,2,0,191,5,113,18.83,10.14,45,0,77,5,69,0,1,191.0,1,190,5
734001,2014-05-12,Sunrisers Hyderabad,Mumbai Indians,"Rajiv Gandhi International Stadium, Uppal",Sunrisers Hyderabad,bat,1,1,1,157,3,120,20.0,7.85,43,1,60,1,54,1,0,,0,160,3
734001,2014-05-12,Mumbai Indians,Sunrisers Hyderabad,"Rajiv Gandhi International Stadium, Uppal",Sunrisers Hyderabad,bat,0,2,0,160,3,112,18.67,8.57,38,1,87,0,35,2,1,158.0,1,157,3
734003,2014-05-13,Rajasthan Royals,Chennai Super Kings,JSCA International Stadium Complex,Rajasthan Royals,bat,1,1,1,148,8,120,20.0,7.4,42,0,72,4,34,4,0,,0,149,5
734003,2014-05-13,Chennai Super Kings,Rajasthan Royals,JSCA International Stadium Complex,Rajasthan Royals,bat,0,2,0,149,5,118,19.67,7.57,48,2,58,2,43,1,1,149.0,1,148,8
734005,2014-05-13,Royal Challengers Bangalore,Delhi Daredevils,M Chinnaswamy Stadium,Delhi Daredevils,field,0,1,1,186,4,120,20.0,9.3,34,1,74,3,78,0,1,,0,170,7
734005,2014-05-13,Delhi Daredevils,Royal Challengers Bangalore,M Chinnaswamy Stadium,Delhi Daredevils,field,1,2,0,170,7,120,20.0,8.5,46,2,73,3,51,2,0,187.0,0,186,4
734007,2014-05-14,Sunrisers Hyderabad,Kings XI Punjab,"Rajiv Gandhi International Stadium, Uppal",Kings XI Punjab,field,0,1,1,205,5,120,20.0,10.25,55,0,72,2,78,3,0,,0,211,4
734007,2014-05-14,Kings XI Punjab,Sunrisers Hyderabad,"Rajiv Gandhi International Stadium, Uppal",Kings XI Punjab,field,1,2,0,211,4,112,18.67,11.3,86,1,83,3,42,0,1,206.0,1,205,5
734009,2014-05-14,Mumbai Indians,Kolkata Knight Riders,Barabati Stadium,Kolkata Knight Riders,field,0,1,1,141,5,120,20.0,7.05,37,2,62,1,42,2,0,,0,142,4
734009,2014-05-14,Kolkata Knight Riders,Mumbai Indians,Barabati Stadium,Kolkata Knight Riders,field,1,2,0,142,4,112,18.67,7.61,45,0,55,2,42,2,1,142.0,1,141,5
734011,2014-05-15,Rajasthan Royals,Delhi Daredevils,"Sardar Patel Stadium, Motera",Delhi Daredevils,field,0,1,1,201,6,120,20.0,10.05,52,1,89,1,60,4,1,,0,139,9
734011,2014-05-15,Delhi Daredevils,Rajasthan Royals,"Sardar Patel Stadium, Motera",Delhi Daredevils,field,1,2,0,139,9,120,20.0,6.95,34,2,59,6,46,1,0,202.0,0,201,6
734013,2014-05-18,Chennai Super Kings,Royal Challengers Bangalore,JSCA International Stadium Complex,Chennai Super Kings,bat,1,1,1,138,4,120,20.0,6.9,39,2,68,1,31,1,0,,0,142,5
734013,2014-05-18,Royal Challengers Bangalore,Chennai Super Kings,JSCA International Stadium Complex,Chennai Super Kings,bat,0,2,0,142,5,119,19.83,7.16,17,1,69,1,56,3,1,139.0,1,138,4
734015,2014-05-18,Sunrisers Hyderabad,Kolkata Knight Riders,"Rajiv Gandhi International Stadium, Uppal",Sunrisers Hyderabad,bat,1,1,1,142,8,120,20.0,7.1,41,2,68,3,33,3,0,,0,146,3
734015,2014-05-18,Kolkata Knight Riders,Sunrisers Hyderabad,"Rajiv Gandhi International Stadium, Uppal",Sunrisers Hyderabad,bat,0,2,0,146,3,118,19.67,7.42,30,1,73,1,43,1,1,143.0,1,142,8
734017,2014-05-19,Mumbai Indians,Rajasthan Royals,"Sardar Patel Stadium, Motera",Mumbai Indians,bat,1,1,1,178,3,120,20.0,8.9,42,0,80,2,56,1,1,,0,153,8
734017,2014-05-19,Rajasthan Royals,Mumbai Indians,"Sardar Patel Stadium, Motera",Mumbai Indians,bat,0,2,0,153,8,120,20.0,7.65,47,3,49,4,57,1,0,179.0,0,178,3
734019,2014-05-19,Delhi Daredevils,Kings XI Punjab,Feroz Shah Kotla,Kings XI Punjab,field,0,1,1,164,7,120,20.0,8.2,55,1,66,1,43,5,0,,0,165,6
734019,2014-05-19,Kings XI Punjab,Delhi Daredevils,Feroz Shah Kotla,Kings XI Punjab,field,1,2,0,165,6,118,19.67,8.39,66,0,61,5,38,1,1,165.0,1,164,7
734021,2014-05-20,Royal Challengers Bangalore,Sunrisers Hyderabad,"Rajiv Gandhi International Stadium, Uppal",Royal Challengers Bangalore,bat,1,1,1,160,6,120,20.0,8.0,25,2,80,1,55,3,0,,0,161,3
734021,2014-05-20,Sunrisers Hyderabad,Royal Challengers Bangalore,"Rajiv Gandhi International Stadium, Uppal",Royal Challengers Bangalore,bat,0,2,0,161,3,118,19.67,8.19,51,0,65,1,45,2,1,161.0,1,160,6
734023,2014-05-20,Chennai Super Kings,Kolkata Knight Riders,Eden Gardens,Kolkata Knight Riders,field,0,1,1,154,4,120,20.0,7.7,35,1,71,1,48,2,0,,0,156,2
734023,2014-05-20,Kolkata Knight Riders,Chennai Super Kings,Eden Gardens,Kolkata Knight Riders,field,1,2,0,156,2,108,18.0,8.67,52,0,67,2,37,0,1,155.0,1,154,4
734025,2014-05-21,Kings XI Punjab,Mumbai Indians,"Punjab Cricket Association Stadium, Mohali",Mumbai Indians,field,0,1,1,156,8,120,20.0,7.8,48,1,59,4,49,3,0,,0,159,3
734025,2014-05-21,Mumbai Indians,Kings XI Punjab,"Punjab Cricket Association Stadium, Mohali",Mumbai Indians,field,1,2,0,159,3,114,19.0,8.37,62,0,71,2,26,1,1,157.0,1,156,8
734027,2014-05-22,Kolkata Knight Riders,Royal Challengers Bangalore,Eden Gardens,Royal Challengers Bangalore,field,0,1,1,195,4,120,20.0,9.75,45,2,96,1,54,1,1,,0,165,5
734027,2014-05-22,Royal Challengers Bangalore,Kolkata Knight Riders,Eden Gardens,Royal Challengers Bangalore,field,1,2,0,165,5,120,20.0,8.25,36,1,70,2,59,2,0,196.0,0,195,4
734029,2014-05-22,Chennai Super Kings,Sunrisers Hyderabad,JSCA International Stadium Complex,Sunrisers Hyderabad,field,0,1,1,185,3,120,20.0,9.25,60,1,57,2,68,0,0,,0,189,4
734029,2014-05-22,Sunrisers Hyderabad,Chennai Super Kings,JSCA International Stadium Complex,Sunrisers Hyderabad,field,1,2,0,189,4,118,19.67,9.61,64,0,84,1,41,3,1,186.0,1,185,3
734031,2014-05-23,Mumbai Indians,Delhi Daredevils,Wankhede Stadium,Delhi Daredevils,field,0,1,1,173,10,117,19.5,8.87,65,0,84,4,24,6,1,,0,158,4
734031,2014-05-23,Delhi Daredevils,Mumbai Indians,Wankhede Stadium,Delhi Daredevils,field,1,2,0,158,4,120,20.0,7.9,47,1,58,2,53,1,0,174.0,0,173,10
734033,2014-05-23,Kings XI Punjab,Rajasthan Royals,"Punjab Cricket Association Stadium, Mohali",Rajasthan Royals,field,0,1,1,179,4,120,20.0,8.95,53,1,67,3,59,0,1,,0,163,8
734033,2014-05-23,Rajasthan Royals,Kings XI Punjab,"Punjab Cricket Association Stadium, Mohali",Rajasthan Royals,field,1,2,0,163,8,120,20.0,8.15,44,1,48,4,71,3,0,180.0,0,179,4
734035,2014-05-24,Royal Challengers Bangalore,Chennai Super Kings,M Chinnaswamy Stadium,Chennai Super Kings,field,0,1,1,154,6,120,20.0,7.7,34,3,67,1,53,2,0,,0,160,2
734035,2014-05-24,Chennai Super Kings,Royal Challengers Bangalore,M Chinnaswamy Stadium,Chennai Super Kings,field,1,2,0,160,2,106,17.67,9.05,64,1,47,1,49,0,1,155.0,1,154,6
734037,2014-05-24,Sunrisers Hyderabad,Kolkata Knight Riders,Eden Gardens,Kolkata Knight Riders,field,0,1,1,160,7,120,20.0,8.0,49,1,72,3,39,3,0,,0,161,6
734037,2014-05-24,Kolkata Knight Riders,Sunrisers Hyderabad,Eden Gardens,Kolkata Knight Riders,field,1,2,0,161,6,86,14.33,11.24,49,1,112,5,0,0,1,161.0,1,160,7
734039,2014-05-25,Delhi Daredevils,Kings XI Punjab,"Punjab Cricket Association Stadium, Mohali",Kings XI Punjab,field,0,1,1,115,10,109,18.17,6.33,44,3,59,3,12,4,0,,0,119,3
734039,2014-05-25,Kings XI Punjab,Delhi Daredevils,"Punjab Cricket Association Stadium, Mohali",Kings XI Punjab,field,1,2,0,119,3,83,13.83,8.6,48,2,71,1,0,0,1,116.0,1,115,10
734041,2014-05-25,Rajasthan Royals,Mumbai Indians,Wankhede Stadium,Mumbai Indians,field,0,1,1,189,4,120,20.0,9.45,35,1,99,1,55,2,0,,0,195,5
734041,2014-05-25,Mumbai Indians,Rajasthan Royals,Wankhede Stadium,Mumbai Indians,field,1,2,0,195,5,88,14.67,13.29,71,3,124,2,0,0,1,190.0,1,189,4
734043,2014-05-27,Kolkata Knight Riders,Kings XI Punjab,Eden Gardens,Kings XI Punjab,field,0,1,1,163,8,120,20.0,8.15,55,1,57,4,51,3,1,,0,135,8
734043,2014-05-27,Kings XI Punjab,Kolkata Knight Riders,Eden Gardens,Kings XI Punjab,field,1,2,0,135,8,120,20.0,6.75,46,2,46,4,43,2,0,164.0,0,163,8
734045,2014-05-28,Mumbai Indians,Chennai Super Kings,Brabourne Stadium,Chennai Super Kings,field,0,1,1,173,8,120,20.0,8.65,53,0,74,2,46,6,0,,0,176,3
734045,2014-05-28,Chennai Super Kings,Mumbai Indians,Brabourne Stadium,Chennai Super Kings,field,1,2,0,176,3,112,18.67,9.43,60,0,72,3,44,0,1,174.0,1,173,8
734047,2014-05-30,Kings XI Punjab,Chennai Super Kings,Wankhede Stadium,Chennai Super Kings,field,0,1,1,226,6,120,20.0,11.3,70,0,97,2,59,4,1,,0,202,7
734047,2014-05-30,Chennai Super Kings,Kings XI Punjab,Wankhede Stadium,Chennai Super Kings,field,1,2,0,202,7,120,20.0,10.1,100,2,55,4,47,1,0,227.0,0,226,6
734049,2014-06-01,Kings XI Punjab,Kolkata Knight Riders,M Chinnaswamy Stadium,Kolkata Knight Riders,field,0,1,1,199,4,120,20.0,9.95,32,2,99,0,68,2,0,,0,200,7
734049,2014-06-01,Kolkata Knight Riders,Kings XI Punjab,M Chinnaswamy Stadium,Kolkata Knight Riders,field,1,2,0,200,7,117,19.5,10.26,59,1,92,2,49,4,1,200.0,1,199,4
829705,2015-04-08,Mumbai Indians,Kolkata Knight Riders,Eden Gardens,Kolkata Knight Riders,field,0,1,1,168,3,120,20.0,8.4,37,3,64,0,67,0,0,,0,170,3
829705,2015-04-08,Kolkata Knight Riders,Mumbai Indians,Eden Gardens,Kolkata Knight Riders,field,1,2,0,170,3,111,18.5,9.19,38,1,91,2,41,0,1,169.0,1,168,3
829707,2015-04-09,Chennai Super Kings,Delhi Daredevils,"MA Chidambaram Stadium, Chepauk",Delhi Daredevils,field,0,1,1,150,7,120,20.0,7.5,59,2,57,2,34,3,1,,0,149,9
829707,2015-04-09,Delhi Daredevils,Chennai Super Kings,"MA Chidambaram Stadium, Chepauk",Delhi Daredevils,field,1,2,0,149,9,120,20.0,7.45,40,3,62,2,47,4,0,151.0,0,150,7
829709,2015-04-10,Rajasthan Royals,Kings XI Punjab,Maharashtra Cricket Association Stadium,Kings XI Punjab,field,0,1,1,162,7,120,20.0,8.1,35,3,75,2,52,2,1,,0,136,8
829709,2015-04-10,Kings XI Punjab,Rajasthan Royals,Maharashtra Cricket Association Stadium,Kings XI Punjab,field,1,2,0,136,8,120,20.0,6.8,51,3,53,2,32,3,0,163.0,0,162,7
829711,2015-04-11,Chennai Super Kings,Sunrisers Hyderabad,"MA Chidambaram Stadium, Chepauk",Chennai Super Kings,bat,1,1,1,209,4,120,20.0,10.45,49,0,94,2,66,2,1,,0,164,6
829711,2015-04-11,Sunrisers Hyderabad,Chennai Super Kings,"MA Chidambaram Stadium, Chepauk",Chennai Super Kings,bat,0,2,0,164,6,120,20.0,8.2,46,2,69,2,49,2,0,210.0,0,209,4
829713,2015-04-11,Kolkata Knight Riders,Royal Challengers Bangalore,Eden Gardens,Royal Challengers Bangalore,field,0,1,1,177,6,120,20.0,8.85,53,0,69,2,55,4,0,,0,179,7
829713,2015-04-11,Royal Challengers Bangalore,Kolkata Knight Riders,Eden Gardens,Royal Challengers Bangalore,field,1,2,0,179,7,114,19.0,9.42,41,1,78,4,60,2,1,178.0,1,177,6
829715,2015-04-12,Delhi Daredevils,Rajasthan Royals,Feroz Shah Kotla,Rajasthan Royals,field,0,1,1,184,3,120,20.0,9.2,51,1,68,1,65,1,0,,0,186,7
829715,2015-04-12,Rajasthan Royals,Delhi Daredevils,Feroz Shah Kotla,Rajasthan Royals,field,1,2,0,186,7,120,20.0,9.3,42,1,88,3,56,3,1,185.0,1,184,3
829717,2015-04-12,Kings XI Punjab,Mumbai Indians,Wankhede Stadium,Mumbai Indians,field,0,1,1,177,5,120,20.0,8.85,57,0,70,3,50,2,1,,0,159,7
829717,2015-04-12,Mumbai Indians,Kings XI Punjab,Wankhede Stadium,Mumbai Indians,field,1,2,0,159,7,120,20.0,7.95,17,3,62,3,80,1,0,178.0,0,177,5
829719,2015-04-13,Royal Challengers Bangalore,Sunrisers Hyderabad,M Chinnaswamy Stadium,Sunrisers Hyderabad,field,0,1,1,166,10,119,19.83,8.37,47,1,67,3,52,6,0,,0,172,2
829719,2015-04-13,Sunrisers Hyderabad,Royal Challengers Bangalore,M Chinnaswamy Stadium,Sunrisers Hyderabad,field,1,2,0,172,2,104,17.33,9.92,65,0,72,2,35,0,1,167.0,1,166,10
829721,2015-04-14,Mumbai Indians,Rajasthan Royals,"Sardar Patel Stadium, Motera",Mumbai Indians,bat,1,1,1,164,6,120,20.0,8.2,31,2,52,2,81,2,0,,0,165,3
829721,2015-04-14,Rajasthan Royals,Mumbai Indians,"Sardar Patel Stadium, Motera",Mumbai Indians,bat,0,2,0,165,3,115,19.17,8.61,42,1,71,2,52,0,1,165.0,1,164,6
829725,2015-04-15,Kings XI Punjab,Delhi Daredevils,Maharashtra Cricket Association Stadium,Kings XI Punjab,bat,1,1,1,165,7,120,20.0,8.25,41,1,74,2,50,4,0,,0,169,5
829725,2015-04-15,Delhi Daredevils,Kings XI Punjab,Maharashtra Cricket Association Stadium,Kings XI Punjab,bat,0,2,0,169,5,119,19.83,8.52,47,1,73,1,49,3,1,166.0,1,165,7
829727,2015-04-16,Sunrisers Hyderabad,Rajasthan Royals,Dr. Y.S. Rajasekhara Reddy ACA-VDCA Cricket Stadium,Rajasthan Royals,field,0,1,1,127,5,120,20.0,6.35,35,3,55,1,37,1,0,,0,131,4
829727,2015-04-16,Rajasthan Royals,Sunrisers Hyderabad,Dr. Y.S. Rajasekhara Reddy ACA-VDCA Cricket Stadium,Rajasthan Royals,field,1,2,0,131,4,120,20.0,6.55,36,0,60,3,35,1,1,128.0,1,127,5
829729,2015-04-17,Mumbai Indians,Chennai Super Kings,Wankhede Stadium,Mumbai Indians,bat,1,1,1,183,7,120,20.0,9.15,31,3,101,2,51,2,0,,0,189,4
829729,2015-04-17,Chennai Super Kings,Mumbai Indians,Wankhede Stadium,Mumbai Indians,bat,0,2,0,189,4,100,16.67,11.34,90,0,78,4,21,0,1,184.0,1,183,7
829731,2015-04-18,Delhi Daredevils,Sunrisers Hyderabad,Dr. Y.S. Rajasekhara Reddy ACA-VDCA Cricket Stadium,Delhi Daredevils,bat,1,1,1,167,4,120,20.0,8.35,40,1,81,1,46,2,1,,0,163,8
829731,2015-04-18,Sunrisers Hyderabad,Delhi Daredevils,Dr. Y.S. Rajasekhara Reddy ACA-VDCA Cricket Stadium,Delhi Daredevils,bat,0,2,0,163,8,120,20.0,8.15,50,0,60,3,53,5,0,168.0,0,167,4
829733,2015-04-18,Kings XI Punjab,Kolkata Knight Riders,Maharashtra Cricket Association Stadium,Kolkata Knight Riders,field,0,1,1,155,9,120,20.0,7.75,48,3,64,2,43,4,0,,0,159,6
829733,2015-04-18,Kolkata Knight Riders,Kings XI Punjab,Maharashtra Cricket Association Stadium,Kolkata Knight Riders,field,1,2,0,159,6,107,17.83,8.92,53,2,72,3,34,1,1,156.0,1,155,9
829735,2015-04-19,Chennai Super Kings,Rajasthan Royals,"Sardar Patel Stadium, Motera",Chennai Super Kings,bat,1,1,1,156,4,120,20.0,7.8,39,2,67,2,50,0,0,,0,157,2
829735,2015-04-19,Rajasthan Royals,Chennai Super Kings,"Sardar Patel Stadium, Motera",Chennai Super Kings,bat,0,2,0,157,2,110,18.33,8.57,47,0,91,0,19,2,1,157.0,1,156,4
829737,2015-04-19,Mumbai Indians,Royal Challengers Bangalore,M Chinnaswamy Stadium,Royal Challengers Bangalore,field,0,1,1,209,7,120,20.0,10.45,48,1,85,1,76,5,1,,0,191,7
829737,2015-04-19,Royal Challengers Bangalore,Mumbai Indians,M Chinnaswamy Stadium,Royal Challengers Bangalore,field,1,2,0,191,7,120,20.0,9.55,33,1,96,5,62,1,0,210.0,0,209,7
829739,2015-04-20,Delhi Daredevils,Kolkata Knight Riders,Feroz Shah Kotla,Kolkata Knight Riders,field,0,1,1,146,8,120,20.0,7.3,34,2,69,3,43,3,0,,0,147,4
829739,2015-04-20,Kolkata Knight Riders,Delhi Daredevils,Feroz Shah Kotla,Kolkata Knight Riders,field,1,2,0,147,4,109,18.17,8.09,48,2,71,1,28,1,1,147.0,1,146,8
829741,2015-04-21,Rajasthan Royals,Kings XI Punjab,"Sardar Patel Stadium, Motera",Kings XI Punjab,field,0,1,1,191,6,120,20.0,9.55,43,0,93,2,55,4,0,,0,191,6
829741,2015-04-21,Kings XI Punjab,Rajasthan Royals,"Sardar Patel Stadium, Motera",Kings XI Punjab,field,1,2,0,191,6,120,20.0,9.55,40,1,80,3,71,2,0,192.0,0,191,6
829743,2015-04-22,Sunrisers Hyderabad,Kolkata Knight Riders,Dr. Y.S. Rajasekhara Reddy ACA-VDCA Cricket Stadium,Kolkata Knight Riders,field,0,1,1,176,4,120,20.0,8.8,43,0,90,1,43,3,1,,0,101,4
829743,2015-04-22,Kolkata Knight Riders,Sunrisers Hyderabad,Dr. Y.S. Rajasekhara Reddy ACA-VDCA Cricket Stadium,Kolkata Knight Riders,field,1,2,0,101,4,72,12.0,8.42,49,2,52,2,0,0,0,177.0,0,176,4
829745,2015-04-22,Chennai Super Kings,Royal Challengers Bangalore,M Chinnaswamy Stadium,Royal Challengers Bangalore,field,0,1,1,181,8,120,20.0,9.05,45,1,89,3,47,4,1,,0,154,8
829745,2015-04-22,Royal Challengers Bangalore,Chennai Super Kings,M Chinnaswamy Stadium,Royal Challengers Bangalore,field,1,2,0,154,8,120,20.0,7.7,38,2,73,3,43,3,0,182.0,0,181,8
829747,2015-04-23,Delhi Daredevils,Mumbai Indians,Feroz Shah Kotla,Mumbai Indians,field,0,1,1,190,4,120,20.0,9.5,45,1,92,0,53,3,1,,0,153,9
829747,2015-04-23,Mumbai Indians,Delhi Daredevils,Feroz Shah Kotla,Mumbai Indians,field,1,2,0,153,9,120,20.0,7.65,48,2,72,2,33,5,0,191.0,0,190,4
829749,2015-04-24,Rajasthan Royals,Royal Challengers Bangalore,"Sardar Patel Stadium, Motera",Royal Challengers Bangalore,field,0,1,1,130,9,120,20.0,6.5,48,2,52,3,30,4,0,,0,134,1
829749,2015-04-24,Royal Challengers Bangalore,Rajasthan Royals,"Sardar Patel Stadium, Motera",Royal Challengers Bangalore,field,1,2,0,134,1,97,16.17,8.29,49,1,75,0,10,0,1,131.0,1,130,9
829751,2015-04-25,Mumbai Indians,Sunrisers Hyderabad,Wankhede Stadium,Mumbai Indians,bat,1,1,1,157,8,120,20.0,7.85,46,1,66,3,45,4,1,,0,137,8
829751,2015-04-25,Sunrisers Hyderabad,Mumbai Indians,Wankhede Stadium,Mumbai Indians,bat,0,2,0,137,8,120,20.0,6.85,52,2,52,2,33,4,0,158.0,0,157,8
829753,2015-04-25,Chennai Super Kings,Kings XI Punjab,"MA Chidambaram Stadium, Chepauk",Chennai Super Kings,bat,1,1,1,192,3,120,20.0,9.6,54,1,84,1,54,1,1,,0,95,9
829753,2015-04-25,Kings XI Punjab,Chennai Super Kings,"MA Chidambaram Stadium, Chepauk",Chennai Super Kings,bat,0,2,0,95,9,120,20.0,4.75,39,2,40,5,16,2,0,193.0,0,192,3
829757,2015-04-26,Delhi Daredevils,Royal Challengers Bangalore,Feroz Shah Kotla,Royal Challengers Bangalore,field,0,1,1,95,10,110,18.33,5.18,38,2,47,5,10,3,0,,0,99,0
829757,2015-04-26,Royal Challengers Bangalore,Delhi Daredevils,Feroz Shah Kotla,Royal Challengers Bangalore,field,1,2,0,99,0,63,10.5,9.43,50,0,49,0,0,0,1,96.0,1,95,10
829759,2015-04-27,Sunrisers Hyderabad,Kings XI Punjab,"Punjab Cricket Association Stadium, Mohali",Kings XI Punjab,field,0,1,1,150,6,120,20.0,7.5,56,2,48,1,46,3,1,,0,130,9
829759,2015-04-27,Kings XI Punjab,Sunrisers Hyderabad,"Punjab Cricket Association Stadium, Mohali",Kings XI Punjab,field,1,2,0,130,9,120,20.0,6.5,36,2,57,3,37,4,0,151.0,0,150,6
829765,2015-04-28,Chennai Super Kings,Kolkata Knight Riders,"MA Chidambaram Stadium, Chepauk",Kolkata Knight Riders,field,0,1,1,134,6,120,20.0,6.7,53,1,46,4,35,1,1,,0,132,9
829765,2015-04-28,Kolkata Knight Riders,Chennai Super Kings,"MA Chidambaram Stadium, Chepauk",Kolkata Knight Riders,field,1,2,0,132,9,120,20.0,6.6,54,2,36,2,42,5,0,135.0,0,134,6
829723,2015-04-30,Chennai Super Kings,Kolkata Knight Riders,Eden Gardens,Kolkata Knight Riders,field,0,1,1,165,9,120,20.0,8.25,69,4,52,1,44,4,0,,0,169,3
829723,2015-04-30,Kolkata Knight Riders,Chennai Super Kings,Eden Gardens,Kolkata Knight Riders,field,1,2,0,169,3,119,19.83,8.52,38,1,80,2,51,0,1,166.0,1,165,9
829767,2015-05-01,Kings XI Punjab,Delhi Daredevils,Feroz Shah Kotla,Delhi Daredevils,field,0,1,1,118,8,120,20.0,5.9,27,4,47,2,44,2,0,,0,119,1
829767,2015-05-01,Delhi Daredevils,Kings XI Punjab,Feroz Shah Kotla,Delhi Daredevils,field,1,2,0,119,1,83,13.83,8.6,41,0,78,1,0,0,1,119.0,1,118,8
829769,2015-05-01,Mumbai Indians,Rajasthan Royals,Wankhede Stadium,Rajasthan Royals,field,0,1,1,187,5,120,20.0,9.35,47,1,73,3,67,1,1,,0,179,7
829769,2015-05-01,Rajasthan Royals,Mumbai Indians,Wankhede Stadium,Rajasthan Royals,field,1,2,0,179,7,120,20.0,8.95,55,1,72,2,52,4,0,188.0,0,187,5
829771,2015-05-02,Kolkata Knight Riders,Royal Challengers Bangalore,M Chinnaswamy Stadium,Royal Challengers Bangalore,field,0,1,1,111,4,60,10.0,11.1,61,1,50,3,0,0,0,,0,115,3
829771,2015-05-02,Royal Challengers Bangalore,Kolkata Knight Riders,M Chinnaswamy Stadium,Royal Challengers Bangalore,field,1,2,0,115,3,58,9.67,11.89,62,2,53,1,0,0,1,112.0,1,111,4
829773,2015-05-02,Sunrisers Hyderabad,Chennai Super Kings,"Rajiv Gandhi International Stadium, Uppal",Chennai Super Kings,field,0,1,1,192,7,120,20.0,9.6,76,0,67,3,49,4,1,,0,170,6
829773,2015-05-02,Chennai Super Kings,Sunrisers Hyderabad,"Rajiv Gandhi International Stadium, Uppal",Chennai Super Kings,field,1,2,0,170,6,120,20.0,8.5,54,2,76,3,40,1,0,193.0,0,192,7
829775,2015-05-03,Mumbai Indians,Kings XI Punjab,"Punjab Cricket Association Stadium, Mohali",Mumbai Indians,bat,1,1,1,172,3,120,20.0,8.6,51,0,72,1,49,2,1,,0,149,7
829775,2015-05-03,Kings XI Punjab,Mumbai Indians,"Punjab Cricket Association Stadium, Mohali",Mumbai Indians,bat,0,2,0,149,7,120,20.0,7.45,45,2,68,1,36,4,0,173.0,0,172,3
829777,2015-05-03,Rajasthan Royals,Delhi Daredevils,Brabourne Stadium,Delhi Daredevils,field,0,1,1,189,2,120,20.0,9.45,43,0,71,1,75,1,1,,0,175,7
829777,2015-05-03,Delhi Daredevils,Rajasthan Royals,Brabourne Stadium,Delhi Daredevils,field,1,2,0,175,7,120,20.0,8.75,55,2,65,2,55,3,0,190.0,0,189,2
829779,2015-05-04,Chennai Super Kings,Royal Challengers Bangalore,"MA Chidambaram Stadium, Chepauk",Chennai Super Kings,bat,1,1,1,148,9,120,20.0,7.4,37,2,64,2,47,5,1,,0,124,10
829779,2015-05-04,Royal Challengers Bangalore,Chennai Super Kings,"MA Chidambaram Stadium, Chepauk",Chennai Super Kings,bat,0,2,0,124,10,118,19.67,6.3,42,3,58,2,24,5,0,149.0,0,148,9
829781,2015-05-04,Kolkata Knight Riders,Sunrisers Hyderabad,Eden Gardens,Sunrisers Hyderabad,field,0,1,1,167,7,120,20.0,8.35,55,0,56,5,56,2,1,,0,132,9
829781,2015-05-04,Sunrisers Hyderabad,Kolkata Knight Riders,Eden Gardens,Sunrisers Hyderabad,field,1,2,0,132,9,120,20.0,6.6,33,3,55,4,44,2,0,168.0,0,167,7
829783,2015-05-05,Delhi Daredevils,Mumbai Indians,Wankhede Stadium,Delhi Daredevils,bat,1,1,1,152,6,120,20.0,7.6,44,2,51,2,57,2,0,,0,153,5
829783,2015-05-05,Mumbai Indians,Delhi Daredevils,Wankhede Stadium,Delhi Daredevils,bat,0,2,0,153,5,117,19.5,7.85,41,4,58,0,54,1,1,153.0,1,152,6
829785,2015-05-06,Royal Challengers Bangalore,Kings XI Punjab,M Chinnaswamy Stadium,Kings XI Punjab,field,0,1,1,226,3,120,20.0,11.3,68,0,103,1,55,2,1,,0,88,10
829785,2015-05-06,Kings XI Punjab,Royal Challengers Bangalore,M Chinnaswamy Stadium,Kings XI Punjab,field,1,2,0,88,10,82,13.67,6.44,34,5,54,5,0,0,0,227.0,0,226,3
829761,2015-05-07,Kolkata Knight Riders,Delhi Daredevils,Eden Gardens,Kolkata Knight Riders,bat,1,1,1,171,7,120,20.0,8.55,50,1,59,3,62,3,1,,0,158,6
829761,2015-05-07,Delhi Daredevils,Kolkata Knight Riders,Eden Gardens,Kolkata Knight Riders,bat,0,2,0,158,6,120,20.0,7.9,36,0,70,4,52,2,0,172.0,0,171,7
829787,2015-05-07,Sunrisers Hyderabad,Rajasthan Royals,Brabourne Stadium,Rajasthan Royals,field,0,1,1,201,4,120,20.0,10.05,56,1,77,2,68,1,1,,0,194,7
829787,2015-05-07,Rajasthan Royals,Sunrisers Hyderabad,Brabourne Stadium,Rajasthan Royals,field,1,2,0,194,7,120,20.0,9.7,36,2,90,3,68,2,0,202.0,0,201,4
829789,2015-05-08,Chennai Super Kings,Mumbai Indians,"MA Chidambaram Stadium, Chepauk",Chennai Super Kings,bat,1,1,1,158,5,120,20.0,7.9,44,1,59,2,55,2,0,,0,159,4
829789,2015-05-08,Mumbai Indians,Chennai Super Kings,"MA Chidambaram Stadium, Chepauk",Chennai Super Kings,bat,0,2,0,159,4,116,19.33,8.23,61,0,40,3,58,1,1,159.0,1,158,5
829791,2015-05-09,Kings XI Punjab,Kolkata Knight Riders,Eden Gardens,Kings XI Punjab,bat,1,1,1,183,5,120,20.0,9.15,45,1,89,1,49,3,0,,0,184,9
829791,2015-05-09,Kolkata Knight Riders,Kings XI Punjab,Eden Gardens,Kings XI Punjab,bat,0,2,0,184,9,119,19.83,9.28,57,1,79,4,48,4,1,184.0,1,183,5
829793,2015-05-09,Sunrisers Hyderabad,Delhi Daredevils,Shaheed Veer Narayan Singh International Stadium,Sunrisers Hyderabad,bat,1,1,1,163,4,120,20.0,8.15,41,2,58,2,64,0,1,,0,157,4
829793,2015-05-09,Delhi Daredevils,Sunrisers Hyderabad,Shaheed Veer Narayan Singh International Stadium,Sunrisers Hyderabad,bat,0,2,0,157,4,120,20.0,7.85,49,1,55,3,53,0,0,164.0,0,163,4
829795,2015-05-10,Royal Challengers Bangalore,Mumbai Indians,Wankhede Stadium,Royal Challengers Bangalore,bat,1,1,1,235,1,120,20.0,11.75,39,1,108,0,88,0,1,,0,196,7
829795,2015-05-10,Mumbai Indians,Royal Challengers Bangalore,Wankhede Stadium,Royal Challengers Bangalore,bat,0,2,0,196,7,120,20.0,9.8,45,1,90,2,61,4,0,236.0,0,235,1
829797,2015-05-10,Chennai Super Kings,Rajasthan Royals,"MA Chidambaram Stadium, Chepauk",Chennai Super Kings,bat,1,1,1,157,5,120,20.0,7.85,36,2,72,0,49,3,1,,0,145,9
829797,2015-05-10,Rajasthan Royals,Chennai Super Kings,"MA Chidambaram Stadium, Chepauk",Chennai Super Kings,bat,0,2,0,145,9,120,20.0,7.25,40,1,53,4,52,4,0,158.0,0,157,5
829799,2015-05-11,Sunrisers Hyderabad,Kings XI Punjab,"Rajiv Gandhi International Stadium, Uppal",Sunrisers Hyderabad,bat,1,1,1,185,5,120,20.0,9.25,56,0,84,2,45,3,1,,0,180,7
829799,2015-05-11,Kings XI Punjab,Sunrisers Hyderabad,"Rajiv Gandhi International Stadium, Uppal",Sunrisers Hyderabad,bat,0,2,0,180,7,120,20.0,9.0,47,1,57,5,76,1,0,186.0,0,185,5
829801,2015-05-12,Chennai Super Kings,Delhi Daredevils,Shaheed Veer Narayan Singh International Stadium,Chennai Super Kings,bat,1,1,1,119,6,120,20.0,5.95,16,1,67,2,36,3,0,,0,120,4
829801,2015-05-12,Delhi Daredevils,Chennai Super Kings,Shaheed Veer Narayan Singh International Stadium,Chennai Super Kings,bat,0,2,0,120,4,100,16.67,7.2,28,2,69,1,23,1,1,120.0,1,119,6
829803,2015-05-13,Kings XI Punjab,Royal Challengers Bangalore,"Punjab Cricket Association Stadium, Mohali",Royal Challengers Bangalore,field,0,1,1,106,6,60,10.0,10.6,72,4,34,2,0,0,1,,0,84,6
829803,2015-05-13,Royal Challengers Bangalore,Kings XI Punjab,"Punjab Cricket Association Stadium, Mohali",Royal Challengers Bangalore,field,1,2,0,84,6,60,10.0,8.4,61,2,23,4,0,0,0,107.0,0,106,6
829805,2015-05-14,Mumbai Indians,Kolkata Knight Riders,Wankhede Stadium,Kolkata Knight Riders,field,0,1,1,171,4,120,20.0,8.55,46,2,53,2,72,0,1,,0,166,7
829805,2015-05-14,Kolkata Knight Riders,Mumbai Indians,Wankhede Stadium,Kolkata Knight Riders,field,1,2,0,166,7,120,20.0,8.3,50,2,72,2,44,3,0,172.0,0,171,4
829807,2015-05-15,Sunrisers Hyderabad,Royal Challengers Bangalore,"Rajiv Gandhi International Stadium, Uppal",Sunrisers Hyderabad,bat,1,1,1,135,3,66,11.0,12.27,68,1,67,2,0,0,0,,0,83,4
829807,2015-05-15,Royal Challengers Bangalore,Sunrisers Hyderabad,"Rajiv Gandhi International Stadium, Uppal",Sunrisers Hyderabad,bat,0,2,0,83,4,35,5.83,14.24,83,4,0,0,0,0,1,136.0,1,135,3
829809,2015-05-16,Kings XI Punjab,Chennai Super Kings,"Punjab Cricket Association Stadium, Mohali",Kings XI Punjab,bat,1,1,1,130,7,120,20.0,6.5,41,3,45,3,44,1,0,,0,134,3
829809,2015-05-16,Chennai Super Kings,Kings XI Punjab,"Punjab Cricket Association Stadium, Mohali",Kings XI Punjab,bat,0,2,0,134,3,101,16.83,7.96,47,2,64,1,23,0,1,131.0,1,130,7
829811,2015-05-16,Rajasthan Royals,Kolkata Knight Riders,Brabourne Stadium,Rajasthan Royals,bat,1,1,1,199,6,120,20.0,9.95,66,0,80,4,53,2,1,,0,190,9
829811,2015-05-16,Kolkata Knight Riders,Rajasthan Royals,Brabourne Stadium,Rajasthan Royals,bat,0,2,0,190,9,120,20.0,9.5,53,2,91,3,46,4,0,200.0,0,199,6
829813,2015-05-17,Delhi Daredevils,Royal Challengers Bangalore,M Chinnaswamy Stadium,Royal Challengers Bangalore,field,0,1,1,187,5,120,20.0,9.35,54,0,87,4,46,1,0,,0,2,0
829813,2015-05-17,Royal Challengers Bangalore,Delhi Daredevils,M Chinnaswamy Stadium,Royal Challengers Bangalore,field,1,2,0,2,0,7,1.17,1.71,2,0,0,0,0,0,0,188.0,0,187,5
829815,2015-05-17,Sunrisers Hyderabad,Mumbai Indians,"Rajiv Gandhi International Stadium, Uppal",Sunrisers Hyderabad,bat,1,1,1,113,10,120,20.0,5.65,29,3,51,3,33,4,0,,0,114,1
829815,2015-05-17,Mumbai Indians,Sunrisers Hyderabad,"Rajiv Gandhi International Stadium, Uppal",Sunrisers Hyderabad,bat,0,2,0,114,1,83,13.83,8.24,38,0,76,1,0,0,1,114.0,1,113,10
829817,2015-05-19,Mumbai Indians,Chennai Super Kings,Wankhede Stadium,Mumbai Indians,bat,1,1,1,187,6,120,20.0,9.35,48,0,87,2,52,4,1,,0,162,10
829817,2015-05-19,Chennai Super Kings,Mumbai Indians,Wankhede Stadium,Mumbai Indians,bat,0,2,0,162,10,114,19.0,8.53,54,2,67,4,41,4,0,188.0,0,187,6
829819,2015-05-20,Royal Challengers Bangalore,Rajasthan Royals,Maharashtra Cricket Association Stadium,Royal Challengers Bangalore,bat,1,1,1,180,4,120,20.0,9.0,41,1,72,1,67,2,1,,0,109,10
829819,2015-05-20,Rajasthan Royals,Royal Challengers Bangalore,Maharashtra Cricket Association Stadium,Royal Challengers Bangalore,bat,0,2,0,109,10,114,19.0,5.74,40,2,52,5,17,3,0,181.0,0,180,4
829821,2015-05-22,Royal Challengers Bangalore,Chennai Super Kings,JSCA International Stadium Complex,Chennai Super Kings,field,0,1,1,139,8,120,20.0,6.95,29,2,61,2,49,4,0,,0,140,7
829821,2015-05-22,Chennai Super Kings,Royal Challengers Bangalore,JSCA International Stadium Complex,Chennai Super Kings,field,1,2,0,140,7,119,19.83,7.06,34,1,57,2,49,4,1,140.0,1,139,8
829823,2015-05-24,Mumbai Indians,Chennai Super Kings,Eden Gardens,Chennai Super Kings,field,0,1,1,202,5,120,20.0,10.1,61,1,85,2,56,2,1,,0,161,8
829823,2015-05-24,Chennai Super Kings,Mumbai Indians,Eden Gardens,Chennai Super Kings,field,1,2,0,161,8,120,20.0,8.05,31,1,81,3,49,4,0,203.0,0,202,5
980901,2016-04-09,Mumbai Indians,Rising Pune Supergiants,Wankhede Stadium,Mumbai Indians,bat,1,1,1,121,8,120,20.0,6.05,37,4,31,2,53,2,0,,0,126,1
980901,2016-04-09,Rising Pune Supergiants,Mumbai Indians,Wankhede Stadium,Mumbai Indians,bat,0,2,0,126,1,88,14.67,8.59,57,0,69,1,0,0,1,122.0,1,121,8
980903,2016-04-10,Delhi Daredevils,Kolkata Knight Riders,Eden Gardens,Kolkata Knight Riders,field,0,1,1,98,10,106,17.67,5.55,35,4,57,4,6,2,0,,0,99,1
980903,2016-04-10,Kolkata Knight Riders,Delhi Daredevils,Eden Gardens,Kolkata Knight Riders,field,1,2,0,99,1,85,14.17,6.99,47,0,52,1,0,0,1,99.0,1,98,10
980905,2016-04-11,Kings XI Punjab,Gujarat Lions,"Punjab Cricket Association IS Bindra Stadium, Mohali",Gujarat Lions,field,0,1,1,161,6,120,20.0,8.05,52,0,73,4,36,2,0,,0,162,5
980905,2016-04-11,Gujarat Lions,Kings XI Punjab,"Punjab Cricket Association IS Bindra Stadium, Mohali",Gujarat Lions,field,1,2,0,162,5,106,17.67,9.17,57,2,77,2,28,1,1,162.0,1,161,6
980907,2016-04-12,Royal Challengers Bangalore,Sunrisers Hyderabad,M Chinnaswamy Stadium,Sunrisers Hyderabad,field,0,1,1,227,4,120,20.0,11.35,49,1,107,0,71,3,1,,0,182,6
980907,2016-04-12,Sunrisers Hyderabad,Royal Challengers Bangalore,M Chinnaswamy Stadium,Sunrisers Hyderabad,field,1,2,0,182,6,120,20.0,9.1,56,1,83,4,43,1,0,228.0,0,227,4
980909,2016-04-13,Kolkata Knight Riders,Mumbai Indians,Eden Gardens,Mumbai Indians,field,0,1,1,187,5,120,20.0,9.35,40,1,98,1,49,3,0,,0,188,4
980909,2016-04-13,Mumbai Indians,Kolkata Knight Riders,Eden Gardens,Mumbai Indians,field,1,2,0,188,4,115,19.17,9.81,53,1,86,2,49,1,1,188.0,1,187,5
980911,2016-04-14,Rising Pune Supergiants,Gujarat Lions,Saurashtra Cricket Association Stadium,Rising Pune Supergiants,bat,1,1,1,163,5,120,20.0,8.15,57,1,64,1,42,3,0,,0,164,3
980911,2016-04-14,Gujarat Lions,Rising Pune Supergiants,Saurashtra Cricket Association Stadium,Rising Pune Supergiants,bat,0,2,0,164,3,108,18.0,9.11,62,0,70,2,32,1,1,164.0,1,163,5
980913,2016-04-15,Kings XI Punjab,Delhi Daredevils,Feroz Shah Kotla,Delhi Daredevils,field,0,1,1,111,9,120,20.0,5.55,37,1,36,5,38,3,0,,0,113,2
980913,2016-04-15,Delhi Daredevils,Kings XI Punjab,Feroz Shah Kotla,Delhi Daredevils,field,1,2,0,113,2,81,13.5,8.37,28,1,85,1,0,0,1,112.0,1,111,9
980915,2016-04-16,Sunrisers Hyderabad,Kolkata Knight Riders,"Rajiv Gandhi International Stadium, Uppal",Sunrisers Hyderabad,bat,1,1,1,142,7,120,20.0,7.1,36,3,58,1,48,3,0,,0,146,2
980915,2016-04-16,Kolkata Knight Riders,Sunrisers Hyderabad,"Rajiv Gandhi International Stadium, Uppal",Sunrisers Hyderabad,bat,0,2,0,146,2,110,18.33,7.97,36,0,76,2,34,0,1,143.0,1,142,7
980917,2016-04-16,Mumbai Indians,Gujarat Lions,Wankhede Stadium,Gujarat Lions,field,0,1,1,143,8,120,20.0,7.15,31,2,51,3,61,3,0,,0,147,7
980917,2016-04-16,Gujarat Lions,Mumbai Indians,Wankhede Stadium,Gujarat Lions,field,1,2,0,147,7,120,20.0,7.35,42,1,57,3,48,3,1,144.0,1,143,8
980919,2016-04-17,Rising Pune Supergiants,Kings XI Punjab,"Punjab Cricket Association IS Bindra Stadium, Mohali",Rising Pune Supergiants,bat,1,1,1,152,7,120,20.0,7.6,49,1,60,2,43,4,0,,0,153,4
980919,2016-04-17,Kings XI Punjab,Rising Pune Supergiants,"Punjab Cricket Association IS Bindra Stadium, Mohali",Rising Pune Supergiants,bat,0,2,0,153,4,112,18.67,8.19,50,0,62,3,41,1,1,153.0,1,152,7
980921,2016-04-17,Royal Challengers Bangalore,Delhi Daredevils,M Chinnaswamy Stadium,Delhi Daredevils,field,0,1,1,191,5,120,20.0,9.55,63,1,80,1,48,3,0,,0,192,3
980921,2016-04-17,Delhi Daredevils,Royal Challengers Bangalore,M Chinnaswamy Stadium,Delhi Daredevils,field,1,2,0,192,3,115,19.17,10.02,51,2,95,0,46,1,1,192.0,1,191,5
980923,2016-04-18,Mumbai Indians,Sunrisers Hyderabad,"Rajiv Gandhi International Stadium, Uppal",Sunrisers Hyderabad,field,0,1,1,142,6,120,20.0,7.1,40,2,71,2,31,2,0,,0,145,3
980923,2016-04-18,Sunrisers Hyderabad,Mumbai Indians,"Rajiv Gandhi International Stadium, Uppal",Sunrisers Hyderabad,field,1,2,0,145,3,105,17.5,8.29,33,1,75,2,37,0,1,143.0,1,142,6
980925,2016-04-19,Kings XI Punjab,Kolkata Knight Riders,"Punjab Cricket Association IS Bindra Stadium, Mohali",Kolkata Knight Riders,field,0,1,1,138,8,120,20.0,6.9,41,1,54,4,43,3,0,,0,141,4
980925,2016-04-19,Kolkata Knight Riders,Kings XI Punjab,"Punjab Cricket Association IS Bindra Stadium, Mohali",Kolkata Knight Riders,field,1,2,0,141,4,103,17.17,8.21,65,0,52,3,24,1,1,139.0,1,138,8
980927,2016-04-20,Royal Challengers Bangalore,Mumbai Indians,Wankhede Stadium,Mumbai Indians,field,0,1,1,170,7,120,20.0,8.5,49,1,63,3,58,3,0,,0,171,4
980927,2016-04-20,Mumbai Indians,Royal Challengers Bangalore,Wankhede Stadium,Mumbai Indians,field,1,2,0,171,4,108,18.0,9.5,51,1,77,2,43,1,1,171.0,1,170,7
980929,2016-04-21,Gujarat Lions,Sunrisers Hyderabad,Saurashtra Cricket Association Stadium,Sunrisers Hyderabad,field,0,1,1,135,8,120,20.0,6.75,50,1,54,3,31,4,0,,0,137,0
980929,2016-04-21,Sunrisers Hyderabad,Gujarat Lions,Saurashtra Cricket Association Stadium,Sunrisers Hyderabad,field,1,2,0,137,0,89,14.83,9.24,63,0,74,0,0,0,1,136.0,1,135,8
980931,2016-04-22,Royal Challengers Bangalore,Rising Pune Supergiants,Maharashtra Cricket Association Stadium,Rising Pune Supergiants,field,0,1,1,185,3,120,20.0,9.25,48,1,80,0,57,2,1,,0,172,9
980931,2016-04-22,Rising Pune Supergiants,Royal Challengers Bangalore,Maharashtra Cricket Association Stadium,Rising Pune Supergiants,field,1,2,0,172,9,120,20.0,8.6,36,3,79,1,57,5,0,186.0,0,185,3
980933,2016-04-23,Delhi Daredevils,Mumbai Indians,Feroz Shah Kotla,Mumbai Indians,field,0,1,1,164,4,120,20.0,8.2,41,1,69,2,54,1,1,,0,154,7
980933,2016-04-23,Mumbai Indians,Delhi Daredevils,Feroz Shah Kotla,Mumbai Indians,field,1,2,0,154,7,120,20.0,7.7,52,1,62,3,40,3,0,165.0,0,164,4
980935,2016-04-23,Kings XI Punjab,Sunrisers Hyderabad,"Rajiv Gandhi International Stadium, Uppal",Sunrisers Hyderabad,field,0,1,1,143,6,120,20.0,7.15,35,2,68,3,40,1,0,,0,146,5
980935,2016-04-23,Sunrisers Hyderabad,Kings XI Punjab,"Rajiv Gandhi International Stadium, Uppal",Sunrisers Hyderabad,field,1,2,0,146,5,107,17.83,8.19,65,0,54,3,27,2,1,144.0,1,143,6
980937,2016-04-24,Royal Challengers Bangalore,Gujarat Lions,Saurashtra Cricket Association Stadium,Royal Challengers Bangalore,bat,1,1,1,180,2,120,20.0,9.0,50,1,65,1,65,0,0,,0,182,4
980937,2016-04-24,Gujarat Lions,Royal Challengers Bangalore,Saurashtra Cricket Association Stadium,Royal Challengers Bangalore,bat,0,2,0,182,4,117,19.5,9.33,72,1,64,1,46,2,1,181.0,1,180,2
980939,2016-04-24,Rising Pune Supergiants,Kolkata Knight Riders,Maharashtra Cricket Association Stadium,Kolkata Knight Riders,field,0,1,1,160,5,120,20.0,8.0,31,1,69,2,60,2,0,,0,162,8
980939,2016-04-24,Kolkata Knight Riders,Rising Pune Supergiants,Maharashtra Cricket Association Stadium,Kolkata Knight Riders,field,1,2,0,162,8,117,19.5,8.31,59,2,55,2,48,4,1,161.0,1,160,5
980941,2016-04-25,Mumbai Indians,Kings XI Punjab,"Punjab Cricket Association IS Bindra Stadium, Mohali",Kings XI Punjab,field,0,1,1,189,6,120,20.0,9.45,39,1,101,1,49,4,1,,0,164,7
980941,2016-04-25,Kings XI Punjab,Mumbai Indians,"Punjab Cricket Association IS Bindra Stadium, Mohali",Kings XI Punjab,field,1,2,0,164,7,120,20.0,8.2,40,2,81,1,43,4,0,190.0,0,189,6
980943,2016-04-26,Sunrisers Hyderabad,Rising Pune Supergiants,"Rajiv Gandhi International Stadium, Uppal",Rising Pune Supergiants,field,0,1,1,118,8,120,20.0,5.9,27,3,45,2,46,3,0,,0,94,3
980943,2016-04-26,Rising Pune Supergiants,Sunrisers Hyderabad,"Rajiv Gandhi International Stadium, Uppal",Rising Pune Supergiants,field,1,2,0,94,3,66,11.0,8.55,46,1,48,2,0,0,1,119.0,1,118,8
980945,2016-04-27,Gujarat Lions,Delhi Daredevils,Feroz Shah Kotla,Delhi Daredevils,field,0,1,1,172,6,120,20.0,8.6,71,0,61,4,40,2,1,,0,171,5
980945,2016-04-27,Delhi Daredevils,Gujarat Lions,Feroz Shah Kotla,Delhi Daredevils,field,1,2,0,171,5,120,20.0,8.55,22,3,94,1,55,1,0,173.0,0,172,6
980947,2016-04-28,Kolkata Knight Riders,Mumbai Indians,Wankhede Stadium,Mumbai Indians,field,0,1,1,174,5,120,20.0,8.7,59,0,67,3,48,2,0,,0,178,4
980947,2016-04-28,Mumbai Indians,Kolkata Knight Riders,Wankhede Stadium,Mumbai Indians,field,1,2,0,178,4,108,18.0,9.89,64,1,62,3,52,0,1,175.0,1,174,5
980949,2016-04-29,Rising Pune Supergiants,Gujarat Lions,Maharashtra Cricket Association Stadium,Gujarat Lions,field,0,1,1,195,3,120,20.0,9.75,48,1,87,1,60,1,0,,0,196,7
980949,2016-04-29,Gujarat Lions,Rising Pune Supergiants,Maharashtra Cricket Association Stadium,Gujarat Lions,field,1,2,0,196,7,120,20.0,9.8,72,0,75,2,49,5,1,196.0,1,195,3
980951,2016-04-30,Delhi Daredevils,Kolkata Knight Riders,Feroz Shah Kotla,Kolkata Knight Riders,field,0,1,1,186,8,120,20.0,9.3,37,3,83,0,66,5,1,,0,159,10
980951,2016-04-30,Kolkata Knight Riders,Delhi Daredevils,Feroz Shah Kotla,Kolkata Knight Riders,field,1,2,0,159,10,111,18.5,8.59,43,2,84,3,32,5,0,187.0,0,186,8
980953,2016-04-30,Sunrisers Hyderabad,Royal Challengers Bangalore,"Rajiv Gandhi International Stadium, Uppal",Royal Challengers Bangalore,field,0,1,1,194,5,120,20.0,9.7,49,1,92,0,53,4,1,,0,179,6
980953,2016-04-30,Royal Challengers Bangalore,Sunrisers Hyderabad,"Rajiv Gandhi International Stadium, Uppal",Royal Challengers Bangalore,field,1,2,0,179,6,120,20.0,8.95,45,1,87,3,47,2,0,195.0,0,194,5
980955,2016-05-01,Kings XI Punjab,Gujarat Lions,Saurashtra Cricket Association Stadium,Gujarat Lions,field,0,1,1,154,10,119,19.83,7.77,59,0,51,5,44,5,1,,0,131,9
980955,2016-05-01,Gujarat Lions,Kings XI Punjab,Saurashtra Cricket Association Stadium,Gujarat Lions,field,1,2,0,131,9,120,20.0,6.55,36,2,51,5,44,2,0,155.0,0,154,10
980957,2016-05-01,Rising Pune Supergiants,Mumbai Indians,Maharashtra Cricket Association Stadium,Mumbai Indians,field,0,1,1,159,5,120,20.0,7.95,54,1,66,2,39,2,0,,0,161,2
980957,2016-05-01,Mumbai Indians,Rising Pune Supergiants,Maharashtra Cricket Association Stadium,Mumbai Indians,field,1,2,0,161,2,111,18.5,8.7,47,1,68,1,46,0,1,160.0,1,159,5
980959,2016-05-02,Royal Challengers Bangalore,Kolkata Knight Riders,M Chinnaswamy Stadium,Kolkata Knight Riders,field,0,1,1,185,7,120,20.0,9.25,40,1,72,2,73,4,0,,0,189,5
980959,2016-05-02,Kolkata Knight Riders,Royal Challengers Bangalore,M Chinnaswamy Stadium,Kolkata Knight Riders,field,1,2,0,189,5,115,19.17,9.86,37,2,86,2,66,1,1,186.0,1,185,7
980961,2016-05-03,Gujarat Lions,Delhi Daredevils,Saurashtra Cricket Association Stadium,Delhi Daredevils,field,0,1,1,149,7,120,20.0,7.45,35,3,64,1,50,3,0,,0,150,2
980961,2016-05-03,Delhi Daredevils,Gujarat Lions,Saurashtra Cricket Association Stadium,Delhi Daredevils,field,1,2,0,150,2,104,17.33,8.66,61,0,60,2,29,0,1,150.0,1,149,7
980963,2016-05-04,Kolkata Knight Riders,Kings XI Punjab,Eden Gardens,Kings XI Punjab,field,0,1,1,164,3,120,20.0,8.2,40,0,81,1,43,2,1,,0,157,9
980963,2016-05-04,Kings XI Punjab,Kolkata Knight Riders,Eden Gardens,Kings XI Punjab,field,1,2,0,157,9,120,20.0,7.85,37,3,80,1,40,5,0,165.0,0,164,3
980965,2016-05-05,Delhi Daredevils,Rising Pune Supergiants,Feroz Shah Kotla,Rising Pune Supergiants,field,0,1,1,162,7,120,20.0,8.1,48,2,64,2,50,3,0,,0,166,3
980965,2016-05-05,Rising Pune Supergiants,Delhi Daredevils,Feroz Shah Kotla,Rising Pune Supergiants,field,1,2,0,166,3,115,19.17,8.66,50,0,66,2,50,1,1,163.0,1,162,7
980967,2016-05-06,Gujarat Lions,Sunrisers Hyderabad,"Rajiv Gandhi International Stadium, Uppal",Sunrisers Hyderabad,field,0,1,1,126,6,120,20.0,6.3,26,3,59,2,41,1,0,,0,129,5
980967,2016-05-06,Sunrisers Hyderabad,Gujarat Lions,"Rajiv Gandhi International Stadium, Uppal",Sunrisers Hyderabad,field,1,2,0,129,5,114,19.0,6.79,38,2,53,2,38,1,1,127.0,1,126,6
980969,2016-05-07,Rising Pune Supergiants,Royal Challengers Bangalore,M Chinnaswamy Stadium,Royal Challengers Bangalore,field,0,1,1,191,6,120,20.0,9.55,60,1,78,1,53,4,0,,0,195,3
980969,2016-05-07,Royal Challengers Bangalore,Rising Pune Supergiants,M Chinnaswamy Stadium,Royal Challengers Bangalore,field,1,2,0,195,3,117,19.5,10.0,46,0,96,2,53,1,1,192.0,1,191,6
980971,2016-05-07,Kings XI Punjab,Delhi Daredevils,"Punjab Cricket Association IS Bindra Stadium, Mohali",Delhi Daredevils,field,0,1,1,181,5,120,20.0,9.05,45,1,74,2,62,2,1,,0,172,5
980971,2016-05-07,Delhi Daredevils,Kings XI Punjab,"Punjab Cricket Association IS Bindra Stadium, Mohali",Delhi Daredevils,field,1,2,0,172,5,120,20.0,8.6,51,0,81,2,40,3,0,182.0,0,181,5
980973,2016-05-08,Sunrisers Hyderabad,Mumbai Indians,Dr. Y.S. Rajasekhara Reddy ACA-VDCA Cricket Stadium,Mumbai Indians,field,0,1,1,177,3,120,20.0,8.85,51,0,65,2,61,1,1,,0,92,10
980973,2016-05-08,Mumbai Indians,Sunrisers Hyderabad,Dr. Y.S. Rajasekhara Reddy ACA-VDCA Cricket Stadium,Mumbai Indians,field,1,2,0,92,10,99,16.5,5.58,32,5,53,4,7,1,0,178.0,0,177,3
980975,2016-05-08,Kolkata Knight Riders,Gujarat Lions,Eden Gardens,Gujarat Lions,field,0,1,1,158,4,120,20.0,7.9,28,4,70,0,60,0,0,,0,164,5
980975,2016-05-08,Gujarat Lions,Kolkata Knight Riders,Eden Gardens,Gujarat Lions,field,1,2,0,164,5,108,18.0,9.11,46,1,89,2,29,2,1,159.0,1,158,4
980977,2016-05-09,Royal Challengers Bangalore,Kings XI Punjab,"Punjab Cricket Association IS Bindra Stadium, Mohali",Kings XI Punjab,field,0,1,1,175,6,120,20.0,8.75,56,0,57,3,62,3,1,,0,174,4
980977,2016-05-09,Kings XI Punjab,Royal Challengers Bangalore,"Punjab Cricket Association IS Bindra Stadium, Mohali",Kings XI Punjab,field,1,2,0,174,4,120,20.0,8.7,50,1,73,2,51,1,0,176.0,0,175,6
980979,2016-05-10,Sunrisers Hyderabad,Rising Pune Supergiants,Dr. Y.S. Rajasekhara Reddy ACA-VDCA Cricket Stadium,Sunrisers Hyderabad,bat,1,1,1,137,8,120,20.0,6.85,34,1,62,1,41,6,1,,0,133,8
980979,2016-05-10,Rising Pune Supergiants,Sunrisers Hyderabad,Dr. Y.S. Rajasekhara Reddy ACA-VDCA Cricket Stadium,Sunrisers Hyderabad,bat,0,2,0,133,8,120,20.0,6.65,25,2,61,3,47,3,0,138.0,0,137,8
980981,2016-05-11,Royal Challengers Bangalore,Mumbai Indians,M Chinnaswamy Stadium,Mumbai Indians,field,0,1,1,151,4,120,20.0,7.55,25,2,66,1,60,1,0,,0,153,4
980981,2016-05-11,Mumbai Indians,Royal Challengers Bangalore,M Chinnaswamy Stadium,Mumbai Indians,field,1,2,0,153,4,112,18.67,8.19,39,1,58,2,56,1,1,152.0,1,151,4
980983,2016-05-12,Sunrisers Hyderabad,Delhi Daredevils,"Rajiv Gandhi International Stadium, Uppal",Delhi Daredevils,field,0,1,1,146,8,120,20.0,7.3,51,0,62,3,33,5,0,,0,150,3
980983,2016-05-12,Delhi Daredevils,Sunrisers Hyderabad,"Rajiv Gandhi International Stadium, Uppal",Delhi Daredevils,field,1,2,0,150,3,109,18.17,8.26,50,1,64,2,36,0,1,147.0,1,146,8
980985,2016-05-13,Mumbai Indians,Kings XI Punjab,Dr. Y.S. Rajasekhara Reddy ACA-VDCA Cricket Stadium,Mumbai Indians,bat,1,1,1,124,9,120,20.0,6.2,21,2,59,3,44,4,0,,0,127,3
980985,2016-05-13,Kings XI Punjab,Mumbai Indians,Dr. Y.S. Rajasekhara Reddy ACA-VDCA Cricket Stadium,Mumbai Indians,bat,0,2,0,127,3,102,17.0,7.47,32,1,78,0,17,2,1,125.0,1,124,9
980987,2016-05-14,Royal Challengers Bangalore,Gujarat Lions,M Chinnaswamy Stadium,Gujarat Lions,field,0,1,1,248,3,120,20.0,12.4,42,1,94,0,112,2,1,,0,104,10
980987,2016-05-14,Gujarat Lions,Royal Challengers Bangalore,M Chinnaswamy Stadium,Gujarat Lions,field,1,2,0,104,10,112,18.67,5.57,41,2,53,6,10,2,0,249.0,0,248,3
980989,2016-05-14,Rising Pune Supergiants,Kolkata Knight Riders,Eden Gardens,Rising Pune Supergiants,bat,1,1,1,103,6,106,17.67,5.83,37,2,57,3,9,1,0,,0,66,2
980989,2016-05-14,Kolkata Knight Riders,Rising Pune Supergiants,Eden Gardens,Rising Pune Supergiants,bat,0,2,0,66,2,30,5.0,13.2,66,2,0,0,0,0,1,104.0,1,103,6
980991,2016-05-15,Kings XI Punjab,Sunrisers Hyderabad,"Punjab Cricket Association IS Bindra Stadium, Mohali",Kings XI Punjab,bat,1,1,1,179,4,120,20.0,8.95,47,1,74,1,58,2,0,,0,180,3
980991,2016-05-15,Sunrisers Hyderabad,Kings XI Punjab,"Punjab Cricket Association IS Bindra Stadium, Mohali",Kings XI Punjab,bat,0,2,0,180,3,118,19.67,9.15,55,0,75,2,50,1,1,180.0,1,179,4
980993,2016-05-15,Mumbai Indians,Delhi Daredevils,Dr. Y.S. Rajasekhara Reddy ACA-VDCA Cricket Stadium,Delhi Daredevils,field,0,1,1,206,4,120,20.0,10.3,45,0,99,2,62,2,1,,0,126,10
980993,2016-05-15,Delhi Daredevils,Mumbai Indians,Dr. Y.S. Rajasekhara Reddy ACA-VDCA Cricket Stadium,Delhi Daredevils,field,1,2,0,126,10,115,19.17,6.57,49,2,59,4,18,4,0,207.0,0,206,4
980995,2016-05-16,Kolkata Knight Riders,Royal Challengers Bangalore,Eden Gardens,Royal Challengers Bangalore,field,0,1,1,183,5,120,20.0,9.15,51,1,73,3,59,1,0,,0,186,1
980995,2016-05-16,Royal Challengers Bangalore,Kolkata Knight Riders,Eden Gardens,Royal Challengers Bangalore,field,1,2,0,186,1,112,18.67,9.96,63,0,72,1,51,0,1,184.0,1,183,5
980997,2016-05-17,Delhi Daredevils,Rising Pune Supergiants,Dr. Y.S. Rajasekhara Reddy ACA-VDCA Cricket Stadium,Rising Pune Supergiants,field,0,1,1,121,6,120,20.0,6.05,28,2,45,3,48,1,0,,0,76,1
980997,2016-05-17,Rising Pune Supergiants,Delhi Daredevils,Dr. Y.S. Rajasekhara Reddy ACA-VDCA Cricket Stadium,Rising Pune Supergiants,field,1,2,0,76,1,66,11.0,6.91,44,1,32,0,0,0,1,122.0,1,121,6
980999,2016-05-18,Royal Challengers Bangalore,Kings XI Punjab,M Chinnaswamy Stadium,Kings XI Punjab,field,0,1,1,211,3,90,15.0,14.07,63,0,148,3,0,0,1,,0,120,9
980999,2016-05-18,Kings XI Punjab,Royal Challengers Bangalore,M Chinnaswamy Stadium,Kings XI Punjab,field,1,2,0,120,9,84,14.0,8.57,59,4,61,5,0,0,0,212.0,0,211,3
981001,2016-05-19,Kolkata Knight Riders,Gujarat Lions,Green Park,Gujarat Lions,field,0,1,1,124,8,120,20.0,6.2,44,2,39,3,41,3,0,,0,125,4
981001,2016-05-19,Gujarat Lions,Kolkata Knight Riders,Green Park,Gujarat Lions,field,1,2,0,125,4,81,13.5,9.26,55,3,70,1,0,0,1,125.0,1,124,8
981003,2016-05-20,Sunrisers Hyderabad,Delhi Daredevils,Shaheed Veer Narayan Singh International Stadium,Delhi Daredevils,field,0,1,1,158,7,120,20.0,7.9,46,1,69,3,43,3,0,,0,161,4
981003,2016-05-20,Delhi Daredevils,Sunrisers Hyderabad,Shaheed Veer Narayan Singh International Stadium,Delhi Daredevils,field,1,2,0,161,4,120,20.0,8.05,37,1,70,1,54,2,1,159.0,1,158,7
981005,2016-05-21,Kings XI Punjab,Rising Pune Supergiants,Dr. Y.S. Rajasekhara Reddy ACA-VDCA Cricket Stadium,Kings XI Punjab,bat,1,1,1,172,7,120,20.0,8.6,52,0,68,2,52,5,0,,0,173,6
981005,2016-05-21,Rising Pune Supergiants,Kings XI Punjab,Dr. Y.S. Rajasekhara Reddy ACA-VDCA Cricket Stadium,Kings XI Punjab,bat,0,2,0,173,6,120,20.0,8.65,44,1,59,4,70,1,1,173.0,1,172,7
981007,2016-05-21,Mumbai Indians,Gujarat Lions,Green Park,Gujarat Lions,field,0,1,1,172,8,120,20.0,8.6,49,3,85,1,38,4,0,,0,173,4
981007,2016-05-21,Gujarat Lions,Mumbai Indians,Green Park,Gujarat Lions,field,1,2,0,173,4,107,17.83,9.7,70,1,77,3,26,0,1,173.0,1,172,8
981009,2016-05-22,Kolkata Knight Riders,Sunrisers Hyderabad,Eden Gardens,Sunrisers Hyderabad,field,0,1,1,171,6,120,20.0,8.55,48,2,93,1,30,3,1,,0,149,8
981009,2016-05-22,Sunrisers Hyderabad,Kolkata Knight Riders,Eden Gardens,Sunrisers Hyderabad,field,1,2,0,149,8,120,20.0,7.45,48,1,66,3,35,4,0,172.0,0,171,6
981011,2016-05-22,Delhi Daredevils,Royal Challengers Bangalore,Shaheed Veer Narayan Singh International Stadium,Royal Challengers Bangalore,field,0,1,1,138,8,120,20.0,6.9,43,2,55,4,40,2,0,,0,139,4
981011,2016-05-22,Royal Challengers Bangalore,Delhi Daredevils,Shaheed Veer Narayan Singh International Stadium,Royal Challengers Bangalore,field,1,2,0,139,4,109,18.17,7.65,49,2,62,2,28,0,1,139.0,1,138,8
981013,2016-05-24,Gujarat Lions,Royal Challengers Bangalore,M Chinnaswamy Stadium,Royal Challengers Bangalore,field,0,1,1,158,10,120,20.0,7.9,23,3,81,1,54,6,0,,0,159,6
981013,2016-05-24,Royal Challengers Bangalore,Gujarat Lions,M Chinnaswamy Stadium,Royal Challengers Bangalore,field,1,2,0,159,6,110,18.33,8.67,31,5,79,1,49,0,1,159.0,1,158,10
981015,2016-05-25,Sunrisers Hyderabad,Kolkata Knight Riders,Feroz Shah Kotla,Kolkata Knight Riders,field,0,1,1,162,8,120,20.0,8.1,43,1,66,2,53,5,1,,0,140,8
981015,2016-05-25,Kolkata Knight Riders,Sunrisers Hyderabad,Feroz Shah Kotla,Kolkata Knight Riders,field,1,2,0,140,8,120,20.0,7.0,46,1,64,3,30,4,0,163.0,0,162,8
981017,2016-05-27,Gujarat Lions,Sunrisers Hyderabad,Feroz Shah Kotla,Sunrisers Hyderabad,field,0,1,1,162,7,120,20.0,8.1,38,2,71,3,53,2,0,,0,163,6
981017,2016-05-27,Sunrisers Hyderabad,Gujarat Lions,Feroz Shah Kotla,Sunrisers Hyderabad,field,1,2,0,163,6,116,19.33,8.43,46,2,70,3,47,1,1,163.0,1,162,7
981019,2016-05-29,Sunrisers Hyderabad,Royal Challengers Bangalore,M Chinnaswamy Stadium,Sunrisers Hyderabad,bat,1,1,1,208,7,120,20.0,10.4,59,0,81,3,68,4,1,,0,200,7
981019,2016-05-29,Royal Challengers Bangalore,Sunrisers Hyderabad,M Chinnaswamy Stadium,Sunrisers Hyderabad,bat,0,2,0,200,7,120,20.0,10.0,59,0,99,3,42,4,0,209.0,0,208,7
1082591,2017-04-05,Sunrisers Hyderabad,Royal Challengers Bangalore,"Rajiv Gandhi International Stadium, Uppal",Royal Challengers Bangalore,field,0,1,1,207,4,120,20.0,10.35,59,1,92,1,56,2,1,,0,172,10
1082591,2017-04-05,Royal Challengers Bangalore,Sunrisers Hyderabad,"Rajiv Gandhi International Stadium, Uppal",Royal Challengers Bangalore,field,1,2,0,172,10,118,19.67,8.74,54,1,85,4,33,5,0,208.0,0,207,4
1082592,2017-04-06,Mumbai Indians,Rising Pune Supergiant,Maharashtra Cricket Association Stadium,Rising Pune Supergiant,field,0,1,1,184,8,120,20.0,9.2,61,1,59,4,64,3,0,,0,187,3
1082592,2017-04-06,Rising Pune Supergiant,Mumbai Indians,Maharashtra Cricket Association Stadium,Rising Pune Supergiant,field,1,2,0,187,3,119,19.83,9.43,59,1,80,1,48,1,1,185.0,1,184,8
1082593,2017-04-07,Gujarat Lions,Kolkata Knight Riders,Saurashtra Cricket Association Stadium,Kolkata Knight Riders,field,0,1,1,183,4,120,20.0,9.15,52,1,73,2,58,1,0,,0,184,0
1082593,2017-04-07,Kolkata Knight Riders,Gujarat Lions,Saurashtra Cricket Association Stadium,Kolkata Knight Riders,field,1,2,0,184,0,89,14.83,12.41,73,0,111,0,0,0,1,184.0,1,183,4
1082594,2017-04-08,Rising Pune Supergiant,Kings XI Punjab,Holkar Cricket Stadium,Kings XI Punjab,field,0,1,1,163,6,120,20.0,8.15,35,1,73,3,55,2,0,,0,164,4
1082594,2017-04-08,Kings XI Punjab,Rising Pune Supergiant,Holkar Cricket Stadium,Kings XI Punjab,field,1,2,0,164,4,114,19.0,8.63,56,2,72,2,36,0,1,164.0,1,163,6
1082595,2017-04-08,Royal Challengers Bangalore,Delhi Daredevils,M.Chinnaswamy Stadium,Royal Challengers Bangalore,bat,1,1,1,157,8,120,20.0,7.85,41,2,80,2,36,4,1,,0,142,9
1082595,2017-04-08,Delhi Daredevils,Royal Challengers Bangalore,M.Chinnaswamy Stadium,Royal Challengers Bangalore,bat,0,2,0,142,9,120,20.0,7.1,43,2,70,4,29,3,0,158.0,0,157,8
1082596,2017-04-09,Gujarat Lions,Sunrisers Hyderabad,"Rajiv Gandhi International Stadium, Uppal",Sunrisers Hyderabad,field,0,1,1,135,7,120,20.0,6.75,40,2,62,2,33,3,0,,0,140,1
1082596,2017-04-09,Sunrisers Hyderabad,Gujarat Lions,"Rajiv Gandhi International Stadium, Uppal",Sunrisers Hyderabad,field,1,2,0,140,1,93,15.5,9.03,59,1,72,0,9,0,1,136.0,1,135,7
1082597,2017-04-09,Kolkata Knight Riders,Mumbai Indians,Wankhede Stadium,Mumbai Indians,field,0,1,1,178,7,120,20.0,8.9,59,2,58,2,61,3,0,,0,180,6
1082597,2017-04-09,Mumbai Indians,Kolkata Knight Riders,Wankhede Stadium,Mumbai Indians,field,1,2,0,180,6,119,19.83,9.08,49,0,66,4,65,2,1,179.0,1,178,7
1082598,2017-04-10,Royal Challengers Bangalore,Kings XI Punjab,Holkar Cricket Stadium,Royal Challengers Bangalore,bat,1,1,1,148,4,120,20.0,7.4,23,3,48,1,77,0,0,,0,150,2
1082598,2017-04-10,Kings XI Punjab,Royal Challengers Bangalore,Holkar Cricket Stadium,Royal Challengers Bangalore,bat,0,2,0,150,2,87,14.5,10.34,62,1,88,1,0,0,1,149.0,1,148,4
1082599,2017-04-11,Delhi Daredevils,Rising Pune Supergiant,Maharashtra Cricket Association Stadium,Rising Pune Supergiant,field,0,1,1,205,4,120,20.0,10.25,62,1,61,1,82,2,1,,0,108,10
1082599,2017-04-11,Rising Pune Supergiant,Delhi Daredevils,Maharashtra Cricket Association Stadium,Rising Pune Supergiant,field,1,2,0,108,10,97,16.17,6.68,50,3,56,5,2,2,0,206.0,0,205,4
1082600,2017-04-12,Sunrisers Hyderabad,Mumbai Indians,Wankhede Stadium,Mumbai Indians,field,0,1,1,158,8,120,20.0,7.9,34,0,84,3,40,5,0,,0,159,6
1082600,2017-04-12,Mumbai Indians,Sunrisers Hyderabad,Wankhede Stadium,Mumbai Indians,field,1,2,0,159,6,112,18.67,8.52,61,2,60,2,38,2,1,159.0,1,158,8
1082601,2017-04-13,Kings XI Punjab,Kolkata Knight Riders,Eden Gardens,Kolkata Knight Riders,field,0,1,1,170,9,120,20.0,8.5,57,1,77,3,36,5,0,,0,171,2
1082601,2017-04-13,Kolkata Knight Riders,Kings XI Punjab,Eden Gardens,Kolkata Knight Riders,field,1,2,0,171,2,99,16.5,10.36,76,1,81,1,14,0,1,171.0,1,170,9
1082602,2017-04-14,Royal Challengers Bangalore,Mumbai Indians,M Chinnaswamy Stadium,Mumbai Indians,field,0,1,1,142,5,120,20.0,7.1,41,0,69,1,32,4,0,,0,145,6
1082602,2017-04-14,Mumbai Indians,Royal Challengers Bangalore,M Chinnaswamy Stadium,Mumbai Indians,field,1,2,0,145,6,113,18.83,7.7,21,4,70,1,54,1,1,143.0,1,142,5
1082603,2017-04-14,Rising Pune Supergiant,Gujarat Lions,Saurashtra Cricket Association Stadium,Gujarat Lions,field,0,1,1,171,8,120,20.0,8.55,64,2,62,3,45,3,0,,0,172,3
1082603,2017-04-14,Gujarat Lions,Rising Pune Supergiant,Saurashtra Cricket Association Stadium,Gujarat Lions,field,1,2,0,172,3,108,18.0,9.56,61,0,72,3,39,0,1,172.0,1,171,8
1082604,2017-04-15,Kolkata Knight Riders,Sunrisers Hyderabad,Eden Gardens,Sunrisers Hyderabad,field,0,1,1,172,6,120,20.0,8.6,40,2,84,1,48,3,1,,0,155,6
1082604,2017-04-15,Sunrisers Hyderabad,Kolkata Knight Riders,Eden Gardens,Sunrisers Hyderabad,field,1,2,0,155,6,120,20.0,7.75,45,0,68,5,42,1,0,173.0,0,172,6
1082605,2017-04-15,Delhi Daredevils,Kings XI Punjab,Feroz Shah Kotla,Delhi Daredevils,bat,1,1,1,188,6,120,20.0,9.4,49,0,71,4,68,2,1,,0,137,9
1082605,2017-04-15,Kings XI Punjab,Delhi Daredevils,Feroz Shah Kotla,Delhi Daredevils,bat,0,2,0,137,9,120,20.0,6.85,40,3,63,3,34,3,0,189.0,0,188,6
1082606,2017-04-16,Gujarat Lions,Mumbai Indians,Wankhede Stadium,Mumbai Indians,field,0,1,1,176,4,120,20.0,8.8,46,1,74,2,56,1,0,,0,177,4
1082606,2017-04-16,Mumbai Indians,Gujarat Lions,Wankhede Stadium,Mumbai Indians,field,1,2,0,177,4,117,19.5,9.08,56,1,76,2,45,1,1,177.0,1,176,4
1082607,2017-04-16,Rising Pune Supergiant,Royal Challengers Bangalore,M Chinnaswamy Stadium,Royal Challengers Bangalore,field,0,1,1,161,8,120,20.0,8.05,55,0,62,2,44,6,1,,0,134,9
1082607,2017-04-16,Royal Challengers Bangalore,Rising Pune Supergiant,M Chinnaswamy Stadium,Royal Challengers Bangalore,field,1,2,0,134,9,120,20.0,6.7,42,2,50,2,42,5,0,162.0,0,161,8
1082608,2017-04-17,Delhi Daredevils,Kolkata Knight Riders,Feroz Shah Kotla,Delhi Daredevils,bat,1,1,1,168,7,120,20.0,8.4,53,0,57,4,58,3,0,,0,169,6
1082608,2017-04-17,Kolkata Knight Riders,Delhi Daredevils,Feroz Shah Kotla,Delhi Daredevils,bat,0,2,0,169,6,119,19.83,8.52,49,3,86,1,34,2,1,169.0,1,168,7
1082609,2017-04-17,Sunrisers Hyderabad,Kings XI Punjab,"Rajiv Gandhi International Stadium, Uppal",Kings XI Punjab,field,0,1,1,159,6,120,20.0,7.95,29,1,79,2,51,3,1,,0,154,10
1082609,2017-04-17,Kings XI Punjab,Sunrisers Hyderabad,"Rajiv Gandhi International Stadium, Uppal",Kings XI Punjab,field,1,2,0,154,10,118,19.67,7.83,51,2,53,4,50,4,0,160.0,0,159,6
1082610,2017-04-18,Royal Challengers Bangalore,Gujarat Lions,Saurashtra Cricket Association Stadium,Gujarat Lions,field,0,1,1,213,2,120,20.0,10.65,45,0,108,1,60,1,1,,0,192,7
1082610,2017-04-18,Gujarat Lions,Royal Challengers Bangalore,Saurashtra Cricket Association Stadium,Gujarat Lions,field,1,2,0,192,7,120,20.0,9.6,57,2,82,3,53,2,0,214.0,0,213,2
1082611,2017-04-19,Sunrisers Hyderabad,Delhi Daredevils,"Rajiv Gandhi International Stadium, Uppal",Sunrisers Hyderabad,bat,1,1,1,191,4,120,20.0,9.55,39,1,96,0,56,3,1,,0,176,5
1082611,2017-04-19,Delhi Daredevils,Sunrisers Hyderabad,"Rajiv Gandhi International Stadium, Uppal",Sunrisers Hyderabad,bat,0,2,0,176,5,120,20.0,8.8,56,1,71,3,49,1,0,192.0,0,191,4
1082612,2017-04-20,Kings XI Punjab,Mumbai Indians,Holkar Cricket Stadium,Mumbai Indians,field,0,1,1,198,4,120,20.0,9.9,46,1,93,1,59,2,0,,0,199,2
1082612,2017-04-20,Mumbai Indians,Kings XI Punjab,Holkar Cricket Stadium,Mumbai Indians,field,1,2,0,199,2,93,15.5,12.84,82,1,109,1,8,0,1,199.0,1,198,4
1082613,2017-04-21,Kolkata Knight Riders,Gujarat Lions,Eden Gardens,Gujarat Lions,field,0,1,1,187,5,120,20.0,9.35,65,1,76,1,46,3,0,,0,188,6
1082613,2017-04-21,Gujarat Lions,Kolkata Knight Riders,Eden Gardens,Gujarat Lions,field,1,2,0,188,6,110,18.33,10.26,72,1,74,4,42,1,1,188.0,1,187,5
1082614,2017-04-22,Mumbai Indians,Delhi Daredevils,Wankhede Stadium,Delhi Daredevils,field,0,1,1,142,8,120,20.0,7.1,48,2,54,3,40,3,1,,0,128,7
1082614,2017-04-22,Delhi Daredevils,Mumbai Indians,Wankhede Stadium,Delhi Daredevils,field,1,2,0,128,7,120,20.0,6.4,23,5,68,1,37,1,0,143.0,0,142,8
1082615,2017-04-22,Sunrisers Hyderabad,Rising Pune Supergiant,Maharashtra Cricket Association Stadium,Rising Pune Supergiant,field,0,1,1,176,3,120,20.0,8.8,45,0,68,2,63,1,0,,0,179,4
1082615,2017-04-22,Rising Pune Supergiant,Sunrisers Hyderabad,Maharashtra Cricket Association Stadium,Rising Pune Supergiant,field,1,2,0,179,4,120,20.0,8.95,55,1,60,2,64,1,1,177.0,1,176,3
1082616,2017-04-23,Kings XI Punjab,Gujarat Lions,Saurashtra Cricket Association Stadium,Gujarat Lions,field,0,1,1,188,7,120,20.0,9.4,50,1,85,3,53,3,1,,0,162,7
1082616,2017-04-23,Gujarat Lions,Kings XI Punjab,Saurashtra Cricket Association Stadium,Gujarat Lions,field,1,2,0,162,7,120,20.0,8.1,50,2,71,4,41,1,0,189.0,0,188,7
1082617,2017-04-23,Kolkata Knight Riders,Royal Challengers Bangalore,Eden Gardens,Royal Challengers Bangalore,field,0,1,1,131,10,117,19.5,6.72,65,2,42,4,24,4,1,,0,49,10
1082617,2017-04-23,Royal Challengers Bangalore,Kolkata Knight Riders,Eden Gardens,Royal Challengers Bangalore,field,1,2,0,49,10,58,9.67,5.07,39,4,10,6,0,0,0,132.0,0,131,10
1082618,2017-04-24,Rising Pune Supergiant,Mumbai Indians,Wankhede Stadium,Mumbai Indians,field,0,1,1,160,6,120,20.0,8.0,48,0,72,3,40,3,1,,0,157,8
1082618,2017-04-24,Mumbai Indians,Rising Pune Supergiant,Wankhede Stadium,Mumbai Indians,field,1,2,0,157,8,120,20.0,7.85,44,1,69,3,44,4,0,161.0,0,160,6
1082620,2017-04-26,Rising Pune Supergiant,Kolkata Knight Riders,Maharashtra Cricket Association Stadium,Kolkata Knight Riders,field,0,1,1,182,5,120,20.0,9.1,57,0,72,2,53,3,0,,0,184,3
1082620,2017-04-26,Kolkata Knight Riders,Rising Pune Supergiant,Maharashtra Cricket Association Stadium,Kolkata Knight Riders,field,1,2,0,184,3,109,18.17,10.13,45,1,114,0,25,2,1,183.0,1,182,5
1082621,2017-04-27,Royal Challengers Bangalore,Gujarat Lions,M Chinnaswamy Stadium,Gujarat Lions,field,0,1,1,134,10,120,20.0,6.7,35,3,72,4,27,3,0,,0,135,3
1082621,2017-04-27,Gujarat Lions,Royal Challengers Bangalore,M Chinnaswamy Stadium,Gujarat Lions,field,1,2,0,135,3,83,13.83,9.76,49,2,86,1,0,0,1,135.0,1,134,10
1082622,2017-04-28,Delhi Daredevils,Kolkata Knight Riders,Eden Gardens,Kolkata Knight Riders,field,0,1,1,160,6,120,20.0,8.0,53,1,78,1,29,4,0,,0,161,3
1082622,2017-04-28,Kolkata Knight Riders,Delhi Daredevils,Eden Gardens,Kolkata Knight Riders,field,1,2,0,161,3,98,16.33,9.86,47,1,93,2,21,0,1,161.0,1,160,6
1082623,2017-04-28,Sunrisers Hyderabad,Kings XI Punjab,"Punjab Cricket Association IS Bindra Stadium, Mohali",Kings XI Punjab,field,0,1,1,207,3,120,20.0,10.35,60,0,95,2,52,1,1,,0,181,9
1082623,2017-04-28,Kings XI Punjab,Sunrisers Hyderabad,"Punjab Cricket Association IS Bindra Stadium, Mohali",Kings XI Punjab,field,1,2,0,181,9,120,20.0,9.05,59,3,79,2,43,4,0,208.0,0,207,3
1082624,2017-04-29,Rising Pune Supergiant,Royal Challengers Bangalore,Maharashtra Cricket Association Stadium,Royal Challengers Bangalore,field,0,1,1,157,3,120,20.0,7.85,43,1,68,2,46,0,1,,0,96,9
1082624,2017-04-29,Royal Challengers Bangalore,Rising Pune Supergiant,Maharashtra Cricket Association Stadium,Royal Challengers Bangalore,field,1,2,0,96,9,120,20.0,4.8,39,2,32,5,25,2,0,158.0,0,157,3
1082625,2017-04-29,Gujarat Lions,Mumbai Indians,Saurashtra Cricket Association Stadium,Gujarat Lions,bat,1,1,1,153,9,120,20.0,7.65,48,3,52,3,53,3,0,,0,153,10
1082625,2017-04-29,Mumbai Indians,Gujarat Lions,Saurashtra Cricket Association Stadium,Gujarat Lions,bat,0,2,0,153,10,120,20.0,7.65,61,1,53,3,39,6,0,154.0,0,153,9
1082626,2017-04-30,Delhi Daredevils,Kings XI Punjab,"Punjab Cricket Association IS Bindra Stadium, Mohali",Kings XI Punjab,field,0,1,1,67,10,103,17.17,3.9,25,3,35,4,7,3,0,,0,68,0
1082626,2017-04-30,Kings XI Punjab,Delhi Daredevils,"Punjab Cricket Association IS Bindra Stadium, Mohali",Kings XI Punjab,field,1,2,0,68,0,47,7.83,8.68,50,0,18,0,0,0,1,68.0,1,67,10
1082627,2017-04-30,Sunrisers Hyderabad,Kolkata Knight Riders,"Rajiv Gandhi International Stadium, Uppal",Kolkata Knight Riders,field,0,1,1,209,3,120,20.0,10.45,79,0,75,1,55,2,1,,0,161,7
1082627,2017-04-30,Kolkata Knight Riders,Sunrisers Hyderabad,"Rajiv Gandhi International Stadium, Uppal",Kolkata Knight Riders,field,1,2,0,161,7,120,20.0,8.05,44,2,78,2,39,3,0,210.0,0,209,3
1082628,2017-05-01,Royal Challengers Bangalore,Mumbai Indians,Wankhede Stadium,Royal Challengers Bangalore,bat,1,1,1,162,8,120,20.0,8.1,52,2,63,3,47,3,0,,0,165,6
1082628,2017-05-01,Mumbai Indians,Royal Challengers Bangalore,Wankhede Stadium,Royal Challengers Bangalore,bat,0,2,0,165,6,119,19.83,8.32,55,1,59,4,51,1,1,163.0,1,162,8
1082629,2017-05-01,Gujarat Lions,Rising Pune Supergiant,Maharashtra Cricket Association Stadium,Rising Pune Supergiant,field,0,1,1,161,10,119,19.83,8.12,55,1,80,5,26,4,0,,0,167,5
1082629,2017-05-01,Rising Pune Supergiant,Gujarat Lions,Maharashtra Cricket Association Stadium,Rising Pune Supergiant,field,1,2,0,167,5,119,19.83,8.42,43,4,59,0,65,1,1,162.0,1,161,10
1082630,2017-05-02,Sunrisers Hyderabad,Delhi Daredevils,Feroz Shah Kotla,Delhi Daredevils,field,0,1,1,185,3,120,20.0,9.25,66,1,48,2,71,0,0,,0,189,4
1082630,2017-05-02,Delhi Daredevils,Sunrisers Hyderabad,Feroz Shah Kotla,Delhi Daredevils,field,1,2,0,189,4,115,19.17,9.86,62,1,80,2,47,1,1,186.0,1,185,3
1082631,2017-05-03,Kolkata Knight Riders,Rising Pune Supergiant,Eden Gardens,Rising Pune Supergiant,field,0,1,1,155,8,120,20.0,7.75,41,3,69,2,45,3,0,,0,158,6
1082631,2017-05-03,Rising Pune Supergiant,Kolkata Knight Riders,Eden Gardens,Rising Pune Supergiant,field,1,2,0,158,6,116,19.33,8.17,74,2,60,2,24,2,1,156.0,1,155,8
1082632,2017-05-04,Gujarat Lions,Delhi Daredevils,Feroz Shah Kotla,Delhi Daredevils,field,0,1,1,208,7,120,20.0,10.4,58,2,106,2,44,3,0,,0,214,3
1082632,2017-05-04,Delhi Daredevils,Gujarat Lions,Feroz Shah Kotla,Delhi Daredevils,field,1,2,0,214,3,105,17.5,12.23,63,1,119,2,32,0,1,209.0,1,208,7
1082633,2017-05-05,Kings XI Punjab,Royal Challengers Bangalore,M Chinnaswamy Stadium,Royal Challengers Bangalore,field,0,1,1,138,7,120,20.0,6.9,35,2,49,3,54,2,1,,0,119,10
1082633,2017-05-05,Royal Challengers Bangalore,Kings XI Punjab,M Chinnaswamy Stadium,Royal Challengers Bangalore,field,1,2,0,119,10,114,19.0,6.26,46,3,52,4,21,3,0,139.0,0,138,7
1082634,2017-05-06,Rising Pune Supergiant,Sunrisers Hyderabad,"Rajiv Gandhi International Stadium, Uppal",Sunrisers Hyderabad,field,0,1,1,148,8,120,20.0,7.4,35,1,65,2,48,5,1,,0,136,9
1082634,2017-05-06,Sunrisers Hyderabad,Rising Pune Supergiant,"Rajiv Gandhi International Stadium, Uppal",Sunrisers Hyderabad,field,1,2,0,136,9,120,20.0,6.8,47,2,54,2,35,5,0,149.0,0,148,8
1082635,2017-05-06,Mumbai Indians,Delhi Daredevils,Feroz Shah Kotla,Delhi Daredevils,field,0,1,1,212,3,120,20.0,10.6,60,0,88,2,64,1,1,,0,66,10
1082635,2017-05-06,Delhi Daredevils,Mumbai Indians,Feroz Shah Kotla,Delhi Daredevils,field,1,2,0,66,10,82,13.67,4.83,35,5,31,5,0,0,0,213.0,0,212,3
1082636,2017-05-07,Royal Challengers Bangalore,Kolkata Knight Riders,M Chinnaswamy Stadium,Kolkata Knight Riders,field,0,1,1,158,6,120,20.0,7.9,40,3,65,0,53,3,0,,0,159,4
1082636,2017-05-07,Kolkata Knight Riders,Royal Challengers Bangalore,M Chinnaswamy Stadium,Kolkata Knight Riders,field,1,2,0,159,4,91,15.17,10.48,105,0,52,4,2,0,1,159.0,1,158,6
1082637,2017-05-07,Kings XI Punjab,Gujarat Lions,"Punjab Cricket Association IS Bindra Stadium, Mohali",Gujarat Lions,field,0,1,1,189,3,120,20.0,9.45,44,1,79,0,66,2,0,,0,192,4
1082637,2017-05-07,Gujarat Lions,Kings XI Punjab,"Punjab Cricket Association IS Bindra Stadium, Mohali",Gujarat Lions,field,1,2,0,192,4,118,19.67,9.76,58,0,90,2,44,2,1,190.0,1,189,3
1082638,2017-05-08,Mumbai Indians,Sunrisers Hyderabad,"Rajiv Gandhi International Stadium, Uppal",Mumbai Indians,bat,1,1,1,138,7,120,20.0,6.9,36,2,63,2,39,3,0,,0,140,3
1082638,2017-05-08,Sunrisers Hyderabad,Mumbai Indians,"Rajiv Gandhi International Stadium, Uppal",Mumbai Indians,bat,0,2,0,140,3,110,18.33,7.64,43,1,70,2,27,0,1,139.0,1,138,7
1082639,2017-05-09,Kings XI Punjab,Kolkata Knight Riders,"Punjab Cricket Association IS Bindra Stadium, Mohali",Kolkata Knight Riders,field,0,1,1,167,6,120,20.0,8.35,41,2,74,1,52,3,1,,0,153,6
1082639,2017-05-09,Kolkata Knight Riders,Kings XI Punjab,"Punjab Cricket Association IS Bindra Stadium, Mohali",Kolkata Knight Riders,field,1,2,0,153,6,120,20.0,7.65,61,1,57,2,35,3,0,168.0,0,167,6
1082640,2017-05-10,Gujarat Lions,Delhi Daredevils,Green Park,Delhi Daredevils,field,0,1,1,195,5,120,20.0,9.75,50,2,84,1,61,2,0,,0,197,8
1082640,2017-05-10,Delhi Daredevils,Gujarat Lions,Green Park,Delhi Daredevils,field,1,2,0,197,8,118,19.67,10.02,64,2,74,4,59,2,1,196.0,1,195,5
1082641,2017-05-11,Kings XI Punjab,Mumbai Indians,Wankhede Stadium,Mumbai Indians,field,0,1,1,230,3,120,20.0,11.5,71,1,102,1,57,1,1,,0,223,6
1082641,2017-05-11,Mumbai Indians,Kings XI Punjab,Wankhede Stadium,Mumbai Indians,field,1,2,0,223,6,120,20.0,11.15,68,0,80,4,75,2,0,231.0,0,230,3
1082642,2017-05-12,Delhi Daredevils,Rising Pune Supergiant,Feroz Shah Kotla,Delhi Daredevils,bat,1,1,1,168,8,120,20.0,8.4,54,2,69,2,45,4,1,,0,161,7
1082642,2017-05-12,Rising Pune Supergiant,Delhi Daredevils,Feroz Shah Kotla,Delhi Daredevils,bat,0,2,0,161,7,120,20.0,8.05,53,2,64,1,44,4,0,169.0,0,168,8
1082643,2017-05-13,Gujarat Lions,Sunrisers Hyderabad,Green Park,Sunrisers Hyderabad,field,0,1,1,154,10,116,19.33,7.97,61,0,65,5,28,5,0,,0,158,2
1082643,2017-05-13,Sunrisers Hyderabad,Gujarat Lions,Green Park,Sunrisers Hyderabad,field,1,2,0,158,2,109,18.17,8.7,47,2,80,0,31,0,1,155.0,1,154,10
1082644,2017-05-13,Mumbai Indians,Kolkata Knight Riders,Eden Gardens,Kolkata Knight Riders,field,0,1,1,173,5,120,20.0,8.65,51,1,67,1,55,3,1,,0,164,8
1082644,2017-05-13,Kolkata Knight Riders,Mumbai Indians,Eden Gardens,Kolkata Knight Riders,field,1,2,0,164,8,120,20.0,8.2,53,3,78,3,33,2,0,174.0,0,173,5
1082645,2017-05-14,Kings XI Punjab,Rising Pune Supergiant,Maharashtra Cricket Association Stadium,Rising Pune Supergiant,field,0,1,1,73,10,95,15.83,4.61,32,5,39,3,2,2,0,,0,78,1
1082645,2017-05-14,Rising Pune Supergiant,Kings XI Punjab,Maharashtra Cricket Association Stadium,Rising Pune Supergiant,field,1,2,0,78,1,72,12.0,6.5,43,1,35,0,0,0,1,74.0,1,73,10
1082646,2017-05-14,Royal Challengers Bangalore,Delhi Daredevils,Feroz Shah Kotla,Royal Challengers Bangalore,bat,1,1,1,161,6,120,20.0,8.05,37,1,70,2,54,3,1,,0,151,10
1082646,2017-05-14,Delhi Daredevils,Royal Challengers Bangalore,Feroz Shah Kotla,Royal Challengers Bangalore,bat,0,2,0,151,10,120,20.0,7.55,42,2,62,2,47,6,0,162.0,0,161,6
1082647,2017-05-16,Rising Pune Supergiant,Mumbai Indians,Wankhede Stadium,Mumbai Indians,field,0,1,1,162,4,120,20.0,8.1,33,2,71,1,58,1,1,,0,142,9
1082647,2017-05-16,Mumbai Indians,Rising Pune Supergiant,Wankhede Stadium,Mumbai Indians,field,1,2,0,142,9,120,20.0,7.1,42,3,61,4,39,2,0,163.0,0,162,4
1082648,2017-05-17,Sunrisers Hyderabad,Kolkata Knight Riders,M Chinnaswamy Stadium,Kolkata Knight Riders,field,0,1,1,128,7,120,20.0,6.4,30,1,68,2,30,4,0,,0,48,3
1082648,2017-05-17,Kolkata Knight Riders,Sunrisers Hyderabad,M Chinnaswamy Stadium,Kolkata Knight Riders,field,1,2,0,48,3,32,5.33,9.01,48,3,0,0,0,0,1,129.0,1,128,7
1082649,2017-05-19,Kolkata Knight Riders,Mumbai Indians,M Chinnaswamy Stadium,Mumbai Indians,field,0,1,1,107,10,113,18.83,5.68,25,3,63,3,19,4,0,,0,111,4
1082649,2017-05-19,Mumbai Indians,Kolkata Knight Riders,M Chinnaswamy Stadium,Mumbai Indians,field,1,2,0,111,4,87,14.5,7.66,36,3,75,1,0,0,1,108.0,1,107,10
1082650,2017-05-21,Mumbai Indians,Rising Pune Supergiant,"Rajiv Gandhi International Stadium, Uppal",Mumbai Indians,bat,1,1,1,129,8,120,20.0,6.45,32,2,49,5,48,1,1,,0,128,6
1082650,2017-05-21,Rising Pune Supergiant,Mumbai Indians,"Rajiv Gandhi International Stadium, Uppal",Mumbai Indians,bat,0,2,0,128,6,120,20.0,6.4,38,1,45,1,45,4,0,130.0,0,129,8
1136561,2018-04-07,Mumbai Indians,Chennai Super Kings,Wankhede Stadium,Chennai Super Kings,field,0,1,1,165,4,120,20.0,8.25,39,2,78,2,48,0,0,,0,169,9
1136561,2018-04-07,Chennai Super Kings,Mumbai Indians,Wankhede Stadium,Chennai Super Kings,field,1,2,0,169,9,119,19.83,8.52,42,2,64,5,63,2,1,166.0,1,165,4
1136562,2018-04-08,Delhi Daredevils,Kings XI Punjab,Punjab Cricket Association IS Bindra Stadium,Kings XI Punjab,field,0,1,1,166,7,120,20.0,8.3,45,1,78,4,43,2,0,,0,167,4
1136562,2018-04-08,Kings XI Punjab,Delhi Daredevils,Punjab Cricket Association IS Bindra Stadium,Kings XI Punjab,field,1,2,0,167,4,113,18.83,8.87,73,2,59,1,35,1,1,167.0,1,166,7
1136563,2018-04-08,Royal Challengers Bangalore,Kolkata Knight Riders,Eden Gardens,Kolkata Knight Riders,field,0,1,1,176,7,120,20.0,8.8,52,1,80,3,44,3,0,,0,177,6
1136563,2018-04-08,Kolkata Knight Riders,Royal Challengers Bangalore,Eden Gardens,Kolkata Knight Riders,field,1,2,0,177,6,113,18.83,9.4,68,2,73,2,36,2,1,177.0,1,176,7
1136564,2018-04-09,Rajasthan Royals,Sunrisers Hyderabad,Rajiv Gandhi International Stadium,Sunrisers Hyderabad,field,0,1,1,125,9,120,20.0,6.25,48,1,49,5,28,3,0,,0,127,1
1136564,2018-04-09,Sunrisers Hyderabad,Rajasthan Royals,Rajiv Gandhi International Stadium,Sunrisers Hyderabad,field,1,2,0,127,1,96,16.0,7.94,57,1,66,0,4,0,1,126.0,1,125,9
1136565,2018-04-10,Kolkata Knight Riders,Chennai Super Kings,MA Chidambaram Stadium,Chennai Super Kings,field,0,1,1,202,6,120,20.0,10.1,64,2,59,3,79,1,0,,0,205,5
1136565,2018-04-10,Chennai Super Kings,Kolkata Knight Riders,MA Chidambaram Stadium,Chennai Super Kings,field,1,2,0,205,5,119,19.83,10.34,75,1,70,2,60,2,1,203.0,1,202,6
1136566,2018-04-11,Rajasthan Royals,Delhi Daredevils,Sawai Mansingh Stadium,Delhi Daredevils,field,0,1,1,153,5,107,17.83,8.58,51,2,66,2,36,1,1,,0,60,4
1136566,2018-04-11,Delhi Daredevils,Rajasthan Royals,Sawai Mansingh Stadium,Delhi Daredevils,field,1,2,0,60,4,36,6.0,10.0,60,4,0,0,0,0,0,154.0,0,153,5
1136567,2018-04-12,Mumbai Indians,Sunrisers Hyderabad,Rajiv Gandhi International Stadium,Sunrisers Hyderabad,field,0,1,1,147,8,120,20.0,7.35,54,3,57,2,36,3,0,,0,151,9
1136567,2018-04-12,Sunrisers Hyderabad,Mumbai Indians,Rajiv Gandhi International Stadium,Sunrisers Hyderabad,field,1,2,0,151,9,120,20.0,7.55,56,0,65,5,30,4,1,148.0,1,147,8
1136568,2018-04-13,Kings XI Punjab,Royal Challengers Bangalore,M.Chinnaswamy Stadium,Royal Challengers Bangalore,field,0,1,1,155,10,116,19.33,8.02,50,3,72,4,33,3,0,,0,159,6
1136568,2018-04-13,Royal Challengers Bangalore,Kings XI Punjab,M.Chinnaswamy Stadium,Royal Challengers Bangalore,field,1,2,0,159,6,117,19.5,8.15,41,2,68,2,50,2,1,156.0,1,155,10
1136569,2018-04-14,Mumbai Indians,Delhi Daredevils,Wankhede Stadium,Delhi Daredevils,field,0,1,1,194,7,120,20.0,9.7,84,0,74,2,36,5,0,,0,195,3
1136569,2018-04-14,Delhi Daredevils,Mumbai Indians,Wankhede Stadium,Delhi Daredevils,field,1,2,0,195,3,120,20.0,9.75,53,1,95,2,47,0,1,195.0,1,194,7
1136570,2018-04-14,Kolkata Knight Riders,Sunrisers Hyderabad,Eden Gardens,Sunrisers Hyderabad,field,0,1,1,138,8,120,20.0,6.9,49,1,57,4,32,3,0,,0,139,5
1136570,2018-04-14,Sunrisers Hyderabad,Kolkata Knight Riders,Eden Gardens,Sunrisers Hyderabad,field,1,2,0,139,5,114,19.0,7.32,46,2,66,1,27,2,1,139.0,1,138,8
1136571,2018-04-15,Rajasthan Royals,Royal Challengers Bangalore,M.Chinnaswamy Stadium,Royal Challengers Bangalore,field,0,1,1,217,4,120,20.0,10.85,52,1,77,2,88,1,1,,0,198,6
1136571,2018-04-15,Royal Challengers Bangalore,Rajasthan Royals,M.Chinnaswamy Stadium,Royal Challengers Bangalore,field,1,2,0,198,6,120,20.0,9.9,64,1,70,4,64,1,0,218.0,0,217,4
1136572,2018-04-15,Kings XI Punjab,Chennai Super Kings,Punjab Cricket Association IS Bindra Stadium,Chennai Super Kings,field,0,1,1,197,7,120,20.0,9.85,75,0,79,4,43,3,1,,0,193,5
1136572,2018-04-15,Chennai Super Kings,Kings XI Punjab,Punjab Cricket Association IS Bindra Stadium,Chennai Super Kings,field,1,2,0,193,5,120,20.0,9.65,53,2,69,2,71,1,0,198.0,0,197,7
1136573,2018-04-16,Kolkata Knight Riders,Delhi Daredevils,Eden Gardens,Delhi Daredevils,field,0,1,1,200,9,120,20.0,10.0,50,1,95,3,55,5,1,,0,129,10
1136573,2018-04-16,Delhi Daredevils,Kolkata Knight Riders,Eden Gardens,Delhi Daredevils,field,1,2,0,129,10,86,14.33,9.0,56,3,73,7,0,0,0,201.0,0,200,9
1136574,2018-04-17,Mumbai Indians,Royal Challengers Bangalore,Wankhede Stadium,Royal Challengers Bangalore,field,0,1,1,213,6,120,20.0,10.65,60,2,83,1,70,3,1,,0,167,8
1136574,2018-04-17,Royal Challengers Bangalore,Mumbai Indians,Wankhede Stadium,Royal Challengers Bangalore,field,1,2,0,167,8,120,20.0,8.35,55,2,53,4,59,2,0,214.0,0,213,6
1136575,2018-04-18,Rajasthan Royals,Kolkata Knight Riders,Sawai Mansingh Stadium,Kolkata Knight Riders,field,0,1,1,160,8,120,20.0,8.0,48,0,64,4,48,4,0,,0,163,3
1136575,2018-04-18,Kolkata Knight Riders,Rajasthan Royals,Sawai Mansingh Stadium,Kolkata Knight Riders,field,1,2,0,163,3,113,18.83,8.66,53,1,68,2,42,0,1,161.0,1,160,8
1136576,2018-04-19,Kings XI Punjab,Sunrisers Hyderabad,Punjab Cricket Association IS Bindra Stadium,Kings XI Punjab,bat,1,1,1,193,3,120,20.0,9.65,49,0,94,2,50,1,1,,0,178,5
1136576,2018-04-19,Sunrisers Hyderabad,Kings XI Punjab,Punjab Cricket Association IS Bindra Stadium,Kings XI Punjab,bat,0,2,0,178,5,120,20.0,8.9,40,3,78,1,60,1,0,194.0,0,193,3
1136577,2018-04-20,Chennai Super Kings,Rajasthan Royals,Maharashtra Cricket Association Stadium,Rajasthan Royals,field,0,1,1,204,5,120,20.0,10.2,69,1,92,2,43,2,1,,0,140,10
1136577,2018-04-20,Rajasthan Royals,Chennai Super Kings,Maharashtra Cricket Association Stadium,Rajasthan Royals,field,1,2,0,140,10,111,18.5,7.57,35,3,80,4,25,3,0,205.0,0,204,5
1136578,2018-04-21,Kolkata Knight Riders,Kings XI Punjab,Eden Gardens,Kings XI Punjab,field,0,1,1,191,7,120,20.0,9.55,50,1,96,2,45,4,0,,0,126,1
1136578,2018-04-21,Kings XI Punjab,Kolkata Knight Riders,Eden Gardens,Kings XI Punjab,field,1,2,0,126,1,67,11.17,11.28,73,0,53,1,0,0,1,192.0,1,191,7
1136579,2018-04-21,Delhi Daredevils,Royal Challengers Bangalore,M.Chinnaswamy Stadium,Royal Challengers Bangalore,field,0,1,1,174,5,120,20.0,8.7,28,2,75,1,71,2,0,,0,176,4
1136579,2018-04-21,Royal Challengers Bangalore,Delhi Daredevils,M.Chinnaswamy Stadium,Royal Challengers Bangalore,field,1,2,0,176,4,108,18.0,9.78,43,2,97,1,36,1,1,175.0,1,174,5
1136580,2018-04-22,Chennai Super Kings,Sunrisers Hyderabad,Rajiv Gandhi International Stadium,Sunrisers Hyderabad,field,0,1,1,182,3,120,20.0,9.1,27,1,93,1,62,1,1,,0,178,6
1136580,2018-04-22,Sunrisers Hyderabad,Chennai Super Kings,Rajiv Gandhi International Stadium,Sunrisers Hyderabad,field,1,2,0,178,6,120,20.0,8.9,40,3,77,1,61,2,0,183.0,0,182,3
1136581,2018-04-22,Mumbai Indians,Rajasthan Royals,Sawai Mansingh Stadium,Mumbai Indians,bat,1,1,1,167,7,120,20.0,8.35,43,1,92,1,32,5,0,,0,168,7
1136581,2018-04-22,Rajasthan Royals,Mumbai Indians,Sawai Mansingh Stadium,Mumbai Indians,bat,0,2,0,168,7,118,19.67,8.54,43,2,75,1,50,4,1,168.0,1,167,7
1136582,2018-04-23,Kings XI Punjab,Delhi Daredevils,Arun Jaitley Stadium,Delhi Daredevils,field,0,1,1,143,8,120,20.0,7.15,51,2,49,2,43,4,1,,0,139,8
1136582,2018-04-23,Delhi Daredevils,Kings XI Punjab,Arun Jaitley Stadium,Delhi Daredevils,field,1,2,0,139,8,120,20.0,6.95,48,3,48,2,43,3,0,144.0,0,143,8
1136583,2018-04-24,Sunrisers Hyderabad,Mumbai Indians,Wankhede Stadium,Mumbai Indians,field,0,1,1,118,10,112,18.67,6.32,51,4,55,3,12,3,1,,0,87,10
1136583,2018-04-24,Mumbai Indians,Sunrisers Hyderabad,Wankhede Stadium,Mumbai Indians,field,1,2,0,87,10,113,18.83,4.62,22,3,55,3,10,4,0,119.0,0,118,10
1136584,2018-04-25,Royal Challengers Bangalore,Chennai Super Kings,M.Chinnaswamy Stadium,Chennai Super Kings,field,0,1,1,205,8,120,20.0,10.25,52,1,90,3,63,4,0,,0,207,5
1136584,2018-04-25,Chennai Super Kings,Royal Challengers Bangalore,M.Chinnaswamy Stadium,Chennai Super Kings,field,1,2,0,207,5,118,19.67,10.52,55,2,80,2,72,1,1,206.0,1,205,8
1136585,2018-04-26,Sunrisers Hyderabad,Kings XI Punjab,Rajiv Gandhi International Stadium,Kings XI Punjab,field,0,1,1,132,6,120,20.0,6.6,37,3,60,1,35,2,1,,0,119,10
1136585,2018-04-26,Kings XI Punjab,Sunrisers Hyderabad,Rajiv Gandhi International Stadium,Kings XI Punjab,field,1,2,0,119,10,116,19.33,6.16,44,0,47,5,28,5,0,133.0,0,132,6
1136586,2018-04-27,Delhi Daredevils,Kolkata Knight Riders,Arun Jaitley Stadium,Kolkata Knight Riders,field,0,1,1,219,4,120,20.0,10.95,57,0,83,3,79,1,1,,0,164,9
1136586,2018-04-27,Kolkata Knight Riders,Delhi Daredevils,Arun Jaitley Stadium,Kolkata Knight Riders,field,1,2,0,164,9,120,20.0,8.2,51,4,89,1,24,4,0,220.0,0,219,4
1136587,2018-04-28,Chennai Super Kings,Mumbai Indians,Maharashtra Cricket Association Stadium,Mumbai Indians,field,0,1,1,169,5,120,20.0,8.45,51,1,66,1,52,3,0,,0,170,2
1136587,2018-04-28,Mumbai Indians,Chennai Super Kings,Maharashtra Cricket Association Stadium,Mumbai Indians,field,1,2,0,170,2,118,19.67,8.64,50,0,73,1,47,1,1,170.0,1,169,5
1136588,2018-04-29,Sunrisers Hyderabad,Rajasthan Royals,Sawai Mansingh Stadium,Sunrisers Hyderabad,bat,1,1,1,151,7,120,20.0,7.55,39,1,81,2,31,4,1,,0,140,6
1136588,2018-04-29,Rajasthan Royals,Sunrisers Hyderabad,Sawai Mansingh Stadium,Sunrisers Hyderabad,bat,0,2,0,140,6,120,20.0,7.0,43,1,59,3,38,2,0,152.0,0,151,7
1136589,2018-04-29,Royal Challengers Bangalore,Kolkata Knight Riders,M.Chinnaswamy Stadium,Kolkata Knight Riders,field,0,1,1,175,4,120,20.0,8.75,40,0,69,3,66,1,0,,0,176,5
1136589,2018-04-29,Kolkata Knight Riders,Royal Challengers Bangalore,M.Chinnaswamy Stadium,Kolkata Knight Riders,field,1,2,0,176,5,115,19.17,9.18,51,0,73,2,52,3,1,176.0,1,175,4
1136590,2018-04-30,Chennai Super Kings,Delhi Daredevils,Maharashtra Cricket Association Stadium,Delhi Daredevils,field,0,1,1,211,4,120,20.0,10.55,56,0,81,3,74,1,1,,0,198,5
1136590,2018-04-30,Delhi Daredevils,Chennai Super Kings,Maharashtra Cricket Association Stadium,Delhi Daredevils,field,1,2,0,198,5,120,20.0,9.9,59,2,69,2,70,1,0,212.0,0,211,4
1136591,2018-05-01,Royal Challengers Bangalore,Mumbai Indians,M.Chinnaswamy Stadium,Mumbai Indians,field,0,1,1,167,7,120,20.0,8.35,43,1,80,2,44,4,1,,0,153,7
1136591,2018-05-01,Mumbai Indians,Royal Challengers Bangalore,M.Chinnaswamy Stadium,Mumbai Indians,field,1,2,0,153,7,120,20.0,7.65,40,3,66,2,47,2,0,168.0,0,167,7
1136592,2018-05-02,Delhi Daredevils,Rajasthan Royals,Arun Jaitley Stadium,Rajasthan Royals,field,0,1,1,196,6,103,17.17,11.42,62,1,110,3,24,2,1,,0,146,5
1136592,2018-05-02,Rajasthan Royals,Delhi Daredevils,Arun Jaitley Stadium,Rajasthan Royals,field,1,2,0,146,5,72,12.0,12.17,79,0,67,5,0,0,0,197.0,0,196,6
1136593,2018-05-03,Chennai Super Kings,Kolkata Knight Riders,Eden Gardens,Kolkata Knight Riders,field,0,1,1,177,5,120,20.0,8.85,57,1,64,3,56,1,0,,0,180,4
1136593,2018-05-03,Kolkata Knight Riders,Chennai Super Kings,Eden Gardens,Kolkata Knight Riders,field,1,2,0,180,4,106,17.67,10.19,56,2,85,2,39,0,1,178.0,1,177,5
1136594,2018-05-04,Kings XI Punjab,Mumbai Indians,Holkar Cricket Stadium,Mumbai Indians,field,0,1,1,174,6,120,20.0,8.7,49,0,74,3,51,3,0,,0,176,4
1136594,2018-05-04,Mumbai Indians,Kings XI Punjab,Holkar Cricket Stadium,Mumbai Indians,field,1,2,0,176,4,114,19.0,9.26,39,1,79,2,58,1,1,175.0,1,174,6
1136595,2018-05-05,Royal Challengers Bangalore,Chennai Super Kings,Maharashtra Cricket Association Stadium,Chennai Super Kings,field,0,1,1,127,9,120,20.0,6.35,47,1,42,6,38,2,0,,0,128,4
1136595,2018-05-05,Chennai Super Kings,Royal Challengers Bangalore,Maharashtra Cricket Association Stadium,Chennai Super Kings,field,1,2,0,128,4,108,18.0,7.11,42,1,47,3,39,0,1,128.0,1,127,9
1136596,2018-05-05,Delhi Daredevils,Sunrisers Hyderabad,Rajiv Gandhi International Stadium,Delhi Daredevils,bat,1,1,1,163,5,120,20.0,8.15,60,1,65,1,38,3,0,,0,164,3
1136596,2018-05-05,Sunrisers Hyderabad,Delhi Daredevils,Rajiv Gandhi International Stadium,Delhi Daredevils,bat,0,2,0,164,3,119,19.83,8.27,61,0,54,2,49,1,1,164.0,1,163,5
1136597,2018-05-06,Mumbai Indians,Kolkata Knight Riders,Wankhede Stadium,Kolkata Knight Riders,field,0,1,1,181,4,120,20.0,9.05,56,0,76,3,49,1,1,,0,168,6
1136597,2018-05-06,Kolkata Knight Riders,Mumbai Indians,Wankhede Stadium,Kolkata Knight Riders,field,1,2,0,168,6,120,20.0,8.4,47,2,75,2,46,2,0,182.0,0,181,4
1136598,2018-05-06,Rajasthan Royals,Kings XI Punjab,Holkar Cricket Stadium,Kings XI Punjab,field,0,1,1,152,9,120,20.0,7.6,45,2,65,4,42,3,0,,0,155,4
1136598,2018-05-06,Kings XI Punjab,Rajasthan Royals,Holkar Cricket Stadium,Kings XI Punjab,field,1,2,0,155,4,112,18.67,8.3,34,2,68,2,53,0,1,153.0,1,152,9
1136599,2018-05-07,Sunrisers Hyderabad,Royal Challengers Bangalore,Rajiv Gandhi International Stadium,Royal Challengers Bangalore,field,0,1,1,146,10,120,20.0,7.3,38,2,67,1,41,7,1,,0,141,6
1136599,2018-05-07,Royal Challengers Bangalore,Sunrisers Hyderabad,Rajiv Gandhi International Stadium,Royal Challengers Bangalore,field,1,2,0,141,6,120,20.0,7.05,55,1,47,4,39,1,0,147.0,0,146,10
1136600,2018-05-08,Rajasthan Royals,Kings XI Punjab,Sawai Mansingh Stadium,Rajasthan Royals,bat,1,1,1,158,8,120,20.0,7.9,63,1,57,2,38,5,1,,0,143,7
1136600,2018-05-08,Kings XI Punjab,Rajasthan Royals,Sawai Mansingh Stadium,Rajasthan Royals,bat,0,2,0,143,7,120,20.0,7.15,33,3,59,3,51,1,0,159.0,0,158,8
1136601,2018-05-09,Mumbai Indians,Kolkata Knight Riders,Eden Gardens,Kolkata Knight Riders,field,0,1,1,210,6,120,20.0,10.5,47,1,98,2,65,3,1,,0,108,10
1136601,2018-05-09,Kolkata Knight Riders,Mumbai Indians,Eden Gardens,Kolkata Knight Riders,field,1,2,0,108,10,109,18.17,5.94,47,2,48,6,13,2,0,211.0,0,210,6
1136602,2018-05-10,Delhi Daredevils,Sunrisers Hyderabad,Arun Jaitley Stadium,Delhi Daredevils,bat,1,1,1,187,5,120,20.0,9.35,38,2,73,2,76,1,0,,0,191,1
1136602,2018-05-10,Sunrisers Hyderabad,Delhi Daredevils,Arun Jaitley Stadium,Delhi Daredevils,bat,0,2,0,191,1,113,18.83,10.14,51,1,101,0,39,0,1,188.0,1,187,5
1136603,2018-05-11,Chennai Super Kings,Rajasthan Royals,Sawai Mansingh Stadium,Chennai Super Kings,bat,1,1,1,176,4,120,20.0,8.8,55,1,72,2,49,1,0,,0,177,6
1136603,2018-05-11,Rajasthan Royals,Chennai Super Kings,Sawai Mansingh Stadium,Chennai Super Kings,bat,0,2,0,177,6,119,19.83,8.93,57,2,65,2,55,2,1,177.0,1,176,4
1136604,2018-05-12,Kolkata Knight Riders,Kings XI Punjab,Holkar Cricket Stadium,Kings XI Punjab,field,0,1,1,245,6,120,20.0,12.25,59,1,110,2,76,3,1,,0,214,8
1136604,2018-05-12,Kings XI Punjab,Kolkata Knight Riders,Holkar Cricket Stadium,Kings XI Punjab,field,1,2,0,214,8,120,20.0,10.7,58,2,92,3,64,3,0,246.0,0,245,6
1136605,2018-05-12,Delhi Daredevils,Royal Challengers Bangalore,Arun Jaitley Stadium,Royal Challengers Bangalore,field,0,1,1,181,4,120,20.0,9.05,44,2,76,1,61,1,0,,0,187,5
1136605,2018-05-12,Royal Challengers Bangalore,Delhi Daredevils,Arun Jaitley Stadium,Royal Challengers Bangalore,field,1,2,0,187,5,114,19.0,9.84,58,2,89,1,40,2,1,182.0,1,181,4
1136606,2018-05-13,Sunrisers Hyderabad,Chennai Super Kings,Maharashtra Cricket Association Stadium,Chennai Super Kings,field,0,1,1,179,4,120,20.0,8.95,29,1,101,0,49,3,0,,0,180,2
1136606,2018-05-13,Chennai Super Kings,Sunrisers Hyderabad,Maharashtra Cricket Association Stadium,Chennai Super Kings,field,1,2,0,180,2,114,19.0,9.47,53,0,90,2,37,0,1,180.0,1,179,4
1136607,2018-05-13,Mumbai Indians,Rajasthan Royals,Wankhede Stadium,Rajasthan Royals,field,0,1,1,168,6,120,20.0,8.4,51,0,72,4,45,2,0,,0,171,3
1136607,2018-05-13,Rajasthan Royals,Mumbai Indians,Wankhede Stadium,Rajasthan Royals,field,1,2,0,171,3,108,18.0,9.5,51,1,81,1,39,1,1,169.0,1,168,6
1136608,2018-05-14,Kings XI Punjab,Royal Challengers Bangalore,Holkar Cricket Stadium,Royal Challengers Bangalore,field,0,1,1,88,10,91,15.17,5.8,47,3,40,6,1,1,0,,0,92,0
1136608,2018-05-14,Royal Challengers Bangalore,Kings XI Punjab,Holkar Cricket Stadium,Royal Challengers Bangalore,field,1,2,0,92,0,49,8.17,11.26,66,0,26,0,0,0,1,89.0,1,88,10
1136609,2018-05-15,Rajasthan Royals,Kolkata Knight Riders,Eden Gardens,Kolkata Knight Riders,field,0,1,1,142,10,114,19.0,7.47,68,1,50,6,24,3,0,,0,145,4
1136609,2018-05-15,Kolkata Knight Riders,Rajasthan Royals,Eden Gardens,Kolkata Knight Riders,field,1,2,0,145,4,108,18.0,8.06,51,2,65,1,29,1,1,143.0,1,142,10
1136610,2018-05-16,Mumbai Indians,Kings XI Punjab,Wankhede Stadium,Kings XI Punjab,field,0,1,1,186,8,120,20.0,9.3,60,3,91,2,35,3,1,,0,183,5
1136610,2018-05-16,Kings XI Punjab,Mumbai Indians,Wankhede Stadium,Kings XI Punjab,field,1,2,0,183,5,120,20.0,9.15,57,1,70,0,56,4,0,187.0,0,186,8
1136611,2018-05-17,Royal Challengers Bangalore,Sunrisers Hyderabad,M.Chinnaswamy Stadium,Sunrisers Hyderabad,field,0,1,1,218,6,120,20.0,10.9,44,2,105,2,69,2,1,,0,204,3
1136611,2018-05-17,Sunrisers Hyderabad,Royal Challengers Bangalore,M.Chinnaswamy Stadium,Sunrisers Hyderabad,field,1,2,0,204,3,120,20.0,10.2,56,1,96,1,52,1,0,219.0,0,218,6
1136612,2018-05-18,Delhi Daredevils,Chennai Super Kings,Arun Jaitley Stadium,Chennai Super Kings,field,0,1,1,162,5,120,20.0,8.1,39,1,63,4,60,0,1,,0,128,6
1136612,2018-05-18,Chennai Super Kings,Delhi Daredevils,Arun Jaitley Stadium,Chennai Super Kings,field,1,2,0,128,6,120,20.0,6.4,44,0,50,4,34,2,0,163.0,0,162,5
1136613,2018-05-19,Rajasthan Royals,Royal Challengers Bangalore,Sawai Mansingh Stadium,Rajasthan Royals,bat,1,1,1,164,5,120,20.0,8.2,45,1,68,2,51,2,1,,0,134,10
1136613,2018-05-19,Royal Challengers Bangalore,Rajasthan Royals,Sawai Mansingh Stadium,Rajasthan Royals,bat,0,2,0,134,10,116,19.33,6.93,55,1,53,5,26,4,0,165.0,0,164,5
1136614,2018-05-19,Sunrisers Hyderabad,Kolkata Knight Riders,Rajiv Gandhi International Stadium,Sunrisers Hyderabad,bat,1,1,1,172,9,120,20.0,8.6,60,0,81,2,31,7,0,,0,173,5
1136614,2018-05-19,Kolkata Knight Riders,Sunrisers Hyderabad,Rajiv Gandhi International Stadium,Sunrisers Hyderabad,bat,0,2,0,173,5,118,19.67,8.8,66,1,66,1,41,3,1,173.0,1,172,9
1136615,2018-05-20,Delhi Daredevils,Mumbai Indians,Arun Jaitley Stadium,Delhi Daredevils,bat,1,1,1,174,4,120,20.0,8.7,46,2,74,1,54,1,1,,0,163,10
1136615,2018-05-20,Mumbai Indians,Delhi Daredevils,Arun Jaitley Stadium,Delhi Daredevils,bat,0,2,0,163,10,117,19.5,8.36,57,1,65,6,41,3,0,175.0,0,174,4
1136616,2018-05-20,Kings XI Punjab,Chennai Super Kings,Maharashtra Cricket Association Stadium,Chennai Super Kings,field,0,1,1,153,10,118,19.67,7.78,29,3,73,2,51,5,0,,0,159,5
1136616,2018-05-20,Chennai Super Kings,Kings XI Punjab,Maharashtra Cricket Association Stadium,Chennai Super Kings,field,1,2,0,159,5,115,19.17,8.29,33,3,69,1,57,1,1,154.0,1,153,10
1136617,2018-05-22,Sunrisers Hyderabad,Chennai Super Kings,Wankhede Stadium,Chennai Super Kings,field,0,1,1,139,7,120,20.0,6.95,47,3,41,3,51,1,0,,0,140,8
1136617,2018-05-22,Chennai Super Kings,Sunrisers Hyderabad,Wankhede Stadium,Chennai Super Kings,field,1,2,0,140,8,115,19.17,7.3,33,3,59,4,48,1,1,140.0,1,139,7
1136618,2018-05-23,Kolkata Knight Riders,Rajasthan Royals,Eden Gardens,Rajasthan Royals,field,0,1,1,169,7,120,20.0,8.45,46,3,68,2,55,2,1,,0,144,4
1136618,2018-05-23,Rajasthan Royals,Kolkata Knight Riders,Eden Gardens,Rajasthan Royals,field,1,2,0,144,4,120,20.0,7.2,51,1,60,1,33,2,0,170.0,0,169,7
1136619,2018-05-25,Sunrisers Hyderabad,Kolkata Knight Riders,Eden Gardens,Kolkata Knight Riders,field,0,1,1,174,7,120,20.0,8.7,45,0,68,3,61,4,1,,0,160,9
1136619,2018-05-25,Kolkata Knight Riders,Sunrisers Hyderabad,Eden Gardens,Kolkata Knight Riders,field,1,2,0,160,9,120,20.0,8.0,67,1,51,5,42,3,0,175.0,0,174,7
1136620,2018-05-27,Sunrisers Hyderabad,Chennai Super Kings,Wankhede Stadium,Chennai Super Kings,field,0,1,1,178,6,120,20.0,8.9,42,1,84,2,52,3,0,,0,181,2
1136620,2018-05-27,Chennai Super Kings,Sunrisers Hyderabad,Wankhede Stadium,Chennai Super Kings,field,1,2,0,181,2,111,18.5,9.78,35,1,111,1,35,0,1,179.0,1,178,6
1175356,2019-03-23,Royal Challengers Bangalore,Chennai Super Kings,MA Chidambaram Stadium,Chennai Super Kings,field,0,1,1,70,10,103,17.17,4.08,33,2,33,6,4,2,0,,0,71,3
1175356,2019-03-23,Chennai Super Kings,Royal Challengers Bangalore,MA Chidambaram Stadium,Chennai Super Kings,field,1,2,0,71,3,106,17.67,4.02,16,1,47,2,8,0,1,71.0,1,70,10
1175357,2019-03-24,Sunrisers Hyderabad,Kolkata Knight Riders,Eden Gardens,Kolkata Knight Riders,field,0,1,1,181,3,120,20.0,9.05,54,0,80,1,47,2,0,,0,183,4
1175357,2019-03-24,Kolkata Knight Riders,Sunrisers Hyderabad,Eden Gardens,Kolkata Knight Riders,field,1,2,0,183,4,118,19.67,9.3,47,1,67,2,69,1,1,182.0,1,181,3
1175358,2019-03-24,Delhi Capitals,Mumbai Indians,Wankhede Stadium,Mumbai Indians,field,0,1,1,213,6,120,20.0,10.65,45,2,86,1,82,3,1,,0,176,9
1175358,2019-03-24,Mumbai Indians,Delhi Capitals,Wankhede Stadium,Mumbai Indians,field,1,2,0,176,9,116,19.33,9.11,46,3,88,3,42,3,0,214.0,0,213,6
1175359,2019-03-25,Kings XI Punjab,Rajasthan Royals,Sawai Mansingh Stadium,Rajasthan Royals,field,0,1,1,184,4,120,20.0,9.2,32,1,93,1,59,2,1,,0,170,9
1175359,2019-03-25,Rajasthan Royals,Kings XI Punjab,Sawai Mansingh Stadium,Rajasthan Royals,field,1,2,0,170,9,120,20.0,8.5,64,0,71,2,35,7,0,185.0,0,184,4
1175360,2019-03-26,Delhi Capitals,Chennai Super Kings,Arun Jaitley Stadium,Delhi Capitals,bat,1,1,1,147,6,120,20.0,7.35,43,1,75,1,29,4,0,,0,150,4
1175360,2019-03-26,Chennai Super Kings,Delhi Capitals,Arun Jaitley Stadium,Delhi Capitals,bat,0,2,0,150,4,118,19.67,7.63,58,1,62,2,30,1,1,148.0,1,147,6
1175361,2019-03-27,Kolkata Knight Riders,Kings XI Punjab,Eden Gardens,Kings XI Punjab,field,0,1,1,218,4,120,20.0,10.9,53,2,94,1,71,1,1,,0,190,4
1175361,2019-03-27,Kings XI Punjab,Kolkata Knight Riders,Eden Gardens,Kings XI Punjab,field,1,2,0,190,4,120,20.0,9.5,51,2,82,1,57,1,0,219.0,0,218,4
1175362,2019-03-28,Mumbai Indians,Royal Challengers Bangalore,M.Chinnaswamy Stadium,Royal Challengers Bangalore,field,0,1,1,187,8,120,20.0,9.35,52,0,87,3,48,5,1,,0,181,5
1175362,2019-03-28,Royal Challengers Bangalore,Mumbai Indians,M.Chinnaswamy Stadium,Royal Challengers Bangalore,field,1,2,0,181,5,120,20.0,9.05,60,1,67,2,54,2,0,188.0,0,187,8
1175363,2019-03-29,Rajasthan Royals,Sunrisers Hyderabad,Rajiv Gandhi International Stadium,Rajasthan Royals,bat,1,1,1,198,2,120,20.0,9.9,35,1,87,0,76,1,0,,0,201,5
1175363,2019-03-29,Sunrisers Hyderabad,Rajasthan Royals,Rajiv Gandhi International Stadium,Rajasthan Royals,bat,0,2,0,201,5,114,19.0,10.58,69,0,96,3,36,2,1,199.0,1,198,2
1175364,2019-03-30,Mumbai Indians,Kings XI Punjab,Punjab Cricket Association IS Bindra Stadium,Kings XI Punjab,field,0,1,1,176,7,120,20.0,8.8,62,1,69,3,45,3,0,,0,177,2
1175364,2019-03-30,Kings XI Punjab,Mumbai Indians,Punjab Cricket Association IS Bindra Stadium,Kings XI Punjab,field,1,2,0,177,2,112,18.67,9.48,38,0,102,2,37,0,1,177.0,1,176,7
1175365,2019-03-30,Kolkata Knight Riders,Delhi Capitals,Arun Jaitley Stadium,Delhi Capitals,field,0,1,1,185,8,120,20.0,9.25,36,2,82,3,67,3,0,,0,185,6
1175365,2019-03-30,Delhi Capitals,Kolkata Knight Riders,Arun Jaitley Stadium,Delhi Capitals,field,1,2,0,185,6,120,20.0,9.25,45,1,95,1,45,4,0,186.0,0,185,8
1175366,2019-03-31,Sunrisers Hyderabad,Royal Challengers Bangalore,Rajiv Gandhi International Stadium,Royal Challengers Bangalore,field,0,1,1,231,2,120,20.0,11.55,59,0,105,0,67,2,1,,0,113,10
1175366,2019-03-31,Royal Challengers Bangalore,Sunrisers Hyderabad,Rajiv Gandhi International Stadium,Royal Challengers Bangalore,field,1,2,0,113,10,119,19.83,5.7,30,3,56,3,27,4,0,232.0,0,231,2
1175367,2019-03-31,Chennai Super Kings,Rajasthan Royals,MA Chidambaram Stadium,Rajasthan Royals,field,0,1,1,175,5,120,20.0,8.75,29,3,70,1,76,1,1,,0,167,8
1175367,2019-03-31,Rajasthan Royals,Chennai Super Kings,MA Chidambaram Stadium,Rajasthan Royals,field,1,2,0,167,8,120,20.0,8.35,45,3,66,2,56,3,0,176.0,0,175,5
1175368,2019-04-01,Kings XI Punjab,Delhi Capitals,Punjab Cricket Association IS Bindra Stadium,Delhi Capitals,field,0,1,1,166,9,120,20.0,8.3,54,2,75,2,37,5,1,,0,152,10
1175368,2019-04-01,Delhi Capitals,Kings XI Punjab,Punjab Cricket Association IS Bindra Stadium,Delhi Capitals,field,1,2,0,152,10,116,19.33,7.86,49,1,79,2,24,7,0,167.0,0,166,9
1175369,2019-04-02,Royal Challengers Bangalore,Rajasthan Royals,Sawai Mansingh Stadium,Rajasthan Royals,field,0,1,1,158,4,120,20.0,7.9,48,0,59,3,51,1,0,,0,164,3
1175369,2019-04-02,Rajasthan Royals,Royal Challengers Bangalore,Sawai Mansingh Stadium,Rajasthan Royals,field,1,2,0,164,3,119,19.83,8.27,55,0,66,2,43,1,1,159.0,1,158,4
1175370,2019-04-03,Mumbai Indians,Chennai Super Kings,Wankhede Stadium,Chennai Super Kings,field,0,1,1,170,5,120,20.0,8.5,40,1,53,2,77,2,1,,0,133,8
1175370,2019-04-03,Chennai Super Kings,Mumbai Indians,Wankhede Stadium,Chennai Super Kings,field,1,2,0,133,8,120,20.0,6.65,34,3,60,2,39,3,0,171.0,0,170,5
1175371,2019-04-04,Delhi Capitals,Sunrisers Hyderabad,Arun Jaitley Stadium,Sunrisers Hyderabad,field,0,1,1,129,8,120,20.0,6.45,36,2,49,3,44,3,0,,0,131,5
1175371,2019-04-04,Sunrisers Hyderabad,Delhi Capitals,Arun Jaitley Stadium,Sunrisers Hyderabad,field,1,2,0,131,5,111,18.5,7.08,62,0,41,4,28,1,1,130.0,1,129,8
1175372,2019-04-05,Royal Challengers Bangalore,Kolkata Knight Riders,M.Chinnaswamy Stadium,Kolkata Knight Riders,field,0,1,1,205,3,120,20.0,10.25,53,0,89,1,63,2,0,,0,206,5
1175372,2019-04-05,Kolkata Knight Riders,Royal Challengers Bangalore,M.Chinnaswamy Stadium,Kolkata Knight Riders,field,1,2,0,206,5,115,19.17,10.75,59,1,75,2,72,2,1,206.0,1,205,3
1178393,2019-04-06,Chennai Super Kings,Kings XI Punjab,MA Chidambaram Stadium,Chennai Super Kings,bat,1,1,1,160,3,120,20.0,8.0,54,0,54,3,52,0,1,,0,138,5
1178393,2019-04-06,Kings XI Punjab,Chennai Super Kings,MA Chidambaram Stadium,Chennai Super Kings,bat,0,2,0,138,5,120,20.0,6.9,46,2,59,0,33,3,0,161.0,0,160,3
1178394,2019-04-06,Mumbai Indians,Sunrisers Hyderabad,Rajiv Gandhi International Stadium,Sunrisers Hyderabad,field,0,1,1,136,7,120,20.0,6.8,30,2,45,3,61,2,1,,0,96,10
1178394,2019-04-06,Sunrisers Hyderabad,Mumbai Indians,Rajiv Gandhi International Stadium,Sunrisers Hyderabad,field,1,2,0,96,10,106,17.67,5.43,39,2,45,3,12,5,0,137.0,0,136,7
1178395,2019-04-07,Royal Challengers Bangalore,Delhi Capitals,M.Chinnaswamy Stadium,Delhi Capitals,field,0,1,1,149,8,120,20.0,7.45,40,2,68,2,41,4,0,,0,152,6
1178395,2019-04-07,Delhi Capitals,Royal Challengers Bangalore,M.Chinnaswamy Stadium,Delhi Capitals,field,1,2,0,152,6,113,18.83,8.07,53,1,70,2,29,3,1,150.0,1,149,8
1178396,2019-04-07,Rajasthan Royals,Kolkata Knight Riders,Sawai Mansingh Stadium,Kolkata Knight Riders,field,0,1,1,139,3,120,20.0,6.95,28,1,75,1,36,1,0,,0,140,2
1178396,2019-04-07,Kolkata Knight Riders,Rajasthan Royals,Sawai Mansingh Stadium,Kolkata Knight Riders,field,1,2,0,140,2,83,13.83,10.12,65,0,75,2,0,0,1,140.0,1,139,3
1178397,2019-04-08,Sunrisers Hyderabad,Kings XI Punjab,Punjab Cricket Association IS Bindra Stadium,Kings XI Punjab,field,0,1,1,150,4,120,20.0,7.5,27,1,65,2,58,1,0,,0,151,4
1178397,2019-04-08,Kings XI Punjab,Sunrisers Hyderabad,Punjab Cricket Association IS Bindra Stadium,Kings XI Punjab,field,1,2,0,151,4,119,19.83,7.61,38,1,73,0,40,3,1,151.0,1,150,4
1178398,2019-04-09,Kolkata Knight Riders,Chennai Super Kings,MA Chidambaram Stadium,Chennai Super Kings,field,0,1,1,108,9,120,20.0,5.4,29,4,46,2,33,3,0,,0,111,3
1178398,2019-04-09,Chennai Super Kings,Kolkata Knight Riders,MA Chidambaram Stadium,Chennai Super Kings,field,1,2,0,111,3,104,17.33,6.41,40,2,45,1,26,0,1,109.0,1,108,9
1178399,2019-04-10,Kings XI Punjab,Mumbai Indians,Wankhede Stadium,Mumbai Indians,field,0,1,1,197,4,120,20.0,9.85,50,0,81,2,66,2,0,,0,198,7
1178399,2019-04-10,Mumbai Indians,Kings XI Punjab,Wankhede Stadium,Mumbai Indians,field,1,2,0,198,7,120,20.0,9.9,50,1,85,3,63,3,1,198.0,1,197,4
1178400,2019-04-11,Rajasthan Royals,Chennai Super Kings,Sawai Mansingh Stadium,Chennai Super Kings,field,0,1,1,151,7,120,20.0,7.55,54,3,49,3,48,1,0,,0,155,6
1178400,2019-04-11,Chennai Super Kings,Rajasthan Royals,Sawai Mansingh Stadium,Chennai Super Kings,field,1,2,0,155,6,120,20.0,7.75,24,4,77,0,54,2,1,152.0,1,151,7
1178401,2019-04-12,Kolkata Knight Riders,Delhi Capitals,Eden Gardens,Delhi Capitals,field,0,1,1,178,7,120,20.0,8.9,41,1,81,3,56,3,0,,0,180,3
1178401,2019-04-12,Delhi Capitals,Kolkata Knight Riders,Eden Gardens,Delhi Capitals,field,1,2,0,180,3,113,18.83,9.56,57,2,81,0,42,1,1,179.0,1,178,7
1178402,2019-04-13,Mumbai Indians,Rajasthan Royals,Wankhede Stadium,Rajasthan Royals,field,0,1,1,187,5,120,20.0,9.35,57,0,69,2,61,3,0,,0,188,6
1178402,2019-04-13,Rajasthan Royals,Mumbai Indians,Wankhede Stadium,Rajasthan Royals,field,1,2,0,188,6,117,19.5,9.64,59,0,99,2,30,4,1,188.0,1,187,5
1178403,2019-04-13,Kings XI Punjab,Royal Challengers Bangalore,Punjab Cricket Association IS Bindra Stadium,Royal Challengers Bangalore,field,0,1,1,173,4,120,20.0,8.65,60,0,62,4,51,0,0,,0,174,2
1178403,2019-04-13,Royal Challengers Bangalore,Kings XI Punjab,Punjab Cricket Association IS Bindra Stadium,Royal Challengers Bangalore,field,1,2,0,174,2,116,19.33,9.0,63,1,63,0,48,1,1,174.0,1,173,4
1178404,2019-04-14,Kolkata Knight Riders,Chennai Super Kings,Eden Gardens,Chennai Super Kings,field,0,1,1,161,8,120,20.0,8.05,49,1,84,4,28,3,0,,0,162,5
1178404,2019-04-14,Chennai Super Kings,Kolkata Knight Riders,Eden Gardens,Chennai Super Kings,field,1,2,0,162,5,118,19.67,8.24,44,2,76,2,42,1,1,162.0,1,161,8
1178405,2019-04-14,Delhi Capitals,Sunrisers Hyderabad,Rajiv Gandhi International Stadium,Sunrisers Hyderabad,field,0,1,1,155,7,120,20.0,7.75,51,2,70,1,34,4,1,,0,116,10
1178405,2019-04-14,Sunrisers Hyderabad,Delhi Capitals,Rajiv Gandhi International Stadium,Sunrisers Hyderabad,field,1,2,0,116,10,113,18.83,6.16,40,0,60,2,16,8,0,156.0,0,155,7
1178406,2019-04-15,Royal Challengers Bangalore,Mumbai Indians,Wankhede Stadium,Mumbai Indians,field,0,1,1,171,7,120,20.0,8.55,45,1,74,1,52,5,0,,0,172,5
1178406,2019-04-15,Mumbai Indians,Royal Challengers Bangalore,Wankhede Stadium,Mumbai Indians,field,1,2,0,172,5,114,19.0,9.05,67,0,60,3,45,2,1,172.0,1,171,7
1178407,2019-04-16,Kings XI Punjab,Rajasthan Royals,Punjab Cricket Association IS Bindra Stadium,Rajasthan Royals,field,0,1,1,182,6,120,20.0,9.1,39,1,97,1,46,4,1,,0,170,7
1178407,2019-04-16,Rajasthan Royals,Kings XI Punjab,Punjab Cricket Association IS Bindra Stadium,Rajasthan Royals,field,1,2,0,170,7,120,20.0,8.5,54,1,68,1,48,5,0,183.0,0,182,6
1178408,2019-04-17,Chennai Super Kings,Sunrisers Hyderabad,Rajiv Gandhi International Stadium,Chennai Super Kings,bat,1,1,1,132,5,120,20.0,6.6,41,0,61,5,30,0,0,,0,137,4
1178408,2019-04-17,Sunrisers Hyderabad,Chennai Super Kings,Rajiv Gandhi International Stadium,Chennai Super Kings,bat,0,2,0,137,4,101,16.83,8.14,68,1,48,2,21,1,1,133.0,1,132,5
1178409,2019-04-18,Mumbai Indians,Delhi Capitals,Arun Jaitley Stadium,Mumbai Indians,bat,1,1,1,168,5,120,20.0,8.4,57,0,47,3,64,2,1,,0,128,9
1178409,2019-04-18,Delhi Capitals,Mumbai Indians,Arun Jaitley Stadium,Mumbai Indians,bat,0,2,0,128,9,120,20.0,6.4,48,0,38,5,42,4,0,169.0,0,168,5
1178410,2019-04-19,Royal Challengers Bangalore,Kolkata Knight Riders,Eden Gardens,Kolkata Knight Riders,field,0,1,1,213,4,120,20.0,10.65,42,1,80,1,91,2,1,,0,203,5
1178410,2019-04-19,Kolkata Knight Riders,Royal Challengers Bangalore,Eden Gardens,Kolkata Knight Riders,field,1,2,0,203,5,120,20.0,10.15,37,3,84,1,82,1,0,214.0,0,213,4
1178411,2019-04-20,Mumbai Indians,Rajasthan Royals,Sawai Mansingh Stadium,Rajasthan Royals,field,0,1,1,161,5,120,20.0,8.05,46,1,66,2,49,2,0,,0,162,5
1178411,2019-04-20,Rajasthan Royals,Mumbai Indians,Sawai Mansingh Stadium,Rajasthan Royals,field,1,2,0,162,5,115,19.17,8.45,60,1,68,2,34,2,1,162.0,1,161,5
1178412,2019-04-20,Kings XI Punjab,Delhi Capitals,Arun Jaitley Stadium,Delhi Capitals,field,0,1,1,163,7,120,20.0,8.15,50,2,68,3,45,2,0,,0,166,5
1178412,2019-04-20,Delhi Capitals,Kings XI Punjab,Arun Jaitley Stadium,Delhi Capitals,field,1,2,0,166,5,118,19.67,8.44,60,1,68,1,38,3,1,164.0,1,163,7
1178413,2019-04-21,Kolkata Knight Riders,Sunrisers Hyderabad,Rajiv Gandhi International Stadium,Sunrisers Hyderabad,field,0,1,1,159,8,120,20.0,7.95,61,2,55,2,43,4,0,,0,161,1
1178413,2019-04-21,Sunrisers Hyderabad,Kolkata Knight Riders,Rajiv Gandhi International Stadium,Sunrisers Hyderabad,field,1,2,0,161,1,90,15.0,10.73,72,0,89,1,0,0,1,160.0,1,159,8
1178414,2019-04-21,Royal Challengers Bangalore,Chennai Super Kings,M.Chinnaswamy Stadium,Chennai Super Kings,field,0,1,1,161,7,120,20.0,8.05,49,1,69,2,43,4,1,,0,160,8
1178414,2019-04-21,Chennai Super Kings,Royal Challengers Bangalore,M.Chinnaswamy Stadium,Chennai Super Kings,field,1,2,0,160,8,120,20.0,8.0,32,4,60,1,68,3,0,162.0,0,161,7
1178415,2019-04-22,Rajasthan Royals,Delhi Capitals,Sawai Mansingh Stadium,Delhi Capitals,field,0,1,1,191,6,120,20.0,9.55,52,1,98,1,41,4,0,,0,193,4
1178415,2019-04-22,Delhi Capitals,Rajasthan Royals,Sawai Mansingh Stadium,Delhi Capitals,field,1,2,0,193,4,116,19.33,9.98,59,0,83,2,51,2,1,192.0,1,191,6
1178416,2019-04-23,Sunrisers Hyderabad,Chennai Super Kings,MA Chidambaram Stadium,Chennai Super Kings,field,0,1,1,175,3,120,20.0,8.75,54,1,80,1,41,1,0,,0,176,4
1178416,2019-04-23,Chennai Super Kings,Sunrisers Hyderabad,MA Chidambaram Stadium,Chennai Super Kings,field,1,2,0,176,4,119,19.83,8.88,49,1,86,1,41,2,1,176.0,1,175,3
1178417,2019-04-24,Royal Challengers Bangalore,Kings XI Punjab,M.Chinnaswamy Stadium,Kings XI Punjab,field,0,1,1,202,4,120,20.0,10.1,70,1,52,3,80,0,1,,0,185,7
1178417,2019-04-24,Kings XI Punjab,Royal Challengers Bangalore,M.Chinnaswamy Stadium,Kings XI Punjab,field,1,2,0,185,7,120,20.0,9.25,68,1,75,2,42,4,0,203.0,0,202,4
1178418,2019-04-25,Kolkata Knight Riders,Rajasthan Royals,Eden Gardens,Rajasthan Royals,field,0,1,1,175,6,120,20.0,8.75,32,2,68,2,75,2,0,,0,177,7
1178418,2019-04-25,Rajasthan Royals,Kolkata Knight Riders,Eden Gardens,Rajasthan Royals,field,1,2,0,177,7,116,19.33,9.16,55,1,67,4,55,2,1,176.0,1,175,6
1178419,2019-04-26,Mumbai Indians,Chennai Super Kings,MA Chidambaram Stadium,Chennai Super Kings,field,0,1,1,155,4,120,20.0,7.75,45,1,60,2,50,1,1,,0,109,10
1178419,2019-04-26,Chennai Super Kings,Mumbai Indians,MA Chidambaram Stadium,Chennai Super Kings,field,1,2,0,109,10,106,17.67,6.17,40,3,48,3,21,4,0,156.0,0,155,4
1178420,2019-04-27,Sunrisers Hyderabad,Rajasthan Royals,Sawai Mansingh Stadium,Rajasthan Royals,field,0,1,1,160,8,120,20.0,8.0,51,1,70,2,39,5,0,,0,161,3
1178420,2019-04-27,Rajasthan Royals,Sunrisers Hyderabad,Sawai Mansingh Stadium,Rajasthan Royals,field,1,2,0,161,3,115,19.17,8.4,60,0,72,2,29,1,1,161.0,1,160,8
1178421,2019-04-28,Delhi Capitals,Royal Challengers Bangalore,Arun Jaitley Stadium,Delhi Capitals,bat,1,1,1,187,5,120,20.0,9.35,59,1,68,2,60,2,1,,0,171,7
1178421,2019-04-28,Royal Challengers Bangalore,Delhi Capitals,Arun Jaitley Stadium,Delhi Capitals,bat,0,2,0,171,7,120,20.0,8.55,64,1,62,4,45,2,0,188.0,0,187,5
1178422,2019-04-28,Kolkata Knight Riders,Mumbai Indians,Eden Gardens,Mumbai Indians,field,0,1,1,232,2,120,20.0,11.6,50,0,107,1,75,1,1,,0,198,7
1178422,2019-04-28,Mumbai Indians,Kolkata Knight Riders,Eden Gardens,Mumbai Indians,field,1,2,0,198,7,120,20.0,9.9,41,2,99,3,58,2,0,233.0,0,232,2
1178423,2019-04-29,Sunrisers Hyderabad,Kings XI Punjab,Rajiv Gandhi International Stadium,Kings XI Punjab,field,0,1,1,212,6,120,20.0,10.6,77,0,82,1,53,5,1,,0,167,8
1178423,2019-04-29,Kings XI Punjab,Sunrisers Hyderabad,Rajiv Gandhi International Stadium,Kings XI Punjab,field,1,2,0,167,8,120,20.0,8.35,44,1,79,4,44,3,0,213.0,0,212,6
1178424,2019-04-30,Royal Challengers Bangalore,Rajasthan Royals,M.Chinnaswamy Stadium,Rajasthan Royals,field,0,1,1,62,7,30,5.0,12.4,62,7,0,0,0,0,0,,0,41,1
1178424,2019-04-30,Rajasthan Royals,Royal Challengers Bangalore,M.Chinnaswamy Stadium,Rajasthan Royals,field,1,2,0,41,1,20,3.33,12.31,41,1,0,0,0,0,0,63.0,0,62,7
1178425,2019-05-01,Chennai Super Kings,Delhi Capitals,MA Chidambaram Stadium,Delhi Capitals,field,0,1,1,179,4,120,20.0,8.95,27,1,75,2,77,1,1,,0,99,10
1178425,2019-05-01,Delhi Capitals,Chennai Super Kings,MA Chidambaram Stadium,Delhi Capitals,field,1,2,0,99,10,98,16.33,6.06,59,2,33,6,7,2,0,180.0,0,179,4
1178426,2019-05-02,Mumbai Indians,Sunrisers Hyderabad,Wankhede Stadium,Mumbai Indians,bat,1,1,1,162,5,120,20.0,8.1,44,1,69,2,49,2,0,,0,162,6
1178426,2019-05-02,Sunrisers Hyderabad,Mumbai Indians,Wankhede Stadium,Mumbai Indians,bat,0,2,0,162,6,120,20.0,8.1,59,2,47,3,56,1,0,163.0,0,162,5
1178427,2019-05-03,Kings XI Punjab,Kolkata Knight Riders,Punjab Cricket Association IS Bindra Stadium,Kolkata Knight Riders,field,0,1,1,183,6,120,20.0,9.15,41,2,84,2,58,2,0,,0,185,3
1178427,2019-05-03,Kolkata Knight Riders,Kings XI Punjab,Punjab Cricket Association IS Bindra Stadium,Kolkata Knight Riders,field,1,2,0,185,3,108,18.0,10.28,62,1,89,2,34,0,1,184.0,1,183,6
1178428,2019-05-04,Rajasthan Royals,Delhi Capitals,Arun Jaitley Stadium,Rajasthan Royals,bat,1,1,1,115,9,120,20.0,5.75,30,4,40,3,45,2,0,,0,121,5
1178428,2019-05-04,Delhi Capitals,Rajasthan Royals,Arun Jaitley Stadium,Rajasthan Royals,bat,0,2,0,121,5,97,16.17,7.48,46,2,54,2,21,1,1,116.0,1,115,9
1178429,2019-05-04,Sunrisers Hyderabad,Royal Challengers Bangalore,M.Chinnaswamy Stadium,Royal Challengers Bangalore,field,0,1,1,175,7,120,20.0,8.75,52,1,70,3,53,3,0,,0,178,6
1178429,2019-05-04,Royal Challengers Bangalore,Sunrisers Hyderabad,M.Chinnaswamy Stadium,Royal Challengers Bangalore,field,1,2,0,178,6,116,19.33,9.21,49,3,81,0,48,3,1,176.0,1,175,7
1178430,2019-05-05,Chennai Super Kings,Kings XI Punjab,Punjab Cricket Association IS Bindra Stadium,Kings XI Punjab,field,0,1,1,170,5,120,20.0,8.5,42,1,82,0,46,4,0,,0,173,4
1178430,2019-05-05,Kings XI Punjab,Chennai Super Kings,Punjab Cricket Association IS Bindra Stadium,Kings XI Punjab,field,1,2,0,173,4,108,18.0,9.61,68,0,83,3,22,1,1,171.0,1,170,5
1178431,2019-05-05,Kolkata Knight Riders,Mumbai Indians,Wankhede Stadium,Mumbai Indians,field,0,1,1,133,7,120,20.0,6.65,49,0,50,4,34,3,0,,0,134,1
1178431,2019-05-05,Mumbai Indians,Kolkata Knight Riders,Wankhede Stadium,Mumbai Indians,field,1,2,0,134,1,97,16.17,8.29,46,0,75,1,13,0,1,134.0,1,133,7
1181764,2019-05-07,Chennai Super Kings,Mumbai Indians,MA Chidambaram Stadium,Chennai Super Kings,bat,1,1,1,131,4,120,20.0,6.55,32,3,59,1,40,0,0,,0,132,4
1181764,2019-05-07,Mumbai Indians,Chennai Super Kings,MA Chidambaram Stadium,Chennai Super Kings,bat,0,2,0,132,4,111,18.5,7.14,44,2,64,2,24,0,1,132.0,1,131,4
1181766,2019-05-08,Sunrisers Hyderabad,Delhi Capitals,Dr. Y.S. Rajasekhara Reddy ACA-VDCA Cricket Stadium,Delhi Capitals,field,0,1,1,162,8,120,20.0,8.1,54,1,50,2,58,5,0,,0,165,8
1181766,2019-05-08,Delhi Capitals,Sunrisers Hyderabad,Dr. Y.S. Rajasekhara Reddy ACA-VDCA Cricket Stadium,Delhi Capitals,field,1,2,0,165,8,119,19.83,8.32,55,0,56,5,54,3,1,163.0,1,162,8
1181767,2019-05-10,Delhi Capitals,Chennai Super Kings,Dr. Y.S. Rajasekhara Reddy ACA-VDCA Cricket Stadium,Chennai Super Kings,field,0,1,1,147,9,120,20.0,7.35,41,2,52,3,54,4,0,,0,151,4
1181767,2019-05-10,Chennai Super Kings,Delhi Capitals,Dr. Y.S. Rajasekhara Reddy ACA-VDCA Cricket Stadium,Chennai Super Kings,field,1,2,0,151,4,114,19.0,7.95,42,0,77,2,32,2,1,148.0,1,147,9
1181768,2019-05-12,Mumbai Indians,Chennai Super Kings,Rajiv Gandhi International Stadium,Mumbai Indians,bat,1,1,1,149,8,120,20.0,7.45,45,2,57,3,47,3,1,,0,148,7
1181768,2019-05-12,Chennai Super Kings,Mumbai Indians,Rajiv Gandhi International Stadium,Mumbai Indians,bat,0,2,0,148,7,120,20.0,7.4,53,1,35,3,60,3,0,150.0,0,149,8
1216492,2020-09-19,Mumbai Indians,Chennai Super Kings,Sheikh Zayed Stadium,Chennai Super Kings,field,0,1,1,162,9,120,20.0,8.1,51,2,75,3,36,4,0,,0,166,5
1216492,2020-09-19,Chennai Super Kings,Mumbai Indians,Sheikh Zayed Stadium,Chennai Super Kings,field,1,2,0,166,5,116,19.33,8.59,37,2,79,0,50,3,1,163.0,1,162,9
1216493,2020-09-20,Delhi Capitals,Kings XI Punjab,Dubai International Cricket Stadium,Kings XI Punjab,field,0,1,1,157,8,120,20.0,7.85,23,3,70,2,64,3,0,,0,157,8
1216493,2020-09-20,Kings XI Punjab,Delhi Capitals,Dubai International Cricket Stadium,Kings XI Punjab,field,1,2,0,157,8,120,20.0,7.85,35,3,63,2,59,3,0,158.0,0,157,8
1216534,2020-09-21,Royal Challengers Bangalore,Sunrisers Hyderabad,Dubai International Cricket Stadium,Sunrisers Hyderabad,field,0,1,1,163,5,120,20.0,8.15,53,0,63,2,47,3,1,,0,153,10
1216534,2020-09-21,Sunrisers Hyderabad,Royal Challengers Bangalore,Dubai International Cricket Stadium,Sunrisers Hyderabad,field,1,2,0,153,10,118,19.67,7.78,48,1,73,1,32,8,0,164.0,0,163,5
1216496,2020-09-22,Rajasthan Royals,Chennai Super Kings,Sharjah Cricket Stadium,Chennai Super Kings,field,0,1,1,216,7,120,20.0,10.8,54,1,100,3,62,3,1,,0,200,6
1216496,2020-09-22,Chennai Super Kings,Rajasthan Royals,Sharjah Cricket Stadium,Chennai Super Kings,field,1,2,0,200,6,120,20.0,10.0,53,0,78,5,69,1,0,217.0,0,216,7
1216508,2020-09-23,Mumbai Indians,Kolkata Knight Riders,Sheikh Zayed Stadium,Kolkata Knight Riders,field,0,1,1,195,5,120,20.0,9.75,59,1,88,1,48,3,1,,0,146,9
1216508,2020-09-23,Kolkata Knight Riders,Mumbai Indians,Sheikh Zayed Stadium,Kolkata Knight Riders,field,1,2,0,146,9,120,20.0,7.3,33,2,67,2,46,5,0,196.0,0,195,5
1216510,2020-09-24,Kings XI Punjab,Royal Challengers Bangalore,Dubai International Cricket Stadium,Royal Challengers Bangalore,field,0,1,1,206,3,120,20.0,10.3,50,0,76,2,80,1,1,,0,109,10
1216510,2020-09-24,Royal Challengers Bangalore,Kings XI Punjab,Dubai International Cricket Stadium,Royal Challengers Bangalore,field,1,2,0,109,10,102,17.0,6.41,40,3,55,4,14,3,0,207.0,0,206,3
1216539,2020-09-25,Delhi Capitals,Chennai Super Kings,Dubai International Cricket Stadium,Chennai Super Kings,field,0,1,1,175,3,120,20.0,8.75,36,0,88,2,51,1,1,,0,131,7
1216539,2020-09-25,Chennai Super Kings,Delhi Capitals,Dubai International Cricket Stadium,Chennai Super Kings,field,1,2,0,131,7,120,20.0,6.55,34,2,61,1,36,4,0,176.0,0,175,3
1216545,2020-09-26,Sunrisers Hyderabad,Kolkata Knight Riders,Sheikh Zayed Stadium,Sunrisers Hyderabad,bat,1,1,1,142,4,120,20.0,7.1,40,1,59,1,43,2,0,,0,145,3
1216545,2020-09-26,Kolkata Knight Riders,Sunrisers Hyderabad,Sheikh Zayed Stadium,Sunrisers Hyderabad,bat,0,2,0,145,3,108,18.0,8.06,52,2,61,1,32,0,1,143.0,1,142,4
1216527,2020-09-27,Kings XI Punjab,Rajasthan Royals,Sharjah Cricket Stadium,Rajasthan Royals,field,0,1,1,223,2,120,20.0,11.15,60,0,112,0,51,2,0,,0,226,6
1216527,2020-09-27,Rajasthan Royals,Kings XI Punjab,Sharjah Cricket Stadium,Rajasthan Royals,field,1,2,0,226,6,117,19.5,11.59,69,1,71,1,86,4,1,224.0,1,223,2
1216547,2020-09-28,Royal Challengers Bangalore,Mumbai Indians,Dubai International Cricket Stadium,Mumbai Indians,field,0,1,1,201,3,120,20.0,10.05,59,0,64,2,78,1,0,,0,201,5
1216547,2020-09-28,Mumbai Indians,Royal Challengers Bangalore,Dubai International Cricket Stadium,Mumbai Indians,field,1,2,0,201,5,120,20.0,10.05,35,2,77,2,89,1,0,202.0,0,201,3
1216532,2020-09-29,Sunrisers Hyderabad,Delhi Capitals,Sheikh Zayed Stadium,Delhi Capitals,field,0,1,1,162,4,120,20.0,8.1,38,0,79,2,45,2,1,,0,147,7
1216532,2020-09-29,Delhi Capitals,Sunrisers Hyderabad,Sheikh Zayed Stadium,Delhi Capitals,field,1,2,0,147,7,120,20.0,7.35,34,1,70,2,43,4,0,163.0,0,162,4
1216504,2020-09-30,Kolkata Knight Riders,Rajasthan Royals,Dubai International Cricket Stadium,Rajasthan Royals,field,0,1,1,174,6,120,20.0,8.7,42,1,78,4,54,1,1,,0,137,9
1216504,2020-09-30,Rajasthan Royals,Kolkata Knight Riders,Dubai International Cricket Stadium,Rajasthan Royals,field,1,2,0,137,9,120,20.0,6.85,39,2,51,6,47,1,0,175.0,0,174,6
1216503,2020-10-01,Mumbai Indians,Kings XI Punjab,Sheikh Zayed Stadium,Kings XI Punjab,field,0,1,1,191,4,120,20.0,9.55,41,2,61,1,89,1,1,,0,143,8
1216503,2020-10-01,Kings XI Punjab,Mumbai Indians,Sheikh Zayed Stadium,Kings XI Punjab,field,1,2,0,143,8,120,20.0,7.15,41,2,68,3,34,3,0,192.0,0,191,4
1216516,2020-10-02,Sunrisers Hyderabad,Chennai Super Kings,Dubai International Cricket Stadium,Sunrisers Hyderabad,bat,1,1,1,164,5,120,20.0,8.2,42,1,58,3,64,1,1,,0,157,5
1216516,2020-10-02,Chennai Super Kings,Sunrisers Hyderabad,Dubai International Cricket Stadium,Sunrisers Hyderabad,bat,0,2,0,157,5,120,20.0,7.85,36,3,43,1,78,1,0,165.0,0,164,5
1216514,2020-10-03,Rajasthan Royals,Royal Challengers Bangalore,Sheikh Zayed Stadium,Rajasthan Royals,bat,1,1,1,154,6,120,20.0,7.7,38,3,61,1,55,2,0,,0,158,2
1216514,2020-10-03,Royal Challengers Bangalore,Rajasthan Royals,Sheikh Zayed Stadium,Rajasthan Royals,bat,0,2,0,158,2,115,19.17,8.24,50,1,68,0,40,1,1,155.0,1,154,6
1216515,2020-10-03,Delhi Capitals,Kolkata Knight Riders,Sharjah Cricket Stadium,Kolkata Knight Riders,field,0,1,1,228,4,120,20.0,11.4,57,1,94,1,77,2,1,,0,210,8
1216515,2020-10-03,Kolkata Knight Riders,Delhi Capitals,Sharjah Cricket Stadium,Kolkata Knight Riders,field,1,2,0,210,8,120,20.0,10.5,59,1,78,5,73,2,0,229.0,0,228,4
1216513,2020-10-04,Kings XI Punjab,Chennai Super Kings,Dubai International Cricket Stadium,Kings XI Punjab,bat,1,1,1,178,4,120,20.0,8.9,46,0,84,2,48,2,0,,0,181,0
1216513,2020-10-04,Chennai Super Kings,Kings XI Punjab,Dubai International Cricket Stadium,Kings XI Punjab,bat,0,2,0,181,0,106,17.67,10.24,60,0,90,0,31,0,1,179.0,1,178,4
1216538,2020-10-04,Mumbai Indians,Sunrisers Hyderabad,Sharjah Cricket Stadium,Mumbai Indians,bat,1,1,1,208,5,120,20.0,10.4,48,2,99,2,61,1,1,,0,174,7
1216538,2020-10-04,Sunrisers Hyderabad,Mumbai Indians,Sharjah Cricket Stadium,Mumbai Indians,bat,0,2,0,174,7,120,20.0,8.7,56,1,83,3,35,3,0,209.0,0,208,5
1216519,2020-10-05,Delhi Capitals,Royal Challengers Bangalore,Dubai International Cricket Stadium,Royal Challengers Bangalore,field,0,1,1,196,4,120,20.0,9.8,63,0,71,3,62,1,1,,0,137,9
1216519,2020-10-05,Royal Challengers Bangalore,Delhi Capitals,Dubai International Cricket Stadium,Royal Challengers Bangalore,field,1,2,0,137,9,120,20.0,6.85,43,3,62,2,32,4,0,197.0,0,196,4
1216511,2020-10-06,Mumbai Indians,Rajasthan Royals,Sheikh Zayed Stadium,Mumbai Indians,bat,1,1,1,193,4,120,20.0,9.65,57,1,68,3,68,0,1,,0,136,10
1216511,2020-10-06,Rajasthan Royals,Mumbai Indians,Sheikh Zayed Stadium,Mumbai Indians,bat,0,2,0,136,10,109,18.17,7.48,31,3,82,3,23,4,0,194.0,0,193,4
1216501,2020-10-07,Kolkata Knight Riders,Chennai Super Kings,Sheikh Zayed Stadium,Kolkata Knight Riders,bat,1,1,1,167,10,120,20.0,8.35,52,1,76,3,39,6,1,,0,157,5
1216501,2020-10-07,Chennai Super Kings,Kolkata Knight Riders,Sheikh Zayed Stadium,Kolkata Knight Riders,bat,0,2,0,157,5,120,20.0,7.85,54,1,56,2,47,2,0,168.0,0,167,10
1216542,2020-10-08,Sunrisers Hyderabad,Kings XI Punjab,Dubai International Cricket Stadium,Sunrisers Hyderabad,bat,1,1,1,201,6,120,20.0,10.05,58,0,102,0,41,6,1,,0,132,10
1216542,2020-10-08,Kings XI Punjab,Sunrisers Hyderabad,Dubai International Cricket Stadium,Sunrisers Hyderabad,bat,0,2,0,132,10,101,16.83,7.84,45,2,81,6,6,2,0,202.0,0,201,6
1216500,2020-10-09,Delhi Capitals,Rajasthan Royals,Sharjah Cricket Stadium,Rajasthan Royals,field,0,1,1,184,8,120,20.0,9.2,51,3,71,2,62,3,1,,0,138,10
1216500,2020-10-09,Rajasthan Royals,Delhi Capitals,Sharjah Cricket Stadium,Rajasthan Royals,field,1,2,0,138,10,118,19.67,7.02,41,1,60,6,37,3,0,185.0,0,184,8
1216523,2020-10-10,Kolkata Knight Riders,Kings XI Punjab,Sheikh Zayed Stadium,Kolkata Knight Riders,bat,1,1,1,164,6,120,20.0,8.2,25,2,76,1,63,3,1,,0,162,5
1216523,2020-10-10,Kings XI Punjab,Kolkata Knight Riders,Sheikh Zayed Stadium,Kolkata Knight Riders,bat,0,2,0,162,5,120,20.0,8.1,47,0,70,1,45,4,0,165.0,0,164,6
1216525,2020-10-10,Royal Challengers Bangalore,Chennai Super Kings,Dubai International Cricket Stadium,Royal Challengers Bangalore,bat,1,1,1,169,4,120,20.0,8.45,36,1,59,3,74,0,1,,0,132,8
1216525,2020-10-10,Chennai Super Kings,Royal Challengers Bangalore,Dubai International Cricket Stadium,Royal Challengers Bangalore,bat,0,2,0,132,8,120,20.0,6.6,26,2,70,1,36,5,0,170.0,0,169,4
1216507,2020-10-11,Sunrisers Hyderabad,Rajasthan Royals,Dubai International Cricket Stadium,Sunrisers Hyderabad,bat,1,1,1,158,4,120,20.0,7.9,26,1,70,1,62,2,0,,0,163,5
1216507,2020-10-11,Rajasthan Royals,Sunrisers Hyderabad,Dubai International Cricket Stadium,Sunrisers Hyderabad,bat,0,2,0,163,5,119,19.83,8.22,36,3,58,2,69,0,1,159.0,1,158,4
1216529,2020-10-11,Delhi Capitals,Mumbai Indians,Sheikh Zayed Stadium,Delhi Capitals,bat,1,1,1,162,4,120,20.0,8.1,46,2,65,1,51,1,0,,0,166,5
1216529,2020-10-11,Mumbai Indians,Delhi Capitals,Sheikh Zayed Stadium,Delhi Capitals,bat,0,2,0,166,5,118,19.67,8.44,44,1,86,2,36,2,1,163.0,1,162,4
1216540,2020-10-12,Royal Challengers Bangalore,Kolkata Knight Riders,Sharjah Cricket Stadium,Royal Challengers Bangalore,bat,1,1,1,194,2,120,20.0,9.7,47,0,64,2,83,0,1,,0,112,9
1216540,2020-10-12,Kolkata Knight Riders,Royal Challengers Bangalore,Sharjah Cricket Stadium,Royal Challengers Bangalore,bat,0,2,0,112,9,120,20.0,5.6,43,1,47,6,22,2,0,195.0,0,194,2
1216528,2020-10-13,Chennai Super Kings,Sunrisers Hyderabad,Dubai International Cricket Stadium,Chennai Super Kings,bat,1,1,1,167,6,120,20.0,8.35,44,2,72,0,51,4,1,,0,147,8
1216528,2020-10-13,Sunrisers Hyderabad,Chennai Super Kings,Dubai International Cricket Stadium,Chennai Super Kings,bat,0,2,0,147,8,120,20.0,7.35,40,2,61,2,46,4,0,168.0,0,167,6
1216543,2020-10-14,Delhi Capitals,Rajasthan Royals,Dubai International Cricket Stadium,Delhi Capitals,bat,1,1,1,161,7,120,20.0,8.05,47,2,82,1,32,4,1,,0,148,8
1216543,2020-10-14,Rajasthan Royals,Delhi Capitals,Dubai International Cricket Stadium,Delhi Capitals,bat,0,2,0,148,8,120,20.0,7.4,50,2,73,3,25,3,0,162.0,0,161,7
1216531,2020-10-15,Royal Challengers Bangalore,Kings XI Punjab,Sharjah Cricket Stadium,Royal Challengers Bangalore,bat,1,1,1,171,6,120,20.0,8.55,57,1,65,2,49,3,0,,0,177,2
1216531,2020-10-15,Kings XI Punjab,Royal Challengers Bangalore,Sharjah Cricket Stadium,Royal Challengers Bangalore,bat,0,2,0,177,2,120,20.0,8.85,56,0,70,1,51,1,1,172.0,1,171,6
1216526,2020-10-16,Kolkata Knight Riders,Mumbai Indians,Sheikh Zayed Stadium,Kolkata Knight Riders,bat,1,1,1,148,5,120,20.0,7.4,33,2,62,3,53,0,0,,0,149,2
1216526,2020-10-16,Mumbai Indians,Kolkata Knight Riders,Sheikh Zayed Stadium,Kolkata Knight Riders,bat,0,2,0,149,2,101,16.83,8.85,51,0,75,2,23,0,1,149.0,1,148,5
1216509,2020-10-17,Chennai Super Kings,Delhi Capitals,Sharjah Cricket Stadium,Chennai Super Kings,bat,1,1,1,179,4,120,20.0,8.95,39,1,73,2,67,1,0,,0,185,5
1216509,2020-10-17,Delhi Capitals,Chennai Super Kings,Sharjah Cricket Stadium,Chennai Super Kings,bat,0,2,0,185,5,119,19.83,9.33,41,2,88,1,56,2,1,180.0,1,179,4
1216522,2020-10-17,Rajasthan Royals,Royal Challengers Bangalore,Dubai International Cricket Stadium,Rajasthan Royals,bat,1,1,1,177,6,120,20.0,8.85,52,1,67,2,58,3,0,,0,179,3
1216522,2020-10-17,Royal Challengers Bangalore,Rajasthan Royals,Dubai International Cricket Stadium,Rajasthan Royals,bat,0,2,0,179,3,118,19.67,9.1,47,1,67,2,65,0,1,178.0,1,177,6
1216512,2020-10-18,Kolkata Knight Riders,Sunrisers Hyderabad,Sheikh Zayed Stadium,Sunrisers Hyderabad,field,0,1,1,163,5,120,20.0,8.15,48,1,57,3,58,1,0,,0,163,6
1216512,2020-10-18,Sunrisers Hyderabad,Kolkata Knight Riders,Sheikh Zayed Stadium,Sunrisers Hyderabad,field,1,2,0,163,6,120,20.0,8.15,58,0,51,4,54,2,0,164.0,0,163,5
1216517,2020-10-18,Mumbai Indians,Kings XI Punjab,Dubai International Cricket Stadium,Mumbai Indians,bat,1,1,1,176,6,120,20.0,8.8,43,3,71,1,62,2,0,,0,176,6
1216517,2020-10-18,Kings XI Punjab,Mumbai Indians,Dubai International Cricket Stadium,Mumbai Indians,bat,0,2,0,176,6,120,20.0,8.8,51,1,74,3,51,2,0,177.0,0,176,6
1216533,2020-10-19,Chennai Super Kings,Rajasthan Royals,Sheikh Zayed Stadium,Chennai Super Kings,bat,1,1,1,125,5,120,20.0,6.25,43,2,46,2,36,1,0,,0,126,3
1216533,2020-10-19,Rajasthan Royals,Chennai Super Kings,Sheikh Zayed Stadium,Chennai Super Kings,bat,0,2,0,126,3,105,17.5,7.2,31,3,77,0,18,0,1,126.0,1,125,5
1216546,2020-10-20,Delhi Capitals,Kings XI Punjab,Dubai International Cricket Stadium,Delhi Capitals,bat,1,1,1,164,5,120,20.0,8.2,53,1,64,2,47,2,0,,0,167,5
1216546,2020-10-20,Kings XI Punjab,Delhi Capitals,Dubai International Cricket Stadium,Delhi Capitals,bat,0,2,0,167,5,114,19.0,8.79,57,3,84,1,26,1,1,165.0,1,164,5
1216494,2020-10-21,Kolkata Knight Riders,Royal Challengers Bangalore,Sheikh Zayed Stadium,Kolkata Knight Riders,bat,1,1,1,84,8,120,20.0,4.2,17,4,35,2,32,2,0,,0,85,2
1216494,2020-10-21,Royal Challengers Bangalore,Kolkata Knight Riders,Sheikh Zayed Stadium,Kolkata Knight Riders,bat,0,2,0,85,2,81,13.5,6.3,44,0,41,2,0,0,1,85.0,1,84,8
1216518,2020-10-22,Rajasthan Royals,Sunrisers Hyderabad,Dubai International Cricket Stadium,Sunrisers Hyderabad,field,0,1,1,154,6,120,20.0,7.7,47,1,58,2,49,3,0,,0,156,2
1216518,2020-10-22,Sunrisers Hyderabad,Rajasthan Royals,Dubai International Cricket Stadium,Sunrisers Hyderabad,field,1,2,0,156,2,109,18.17,8.59,58,2,60,0,38,0,1,155.0,1,154,6
1216521,2020-10-23,Chennai Super Kings,Mumbai Indians,Sharjah Cricket Stadium,Mumbai Indians,field,0,1,1,114,9,120,20.0,5.7,24,5,47,3,43,1,0,,0,116,0
1216521,2020-10-23,Mumbai Indians,Chennai Super Kings,Sharjah Cricket Stadium,Mumbai Indians,field,1,2,0,116,0,74,12.33,9.41,52,0,64,0,0,0,1,115.0,1,114,9
1216497,2020-10-24,Kolkata Knight Riders,Delhi Capitals,Sheikh Zayed Stadium,Delhi Capitals,field,0,1,1,194,6,120,20.0,9.7,36,2,106,1,52,3,1,,0,135,9
1216497,2020-10-24,Delhi Capitals,Kolkata Knight Riders,Sheikh Zayed Stadium,Delhi Capitals,field,1,2,0,135,9,120,20.0,6.75,36,2,74,3,25,4,0,195.0,0,194,6
1216498,2020-10-24,Kings XI Punjab,Sunrisers Hyderabad,Dubai International Cricket Stadium,Sunrisers Hyderabad,field,0,1,1,126,7,120,20.0,6.3,47,1,41,4,38,2,1,,0,114,10
1216498,2020-10-24,Sunrisers Hyderabad,Kings XI Punjab,Dubai International Cricket Stadium,Sunrisers Hyderabad,field,1,2,0,114,10,119,19.83,5.75,52,0,45,3,17,7,0,127.0,0,126,7
1216541,2020-10-25,Mumbai Indians,Rajasthan Royals,Sheikh Zayed Stadium,Mumbai Indians,bat,1,1,1,195,5,120,20.0,9.75,59,1,57,3,79,1,0,,0,196,2
1216541,2020-10-25,Rajasthan Royals,Mumbai Indians,Sheikh Zayed Stadium,Mumbai Indians,bat,0,2,0,196,2,110,18.33,10.69,55,2,102,0,39,0,1,196.0,1,195,5
1216544,2020-10-25,Royal Challengers Bangalore,Chennai Super Kings,Dubai International Cricket Stadium,Royal Challengers Bangalore,bat,1,1,1,145,6,120,20.0,7.25,46,1,55,1,44,4,0,,0,150,2
1216544,2020-10-25,Chennai Super Kings,Royal Challengers Bangalore,Dubai International Cricket Stadium,Royal Challengers Bangalore,bat,0,2,0,150,2,112,18.67,8.03,48,1,79,1,23,0,1,146.0,1,145,6
1216520,2020-10-26,Kolkata Knight Riders,Kings XI Punjab,Sharjah Cricket Stadium,Kings XI Punjab,field,0,1,1,149,9,120,20.0,7.45,54,3,60,3,35,3,0,,0,150,2
1216520,2020-10-26,Kings XI Punjab,Kolkata Knight Riders,Sharjah Cricket Stadium,Kings XI Punjab,field,1,2,0,150,2,113,18.83,7.97,36,0,77,1,37,1,1,150.0,1,149,9
1216524,2020-10-27,Sunrisers Hyderabad,Delhi Capitals,Dubai International Cricket Stadium,Delhi Capitals,field,0,1,1,219,2,120,20.0,10.95,77,0,98,2,44,0,1,,0,131,10
1216524,2020-10-27,Delhi Capitals,Sunrisers Hyderabad,Dubai International Cricket Stadium,Delhi Capitals,field,1,2,0,131,10,114,19.0,6.89,54,2,42,4,35,4,0,220.0,0,219,2
1216499,2020-10-28,Royal Challengers Bangalore,Mumbai Indians,Sheikh Zayed Stadium,Mumbai Indians,field,0,1,1,164,6,120,20.0,8.2,54,0,75,2,35,4,0,,0,166,5
1216499,2020-10-28,Mumbai Indians,Royal Challengers Bangalore,Sheikh Zayed Stadium,Mumbai Indians,field,1,2,0,166,5,115,19.17,8.66,45,1,72,3,49,1,1,165.0,1,164,6
1216536,2020-10-29,Kolkata Knight Riders,Chennai Super Kings,Dubai International Cricket Stadium,Chennai Super Kings,field,0,1,1,172,5,120,20.0,8.6,48,0,58,3,66,2,0,,0,178,4
1216536,2020-10-29,Chennai Super Kings,Kolkata Knight Riders,Dubai International Cricket Stadium,Chennai Super Kings,field,1,2,0,178,4,120,20.0,8.9,44,0,77,3,57,1,1,173.0,1,172,5
1216537,2020-10-30,Kings XI Punjab,Rajasthan Royals,Sheikh Zayed Stadium,Rajasthan Royals,field,0,1,1,185,4,120,20.0,9.25,53,1,70,1,62,2,0,,0,186,3
1216537,2020-10-30,Rajasthan Royals,Kings XI Punjab,Sheikh Zayed Stadium,Rajasthan Royals,field,1,2,0,186,3,105,17.5,10.63,66,1,80,2,40,0,1,186.0,1,185,4
1216502,2020-10-31,Royal Challengers Bangalore,Sunrisers Hyderabad,Sharjah Cricket Stadium,Sunrisers Hyderabad,field,0,1,1,120,7,120,20.0,6.0,30,2,63,2,27,3,0,,0,121,5
1216502,2020-10-31,Sunrisers Hyderabad,Royal Challengers Bangalore,Sharjah Cricket Stadium,Sunrisers Hyderabad,field,1,2,0,121,5,85,14.17,8.54,58,1,63,4,0,0,1,121.0,1,120,7
1216535,2020-10-31,Delhi Capitals,Mumbai Indians,Dubai International Cricket Stadium,Mumbai Indians,field,0,1,1,110,9,120,20.0,5.5,22,2,56,4,32,3,0,,0,111,1
1216535,2020-10-31,Mumbai Indians,Delhi Capitals,Dubai International Cricket Stadium,Mumbai Indians,field,1,2,0,111,1,86,14.33,7.75,38,0,73,1,0,0,1,111.0,1,110,9
1216506,2020-11-01,Kings XI Punjab,Chennai Super Kings,Sheikh Zayed Stadium,Chennai Super Kings,field,0,1,1,153,6,120,20.0,7.65,53,1,42,3,58,2,0,,0,154,1
1216506,2020-11-01,Chennai Super Kings,Kings XI Punjab,Sheikh Zayed Stadium,Chennai Super Kings,field,1,2,0,154,1,113,18.83,8.18,57,0,61,1,36,0,1,154.0,1,153,6
1216530,2020-11-01,Kolkata Knight Riders,Rajasthan Royals,Dubai International Cricket Stadium,Rajasthan Royals,field,0,1,1,191,7,120,20.0,9.55,55,1,77,4,59,2,1,,0,131,9
1216530,2020-11-01,Rajasthan Royals,Kolkata Knight Riders,Dubai International Cricket Stadium,Rajasthan Royals,field,1,2,0,131,9,120,20.0,6.55,41,5,66,2,24,2,0,192.0,0,191,7
1216505,2020-11-02,Royal Challengers Bangalore,Delhi Capitals,Sheikh Zayed Stadium,Delhi Capitals,field,0,1,1,152,7,120,20.0,7.6,40,1,63,1,49,5,0,,0,154,4
1216505,2020-11-02,Delhi Capitals,Royal Challengers Bangalore,Sheikh Zayed Stadium,Delhi Capitals,field,1,2,0,154,4,114,19.0,8.11,53,1,68,1,33,2,1,153.0,1,152,7
1216495,2020-11-03,Mumbai Indians,Sunrisers Hyderabad,Sharjah Cricket Stadium,Sunrisers Hyderabad,field,0,1,1,149,8,120,20.0,7.45,48,2,50,3,51,3,0,,0,151,0
1216495,2020-11-03,Sunrisers Hyderabad,Mumbai Indians,Sharjah Cricket Stadium,Sunrisers Hyderabad,field,1,2,0,151,0,103,17.17,8.79,56,0,81,0,14,0,1,150.0,1,149,8
1237177,2020-11-05,Mumbai Indians,Delhi Capitals,Dubai International Cricket Stadium,Delhi Capitals,field,0,1,1,200,5,120,20.0,10.0,63,1,59,3,78,1,1,,0,143,8
1237177,2020-11-05,Delhi Capitals,Mumbai Indians,Dubai International Cricket Stadium,Delhi Capitals,field,1,2,0,143,8,120,20.0,7.15,32,4,80,1,31,3,0,201.0,0,200,5
1237178,2020-11-06,Royal Challengers Bangalore,Sunrisers Hyderabad,Sheikh Zayed Stadium,Sunrisers Hyderabad,field,0,1,1,131,7,120,20.0,6.55,32,2,61,2,38,3,0,,0,132,4
1237178,2020-11-06,Sunrisers Hyderabad,Royal Challengers Bangalore,Sheikh Zayed Stadium,Sunrisers Hyderabad,field,1,2,0,132,4,118,19.67,6.71,48,2,39,2,45,0,1,132.0,1,131,7
1237180,2020-11-08,Delhi Capitals,Sunrisers Hyderabad,Sheikh Zayed Stadium,Delhi Capitals,bat,1,1,1,189,3,120,20.0,9.45,65,0,74,2,50,1,1,,0,172,8
1237180,2020-11-08,Sunrisers Hyderabad,Delhi Capitals,Sheikh Zayed Stadium,Delhi Capitals,bat,0,2,0,172,8,120,20.0,8.6,49,3,80,1,43,4,0,190.0,0,189,3
1237181,2020-11-10,Delhi Capitals,Mumbai Indians,Dubai International Cricket Stadium,Delhi Capitals,bat,1,1,1,156,7,120,20.0,7.8,41,3,77,1,38,3,0,,0,157,5
1237181,2020-11-10,Mumbai Indians,Delhi Capitals,Dubai International Cricket Stadium,Delhi Capitals,bat,0,2,0,157,5,112,18.67,8.41,61,1,65,1,31,3,1,157.0,1,156,7
1254058,2021-04-09,Mumbai Indians,Royal Challengers Bangalore,"MA Chidambaram Stadium, Chepauk, Chennai",Royal Challengers Bangalore,field,0,1,1,159,9,120,20.0,7.95,41,1,87,2,31,6,0,,0,160,8
1254058,2021-04-09,Royal Challengers Bangalore,Mumbai Indians,"MA Chidambaram Stadium, Chepauk, Chennai",Royal Challengers Bangalore,field,1,2,0,160,8,120,20.0,8.0,46,2,60,3,54,3,1,160.0,1,159,9
1254059,2021-04-10,Chennai Super Kings,Delhi Capitals,"Wankhede Stadium, Mumbai",Delhi Capitals,field,0,1,1,188,7,120,20.0,9.4,33,2,103,2,52,3,0,,0,190,3
1254059,2021-04-10,Delhi Capitals,Chennai Super Kings,"Wankhede Stadium, Mumbai",Delhi Capitals,field,1,2,0,190,3,112,18.67,10.18,65,0,86,1,39,2,1,189.0,1,188,7
1254060,2021-04-11,Kolkata Knight Riders,Sunrisers Hyderabad,"MA Chidambaram Stadium, Chepauk, Chennai",Sunrisers Hyderabad,field,0,1,1,187,6,120,20.0,9.35,50,0,95,1,42,5,1,,0,177,5
1254060,2021-04-11,Sunrisers Hyderabad,Kolkata Knight Riders,"MA Chidambaram Stadium, Chepauk, Chennai",Sunrisers Hyderabad,field,1,2,0,177,5,120,20.0,8.85,35,2,84,1,58,2,0,188.0,0,187,6
1254061,2021-04-12,Punjab Kings,Rajasthan Royals,"Wankhede Stadium, Mumbai",Rajasthan Royals,field,0,1,1,221,6,120,20.0,11.05,46,1,115,1,60,4,1,,0,217,7
1254061,2021-04-12,Rajasthan Royals,Punjab Kings,"Wankhede Stadium, Mumbai",Rajasthan Royals,field,1,2,0,217,7,120,20.0,10.85,59,2,95,2,63,3,0,222.0,0,221,6
1254062,2021-04-13,Mumbai Indians,Kolkata Knight Riders,"MA Chidambaram Stadium, Chepauk, Chennai",Kolkata Knight Riders,field,0,1,1,152,10,120,20.0,7.6,42,1,72,2,38,7,1,,0,142,7
1254062,2021-04-13,Kolkata Knight Riders,Mumbai Indians,"MA Chidambaram Stadium, Chepauk, Chennai",Kolkata Knight Riders,field,1,2,0,142,7,120,20.0,7.1,45,0,77,4,20,3,0,153.0,0,152,10
1254063,2021-04-14,Royal Challengers Bangalore,Sunrisers Hyderabad,"MA Chidambaram Stadium, Chepauk, Chennai",Sunrisers Hyderabad,field,0,1,1,149,8,120,20.0,7.45,47,1,56,3,46,4,1,,0,143,9
1254063,2021-04-14,Sunrisers Hyderabad,Royal Challengers Bangalore,"MA Chidambaram Stadium, Chepauk, Chennai",Sunrisers Hyderabad,field,1,2,0,143,9,120,20.0,7.15,50,1,58,1,35,7,0,150.0,0,149,8
1254064,2021-04-15,Delhi Capitals,Rajasthan Royals,"Wankhede Stadium, Mumbai",Rajasthan Royals,field,0,1,1,147,8,120,20.0,7.35,36,3,66,3,45,2,0,,0,150,7
1254064,2021-04-15,Rajasthan Royals,Delhi Capitals,"Wankhede Stadium, Mumbai",Rajasthan Royals,field,1,2,0,150,7,118,19.67,7.63,26,3,64,3,60,1,1,148.0,1,147,8
1254065,2021-04-16,Punjab Kings,Chennai Super Kings,"Wankhede Stadium, Mumbai",Chennai Super Kings,field,0,1,1,106,8,120,20.0,5.3,26,4,47,2,33,2,0,,0,107,4
1254065,2021-04-16,Chennai Super Kings,Punjab Kings,"Wankhede Stadium, Mumbai",Chennai Super Kings,field,1,2,0,107,4,94,15.67,6.83,32,1,70,3,5,0,1,107.0,1,106,8
1254066,2021-04-17,Mumbai Indians,Sunrisers Hyderabad,"MA Chidambaram Stadium, Chepauk, Chennai",Mumbai Indians,bat,1,1,1,150,5,120,20.0,7.5,53,0,48,3,49,2,1,,0,137,10
1254066,2021-04-17,Sunrisers Hyderabad,Mumbai Indians,"MA Chidambaram Stadium, Chepauk, Chennai",Mumbai Indians,bat,0,2,0,137,10,118,19.67,6.96,57,0,47,5,33,5,0,151.0,0,150,5
1254067,2021-04-18,Royal Challengers Bangalore,Kolkata Knight Riders,"MA Chidambaram Stadium, Chepauk, Chennai",Royal Challengers Bangalore,bat,1,1,1,204,4,120,20.0,10.2,45,2,89,1,70,1,1,,0,166,8
1254067,2021-04-18,Kolkata Knight Riders,Royal Challengers Bangalore,"MA Chidambaram Stadium, Chepauk, Chennai",Royal Challengers Bangalore,bat,0,2,0,166,8,120,20.0,8.3,57,2,64,3,45,3,0,205.0,0,204,4
1254068,2021-04-18,Punjab Kings,Delhi Capitals,"Wankhede Stadium, Mumbai",Delhi Capitals,field,0,1,1,195,4,120,20.0,9.75,59,0,81,1,55,3,0,,0,198,4
1254068,2021-04-18,Delhi Capitals,Punjab Kings,"Wankhede Stadium, Mumbai",Delhi Capitals,field,1,2,0,198,4,110,18.33,10.8,62,1,90,2,46,1,1,196.0,1,195,4
1254069,2021-04-19,Chennai Super Kings,Rajasthan Royals,"Wankhede Stadium, Mumbai",Rajasthan Royals,field,0,1,1,188,9,120,20.0,9.4,46,2,81,3,61,4,1,,0,143,9
1254069,2021-04-19,Rajasthan Royals,Chennai Super Kings,"Wankhede Stadium, Mumbai",Rajasthan Royals,field,1,2,0,143,9,120,20.0,7.15,45,2,52,5,46,2,0,189.0,0,188,9
1254070,2021-04-20,Mumbai Indians,Delhi Capitals,"MA Chidambaram Stadium, Chepauk, Chennai",Mumbai Indians,bat,1,1,1,137,9,120,20.0,6.85,55,1,46,5,36,3,0,,0,138,4
1254070,2021-04-20,Delhi Capitals,Mumbai Indians,"MA Chidambaram Stadium, Chepauk, Chennai",Mumbai Indians,bat,0,2,0,138,4,115,19.17,7.2,39,1,62,2,37,1,1,138.0,1,137,9
1254071,2021-04-21,Punjab Kings,Sunrisers Hyderabad,"MA Chidambaram Stadium, Chepauk, Chennai",Punjab Kings,bat,1,1,1,120,10,118,19.67,6.1,32,1,62,5,26,4,0,,0,121,1
1254071,2021-04-21,Sunrisers Hyderabad,Punjab Kings,"MA Chidambaram Stadium, Chepauk, Chennai",Punjab Kings,bat,0,2,0,121,1,112,18.67,6.48,50,0,45,1,26,0,1,121.0,1,120,10
1254072,2021-04-21,Chennai Super Kings,Kolkata Knight Riders,"Wankhede Stadium, Mumbai",Kolkata Knight Riders,field,0,1,1,220,3,120,20.0,11.0,54,0,90,1,76,2,1,,0,202,10
1254072,2021-04-21,Kolkata Knight Riders,Chennai Super Kings,"Wankhede Stadium, Mumbai",Kolkata Knight Riders,field,1,2,0,202,10,115,19.17,10.54,45,5,101,2,56,3,0,221.0,0,220,3
1254073,2021-04-22,Rajasthan Royals,Royal Challengers Bangalore,"Wankhede Stadium, Mumbai",Royal Challengers Bangalore,field,0,1,1,177,9,120,20.0,8.85,32,3,96,2,49,4,0,,0,181,0
1254073,2021-04-22,Royal Challengers Bangalore,Rajasthan Royals,"Wankhede Stadium, Mumbai",Royal Challengers Bangalore,field,1,2,0,181,0,99,16.5,10.97,59,0,103,0,19,0,1,178.0,1,177,9
1254074,2021-04-23,Mumbai Indians,Punjab Kings,"MA Chidambaram Stadium, Chepauk, Chennai",Punjab Kings,field,0,1,1,131,6,120,20.0,6.55,21,1,76,1,34,4,0,,0,132,1
1254074,2021-04-23,Punjab Kings,Mumbai Indians,"MA Chidambaram Stadium, Chepauk, Chennai",Punjab Kings,field,1,2,0,132,1,106,17.67,7.47,45,0,54,1,33,0,1,132.0,1,131,6
1254075,2021-04-24,Kolkata Knight Riders,Rajasthan Royals,"Wankhede Stadium, Mumbai",Rajasthan Royals,field,0,1,1,133,9,120,20.0,6.65,25,1,68,3,40,5,0,,0,134,4
1254075,2021-04-24,Rajasthan Royals,Kolkata Knight Riders,"Wankhede Stadium, Mumbai",Rajasthan Royals,field,1,2,0,134,4,113,18.83,7.12,50,2,54,2,30,0,1,134.0,1,133,9
1254076,2021-04-25,Chennai Super Kings,Royal Challengers Bangalore,"Wankhede Stadium, Mumbai",Chennai Super Kings,bat,1,1,1,191,4,120,20.0,9.55,51,0,66,3,74,1,1,,0,122,9
1254076,2021-04-25,Royal Challengers Bangalore,Chennai Super Kings,"Wankhede Stadium, Mumbai",Chennai Super Kings,bat,0,2,0,122,9,120,20.0,6.1,65,2,30,6,27,1,0,192.0,0,191,4
1254077,2021-04-25,Delhi Capitals,Sunrisers Hyderabad,"MA Chidambaram Stadium, Chepauk, Chennai",Delhi Capitals,bat,1,1,1,159,4,120,20.0,7.95,51,0,65,2,43,2,0,,0,159,7
1254077,2021-04-25,Sunrisers Hyderabad,Delhi Capitals,"MA Chidambaram Stadium, Chepauk, Chennai",Delhi Capitals,bat,0,2,0,159,7,120,20.0,7.95,56,2,54,2,49,3,0,160.0,0,159,4
1254078,2021-04-26,Punjab Kings,Kolkata Knight Riders,"Narendra Modi Stadium, Ahmedabad",Kolkata Knight Riders,field,0,1,1,123,9,120,20.0,6.15,37,1,45,5,41,3,0,,0,126,5
1254078,2021-04-26,Kolkata Knight Riders,Punjab Kings,"Narendra Modi Stadium, Ahmedabad",Kolkata Knight Riders,field,1,2,0,126,5,100,16.67,7.56,42,3,60,2,24,0,1,124.0,1,123,9
1254079,2021-04-27,Royal Challengers Bangalore,Delhi Capitals,"Narendra Modi Stadium, Ahmedabad",Delhi Capitals,field,0,1,1,171,5,120,20.0,8.55,36,2,79,2,56,1,1,,0,170,4
1254079,2021-04-27,Delhi Capitals,Royal Challengers Bangalore,"Narendra Modi Stadium, Ahmedabad",Delhi Capitals,field,1,2,0,170,4,120,20.0,8.5,43,2,68,2,59,0,0,172.0,0,171,5
1254080,2021-04-28,Sunrisers Hyderabad,Chennai Super Kings,"Arun Jaitley Stadium, Delhi",Sunrisers Hyderabad,bat,1,1,1,171,3,120,20.0,8.55,39,1,74,0,58,2,0,,0,173,3
1254080,2021-04-28,Chennai Super Kings,Sunrisers Hyderabad,"Arun Jaitley Stadium, Delhi",Sunrisers Hyderabad,bat,0,2,0,173,3,111,18.5,9.35,50,0,98,3,25,0,1,172.0,1,171,3
1254081,2021-04-29,Rajasthan Royals,Mumbai Indians,"Arun Jaitley Stadium, Delhi",Mumbai Indians,field,0,1,1,171,4,120,20.0,8.55,47,0,79,2,45,2,0,,0,172,3
1254081,2021-04-29,Mumbai Indians,Rajasthan Royals,"Arun Jaitley Stadium, Delhi",Mumbai Indians,field,1,2,0,172,3,111,18.5,9.3,49,1,82,1,41,1,1,172.0,1,171,4
1254082,2021-04-29,Kolkata Knight Riders,Delhi Capitals,"Narendra Modi Stadium, Ahmedabad",Delhi Capitals,field,0,1,1,154,6,120,20.0,7.7,45,1,50,4,59,1,0,,0,156,3
1254082,2021-04-29,Delhi Capitals,Kolkata Knight Riders,"Narendra Modi Stadium, Ahmedabad",Delhi Capitals,field,1,2,0,156,3,99,16.5,9.45,67,0,79,1,10,2,1,155.0,1,154,6
1254083,2021-04-30,Punjab Kings,Royal Challengers Bangalore,"Narendra Modi Stadium, Ahmedabad",Royal Challengers Bangalore,field,0,1,1,179,5,120,20.0,8.95,49,1,70,4,60,0,1,,0,145,8
1254083,2021-04-30,Royal Challengers Bangalore,Punjab Kings,"Narendra Modi Stadium, Ahmedabad",Royal Challengers Bangalore,field,1,2,0,145,8,120,20.0,7.25,36,1,56,4,53,3,0,180.0,0,179,5
1254084,2021-05-01,Chennai Super Kings,Mumbai Indians,"Arun Jaitley Stadium, Delhi",Mumbai Indians,field,0,1,1,218,4,120,20.0,10.9,49,1,87,3,82,0,0,,0,219,6
1254084,2021-05-01,Mumbai Indians,Chennai Super Kings,"Arun Jaitley Stadium, Delhi",Mumbai Indians,field,1,2,0,219,6,120,20.0,10.95,58,0,95,3,66,3,1,219.0,1,218,4
1254085,2021-05-02,Rajasthan Royals,Sunrisers Hyderabad,"Arun Jaitley Stadium, Delhi",Sunrisers Hyderabad,field,0,1,1,220,3,120,20.0,11.0,42,1,104,0,74,2,1,,0,165,8
1254085,2021-05-02,Sunrisers Hyderabad,Rajasthan Royals,"Arun Jaitley Stadium, Delhi",Sunrisers Hyderabad,field,1,2,0,165,8,120,20.0,8.25,57,0,72,5,36,3,0,221.0,0,220,3
1254086,2021-05-02,Punjab Kings,Delhi Capitals,"Narendra Modi Stadium, Ahmedabad",Delhi Capitals,field,0,1,1,166,6,120,20.0,8.3,39,2,63,2,64,2,0,,0,167,3
1254086,2021-05-02,Delhi Capitals,Punjab Kings,"Narendra Modi Stadium, Ahmedabad",Delhi Capitals,field,1,2,0,167,3,106,17.67,9.45,63,0,76,2,28,1,1,167.0,1,166,6
1254104,2021-09-19,Chennai Super Kings,Mumbai Indians,Dubai International Cricket Stadium,Chennai Super Kings,bat,1,1,1,156,7,120,20.0,7.8,24,5,63,0,69,2,1,,0,136,8
1254104,2021-09-19,Mumbai Indians,Chennai Super Kings,Dubai International Cricket Stadium,Chennai Super Kings,bat,0,2,0,136,8,120,20.0,6.8,41,3,56,3,39,2,0,157.0,0,156,7
1254087,2021-09-20,Royal Challengers Bangalore,Kolkata Knight Riders,"Zayed Cricket Stadium, Abu Dhabi",Royal Challengers Bangalore,bat,1,1,1,92,10,114,19.0,4.84,41,2,34,5,17,3,0,,0,94,1
1254087,2021-09-20,Kolkata Knight Riders,Royal Challengers Bangalore,"Zayed Cricket Stadium, Abu Dhabi",Royal Challengers Bangalore,bat,0,2,0,94,1,60,10.0,9.4,56,0,38,1,0,0,1,93.0,1,92,10
1254111,2021-09-21,Rajasthan Royals,Punjab Kings,Dubai International Cricket Stadium,Punjab Kings,field,0,1,1,185,10,120,20.0,9.25,57,1,83,3,45,6,1,,0,183,4
1254111,2021-09-21,Punjab Kings,Rajasthan Royals,Dubai International Cricket Stadium,Punjab Kings,field,1,2,0,183,4,120,20.0,9.15,49,0,99,2,35,2,0,186.0,0,185,10
1254105,2021-09-22,Sunrisers Hyderabad,Delhi Capitals,Dubai International Cricket Stadium,Sunrisers Hyderabad,bat,1,1,1,134,9,120,20.0,6.7,32,2,58,3,44,4,0,,0,139,2
1254105,2021-09-22,Delhi Capitals,Sunrisers Hyderabad,Dubai International Cricket Stadium,Sunrisers Hyderabad,bat,0,2,0,139,2,107,17.83,7.8,39,1,60,1,40,0,1,135.0,1,134,9
1254096,2021-09-23,Mumbai Indians,Kolkata Knight Riders,"Zayed Cricket Stadium, Abu Dhabi",Kolkata Knight Riders,field,0,1,1,155,6,120,20.0,7.75,56,0,50,3,49,3,0,,0,159,3
1254096,2021-09-23,Kolkata Knight Riders,Mumbai Indians,"Zayed Cricket Stadium, Abu Dhabi",Kolkata Knight Riders,field,1,2,0,159,3,91,15.17,10.48,63,1,92,2,4,0,1,156.0,1,155,6
1254113,2021-09-24,Royal Challengers Bangalore,Chennai Super Kings,Sharjah Cricket Stadium,Chennai Super Kings,field,0,1,1,156,6,120,20.0,7.8,55,0,63,1,38,5,0,,0,157,4
1254113,2021-09-24,Chennai Super Kings,Royal Challengers Bangalore,Sharjah Cricket Stadium,Chennai Super Kings,field,1,2,0,157,4,109,18.17,8.64,59,0,66,3,32,1,1,157.0,1,156,6
1254097,2021-09-25,Delhi Capitals,Rajasthan Royals,"Zayed Cricket Stadium, Abu Dhabi",Rajasthan Royals,field,0,1,1,154,6,120,20.0,7.7,36,2,68,2,50,2,1,,0,121,6
1254097,2021-09-25,Rajasthan Royals,Delhi Capitals,"Zayed Cricket Stadium, Abu Dhabi",Rajasthan Royals,field,1,2,0,121,6,120,20.0,6.05,21,3,61,2,39,1,0,155.0,0,154,6
1254107,2021-09-25,Punjab Kings,Sunrisers Hyderabad,Sharjah Cricket Stadium,Sunrisers Hyderabad,field,0,1,1,125,7,120,20.0,6.25,29,2,64,3,32,2,1,,0,120,7
1254107,2021-09-25,Sunrisers Hyderabad,Punjab Kings,Sharjah Cricket Stadium,Sunrisers Hyderabad,field,1,2,0,120,7,120,20.0,6.0,20,2,55,3,45,2,0,126.0,0,125,7
1254098,2021-09-26,Kolkata Knight Riders,Chennai Super Kings,"Zayed Cricket Stadium, Abu Dhabi",Kolkata Knight Riders,bat,1,1,1,171,6,120,20.0,8.55,50,2,68,2,53,2,0,,0,172,8
1254098,2021-09-26,Chennai Super Kings,Kolkata Knight Riders,"Zayed Cricket Stadium, Abu Dhabi",Kolkata Knight Riders,bat,0,2,0,172,8,120,20.0,8.6,52,0,75,3,45,5,1,172.0,1,171,6
1254108,2021-09-26,Royal Challengers Bangalore,Mumbai Indians,Dubai International Cricket Stadium,Mumbai Indians,field,0,1,1,165,6,120,20.0,8.25,48,1,71,1,46,4,1,,0,111,10
1254108,2021-09-26,Mumbai Indians,Royal Challengers Bangalore,Dubai International Cricket Stadium,Mumbai Indians,field,1,2,0,111,10,109,18.17,6.11,56,0,43,5,12,5,0,166.0,0,165,6
1254100,2021-09-27,Rajasthan Royals,Sunrisers Hyderabad,Dubai International Cricket Stadium,Rajasthan Royals,bat,1,1,1,164,5,120,20.0,8.2,49,1,64,2,51,2,0,,0,167,3
1254100,2021-09-27,Sunrisers Hyderabad,Rajasthan Royals,Dubai International Cricket Stadium,Rajasthan Royals,bat,0,2,0,167,3,111,18.5,9.03,63,1,68,2,36,0,1,165.0,1,164,5
1254092,2021-09-28,Delhi Capitals,Kolkata Knight Riders,Sharjah Cricket Stadium,Kolkata Knight Riders,field,0,1,1,127,9,120,20.0,6.35,39,1,50,4,38,4,0,,0,130,7
1254092,2021-09-28,Kolkata Knight Riders,Delhi Capitals,Sharjah Cricket Stadium,Kolkata Knight Riders,field,1,2,0,130,7,110,18.33,7.09,44,2,54,3,32,2,1,128.0,1,127,9
1254099,2021-09-28,Punjab Kings,Mumbai Indians,"Zayed Cricket Stadium, Abu Dhabi",Mumbai Indians,field,0,1,1,135,6,120,20.0,6.75,38,1,67,3,30,2,0,,0,137,4
1254099,2021-09-28,Mumbai Indians,Punjab Kings,"Zayed Cricket Stadium, Abu Dhabi",Mumbai Indians,field,1,2,0,137,4,114,19.0,7.21,30,2,62,1,45,1,1,136.0,1,135,6
1254103,2021-09-29,Rajasthan Royals,Royal Challengers Bangalore,Dubai International Cricket Stadium,Royal Challengers Bangalore,field,0,1,1,149,9,120,20.0,7.45,56,0,64,5,29,4,0,,0,153,3
1254103,2021-09-29,Royal Challengers Bangalore,Rajasthan Royals,Dubai International Cricket Stadium,Royal Challengers Bangalore,field,1,2,0,153,3,103,17.17,8.91,54,1,69,1,30,1,1,150.0,1,149,9
1254091,2021-09-30,Sunrisers Hyderabad,Chennai Super Kings,Sharjah Cricket Stadium,Chennai Super Kings,field,0,1,1,134,7,120,20.0,6.7,41,1,56,3,37,3,0,,0,139,4
1254091,2021-09-30,Chennai Super Kings,Sunrisers Hyderabad,Sharjah Cricket Stadium,Chennai Super Kings,field,1,2,0,139,4,118,19.67,7.07,47,0,58,2,34,2,1,135.0,1,134,7
1254102,2021-10-01,Kolkata Knight Riders,Punjab Kings,Dubai International Cricket Stadium,Punjab Kings,field,0,1,1,165,7,120,20.0,8.25,48,1,73,2,44,4,0,,0,168,5
1254102,2021-10-01,Punjab Kings,Kolkata Knight Riders,Dubai International Cricket Stadium,Punjab Kings,field,1,2,0,168,5,117,19.5,8.62,46,0,75,2,47,3,1,166.0,1,165,7
1254089,2021-10-02,Chennai Super Kings,Rajasthan Royals,"Zayed Cricket Stadium, Abu Dhabi",Rajasthan Royals,field,0,1,1,189,4,120,20.0,9.45,44,0,72,3,73,1,0,,0,190,3
1254089,2021-10-02,Rajasthan Royals,Chennai Super Kings,"Zayed Cricket Stadium, Abu Dhabi",Rajasthan Royals,field,1,2,0,190,3,105,17.5,10.86,81,1,84,1,25,1,1,190.0,1,189,4
1254112,2021-10-02,Mumbai Indians,Delhi Capitals,Sharjah Cricket Stadium,Delhi Capitals,field,0,1,1,129,8,120,20.0,6.45,35,1,52,4,42,3,0,,0,132,6
1254112,2021-10-02,Delhi Capitals,Mumbai Indians,Sharjah Cricket Stadium,Delhi Capitals,field,1,2,0,132,6,115,19.17,6.89,46,3,54,3,32,0,1,130.0,1,129,8
1254090,2021-10-03,Royal Challengers Bangalore,Punjab Kings,Sharjah Cricket Stadium,Royal Challengers Bangalore,bat,1,1,1,164,7,120,20.0,8.2,55,0,54,3,55,4,1,,0,158,6
1254090,2021-10-03,Punjab Kings,Royal Challengers Bangalore,Sharjah Cricket Stadium,Royal Challengers Bangalore,bat,0,2,0,158,6,120,20.0,7.9,49,0,64,2,45,4,0,165.0,0,164,7
1254109,2021-10-03,Sunrisers Hyderabad,Kolkata Knight Riders,Dubai International Cricket Stadium,Sunrisers Hyderabad,bat,1,1,1,115,8,120,20.0,5.75,35,2,44,3,36,3,0,,0,119,4
1254109,2021-10-03,Kolkata Knight Riders,Sunrisers Hyderabad,Dubai International Cricket Stadium,Sunrisers Hyderabad,bat,0,2,0,119,4,118,19.67,6.05,36,1,48,1,35,2,1,116.0,1,115,8
1254110,2021-10-04,Chennai Super Kings,Delhi Capitals,Dubai International Cricket Stadium,Delhi Capitals,field,0,1,1,136,5,120,20.0,6.8,48,2,45,2,43,1,0,,0,139,7
1254110,2021-10-04,Delhi Capitals,Chennai Super Kings,Dubai International Cricket Stadium,Delhi Capitals,field,1,2,0,139,7,118,19.67,7.07,51,2,48,4,40,1,1,137.0,1,136,5
1254093,2021-10-05,Rajasthan Royals,Mumbai Indians,Sharjah Cricket Stadium,Mumbai Indians,field,0,1,1,90,9,120,20.0,4.5,41,2,30,4,19,3,0,,0,94,2
1254093,2021-10-05,Mumbai Indians,Rajasthan Royals,Sharjah Cricket Stadium,Mumbai Indians,field,1,2,0,94,2,50,8.33,11.28,56,2,38,0,0,0,1,91.0,1,90,9
1254095,2021-10-06,Sunrisers Hyderabad,Royal Challengers Bangalore,"Zayed Cricket Stadium, Abu Dhabi",Royal Challengers Bangalore,field,0,1,1,141,7,120,20.0,7.05,50,1,57,3,34,3,1,,0,137,6
1254095,2021-10-06,Royal Challengers Bangalore,Sunrisers Hyderabad,"Zayed Cricket Stadium, Abu Dhabi",Royal Challengers Bangalore,field,1,2,0,137,6,120,20.0,6.85,37,2,61,2,39,2,0,142.0,0,141,7
1254094,2021-10-07,Chennai Super Kings,Punjab Kings,Dubai International Cricket Stadium,Punjab Kings,field,0,1,1,134,6,120,20.0,6.7,30,2,52,3,52,1,0,,0,139,4
1254094,2021-10-07,Punjab Kings,Chennai Super Kings,Dubai International Cricket Stadium,Punjab Kings,field,1,2,0,139,4,78,13.0,10.69,51,2,88,2,0,0,1,135.0,1,134,6
1254106,2021-10-07,Kolkata Knight Riders,Rajasthan Royals,Sharjah Cricket Stadium,Rajasthan Royals,field,0,1,1,171,4,120,20.0,8.55,34,0,93,2,44,2,1,,0,85,10
1254106,2021-10-07,Rajasthan Royals,Kolkata Knight Riders,Sharjah Cricket Stadium,Rajasthan Royals,field,1,2,0,85,10,97,16.17,5.26,17,4,66,4,2,2,0,172.0,0,171,4
1254088,2021-10-08,Mumbai Indians,Sunrisers Hyderabad,"Zayed Cricket Stadium, Abu Dhabi",Mumbai Indians,bat,1,1,1,235,9,120,20.0,11.75,83,1,94,4,58,4,1,,0,193,8
1254088,2021-10-08,Sunrisers Hyderabad,Mumbai Indians,"Zayed Cricket Stadium, Abu Dhabi",Mumbai Indians,bat,0,2,0,193,8,120,20.0,9.65,70,1,86,3,37,4,0,236.0,0,235,9
1254101,2021-10-08,Delhi Capitals,Royal Challengers Bangalore,Dubai International Cricket Stadium,Royal Challengers Bangalore,field,0,1,1,164,5,120,20.0,8.2,55,0,73,3,36,2,0,,0,166,3
1254101,2021-10-08,Royal Challengers Bangalore,Delhi Capitals,Dubai International Cricket Stadium,Royal Challengers Bangalore,field,1,2,0,166,3,120,20.0,8.3,29,2,79,1,58,0,1,165.0,1,164,5
1254114,2021-10-10,Delhi Capitals,Chennai Super Kings,Dubai International Cricket Stadium,Chennai Super Kings,field,0,1,1,172,5,120,20.0,8.6,51,2,63,2,58,1,0,,0,173,6
1254114,2021-10-10,Chennai Super Kings,Delhi Capitals,Dubai International Cricket Stadium,Chennai Super Kings,field,1,2,0,173,6,118,19.67,8.8,59,1,62,3,52,2,1,173.0,1,172,5
1254115,2021-10-11,Royal Challengers Bangalore,Kolkata Knight Riders,Sharjah Cricket Stadium,Royal Challengers Bangalore,bat,1,1,1,138,7,120,20.0,6.9,53,1,55,3,30,3,0,,0,139,6
1254115,2021-10-11,Kolkata Knight Riders,Royal Challengers Bangalore,Sharjah Cricket Stadium,Royal Challengers Bangalore,bat,0,2,0,139,6,118,19.67,7.07,48,1,64,3,27,2,1,139.0,1,138,7
1254116,2021-10-13,Delhi Capitals,Kolkata Knight Riders,Sharjah Cricket Stadium,Kolkata Knight Riders,field,0,1,1,135,5,120,20.0,6.75,38,1,52,2,45,2,0,,0,136,7
1254116,2021-10-13,Kolkata Knight Riders,Delhi Capitals,Sharjah Cricket Stadium,Kolkata Knight Riders,field,1,2,0,136,7,119,19.83,6.86,51,0,62,1,23,6,1,136.0,1,135,5
1254117,2021-10-15,Chennai Super Kings,Kolkata Knight Riders,Dubai International Cricket Stadium,Kolkata Knight Riders,field,0,1,1,192,3,120,20.0,9.6,50,0,81,2,61,1,1,,0,165,9
1254117,2021-10-15,Kolkata Knight Riders,Chennai Super Kings,Dubai International Cricket Stadium,Kolkata Knight Riders,field,1,2,0,165,9,120,20.0,8.25,55,0,65,6,45,3,0,193.0,0,192,3
1304047,2022-03-26,Chennai Super Kings,Kolkata Knight Riders,"Wankhede Stadium, Mumbai",Kolkata Knight Riders,field,0,1,1,131,5,120,20.0,6.55,35,2,38,3,58,0,0,,0,133,4
1304047,2022-03-26,Kolkata Knight Riders,Chennai Super Kings,"Wankhede Stadium, Mumbai",Kolkata Knight Riders,field,1,2,0,133,4,111,18.5,7.19,43,0,61,3,29,1,1,132.0,1,131,5
1304048,2022-03-27,Mumbai Indians,Delhi Capitals,"Brabourne Stadium, Mumbai",Delhi Capitals,field,0,1,1,177,5,120,20.0,8.85,53,0,65,3,59,2,0,,0,179,6
1304048,2022-03-27,Delhi Capitals,Mumbai Indians,"Brabourne Stadium, Mumbai",Delhi Capitals,field,1,2,0,179,6,110,18.33,9.77,46,3,76,3,57,0,1,178.0,1,177,5
1304049,2022-03-27,Royal Challengers Bangalore,Punjab Kings,"Dr DY Patil Sports Academy, Mumbai",Punjab Kings,field,0,1,1,205,2,120,20.0,10.25,41,0,101,1,63,1,0,,0,208,5
1304049,2022-03-27,Punjab Kings,Royal Challengers Bangalore,"Dr DY Patil Sports Academy, Mumbai",Punjab Kings,field,1,2,0,208,5,114,19.0,10.95,63,0,93,5,52,0,1,206.0,1,205,2
1304050,2022-03-28,Lucknow Super Giants,Gujarat Titans,"Wankhede Stadium, Mumbai",Gujarat Titans,field,0,1,1,158,6,120,20.0,7.9,32,4,77,0,49,2,0,,0,161,5
1304050,2022-03-28,Gujarat Titans,Lucknow Super Giants,"Wankhede Stadium, Mumbai",Gujarat Titans,field,1,2,0,161,5,118,19.67,8.19,44,2,47,2,70,1,1,159.0,1,158,6
1304051,2022-03-29,Rajasthan Royals,Sunrisers Hyderabad,"Maharashtra Cricket Association Stadium, Pune",Sunrisers Hyderabad,field,0,1,1,210,6,120,20.0,10.5,58,0,90,3,62,3,1,,0,149,7
1304051,2022-03-29,Sunrisers Hyderabad,Rajasthan Royals,"Maharashtra Cricket Association Stadium, Pune",Sunrisers Hyderabad,field,1,2,0,149,7,120,20.0,7.45,14,3,63,2,72,2,0,211.0,0,210,6
1304052,2022-03-30,Kolkata Knight Riders,Royal Challengers Bangalore,"Dr DY Patil Sports Academy, Mumbai",Royal Challengers Bangalore,field,0,1,1,128,10,113,18.83,6.8,44,3,57,6,27,1,0,,0,132,7
1304052,2022-03-30,Royal Challengers Bangalore,Kolkata Knight Riders,"Dr DY Patil Sports Academy, Mumbai",Royal Challengers Bangalore,field,1,2,0,132,7,116,19.33,6.83,36,3,57,1,39,3,1,129.0,1,128,10
1304053,2022-03-31,Chennai Super Kings,Lucknow Super Giants,"Brabourne Stadium, Mumbai",Lucknow Super Giants,field,0,1,1,210,7,120,20.0,10.5,73,1,74,2,63,4,0,,0,211,4
1304053,2022-03-31,Lucknow Super Giants,Chennai Super Kings,"Brabourne Stadium, Mumbai",Lucknow Super Giants,field,1,2,0,211,4,117,19.5,10.82,55,0,89,3,67,1,1,211.0,1,210,7
1304054,2022-04-01,Punjab Kings,Kolkata Knight Riders,"Wankhede Stadium, Mumbai",Kolkata Knight Riders,field,0,1,1,137,10,110,18.33,7.47,62,3,40,5,35,2,0,,0,141,4
1304054,2022-04-01,Kolkata Knight Riders,Punjab Kings,"Wankhede Stadium, Mumbai",Kolkata Knight Riders,field,1,2,0,141,4,87,14.5,9.72,51,2,90,2,0,0,1,138.0,1,137,10
1304055,2022-04-02,Rajasthan Royals,Mumbai Indians,"Dr DY Patil Sports Academy, Mumbai",Mumbai Indians,field,0,1,1,193,8,120,20.0,9.65,48,2,90,1,55,5,1,,0,170,8
1304055,2022-04-02,Mumbai Indians,Rajasthan Royals,"Dr DY Patil Sports Academy, Mumbai",Mumbai Indians,field,1,2,0,170,8,120,20.0,8.5,50,2,86,2,34,4,0,194.0,0,193,8
1304056,2022-04-02,Gujarat Titans,Delhi Capitals,"Maharashtra Cricket Association Stadium, Pune",Delhi Capitals,field,0,1,1,171,6,120,20.0,8.55,44,1,76,2,51,3,1,,0,157,9
1304056,2022-04-02,Delhi Capitals,Gujarat Titans,"Maharashtra Cricket Association Stadium, Pune",Delhi Capitals,field,1,2,0,157,9,120,20.0,7.85,43,3,83,3,31,3,0,172.0,0,171,6
1304057,2022-04-03,Punjab Kings,Chennai Super Kings,"Brabourne Stadium, Mumbai",Chennai Super Kings,field,0,1,1,180,8,120,20.0,9.0,72,2,75,3,33,3,1,,0,126,10
1304057,2022-04-03,Chennai Super Kings,Punjab Kings,"Brabourne Stadium, Mumbai",Chennai Super Kings,field,1,2,0,126,10,108,18.0,7.0,27,4,71,3,28,3,0,181.0,0,180,8
1304058,2022-04-04,Lucknow Super Giants,Sunrisers Hyderabad,"Dr DY Patil Sports Academy, Mumbai",Sunrisers Hyderabad,field,0,1,1,169,7,120,20.0,8.45,32,3,82,0,55,4,1,,0,157,9
1304058,2022-04-04,Sunrisers Hyderabad,Lucknow Super Giants,"Dr DY Patil Sports Academy, Mumbai",Sunrisers Hyderabad,field,1,2,0,157,9,120,20.0,7.85,40,2,80,2,37,5,0,170.0,0,169,7
1304059,2022-04-05,Rajasthan Royals,Royal Challengers Bangalore,"Wankhede Stadium, Mumbai",Royal Challengers Bangalore,field,0,1,1,169,3,120,20.0,8.45,35,1,68,2,66,0,0,,0,173,6
1304059,2022-04-05,Royal Challengers Bangalore,Rajasthan Royals,"Wankhede Stadium, Mumbai",Royal Challengers Bangalore,field,1,2,0,173,6,115,19.17,9.02,48,0,77,5,48,1,1,170.0,1,169,3
1304060,2022-04-06,Mumbai Indians,Kolkata Knight Riders,"Maharashtra Cricket Association Stadium, Pune",Kolkata Knight Riders,field,0,1,1,161,4,120,20.0,8.05,35,1,50,2,76,1,0,,0,162,5
1304060,2022-04-06,Kolkata Knight Riders,Mumbai Indians,"Maharashtra Cricket Association Stadium, Pune",Kolkata Knight Riders,field,1,2,0,162,5,96,16.0,10.12,35,2,92,3,35,0,1,162.0,1,161,4
1304061,2022-04-07,Delhi Capitals,Lucknow Super Giants,"Dr DY Patil Sports Academy, Mumbai",Lucknow Super Giants,field,0,1,1,149,3,120,20.0,7.45,52,0,47,3,50,0,0,,0,155,4
1304061,2022-04-07,Lucknow Super Giants,Delhi Capitals,"Dr DY Patil Sports Academy, Mumbai",Lucknow Super Giants,field,1,2,0,155,4,118,19.67,7.88,48,0,63,2,44,2,1,150.0,1,149,3
1304062,2022-04-08,Punjab Kings,Gujarat Titans,"Brabourne Stadium, Mumbai",Gujarat Titans,field,0,1,1,189,9,120,20.0,9.45,43,2,109,3,37,4,0,,0,190,4
1304062,2022-04-08,Gujarat Titans,Punjab Kings,"Brabourne Stadium, Mumbai",Gujarat Titans,field,1,2,0,190,4,120,20.0,9.5,53,1,81,1,56,2,1,190.0,1,189,9
1304063,2022-04-09,Chennai Super Kings,Sunrisers Hyderabad,"Dr DY Patil Sports Academy, Mumbai",Sunrisers Hyderabad,field,0,1,1,154,7,120,20.0,7.7,41,2,67,2,46,3,0,,0,155,2
1304063,2022-04-09,Sunrisers Hyderabad,Chennai Super Kings,"Dr DY Patil Sports Academy, Mumbai",Sunrisers Hyderabad,field,1,2,0,155,2,106,17.67,8.77,37,0,84,1,34,1,1,155.0,1,154,7
1304064,2022-04-09,Mumbai Indians,Royal Challengers Bangalore,"Maharashtra Cricket Association Stadium, Pune",Royal Challengers Bangalore,field,0,1,1,151,6,120,20.0,7.55,49,0,43,6,59,0,0,,0,152,3
1304064,2022-04-09,Royal Challengers Bangalore,Mumbai Indians,"Maharashtra Cricket Association Stadium, Pune",Royal Challengers Bangalore,field,1,2,0,152,3,111,18.5,8.22,30,0,81,1,41,2,1,152.0,1,151,6
1304065,2022-04-10,Delhi Capitals,Kolkata Knight Riders,"Brabourne Stadium, Mumbai",Kolkata Knight Riders,field,0,1,1,215,5,120,20.0,10.75,68,0,93,3,54,2,1,,0,171,10
1304065,2022-04-10,Kolkata Knight Riders,Delhi Capitals,"Brabourne Stadium, Mumbai",Kolkata Knight Riders,field,1,2,0,171,10,118,19.67,8.69,43,2,94,3,34,5,0,216.0,0,215,5
1304066,2022-04-10,Rajasthan Royals,Lucknow Super Giants,"Wankhede Stadium, Mumbai",Lucknow Super Giants,field,0,1,1,165,6,120,20.0,8.25,44,1,48,3,73,2,1,,0,162,8
1304066,2022-04-10,Lucknow Super Giants,Rajasthan Royals,"Wankhede Stadium, Mumbai",Lucknow Super Giants,field,1,2,0,162,8,120,20.0,8.1,31,3,66,2,65,3,0,166.0,0,165,6
1304067,2022-04-11,Gujarat Titans,Sunrisers Hyderabad,"Dr DY Patil Sports Academy, Mumbai",Sunrisers Hyderabad,field,0,1,1,162,7,120,20.0,8.1,51,2,67,2,44,3,0,,0,168,3
1304067,2022-04-11,Sunrisers Hyderabad,Gujarat Titans,"Dr DY Patil Sports Academy, Mumbai",Sunrisers Hyderabad,field,1,2,0,168,3,115,19.17,8.76,42,0,74,2,52,1,1,163.0,1,162,7
1304068,2022-04-12,Chennai Super Kings,Royal Challengers Bangalore,"Dr DY Patil Sports Academy, Mumbai",Royal Challengers Bangalore,field,0,1,1,216,4,120,20.0,10.8,35,1,98,1,83,2,1,,0,193,9
1304068,2022-04-12,Royal Challengers Bangalore,Chennai Super Kings,"Dr DY Patil Sports Academy, Mumbai",Royal Challengers Bangalore,field,1,2,0,193,9,120,20.0,9.65,42,3,98,3,53,3,0,217.0,0,216,4
1304069,2022-04-13,Punjab Kings,Mumbai Indians,"Maharashtra Cricket Association Stadium, Pune",Mumbai Indians,field,0,1,1,198,5,120,20.0,9.9,65,0,67,3,66,2,1,,0,186,9
1304069,2022-04-13,Mumbai Indians,Punjab Kings,"Maharashtra Cricket Association Stadium, Pune",Mumbai Indians,field,1,2,0,186,9,120,20.0,9.3,42,2,104,2,40,5,0,199.0,0,198,5
1304070,2022-04-14,Gujarat Titans,Rajasthan Royals,"Dr DY Patil Sports Academy, Mumbai",Rajasthan Royals,field,0,1,1,192,4,120,20.0,9.6,42,2,88,1,62,1,1,,0,155,9
1304070,2022-04-14,Rajasthan Royals,Gujarat Titans,"Dr DY Patil Sports Academy, Mumbai",Rajasthan Royals,field,1,2,0,155,9,120,20.0,7.75,65,3,65,3,25,3,0,193.0,0,192,4
1304071,2022-04-15,Kolkata Knight Riders,Sunrisers Hyderabad,"Brabourne Stadium, Mumbai",Sunrisers Hyderabad,field,0,1,1,175,8,120,20.0,8.75,38,3,82,2,55,3,0,,0,176,3
1304071,2022-04-15,Sunrisers Hyderabad,Kolkata Knight Riders,"Brabourne Stadium, Mumbai",Sunrisers Hyderabad,field,1,2,0,176,3,107,17.83,9.87,46,2,94,1,36,0,1,176.0,1,175,8
1304072,2022-04-16,Lucknow Super Giants,Mumbai Indians,"Brabourne Stadium, Mumbai",Mumbai Indians,field,0,1,1,199,4,120,20.0,9.95,57,1,93,1,49,2,1,,0,181,9
1304072,2022-04-16,Mumbai Indians,Lucknow Super Giants,"Brabourne Stadium, Mumbai",Mumbai Indians,field,1,2,0,181,9,120,20.0,9.05,57,2,68,2,56,5,0,200.0,0,199,4
1304073,2022-04-16,Royal Challengers Bangalore,Delhi Capitals,"Wankhede Stadium, Mumbai",Delhi Capitals,field,0,1,1,189,5,120,20.0,9.45,40,2,75,3,74,0,1,,0,173,7
1304073,2022-04-16,Delhi Capitals,Royal Challengers Bangalore,"Wankhede Stadium, Mumbai",Delhi Capitals,field,1,2,0,173,7,120,20.0,8.65,57,1,58,4,58,2,0,190.0,0,189,5
1304074,2022-04-17,Punjab Kings,Sunrisers Hyderabad,"Dr DY Patil Sports Academy, Mumbai",Sunrisers Hyderabad,field,0,1,1,151,10,120,20.0,7.55,48,2,74,2,29,6,0,,0,152,3
1304074,2022-04-17,Sunrisers Hyderabad,Punjab Kings,"Dr DY Patil Sports Academy, Mumbai",Sunrisers Hyderabad,field,1,2,0,152,3,113,18.83,8.07,39,1,72,2,41,0,1,152.0,1,151,10
1304075,2022-04-17,Chennai Super Kings,Gujarat Titans,"Maharashtra Cricket Association Stadium, Pune",Gujarat Titans,field,0,1,1,169,5,120,20.0,8.45,39,2,86,1,44,2,0,,0,170,7
1304075,2022-04-17,Gujarat Titans,Chennai Super Kings,"Maharashtra Cricket Association Stadium, Pune",Gujarat Titans,field,1,2,0,170,7,119,19.83,8.57,37,3,71,2,62,2,1,170.0,1,169,5
1304076,2022-04-18,Rajasthan Royals,Kolkata Knight Riders,"Brabourne Stadium, Mumbai",Kolkata Knight Riders,field,0,1,1,217,5,120,20.0,10.85,60,0,103,1,54,4,1,,0,210,10
1304076,2022-04-18,Kolkata Knight Riders,Rajasthan Royals,"Brabourne Stadium, Mumbai",Kolkata Knight Riders,field,1,2,0,210,10,118,19.67,10.68,57,1,110,3,43,6,0,218.0,0,217,5
1304077,2022-04-19,Royal Challengers Bangalore,Lucknow Super Giants,"Dr DY Patil Sports Academy, Mumbai",Lucknow Super Giants,field,0,1,1,181,6,120,20.0,9.05,47,3,83,1,51,2,1,,0,163,8
1304077,2022-04-19,Lucknow Super Giants,Royal Challengers Bangalore,"Dr DY Patil Sports Academy, Mumbai",Lucknow Super Giants,field,1,2,0,163,8,120,20.0,8.15,44,2,73,3,46,3,0,182.0,0,181,6
1304078,2022-04-20,Punjab Kings,Delhi Capitals,"Brabourne Stadium, Mumbai",Delhi Capitals,field,0,1,1,115,10,120,20.0,5.75,47,3,49,5,19,2,0,,0,119,1
1304078,2022-04-20,Delhi Capitals,Punjab Kings,"Brabourne Stadium, Mumbai",Delhi Capitals,field,1,2,0,119,1,63,10.5,11.33,81,0,38,1,0,0,1,116.0,1,115,10
1304079,2022-04-21,Mumbai Indians,Chennai Super Kings,"Dr DY Patil Sports Academy, Mumbai",Chennai Super Kings,field,0,1,1,155,7,120,20.0,7.75,42,3,58,2,55,2,0,,0,156,7
1304079,2022-04-21,Chennai Super Kings,Mumbai Indians,"Dr DY Patil Sports Academy, Mumbai",Chennai Super Kings,field,1,2,0,156,7,120,20.0,7.8,46,2,57,3,53,2,1,156.0,1,155,7
1304080,2022-04-22,Rajasthan Royals,Delhi Capitals,"Wankhede Stadium, Mumbai",Delhi Capitals,field,0,1,1,222,2,120,20.0,11.1,44,0,111,0,67,2,1,,0,207,8
1304080,2022-04-22,Delhi Capitals,Rajasthan Royals,"Wankhede Stadium, Mumbai",Delhi Capitals,field,1,2,0,207,8,120,20.0,10.35,55,2,94,3,58,3,0,223.0,0,222,2
1304081,2022-04-23,Gujarat Titans,Kolkata Knight Riders,"Dr DY Patil Sports Academy, Mumbai",Gujarat Titans,bat,1,1,1,156,9,120,20.0,7.8,47,1,80,1,29,7,1,,0,148,8
1304081,2022-04-23,Kolkata Knight Riders,Gujarat Titans,"Dr DY Patil Sports Academy, Mumbai",Gujarat Titans,bat,0,2,0,148,8,120,20.0,7.4,34,3,73,3,41,2,0,157.0,0,156,9
1304082,2022-04-23,Royal Challengers Bangalore,Sunrisers Hyderabad,"Brabourne Stadium, Mumbai",Sunrisers Hyderabad,field,0,1,1,68,10,97,16.17,4.21,31,4,34,4,3,2,0,,0,72,1
1304082,2022-04-23,Sunrisers Hyderabad,Royal Challengers Bangalore,"Brabourne Stadium, Mumbai",Sunrisers Hyderabad,field,1,2,0,72,1,48,8.0,9.0,56,0,16,1,0,0,1,69.0,1,68,10
1304083,2022-04-24,Lucknow Super Giants,Mumbai Indians,"Wankhede Stadium, Mumbai",Mumbai Indians,field,0,1,1,168,6,120,20.0,8.4,32,1,84,3,52,2,1,,0,132,8
1304083,2022-04-24,Mumbai Indians,Lucknow Super Giants,"Wankhede Stadium, Mumbai",Mumbai Indians,field,1,2,0,132,8,120,20.0,6.6,43,0,55,4,34,4,0,169.0,0,168,6
1304084,2022-04-25,Punjab Kings,Chennai Super Kings,"Wankhede Stadium, Mumbai",Chennai Super Kings,field,0,1,1,187,4,120,20.0,9.35,37,1,86,0,64,3,1,,0,176,6
1304084,2022-04-25,Chennai Super Kings,Punjab Kings,"Wankhede Stadium, Mumbai",Chennai Super Kings,field,1,2,0,176,6,120,20.0,8.8,32,2,86,2,58,2,0,188.0,0,187,4
1304085,2022-04-26,Rajasthan Royals,Royal Challengers Bangalore,"Maharashtra Cricket Association Stadium, Pune",Royal Challengers Bangalore,field,0,1,1,144,8,120,20.0,7.2,43,3,57,2,44,3,1,,0,115,10
1304085,2022-04-26,Royal Challengers Bangalore,Rajasthan Royals,"Maharashtra Cricket Association Stadium, Pune",Royal Challengers Bangalore,field,1,2,0,115,10,117,19.5,5.9,37,1,53,5,25,4,0,145.0,0,144,8
1304086,2022-04-27,Sunrisers Hyderabad,Gujarat Titans,"Wankhede Stadium, Mumbai",Gujarat Titans,field,0,1,1,195,6,120,20.0,9.75,53,2,87,0,55,4,0,,0,199,5
1304086,2022-04-27,Gujarat Titans,Sunrisers Hyderabad,"Wankhede Stadium, Mumbai",Gujarat Titans,field,1,2,0,199,5,120,20.0,9.95,59,0,76,3,64,2,1,196.0,1,195,6
1304087,2022-04-28,Kolkata Knight Riders,Delhi Capitals,"Wankhede Stadium, Mumbai",Delhi Capitals,field,0,1,1,146,9,120,20.0,7.3,29,2,60,4,57,3,0,,0,150,6
1304087,2022-04-28,Delhi Capitals,Kolkata Knight Riders,"Wankhede Stadium, Mumbai",Delhi Capitals,field,1,2,0,150,6,114,19.0,7.89,47,2,66,4,37,0,1,147.0,1,146,9
1304088,2022-04-29,Lucknow Super Giants,Punjab Kings,"Maharashtra Cricket Association Stadium, Pune",Punjab Kings,field,0,1,1,153,8,120,20.0,7.65,39,1,70,4,44,3,1,,0,133,8
1304088,2022-04-29,Punjab Kings,Lucknow Super Giants,"Maharashtra Cricket Association Stadium, Pune",Punjab Kings,field,1,2,0,133,8,120,20.0,6.65,46,1,57,4,30,3,0,154.0,0,153,8
1304089,2022-04-30,Royal Challengers Bangalore,Gujarat Titans,"Brabourne Stadium, Mumbai",Royal Challengers Bangalore,bat,1,1,1,170,6,120,20.0,8.5,43,1,74,1,53,4,0,,0,174,4
1304089,2022-04-30,Gujarat Titans,Royal Challengers Bangalore,"Brabourne Stadium, Mumbai",Royal Challengers Bangalore,bat,0,2,0,174,4,117,19.5,8.92,46,0,67,4,61,0,1,171.0,1,170,6
1304090,2022-04-30,Rajasthan Royals,Mumbai Indians,"Dr DY Patil Sports Academy, Mumbai",Mumbai Indians,field,0,1,1,158,6,120,20.0,7.9,40,1,62,2,56,3,0,,0,161,5
1304090,2022-04-30,Mumbai Indians,Rajasthan Royals,"Dr DY Patil Sports Academy, Mumbai",Mumbai Indians,field,1,2,0,161,5,116,19.33,8.33,41,2,81,1,39,2,1,159.0,1,158,6
1304091,2022-05-01,Lucknow Super Giants,Delhi Capitals,"Wankhede Stadium, Mumbai",Lucknow Super Giants,bat,1,1,1,195,3,120,20.0,9.75,57,1,88,1,50,1,1,,0,189,7
1304091,2022-05-01,Delhi Capitals,Lucknow Super Giants,"Wankhede Stadium, Mumbai",Lucknow Super Giants,bat,0,2,0,189,7,120,20.0,9.45,66,2,69,3,54,2,0,196.0,0,195,3
1304092,2022-05-01,Chennai Super Kings,Sunrisers Hyderabad,"Maharashtra Cricket Association Stadium, Pune",Sunrisers Hyderabad,field,0,1,1,202,2,120,20.0,10.1,40,0,113,0,49,2,1,,0,189,6
1304092,2022-05-01,Sunrisers Hyderabad,Chennai Super Kings,"Maharashtra Cricket Association Stadium, Pune",Sunrisers Hyderabad,field,1,2,0,189,6,120,20.0,9.45,58,2,73,2,58,2,0,203.0,0,202,2
1304093,2022-05-02,Rajasthan Royals,Kolkata Knight Riders,"Wankhede Stadium, Mumbai",Kolkata Knight Riders,field,0,1,1,152,5,120,20.0,7.6,38,1,67,2,47,2,0,,0,158,3
1304093,2022-05-02,Kolkata Knight Riders,Rajasthan Royals,"Wankhede Stadium, Mumbai",Kolkata Knight Riders,field,1,2,0,158,3,115,19.17,8.24,32,2,75,1,51,0,1,153.0,1,152,5
1304094,2022-05-03,Gujarat Titans,Punjab Kings,"Dr DY Patil Sports Academy, Mumbai",Gujarat Titans,bat,1,1,1,143,8,120,20.0,7.15,42,2,56,2,45,4,0,,0,145,2
1304094,2022-05-03,Punjab Kings,Gujarat Titans,"Dr DY Patil Sports Academy, Mumbai",Gujarat Titans,bat,0,2,0,145,2,96,16.0,9.06,43,1,74,1,28,0,1,144.0,1,143,8
1304095,2022-05-04,Royal Challengers Bangalore,Chennai Super Kings,"Maharashtra Cricket Association Stadium, Pune",Chennai Super Kings,field,0,1,1,173,8,120,20.0,8.65,57,0,66,3,50,5,1,,0,160,8
1304095,2022-05-04,Chennai Super Kings,Royal Challengers Bangalore,"Maharashtra Cricket Association Stadium, Pune",Chennai Super Kings,field,1,2,0,160,8,120,20.0,8.0,51,0,67,4,42,4,0,174.0,0,173,8
1304096,2022-05-05,Delhi Capitals,Sunrisers Hyderabad,"Brabourne Stadium, Mumbai",Sunrisers Hyderabad,field,0,1,1,207,3,120,20.0,10.35,50,2,87,1,70,0,1,,0,186,8
1304096,2022-05-05,Sunrisers Hyderabad,Delhi Capitals,"Brabourne Stadium, Mumbai",Sunrisers Hyderabad,field,1,2,0,186,8,120,20.0,9.3,35,2,99,3,52,3,0,208.0,0,207,3
1304097,2022-05-06,Mumbai Indians,Gujarat Titans,"Brabourne Stadium, Mumbai",Gujarat Titans,field,0,1,1,177,6,120,20.0,8.85,63,0,57,4,57,2,1,,0,172,5
1304097,2022-05-06,Gujarat Titans,Mumbai Indians,"Brabourne Stadium, Mumbai",Gujarat Titans,field,1,2,0,172,5,120,20.0,8.6,54,0,76,2,42,3,0,178.0,0,177,6
1304098,2022-05-07,Punjab Kings,Rajasthan Royals,"Wankhede Stadium, Mumbai",Punjab Kings,bat,1,1,1,189,5,120,20.0,9.45,48,1,74,3,67,1,0,,0,190,4
1304098,2022-05-07,Rajasthan Royals,Punjab Kings,"Wankhede Stadium, Mumbai",Punjab Kings,bat,0,2,0,190,4,118,19.67,9.66,67,1,76,2,47,1,1,190.0,1,189,5
1304099,2022-05-07,Lucknow Super Giants,Kolkata Knight Riders,"Maharashtra Cricket Association Stadium, Pune",Kolkata Knight Riders,field,0,1,1,176,7,120,20.0,8.8,66,1,57,3,53,3,1,,0,101,10
1304099,2022-05-07,Kolkata Knight Riders,Lucknow Super Giants,"Maharashtra Cricket Association Stadium, Pune",Kolkata Knight Riders,field,1,2,0,101,10,87,14.5,6.97,25,3,76,7,0,0,0,177.0,0,176,7
1304100,2022-05-08,Royal Challengers Bangalore,Sunrisers Hyderabad,"Wankhede Stadium, Mumbai",Royal Challengers Bangalore,bat,1,1,1,192,3,120,20.0,9.6,47,1,78,1,67,1,1,,0,125,10
1304100,2022-05-08,Sunrisers Hyderabad,Royal Challengers Bangalore,"Wankhede Stadium, Mumbai",Royal Challengers Bangalore,bat,0,2,0,125,10,116,19.33,6.47,39,2,72,3,14,5,0,193.0,0,192,3
1304101,2022-05-08,Chennai Super Kings,Delhi Capitals,"Dr DY Patil Sports Academy, Mumbai",Delhi Capitals,field,0,1,1,208,6,120,20.0,10.4,57,0,91,1,60,5,1,,0,117,10
1304101,2022-05-08,Delhi Capitals,Chennai Super Kings,"Dr DY Patil Sports Academy, Mumbai",Delhi Capitals,field,1,2,0,117,10,106,17.67,6.62,59,2,40,5,18,3,0,209.0,0,208,6
1304102,2022-05-09,Kolkata Knight Riders,Mumbai Indians,"Dr DY Patil Sports Academy, Mumbai",Mumbai Indians,field,0,1,1,165,9,120,20.0,8.25,64,1,76,4,25,4,1,,0,113,10
1304102,2022-05-09,Mumbai Indians,Kolkata Knight Riders,"Dr DY Patil Sports Academy, Mumbai",Mumbai Indians,field,1,2,0,113,10,105,17.5,6.46,37,2,65,5,11,3,0,166.0,0,165,9
1304103,2022-05-10,Gujarat Titans,Lucknow Super Giants,"Maharashtra Cricket Association Stadium, Pune",Gujarat Titans,bat,1,1,1,144,4,120,20.0,7.2,35,2,57,1,52,1,1,,0,82,10
1304103,2022-05-10,Lucknow Super Giants,Gujarat Titans,"Maharashtra Cricket Association Stadium, Pune",Gujarat Titans,bat,0,2,0,82,10,83,13.83,5.93,37,3,45,7,0,0,0,145.0,0,144,4
1304104,2022-05-11,Rajasthan Royals,Delhi Capitals,"Dr DY Patil Sports Academy, Mumbai",Delhi Capitals,field,0,1,1,160,6,120,20.0,8.0,43,1,73,2,44,3,0,,0,161,2
1304104,2022-05-11,Delhi Capitals,Rajasthan Royals,"Dr DY Patil Sports Academy, Mumbai",Delhi Capitals,field,1,2,0,161,2,109,18.17,8.86,38,1,76,0,47,1,1,161.0,1,160,6
1304105,2022-05-12,Chennai Super Kings,Mumbai Indians,"Wankhede Stadium, Mumbai",Mumbai Indians,field,0,1,1,97,10,96,16.0,6.06,32,5,55,4,10,1,0,,0,103,5
1304105,2022-05-12,Mumbai Indians,Chennai Super Kings,"Wankhede Stadium, Mumbai",Mumbai Indians,field,1,2,0,103,5,89,14.83,6.95,36,4,67,1,0,0,1,98.0,1,97,10
1304106,2022-05-13,Punjab Kings,Royal Challengers Bangalore,"Brabourne Stadium, Mumbai",Royal Challengers Bangalore,field,0,1,1,209,9,120,20.0,10.45,83,1,69,3,57,5,1,,0,155,9
1304106,2022-05-13,Royal Challengers Bangalore,Punjab Kings,"Brabourne Stadium, Mumbai",Royal Challengers Bangalore,field,1,2,0,155,9,120,20.0,7.75,44,3,76,3,35,3,0,210.0,0,209,9
1304107,2022-05-14,Kolkata Knight Riders,Sunrisers Hyderabad,"Maharashtra Cricket Association Stadium, Pune",Kolkata Knight Riders,bat,1,1,1,177,6,120,20.0,8.85,55,1,64,4,58,1,1,,0,123,8
1304107,2022-05-14,Sunrisers Hyderabad,Kolkata Knight Riders,"Maharashtra Cricket Association Stadium, Pune",Kolkata Knight Riders,bat,0,2,0,123,8,120,20.0,6.15,31,1,69,4,23,3,0,178.0,0,177,6
1304108,2022-05-15,Chennai Super Kings,Gujarat Titans,"Wankhede Stadium, Mumbai",Chennai Super Kings,bat,1,1,1,133,5,120,20.0,6.65,47,1,62,1,24,3,0,,0,137,3
1304108,2022-05-15,Gujarat Titans,Chennai Super Kings,"Wankhede Stadium, Mumbai",Chennai Super Kings,bat,0,2,0,137,3,115,19.17,7.15,53,0,55,3,29,0,1,134.0,1,133,5
1304109,2022-05-15,Rajasthan Royals,Lucknow Super Giants,"Brabourne Stadium, Mumbai",Rajasthan Royals,bat,1,1,1,178,6,120,20.0,8.9,51,1,79,3,48,2,1,,0,154,8
1304109,2022-05-15,Lucknow Super Giants,Rajasthan Royals,"Brabourne Stadium, Mumbai",Rajasthan Royals,bat,0,2,0,154,8,120,20.0,7.7,34,3,73,1,47,4,0,179.0,0,178,6
1304110,2022-05-16,Delhi Capitals,Punjab Kings,"Dr DY Patil Sports Academy, Mumbai",Punjab Kings,field,0,1,1,159,7,120,20.0,7.95,59,2,57,3,43,2,1,,0,142,9
1304110,2022-05-16,Punjab Kings,Delhi Capitals,"Dr DY Patil Sports Academy, Mumbai",Punjab Kings,field,1,2,0,142,9,120,20.0,7.1,54,3,47,4,41,2,0,160.0,0,159,7
1304111,2022-05-17,Sunrisers Hyderabad,Mumbai Indians,"Wankhede Stadium, Mumbai",Mumbai Indians,field,0,1,1,193,6,120,20.0,9.65,57,1,91,1,45,4,1,,0,190,7
1304111,2022-05-17,Mumbai Indians,Sunrisers Hyderabad,"Wankhede Stadium, Mumbai",Mumbai Indians,field,1,2,0,190,7,120,20.0,9.5,51,0,76,4,63,3,0,194.0,0,193,6
1304112,2022-05-18,Lucknow Super Giants,Kolkata Knight Riders,"Dr DY Patil Sports Academy, Mumbai",Lucknow Super Giants,bat,1,1,1,210,0,120,20.0,10.5,44,0,78,0,88,0,1,,0,208,8
1304112,2022-05-18,Kolkata Knight Riders,Lucknow Super Giants,"Dr DY Patil Sports Academy, Mumbai",Lucknow Super Giants,bat,0,2,0,208,8,120,20.0,10.4,60,2,74,2,74,4,0,211.0,0,210,0
1304113,2022-05-19,Gujarat Titans,Royal Challengers Bangalore,"Wankhede Stadium, Mumbai",Gujarat Titans,bat,1,1,1,168,5,120,20.0,8.4,38,2,80,1,50,2,0,,0,170,2
1304113,2022-05-19,Royal Challengers Bangalore,Gujarat Titans,"Wankhede Stadium, Mumbai",Gujarat Titans,bat,0,2,0,170,2,112,18.67,9.11,55,0,66,1,49,1,1,169.0,1,168,5
1304114,2022-05-20,Chennai Super Kings,Rajasthan Royals,"Brabourne Stadium, Mumbai",Chennai Super Kings,bat,1,1,1,150,6,120,20.0,7.5,75,1,42,3,33,2,0,,0,151,5
1304114,2022-05-20,Rajasthan Royals,Chennai Super Kings,"Brabourne Stadium, Mumbai",Chennai Super Kings,bat,0,2,0,151,5,118,19.67,7.68,52,1,52,3,47,1,1,151.0,1,150,6
1304115,2022-05-21,Delhi Capitals,Mumbai Indians,"Wankhede Stadium, Mumbai",Mumbai Indians,field,0,1,1,159,7,120,20.0,7.95,37,3,69,1,53,3,0,,0,160,5
1304115,2022-05-21,Mumbai Indians,Delhi Capitals,"Wankhede Stadium, Mumbai",Mumbai Indians,field,1,2,0,160,5,115,19.17,8.35,27,1,74,2,59,2,1,160.0,1,159,7
1304116,2022-05-22,Sunrisers Hyderabad,Punjab Kings,"Wankhede Stadium, Mumbai",Sunrisers Hyderabad,bat,1,1,1,157,8,120,20.0,7.85,43,1,53,4,61,3,0,,0,160,5
1304116,2022-05-22,Punjab Kings,Sunrisers Hyderabad,"Wankhede Stadium, Mumbai",Sunrisers Hyderabad,bat,0,2,0,160,5,91,15.17,10.55,62,1,94,4,4,0,1,158.0,1,157,8
1312197,2022-05-24,Rajasthan Royals,Gujarat Titans,"Eden Gardens, Kolkata",Gujarat Titans,field,0,1,1,188,6,120,20.0,9.4,55,1,69,2,64,3,0,,0,191,3
1312197,2022-05-24,Gujarat Titans,Rajasthan Royals,"Eden Gardens, Kolkata",Gujarat Titans,field,1,2,0,191,3,117,19.5,9.79,64,1,75,2,52,0,1,189.0,1,188,6
1312198,2022-05-25,Royal Challengers Bangalore,Lucknow Super Giants,"Eden Gardens, Kolkata",Lucknow Super Giants,field,0,1,1,207,4,120,20.0,10.35,52,1,71,3,84,0,1,,0,193,6
1312198,2022-05-25,Lucknow Super Giants,Royal Challengers Bangalore,"Eden Gardens, Kolkata",Lucknow Super Giants,field,1,2,0,193,6,120,20.0,9.65,62,2,81,1,50,3,0,208.0,0,207,4
1312199,2022-05-27,Royal Challengers Bangalore,Rajasthan Royals,"Narendra Modi Stadium, Ahmedabad",Rajasthan Royals,field,0,1,1,157,8,120,20.0,7.85,46,1,77,2,34,5,0,,0,161,3
1312199,2022-05-27,Rajasthan Royals,Royal Challengers Bangalore,"Narendra Modi Stadium, Ahmedabad",Rajasthan Royals,field,1,2,0,161,3,109,18.17,8.86,67,1,59,1,35,1,1,158.0,1,157,8
1312200,2022-05-29,Rajasthan Royals,Gujarat Titans,"Narendra Modi Stadium, Ahmedabad",Rajasthan Royals,bat,1,1,1,130,9,120,20.0,6.5,44,1,50,4,36,4,0,,0,133,3
1312200,2022-05-29,Gujarat Titans,Rajasthan Royals,"Narendra Modi Stadium, Ahmedabad",Rajasthan Royals,bat,0,2,0,133,3,109,18.17,7.32,31,2,66,1,36,0,1,131.0,1,130,9
1359475,2023-03-31,Chennai Super Kings,Gujarat Titans,"Narendra Modi Stadium, Ahmedabad",Gujarat Titans,field,0,1,1,178,7,120,20.0,8.9,51,2,82,2,45,3,0,,0,182,5
1359475,2023-03-31,Gujarat Titans,Chennai Super Kings,"Narendra Modi Stadium, Ahmedabad",Gujarat Titans,field,1,2,0,182,5,116,19.33,9.42,65,1,73,3,44,1,1,179.0,1,178,7
1359476,2023-04-01,Punjab Kings,Kolkata Knight Riders,"Punjab Cricket Association IS Bindra Stadium, Mohali, Chandigarh",Kolkata Knight Riders,field,0,1,1,191,5,120,20.0,9.55,56,1,87,3,48,1,1,,0,146,7
1359476,2023-04-01,Kolkata Knight Riders,Punjab Kings,"Punjab Cricket Association IS Bindra Stadium, Mohali, Chandigarh",Kolkata Knight Riders,field,1,2,0,146,7,96,16.0,9.12,46,3,90,3,10,1,0,192.0,0,191,5
1359477,2023-04-01,Lucknow Super Giants,Delhi Capitals,"Bharat Ratna Shri Atal Bihari Vajpayee Ekana Cricket Stadium, Lucknow",Delhi Capitals,field,0,1,1,193,6,120,20.0,9.65,30,1,97,3,66,2,1,,0,143,9
1359477,2023-04-01,Delhi Capitals,Lucknow Super Giants,"Bharat Ratna Shri Atal Bihari Vajpayee Ekana Cricket Stadium, Lucknow",Delhi Capitals,field,1,2,0,143,9,120,20.0,7.15,47,2,63,3,33,4,0,194.0,0,193,6
1359478,2023-04-02,Rajasthan Royals,Sunrisers Hyderabad,"Rajiv Gandhi International Stadium, Uppal, Hyderabad",Sunrisers Hyderabad,field,0,1,1,203,5,120,20.0,10.15,85,1,75,2,43,2,1,,0,131,8
1359478,2023-04-02,Sunrisers Hyderabad,Rajasthan Royals,"Rajiv Gandhi International Stadium, Uppal, Hyderabad",Sunrisers Hyderabad,field,1,2,0,131,8,120,20.0,6.55,30,2,55,5,46,1,0,204.0,0,203,5
1359479,2023-04-02,Mumbai Indians,Royal Challengers Bangalore,"M Chinnaswamy Stadium, Bengaluru",Royal Challengers Bangalore,field,0,1,1,171,7,120,20.0,8.55,29,3,73,2,69,2,0,,0,172,2
1359479,2023-04-02,Royal Challengers Bangalore,Mumbai Indians,"M Chinnaswamy Stadium, Bengaluru",Royal Challengers Bangalore,field,1,2,0,172,2,98,16.33,10.53,53,0,95,1,24,1,1,172.0,1,171,7
1359480,2023-04-03,Chennai Super Kings,Lucknow Super Giants,"MA Chidambaram Stadium, Chepauk, Chennai",Lucknow Super Giants,field,0,1,1,217,7,120,20.0,10.85,79,0,85,3,53,4,1,,0,205,7
1359480,2023-04-03,Lucknow Super Giants,Chennai Super Kings,"MA Chidambaram Stadium, Chepauk, Chennai",Lucknow Super Giants,field,1,2,0,205,7,120,20.0,10.25,80,1,70,4,55,2,0,218.0,0,217,7
1359481,2023-04-04,Delhi Capitals,Gujarat Titans,"Arun Jaitley Stadium, Delhi",Gujarat Titans,field,0,1,1,162,8,120,20.0,8.1,52,2,69,3,41,3,0,,0,163,4
1359481,2023-04-04,Gujarat Titans,Delhi Capitals,"Arun Jaitley Stadium, Delhi",Gujarat Titans,field,1,2,0,163,4,109,18.17,8.97,54,3,63,1,46,0,1,163.0,1,162,8
1359482,2023-04-05,Punjab Kings,Rajasthan Royals,"Barsapara Cricket Stadium, Guwahati",Rajasthan Royals,field,0,1,1,197,5,120,20.0,9.85,63,0,89,2,45,3,1,,0,192,7
1359482,2023-04-05,Rajasthan Royals,Punjab Kings,"Barsapara Cricket Stadium, Guwahati",Rajasthan Royals,field,1,2,0,192,7,120,20.0,9.6,57,3,67,3,68,1,0,198.0,0,197,5
1359483,2023-04-06,Kolkata Knight Riders,Royal Challengers Bangalore,"Eden Gardens, Kolkata",Royal Challengers Bangalore,field,0,1,1,204,7,120,20.0,10.2,47,2,93,3,64,2,1,,0,123,10
1359483,2023-04-06,Royal Challengers Bangalore,Kolkata Knight Riders,"Eden Gardens, Kolkata",Royal Challengers Bangalore,field,1,2,0,123,10,106,17.67,6.96,50,2,52,7,21,1,0,205.0,0,204,7
1359484,2023-04-07,Sunrisers Hyderabad,Lucknow Super Giants,"Bharat Ratna Shri Atal Bihari Vajpayee Ekana Cricket Stadium, Lucknow",Sunrisers Hyderabad,bat,1,1,1,121,8,120,20.0,6.05,43,1,40,3,38,4,0,,0,127,5
1359484,2023-04-07,Lucknow Super Giants,Sunrisers Hyderabad,"Bharat Ratna Shri Atal Bihari Vajpayee Ekana Cricket Stadium, Lucknow",Sunrisers Hyderabad,bat,0,2,0,127,5,96,16.0,7.94,45,2,73,3,9,0,1,122.0,1,121,8
1359485,2023-04-08,Rajasthan Royals,Delhi Capitals,"Barsapara Cricket Stadium, Guwahati",Delhi Capitals,field,0,1,1,199,4,120,20.0,9.95,68,0,62,3,69,1,1,,0,142,9
1359485,2023-04-08,Delhi Capitals,Rajasthan Royals,"Barsapara Cricket Stadium, Guwahati",Delhi Capitals,field,1,2,0,142,9,120,20.0,7.1,38,3,75,2,29,4,0,200.0,0,199,4
1359486,2023-04-08,Mumbai Indians,Chennai Super Kings,"Wankhede Stadium, Mumbai",Chennai Super Kings,field,0,1,1,157,8,120,20.0,7.85,61,1,48,5,48,2,0,,0,159,3
1359486,2023-04-08,Chennai Super Kings,Mumbai Indians,"Wankhede Stadium, Mumbai",Chennai Super Kings,field,1,2,0,159,3,109,18.17,8.75,68,1,66,2,25,0,1,158.0,1,157,8
1359487,2023-04-09,Gujarat Titans,Kolkata Knight Riders,"Narendra Modi Stadium, Ahmedabad",Gujarat Titans,bat,1,1,1,204,4,120,20.0,10.2,54,1,78,2,72,1,0,,0,207,7
1359487,2023-04-09,Kolkata Knight Riders,Gujarat Titans,"Narendra Modi Stadium, Ahmedabad",Gujarat Titans,bat,0,2,0,207,7,120,20.0,10.35,43,2,106,1,58,4,1,205.0,1,204,4
1359488,2023-04-09,Punjab Kings,Sunrisers Hyderabad,"Rajiv Gandhi International Stadium, Uppal, Hyderabad",Sunrisers Hyderabad,field,0,1,1,143,9,120,20.0,7.15,41,3,47,6,55,0,0,,0,145,2
1359488,2023-04-09,Sunrisers Hyderabad,Punjab Kings,"Rajiv Gandhi International Stadium, Uppal, Hyderabad",Sunrisers Hyderabad,field,1,2,0,145,2,103,17.17,8.44,34,1,84,1,27,0,1,144.0,1,143,9
1359489,2023-04-10,Royal Challengers Bangalore,Lucknow Super Giants,"M Chinnaswamy Stadium, Bengaluru",Lucknow Super Giants,field,0,1,1,212,2,120,20.0,10.6,56,0,81,1,75,1,0,,0,213,9
1359489,2023-04-10,Lucknow Super Giants,Royal Challengers Bangalore,"M Chinnaswamy Stadium, Bengaluru",Lucknow Super Giants,field,1,2,0,213,9,120,20.0,10.65,37,3,134,2,42,4,1,213.0,1,212,2
1359490,2023-04-11,Delhi Capitals,Mumbai Indians,"Arun Jaitley Stadium, Delhi",Mumbai Indians,field,0,1,1,172,10,118,19.67,8.74,51,1,72,4,49,5,0,,0,173,4
1359490,2023-04-11,Mumbai Indians,Delhi Capitals,"Arun Jaitley Stadium, Delhi",Mumbai Indians,field,1,2,0,173,4,120,20.0,8.65,68,0,55,1,50,3,1,173.0,1,172,10
1359491,2023-04-12,Rajasthan Royals,Chennai Super Kings,"MA Chidambaram Stadium, Chepauk, Chennai",Chennai Super Kings,field,0,1,1,175,8,120,20.0,8.75,57,1,78,3,40,4,1,,0,172,6
1359491,2023-04-12,Chennai Super Kings,Rajasthan Royals,"MA Chidambaram Stadium, Chepauk, Chennai",Chennai Super Kings,field,1,2,0,172,6,120,20.0,8.6,45,1,68,5,59,0,0,176.0,0,175,8
1359492,2023-04-13,Punjab Kings,Gujarat Titans,"Punjab Cricket Association IS Bindra Stadium, Mohali, Chandigarh",Gujarat Titans,field,0,1,1,153,8,120,20.0,7.65,52,2,47,2,54,4,0,,0,154,4
1359492,2023-04-13,Gujarat Titans,Punjab Kings,"Punjab Cricket Association IS Bindra Stadium, Mohali, Chandigarh",Gujarat Titans,field,1,2,0,154,4,119,19.83,7.77,56,1,55,2,43,1,1,154.0,1,153,8
1359493,2023-04-14,Sunrisers Hyderabad,Kolkata Knight Riders,"Eden Gardens, Kolkata",Kolkata Knight Riders,field,0,1,1,228,4,120,20.0,11.4,65,2,92,1,71,1,1,,0,205,7
1359493,2023-04-14,Kolkata Knight Riders,Sunrisers Hyderabad,"Eden Gardens, Kolkata",Kolkata Knight Riders,field,1,2,0,205,7,120,20.0,10.25,62,3,80,2,63,2,0,229.0,0,228,4
1359494,2023-04-15,Royal Challengers Bangalore,Delhi Capitals,"M Chinnaswamy Stadium, Bengaluru",Delhi Capitals,field,0,1,1,174,6,120,20.0,8.7,47,1,87,5,40,0,1,,0,151,9
1359494,2023-04-15,Delhi Capitals,Royal Challengers Bangalore,"M Chinnaswamy Stadium, Bengaluru",Delhi Capitals,field,1,2,0,151,9,120,20.0,7.55,32,4,76,3,43,2,0,175.0,0,174,6
1359495,2023-04-15,Lucknow Super Giants,Punjab Kings,"Bharat Ratna Shri Atal Bihari Vajpayee Ekana Cricket Stadium, Lucknow",Punjab Kings,field,0,1,1,159,8,120,20.0,7.95,49,0,62,4,48,4,0,,0,161,8
1359495,2023-04-15,Punjab Kings,Lucknow Super Giants,"Bharat Ratna Shri Atal Bihari Vajpayee Ekana Cricket Stadium, Lucknow",Punjab Kings,field,1,2,0,161,8,117,19.5,8.26,45,3,70,2,46,3,1,160.0,1,159,8
1359496,2023-04-16,Kolkata Knight Riders,Mumbai Indians,"Wankhede Stadium, Mumbai",Mumbai Indians,field,0,1,1,185,6,120,20.0,9.25,57,2,83,2,45,2,0,,0,186,5
1359496,2023-04-16,Mumbai Indians,Kolkata Knight Riders,"Wankhede Stadium, Mumbai",Mumbai Indians,field,1,2,0,186,5,106,17.67,10.53,72,1,91,2,23,2,1,186.0,1,185,6
1359497,2023-04-16,Gujarat Titans,Rajasthan Royals,"Narendra Modi Stadium, Ahmedabad",Rajasthan Royals,field,0,1,1,177,7,120,20.0,8.85,42,2,77,1,58,4,0,,0,179,7
1359497,2023-04-16,Rajasthan Royals,Gujarat Titans,"Narendra Modi Stadium, Ahmedabad",Rajasthan Royals,field,1,2,0,179,7,116,19.33,9.26,26,2,88,3,65,2,1,178.0,1,177,7
1359498,2023-04-17,Chennai Super Kings,Royal Challengers Bangalore,"M Chinnaswamy Stadium, Bengaluru",Royal Challengers Bangalore,field,0,1,1,226,6,120,20.0,11.3,53,1,112,1,61,4,1,,0,218,8
1359498,2023-04-17,Royal Challengers Bangalore,Chennai Super Kings,"M Chinnaswamy Stadium, Bengaluru",Royal Challengers Bangalore,field,1,2,0,218,8,120,20.0,10.9,75,2,94,2,49,4,0,227.0,0,226,6
1359499,2023-04-18,Mumbai Indians,Sunrisers Hyderabad,"Rajiv Gandhi International Stadium, Uppal, Hyderabad",Sunrisers Hyderabad,field,0,1,1,192,5,120,20.0,9.6,53,1,77,2,62,2,1,,0,178,10
1359499,2023-04-18,Sunrisers Hyderabad,Mumbai Indians,"Rajiv Gandhi International Stadium, Uppal, Hyderabad",Sunrisers Hyderabad,field,1,2,0,178,10,119,19.83,8.98,42,2,91,4,45,4,0,193.0,0,192,5
1359500,2023-04-19,Lucknow Super Giants,Rajasthan Royals,"Sawai Mansingh Stadium, Jaipur",Rajasthan Royals,field,0,1,1,154,7,120,20.0,7.7,37,0,72,4,45,3,1,,0,144,6
1359500,2023-04-19,Rajasthan Royals,Lucknow Super Giants,"Sawai Mansingh Stadium, Jaipur",Rajasthan Royals,field,1,2,0,144,6,120,20.0,7.2,47,0,57,3,40,3,0,155.0,0,154,7
1359501,2023-04-20,Royal Challengers Bangalore,Punjab Kings,"Punjab Cricket Association IS Bindra Stadium, Mohali, Chandigarh",Punjab Kings,field,0,1,1,174,4,120,20.0,8.7,59,0,71,0,44,4,1,,0,150,10
1359501,2023-04-20,Punjab Kings,Royal Challengers Bangalore,"Punjab Cricket Association IS Bindra Stadium, Mohali, Chandigarh",Punjab Kings,field,1,2,0,150,10,110,18.33,8.18,49,4,76,3,25,3,0,175.0,0,174,4
1359502,2023-04-20,Kolkata Knight Riders,Delhi Capitals,"Arun Jaitley Stadium, Delhi",Delhi Capitals,field,0,1,1,127,10,120,20.0,6.35,35,3,59,5,33,2,0,,0,128,6
1359502,2023-04-20,Delhi Capitals,Kolkata Knight Riders,"Arun Jaitley Stadium, Delhi",Delhi Capitals,field,1,2,0,128,6,116,19.33,6.62,61,1,43,3,24,2,1,128.0,1,127,10
1359503,2023-04-21,Sunrisers Hyderabad,Chennai Super Kings,"MA Chidambaram Stadium, Chepauk, Chennai",Chennai Super Kings,field,0,1,1,134,7,120,20.0,6.7,45,1,57,4,32,2,0,,0,138,3
1359503,2023-04-21,Chennai Super Kings,Sunrisers Hyderabad,"MA Chidambaram Stadium, Chepauk, Chennai",Chennai Super Kings,field,1,2,0,138,3,112,18.67,7.39,60,0,51,2,27,1,1,135.0,1,134,7
1359504,2023-04-22,Gujarat Titans,Lucknow Super Giants,"Bharat Ratna Shri Atal Bihari Vajpayee Ekana Cricket Stadium, Lucknow",Gujarat Titans,bat,1,1,1,135,6,120,20.0,6.75,40,1,52,3,43,2,1,,0,128,7
1359504,2023-04-22,Lucknow Super Giants,Gujarat Titans,"Bharat Ratna Shri Atal Bihari Vajpayee Ekana Cricket Stadium, Lucknow",Gujarat Titans,bat,0,2,0,128,7,120,20.0,6.4,53,0,53,2,22,5,0,136.0,0,135,6
1359505,2023-04-22,Punjab Kings,Mumbai Indians,"Wankhede Stadium, Mumbai",Mumbai Indians,field,0,1,1,214,8,120,20.0,10.7,58,1,60,3,96,4,1,,0,201,6
1359505,2023-04-22,Mumbai Indians,Punjab Kings,"Wankhede Stadium, Mumbai",Mumbai Indians,field,1,2,0,201,6,120,20.0,10.05,54,1,95,1,52,4,0,215.0,0,214,8
1359506,2023-04-23,Royal Challengers Bangalore,Rajasthan Royals,"M Chinnaswamy Stadium, Bengaluru",Rajasthan Royals,field,0,1,1,189,9,120,20.0,9.45,62,2,94,2,33,5,1,,0,182,6
1359506,2023-04-23,Rajasthan Royals,Royal Challengers Bangalore,"M Chinnaswamy Stadium, Bengaluru",Rajasthan Royals,field,1,2,0,182,6,120,20.0,9.1,47,1,74,2,61,3,0,190.0,0,189,9
1359507,2023-04-23,Chennai Super Kings,Kolkata Knight Riders,"Eden Gardens, Kolkata",Kolkata Knight Riders,field,0,1,1,235,4,120,20.0,11.75,59,0,101,2,75,2,1,,0,186,8
1359507,2023-04-23,Kolkata Knight Riders,Chennai Super Kings,"Eden Gardens, Kolkata",Kolkata Knight Riders,field,1,2,0,186,8,120,20.0,9.3,38,2,99,3,49,3,0,236.0,0,235,4
1359508,2023-04-24,Delhi Capitals,Sunrisers Hyderabad,"Rajiv Gandhi International Stadium, Uppal, Hyderabad",Delhi Capitals,bat,1,1,1,144,9,120,20.0,7.2,49,2,57,3,38,4,1,,0,137,6
1359508,2023-04-24,Sunrisers Hyderabad,Delhi Capitals,"Rajiv Gandhi International Stadium, Uppal, Hyderabad",Delhi Capitals,bat,0,2,0,137,6,120,20.0,6.85,36,1,53,4,48,1,0,145.0,0,144,9
1359509,2023-04-25,Gujarat Titans,Mumbai Indians,"Narendra Modi Stadium, Ahmedabad",Mumbai Indians,field,0,1,1,207,6,120,20.0,10.35,50,1,80,3,77,2,1,,0,152,9
1359509,2023-04-25,Mumbai Indians,Gujarat Titans,"Narendra Modi Stadium, Ahmedabad",Mumbai Indians,field,1,2,0,152,9,120,20.0,7.6,29,1,83,5,40,3,0,208.0,0,207,6
1359510,2023-04-26,Kolkata Knight Riders,Royal Challengers Bangalore,"M Chinnaswamy Stadium, Bengaluru",Royal Challengers Bangalore,field,0,1,1,200,5,120,20.0,10.0,66,0,65,2,69,3,1,,0,179,8
1359510,2023-04-26,Royal Challengers Bangalore,Kolkata Knight Riders,"M Chinnaswamy Stadium, Bengaluru",Royal Challengers Bangalore,field,1,2,0,179,8,120,20.0,8.95,58,3,80,3,41,2,0,201.0,0,200,5
1359511,2023-04-27,Rajasthan Royals,Chennai Super Kings,"Sawai Mansingh Stadium, Jaipur",Rajasthan Royals,bat,1,1,1,202,5,120,20.0,10.1,64,0,75,3,63,2,1,,0,170,6
1359511,2023-04-27,Chennai Super Kings,Rajasthan Royals,"Sawai Mansingh Stadium, Jaipur",Rajasthan Royals,bat,0,2,0,170,6,120,20.0,8.5,42,1,83,4,45,1,0,203.0,0,202,5
1359512,2023-04-28,Lucknow Super Giants,Punjab Kings,"Punjab Cricket Association IS Bindra Stadium, Mohali, Chandigarh",Punjab Kings,field,0,1,1,257,5,120,20.0,12.85,74,2,110,1,73,2,1,,0,201,10
1359512,2023-04-28,Punjab Kings,Lucknow Super Giants,"Punjab Cricket Association IS Bindra Stadium, Mohali, Chandigarh",Punjab Kings,field,1,2,0,201,10,119,19.83,10.14,55,2,97,2,49,6,0,258.0,0,257,5
1359513,2023-04-29,Kolkata Knight Riders,Gujarat Titans,"Eden Gardens, Kolkata",Gujarat Titans,field,0,1,1,179,7,120,20.0,8.95,61,2,73,2,45,3,0,,0,180,3
1359513,2023-04-29,Gujarat Titans,Kolkata Knight Riders,"Eden Gardens, Kolkata",Gujarat Titans,field,1,2,0,180,3,107,17.83,10.1,52,1,77,2,51,0,1,180.0,1,179,7
1359514,2023-04-29,Sunrisers Hyderabad,Delhi Capitals,"Arun Jaitley Stadium, Delhi",Sunrisers Hyderabad,bat,1,1,1,197,6,120,20.0,9.85,62,2,73,3,62,1,1,,0,188,6
1359514,2023-04-29,Delhi Capitals,Sunrisers Hyderabad,"Arun Jaitley Stadium, Delhi",Sunrisers Hyderabad,bat,0,2,0,188,6,120,20.0,9.4,57,1,81,3,50,2,0,198.0,0,197,6
1359515,2023-04-30,Chennai Super Kings,Punjab Kings,"MA Chidambaram Stadium, Chepauk, Chennai",Chennai Super Kings,bat,1,1,1,200,4,120,20.0,10.0,57,0,89,2,54,2,0,,0,201,6
1359515,2023-04-30,Punjab Kings,Chennai Super Kings,"MA Chidambaram Stadium, Chepauk, Chennai",Chennai Super Kings,bat,0,2,0,201,6,120,20.0,10.05,62,1,67,2,72,3,1,201.0,1,200,4
1359516,2023-04-30,Rajasthan Royals,Mumbai Indians,"Wankhede Stadium, Mumbai",Rajasthan Royals,bat,1,1,1,212,7,120,20.0,10.6,65,0,78,4,69,3,0,,0,214,4
1359516,2023-04-30,Mumbai Indians,Rajasthan Royals,"Wankhede Stadium, Mumbai",Rajasthan Royals,bat,0,2,0,214,4,117,19.5,10.97,58,1,92,2,64,1,1,213.0,1,212,7
1359517,2023-05-01,Royal Challengers Bangalore,Lucknow Super Giants,"Bharat Ratna Shri Atal Bihari Vajpayee Ekana Cricket Stadium, Lucknow",Royal Challengers Bangalore,bat,1,1,1,126,9,120,20.0,6.3,42,0,50,4,34,5,1,,0,108,10
1359517,2023-05-01,Lucknow Super Giants,Royal Challengers Bangalore,"Bharat Ratna Shri Atal Bihari Vajpayee Ekana Cricket Stadium, Lucknow",Royal Challengers Bangalore,bat,0,2,0,108,10,119,19.83,5.45,34,4,44,4,30,2,0,127.0,0,126,9
1359518,2023-05-02,Delhi Capitals,Gujarat Titans,"Narendra Modi Stadium, Ahmedabad",Delhi Capitals,bat,1,1,1,130,8,120,20.0,6.5,28,5,50,1,52,2,1,,0,125,6
1359518,2023-05-02,Gujarat Titans,Delhi Capitals,"Narendra Modi Stadium, Ahmedabad",Delhi Capitals,bat,0,2,0,125,6,120,20.0,6.25,31,3,48,1,46,2,0,131.0,0,130,8
1359520,2023-05-03,Punjab Kings,Mumbai Indians,"Punjab Cricket Association IS Bindra Stadium, Mohali, Chandigarh",Mumbai Indians,field,0,1,1,214,3,120,20.0,10.7,50,1,95,2,69,0,0,,0,216,4
1359520,2023-05-03,Mumbai Indians,Punjab Kings,"Punjab Cricket Association IS Bindra Stadium, Mohali, Chandigarh",Mumbai Indians,field,1,2,0,216,4,113,18.83,11.47,54,2,116,0,46,2,1,215.0,1,214,3
1359521,2023-05-04,Kolkata Knight Riders,Sunrisers Hyderabad,"Rajiv Gandhi International Stadium, Uppal, Hyderabad",Kolkata Knight Riders,bat,1,1,1,171,9,120,20.0,8.55,49,3,80,2,42,4,1,,0,166,8
1359521,2023-05-04,Sunrisers Hyderabad,Kolkata Knight Riders,"Rajiv Gandhi International Stadium, Uppal, Hyderabad",Kolkata Knight Riders,bat,0,2,0,166,8,120,20.0,8.3,53,3,81,2,32,3,0,172.0,0,171,9
1359522,2023-05-05,Rajasthan Royals,Gujarat Titans,"Sawai Mansingh Stadium, Jaipur",Rajasthan Royals,bat,1,1,1,118,10,107,17.83,6.62,50,2,50,6,18,2,0,,0,119,1
1359522,2023-05-05,Gujarat Titans,Rajasthan Royals,"Sawai Mansingh Stadium, Jaipur",Rajasthan Royals,bat,0,2,0,119,1,83,13.83,8.6,49,0,70,1,0,0,1,119.0,1,118,10
1359523,2023-05-06,Mumbai Indians,Chennai Super Kings,"MA Chidambaram Stadium, Chepauk, Chennai",Chennai Super Kings,field,0,1,1,139,8,120,20.0,6.95,34,3,59,1,46,4,0,,0,140,4
1359523,2023-05-06,Chennai Super Kings,Mumbai Indians,"MA Chidambaram Stadium, Chepauk, Chennai",Chennai Super Kings,field,1,2,0,140,4,106,17.67,7.92,55,1,68,2,17,1,1,140.0,1,139,8
1359524,2023-05-06,Royal Challengers Bangalore,Delhi Capitals,"Arun Jaitley Stadium, Delhi",Royal Challengers Bangalore,bat,1,1,1,181,4,120,20.0,9.05,51,0,75,2,55,2,0,,0,187,3
1359524,2023-05-06,Delhi Capitals,Royal Challengers Bangalore,"Arun Jaitley Stadium, Delhi",Royal Challengers Bangalore,bat,0,2,0,187,3,100,16.67,11.22,70,1,96,1,21,1,1,182.0,1,181,4
1359525,2023-05-07,Gujarat Titans,Lucknow Super Giants,"Narendra Modi Stadium, Ahmedabad",Lucknow Super Giants,field,0,1,1,227,2,120,20.0,11.35,78,0,98,1,51,1,1,,0,171,7
1359525,2023-05-07,Lucknow Super Giants,Gujarat Titans,"Narendra Modi Stadium, Ahmedabad",Lucknow Super Giants,field,1,2,0,171,7,120,20.0,8.55,72,0,58,3,41,4,0,228.0,0,227,2
1359526,2023-05-07,Rajasthan Royals,Sunrisers Hyderabad,"Sawai Mansingh Stadium, Jaipur",Rajasthan Royals,bat,1,1,1,214,2,120,20.0,10.7,61,1,93,0,60,1,0,,0,217,6
1359526,2023-05-07,Sunrisers Hyderabad,Rajasthan Royals,"Sawai Mansingh Stadium, Jaipur",Rajasthan Royals,bat,0,2,0,217,6,120,20.0,10.85,52,1,94,1,71,4,1,215.0,1,214,2
1359527,2023-05-08,Punjab Kings,Kolkata Knight Riders,"Eden Gardens, Kolkata",Punjab Kings,bat,1,1,1,179,7,120,20.0,8.95,58,3,66,2,55,2,0,,0,182,5
1359527,2023-05-08,Kolkata Knight Riders,Punjab Kings,"Eden Gardens, Kolkata",Punjab Kings,bat,0,2,0,182,5,120,20.0,9.1,52,1,70,2,60,2,1,180.0,1,179,7
1359528,2023-05-09,Royal Challengers Bangalore,Mumbai Indians,"Wankhede Stadium, Mumbai",Mumbai Indians,field,0,1,1,199,6,120,20.0,9.95,56,2,96,3,47,1,0,,0,200,4
1359528,2023-05-09,Mumbai Indians,Royal Challengers Bangalore,"Wankhede Stadium, Mumbai",Mumbai Indians,field,1,2,0,200,4,99,16.5,12.12,62,2,112,0,26,2,1,200.0,1,199,6
1359529,2023-05-10,Chennai Super Kings,Delhi Capitals,"MA Chidambaram Stadium, Chepauk, Chennai",Chennai Super Kings,bat,1,1,1,167,8,120,20.0,8.35,49,1,68,4,50,3,1,,0,140,8
1359529,2023-05-10,Delhi Capitals,Chennai Super Kings,"MA Chidambaram Stadium, Chepauk, Chennai",Chennai Super Kings,bat,0,2,0,140,8,120,20.0,7.0,47,3,44,2,49,3,0,168.0,0,167,8
1359530,2023-05-11,Kolkata Knight Riders,Rajasthan Royals,"Eden Gardens, Kolkata",Rajasthan Royals,field,0,1,1,149,8,120,20.0,7.45,37,2,79,2,33,4,0,,0,151,1
1359530,2023-05-11,Rajasthan Royals,Kolkata Knight Riders,"Eden Gardens, Kolkata",Rajasthan Royals,field,1,2,0,151,1,79,13.17,11.47,78,1,73,0,0,0,1,150.0,1,149,8
1359531,2023-05-12,Mumbai Indians,Gujarat Titans,"Wankhede Stadium, Mumbai",Gujarat Titans,field,0,1,1,218,5,120,20.0,10.9,61,0,90,3,67,2,1,,0,191,8
1359531,2023-05-12,Gujarat Titans,Mumbai Indians,"Wankhede Stadium, Mumbai",Gujarat Titans,field,1,2,0,191,8,120,20.0,9.55,48,3,82,5,61,0,0,219.0,0,218,5
1359532,2023-05-13,Sunrisers Hyderabad,Lucknow Super Giants,"Rajiv Gandhi International Stadium, Uppal, Hyderabad",Sunrisers Hyderabad,bat,1,1,1,182,6,120,20.0,9.1,56,2,74,3,52,1,0,,0,185,3
1359532,2023-05-13,Lucknow Super Giants,Sunrisers Hyderabad,"Rajiv Gandhi International Stadium, Uppal, Hyderabad",Sunrisers Hyderabad,bat,0,2,0,185,3,116,19.33,9.57,30,1,84,1,71,1,1,183.0,1,182,6
1359533,2023-05-13,Punjab Kings,Delhi Capitals,"Arun Jaitley Stadium, Delhi",Delhi Capitals,field,0,1,1,167,7,120,20.0,8.35,46,3,71,1,50,3,1,,0,136,8
1359533,2023-05-13,Delhi Capitals,Punjab Kings,"Arun Jaitley Stadium, Delhi",Delhi Capitals,field,1,2,0,136,8,120,20.0,6.8,65,0,50,6,21,2,0,168.0,0,167,7
1359534,2023-05-14,Royal Challengers Bangalore,Rajasthan Royals,"Sawai Mansingh Stadium, Jaipur",Royal Challengers Bangalore,bat,1,1,1,171,5,120,20.0,8.55,42,0,78,2,51,3,1,,0,59,10
1359534,2023-05-14,Rajasthan Royals,Royal Challengers Bangalore,"Sawai Mansingh Stadium, Jaipur",Royal Challengers Bangalore,bat,0,2,0,59,10,63,10.5,5.62,28,5,31,5,0,0,0,172.0,0,171,5
1359535,2023-05-14,Chennai Super Kings,Kolkata Knight Riders,"MA Chidambaram Stadium, Chepauk, Chennai",Chennai Super Kings,bat,1,1,1,144,6,120,20.0,7.2,52,1,40,4,52,1,0,,0,147,4
1359535,2023-05-14,Kolkata Knight Riders,Chennai Super Kings,"MA Chidambaram Stadium, Chepauk, Chennai",Chennai Super Kings,bat,0,2,0,147,4,111,18.5,7.95,46,3,71,0,30,1,1,145.0,1,144,6
1359536,2023-05-15,Gujarat Titans,Sunrisers Hyderabad,"Narendra Modi Stadium, Ahmedabad",Sunrisers Hyderabad,field,0,1,1,188,9,120,20.0,9.4,65,1,89,1,34,7,1,,0,154,9
1359536,2023-05-15,Sunrisers Hyderabad,Gujarat Titans,"Narendra Modi Stadium, Ahmedabad",Sunrisers Hyderabad,field,1,2,0,154,9,120,20.0,7.7,45,4,66,3,43,2,0,189.0,0,188,9
1359537,2023-05-16,Lucknow Super Giants,Mumbai Indians,"Bharat Ratna Shri Atal Bihari Vajpayee Ekana Cricket Stadium, Lucknow",Mumbai Indians,field,0,1,1,177,4,120,20.0,8.85,35,2,73,1,69,1,1,,0,172,5
1359537,2023-05-16,Mumbai Indians,Lucknow Super Giants,"Bharat Ratna Shri Atal Bihari Vajpayee Ekana Cricket Stadium, Lucknow",Mumbai Indians,field,1,2,0,172,5,120,20.0,8.6,58,0,67,3,47,2,0,178.0,0,177,4
1359538,2023-05-17,Delhi Capitals,Punjab Kings,"Himachal Pradesh Cricket Association Stadium, Dharamsala",Punjab Kings,field,0,1,1,213,2,120,20.0,10.65,61,0,87,2,65,0,1,,0,198,8
1359538,2023-05-17,Punjab Kings,Delhi Capitals,"Himachal Pradesh Cricket Association Stadium, Dharamsala",Punjab Kings,field,1,2,0,198,8,120,20.0,9.9,47,1,81,2,70,5,0,214.0,0,213,2
1359539,2023-05-18,Sunrisers Hyderabad,Royal Challengers Bangalore,"Rajiv Gandhi International Stadium, Uppal, Hyderabad",Royal Challengers Bangalore,field,0,1,1,186,5,120,20.0,9.3,49,2,84,1,53,2,0,,0,187,2
1359539,2023-05-18,Royal Challengers Bangalore,Sunrisers Hyderabad,"Rajiv Gandhi International Stadium, Uppal, Hyderabad",Royal Challengers Bangalore,field,1,2,0,187,2,116,19.33,9.67,64,0,86,0,37,2,1,187.0,1,186,5
1359540,2023-05-19,Punjab Kings,Rajasthan Royals,"Himachal Pradesh Cricket Association Stadium, Dharamsala",Rajasthan Royals,field,0,1,1,187,5,120,20.0,9.35,48,3,69,2,70,0,0,,0,189,6
1359540,2023-05-19,Rajasthan Royals,Punjab Kings,"Himachal Pradesh Cricket Association Stadium, Dharamsala",Rajasthan Royals,field,1,2,0,189,6,118,19.67,9.61,57,1,84,3,48,2,1,188.0,1,187,5
1359541,2023-05-20,Chennai Super Kings,Delhi Capitals,"Arun Jaitley Stadium, Delhi",Chennai Super Kings,bat,1,1,1,223,3,120,20.0,11.15,52,0,96,1,75,2,1,,0,146,9
1359541,2023-05-20,Delhi Capitals,Chennai Super Kings,"Arun Jaitley Stadium, Delhi",Chennai Super Kings,bat,0,2,0,146,9,120,20.0,7.3,34,3,82,2,30,4,0,224.0,0,223,3
1359542,2023-05-20,Lucknow Super Giants,Kolkata Knight Riders,"Eden Gardens, Kolkata",Kolkata Knight Riders,field,0,1,1,176,8,120,20.0,8.8,54,1,65,4,57,3,1,,0,175,7
1359542,2023-05-20,Kolkata Knight Riders,Lucknow Super Giants,"Eden Gardens, Kolkata",Kolkata Knight Riders,field,1,2,0,175,7,120,20.0,8.75,61,1,53,3,61,3,0,177.0,0,176,8
1359543,2023-05-21,Sunrisers Hyderabad,Mumbai Indians,"Wankhede Stadium, Mumbai",Mumbai Indians,field,0,1,1,200,5,120,20.0,10.0,53,0,104,1,43,4,0,,0,201,2
1359543,2023-05-21,Mumbai Indians,Sunrisers Hyderabad,"Wankhede Stadium, Mumbai",Mumbai Indians,field,1,2,0,201,2,108,18.0,11.17,60,1,100,1,41,0,1,201.0,1,200,5
1359544,2023-05-21,Royal Challengers Bangalore,Gujarat Titans,"M Chinnaswamy Stadium, Bengaluru",Gujarat Titans,field,0,1,1,197,5,120,20.0,9.85,62,0,74,5,61,0,0,,0,198,4
1359544,2023-05-21,Gujarat Titans,Royal Challengers Bangalore,"M Chinnaswamy Stadium, Bengaluru",Gujarat Titans,field,1,2,0,198,4,115,19.17,10.33,51,1,97,1,50,2,1,198.0,1,197,5
1370350,2023-05-23,Chennai Super Kings,Gujarat Titans,"MA Chidambaram Stadium, Chepauk, Chennai",Gujarat Titans,field,0,1,1,172,7,120,20.0,8.6,49,0,76,3,47,4,1,,0,157,10
1370350,2023-05-23,Gujarat Titans,Chennai Super Kings,"MA Chidambaram Stadium, Chepauk, Chennai",Gujarat Titans,field,1,2,0,157,10,120,20.0,7.85,41,2,61,4,55,4,0,173.0,0,172,7
1370351,2023-05-24,Mumbai Indians,Lucknow Super Giants,"MA Chidambaram Stadium, Chepauk, Chennai",Mumbai Indians,bat,1,1,1,182,8,120,20.0,9.1,62,2,69,2,51,4,1,,0,101,10
1370351,2023-05-24,Lucknow Super Giants,Mumbai Indians,"MA Chidambaram Stadium, Chepauk, Chennai",Mumbai Indians,bat,0,2,0,101,10,99,16.5,6.12,54,2,46,7,1,1,0,183.0,0,182,8
1370352,2023-05-26,Gujarat Titans,Mumbai Indians,"Narendra Modi Stadium, Ahmedabad",Mumbai Indians,field,0,1,1,233,3,120,20.0,11.65,50,0,116,1,67,2,1,,0,171,10
1370352,2023-05-26,Mumbai Indians,Gujarat Titans,"Narendra Modi Stadium, Ahmedabad",Mumbai Indians,field,1,2,0,171,10,110,18.33,9.33,72,3,84,3,15,4,0,234.0,0,233,3
1370353,2023-05-29,Gujarat Titans,Chennai Super Kings,"Narendra Modi Stadium, Ahmedabad",Chennai Super Kings,field,0,1,1,214,4,120,20.0,10.7,62,0,81,2,71,2,0,,0,171,5
1370353,2023-05-29,Chennai Super Kings,Gujarat Titans,"Narendra Modi Stadium, Ahmedabad",Chennai Super Kings,field,1,2,0,171,5,90,15.0,11.4,72,0,99,5,0,0,1,215.0,1,214,4
1422119,2024-03-22,Royal Challengers Bengaluru,Chennai Super Kings,"MA Chidambaram Stadium, Chepauk, Chennai",Royal Challengers Bengaluru,bat,1,1,1,173,6,120,20.0,8.65,42,3,60,2,71,1,0,,0,176,4
1422119,2024-03-22,Chennai Super Kings,Royal Challengers Bengaluru,"MA Chidambaram Stadium, Chepauk, Chennai",Royal Challengers Bengaluru,bat,0,2,0,176,4,112,18.67,9.43,62,1,66,3,48,0,1,174.0,1,173,6
1422120,2024-03-23,Delhi Capitals,Punjab Kings,"Maharaja Yadavindra Singh International Cricket Stadium, Mullanpur",Punjab Kings,field,0,1,1,174,9,120,20.0,8.7,54,1,70,4,50,4,0,,0,177,6
1422120,2024-03-23,Punjab Kings,Delhi Capitals,"Maharaja Yadavindra Singh International Cricket Stadium, Mullanpur",Punjab Kings,field,1,2,0,177,6,116,19.33,9.16,60,2,70,2,47,2,1,175.0,1,174,9
1422121,2024-03-23,Kolkata Knight Riders,Sunrisers Hyderabad,"Eden Gardens, Kolkata",Sunrisers Hyderabad,field,0,1,1,208,7,120,20.0,10.4,43,3,80,3,85,1,1,,0,204,7
1422121,2024-03-23,Sunrisers Hyderabad,Kolkata Knight Riders,"Eden Gardens, Kolkata",Sunrisers Hyderabad,field,1,2,0,204,7,120,20.0,10.2,65,1,63,3,76,3,0,209.0,0,208,7
1422122,2024-03-24,Rajasthan Royals,Lucknow Super Giants,"Sawai Mansingh Stadium, Jaipur",Rajasthan Royals,bat,1,1,1,193,4,120,20.0,9.65,54,2,89,1,50,1,1,,0,173,6
1422122,2024-03-24,Lucknow Super Giants,Rajasthan Royals,"Sawai Mansingh Stadium, Jaipur",Rajasthan Royals,bat,0,2,0,173,6,120,20.0,8.65,47,3,87,1,39,2,0,194.0,0,193,4
1422123,2024-03-24,Gujarat Titans,Mumbai Indians,"Narendra Modi Stadium, Ahmedabad",Mumbai Indians,field,0,1,1,168,6,120,20.0,8.4,47,1,77,2,44,3,1,,0,162,9
1422123,2024-03-24,Mumbai Indians,Gujarat Titans,"Narendra Modi Stadium, Ahmedabad",Mumbai Indians,field,1,2,0,162,9,120,20.0,8.1,52,2,74,1,36,6,0,169.0,0,168,6
1422124,2024-03-25,Punjab Kings,Royal Challengers Bengaluru,"M Chinnaswamy Stadium, Bengaluru",Royal Challengers Bengaluru,field,0,1,1,176,6,120,20.0,8.8,40,1,88,3,48,2,0,,0,178,6
1422124,2024-03-25,Royal Challengers Bengaluru,Punjab Kings,"M Chinnaswamy Stadium, Bengaluru",Royal Challengers Bengaluru,field,1,2,0,178,6,116,19.33,9.21,50,2,68,2,60,2,1,177.0,1,176,6
1422125,2024-03-26,Chennai Super Kings,Gujarat Titans,"MA Chidambaram Stadium, Chepauk, Chennai",Gujarat Titans,field,0,1,1,206,6,120,20.0,10.3,69,1,86,2,51,3,1,,0,143,8
1422125,2024-03-26,Gujarat Titans,Chennai Super Kings,"MA Chidambaram Stadium, Chepauk, Chennai",Gujarat Titans,field,1,2,0,143,8,120,20.0,7.15,43,2,71,3,29,3,0,207.0,0,206,6
1422126,2024-03-27,Sunrisers Hyderabad,Mumbai Indians,"Rajiv Gandhi International Stadium, Uppal, Hyderabad",Mumbai Indians,field,0,1,1,277,3,120,20.0,13.85,81,1,121,2,75,0,1,,0,246,5
1422126,2024-03-27,Mumbai Indians,Sunrisers Hyderabad,"Rajiv Gandhi International Stadium, Uppal, Hyderabad",Mumbai Indians,field,1,2,0,246,5,120,20.0,12.3,76,2,109,2,61,1,0,278.0,0,277,3
1422127,2024-03-28,Rajasthan Royals,Delhi Capitals,"Sawai Mansingh Stadium, Jaipur",Delhi Capitals,field,0,1,1,185,5,120,20.0,9.25,31,2,77,2,77,1,1,,0,173,5
1422127,2024-03-28,Delhi Capitals,Rajasthan Royals,"Sawai Mansingh Stadium, Jaipur",Delhi Capitals,field,1,2,0,173,5,120,20.0,8.65,59,2,61,2,53,1,0,186.0,0,185,5
1422128,2024-03-29,Royal Challengers Bengaluru,Kolkata Knight Riders,"M Chinnaswamy Stadium, Bengaluru",Kolkata Knight Riders,field,0,1,1,182,6,120,20.0,9.1,61,1,73,2,48,3,0,,0,186,3
1422128,2024-03-29,Kolkata Knight Riders,Royal Challengers Bengaluru,"M Chinnaswamy Stadium, Bengaluru",Kolkata Knight Riders,field,1,2,0,186,3,101,16.83,11.05,85,0,82,2,19,1,1,183.0,1,182,6
1422129,2024-03-30,Lucknow Super Giants,Punjab Kings,"Bharat Ratna Shri Atal Bihari Vajpayee Ekana Cricket Stadium, Lucknow",Lucknow Super Giants,bat,1,1,1,199,8,120,20.0,9.95,54,2,92,2,53,4,1,,0,178,5
1422129,2024-03-30,Punjab Kings,Lucknow Super Giants,"Bharat Ratna Shri Atal Bihari Vajpayee Ekana Cricket Stadium, Lucknow",Lucknow Super Giants,bat,0,2,0,178,5,120,20.0,8.9,61,0,75,2,42,3,0,200.0,0,199,8
1422130,2024-03-31,Sunrisers Hyderabad,Gujarat Titans,"Narendra Modi Stadium, Ahmedabad",Sunrisers Hyderabad,bat,1,1,1,162,8,120,20.0,8.1,56,1,66,4,40,3,0,,0,168,3
1422130,2024-03-31,Gujarat Titans,Sunrisers Hyderabad,"Narendra Modi Stadium, Ahmedabad",Sunrisers Hyderabad,bat,0,2,0,168,3,115,19.17,8.76,52,1,62,1,54,1,1,163.0,1,162,8
1422131,2024-03-31,Delhi Capitals,Chennai Super Kings,"Dr. Y.S. Rajasekhara Reddy ACA-VDCA Cricket Stadium, Visakhapatnam",Delhi Capitals,bat,1,1,1,191,5,120,20.0,9.55,62,0,72,4,57,1,1,,0,171,6
1422131,2024-03-31,Chennai Super Kings,Delhi Capitals,"Dr. Y.S. Rajasekhara Reddy ACA-VDCA Cricket Stadium, Visakhapatnam",Delhi Capitals,bat,0,2,0,171,6,120,20.0,8.55,32,2,81,3,58,1,0,192.0,0,191,5
1422132,2024-04-01,Mumbai Indians,Rajasthan Royals,"Wankhede Stadium, Mumbai",Rajasthan Royals,field,0,1,1,125,9,120,20.0,6.25,46,4,56,3,23,2,0,,0,127,4
1422132,2024-04-01,Rajasthan Royals,Mumbai Indians,"Wankhede Stadium, Mumbai",Rajasthan Royals,field,1,2,0,127,4,93,15.5,8.19,46,2,65,2,16,0,1,126.0,1,125,9
1422133,2024-04-02,Lucknow Super Giants,Royal Challengers Bengaluru,"M Chinnaswamy Stadium, Bengaluru",Royal Challengers Bengaluru,field,0,1,1,181,5,120,20.0,9.05,54,1,77,2,50,2,1,,0,153,10
1422133,2024-04-02,Royal Challengers Bengaluru,Lucknow Super Giants,"M Chinnaswamy Stadium, Bengaluru",Royal Challengers Bengaluru,field,1,2,0,153,10,118,19.67,7.78,48,3,56,3,49,4,0,182.0,0,181,5
1422134,2024-04-03,Kolkata Knight Riders,Delhi Capitals,"Dr. Y.S. Rajasekhara Reddy ACA-VDCA Cricket Stadium, Visakhapatnam",Kolkata Knight Riders,bat,1,1,1,272,7,120,20.0,13.6,88,1,107,2,77,4,1,,0,166,10
1422134,2024-04-03,Delhi Capitals,Kolkata Knight Riders,"Dr. Y.S. Rajasekhara Reddy ACA-VDCA Cricket Stadium, Visakhapatnam",Kolkata Knight Riders,bat,0,2,0,166,10,104,17.33,9.58,51,4,108,3,7,3,0,273.0,0,272,7
1422135,2024-04-04,Gujarat Titans,Punjab Kings,"Narendra Modi Stadium, Ahmedabad",Punjab Kings,field,0,1,1,199,4,120,20.0,9.95,52,1,82,2,65,1,0,,0,200,7
1422135,2024-04-04,Punjab Kings,Gujarat Titans,"Narendra Modi Stadium, Ahmedabad",Punjab Kings,field,1,2,0,200,7,119,19.83,10.09,54,2,84,3,62,2,1,200.0,1,199,4
1422136,2024-04-05,Chennai Super Kings,Sunrisers Hyderabad,"Rajiv Gandhi International Stadium, Uppal, Hyderabad",Sunrisers Hyderabad,field,0,1,1,165,5,120,20.0,8.25,48,1,79,3,38,1,0,,0,166,4
1422136,2024-04-05,Sunrisers Hyderabad,Chennai Super Kings,"Rajiv Gandhi International Stadium, Uppal, Hyderabad",Sunrisers Hyderabad,field,1,2,0,166,4,109,18.17,9.14,78,1,57,2,31,1,1,166.0,1,165,5
1422137,2024-04-06,Royal Challengers Bengaluru,Rajasthan Royals,"Sawai Mansingh Stadium, Jaipur",Rajasthan Royals,field,0,1,1,183,3,120,20.0,9.15,53,0,76,2,54,1,0,,0,189,4
1422137,2024-04-06,Rajasthan Royals,Royal Challengers Bengaluru,"Sawai Mansingh Stadium, Jaipur",Rajasthan Royals,field,1,2,0,189,4,115,19.17,9.86,54,1,98,1,37,2,1,184.0,1,183,3
1422138,2024-04-07,Mumbai Indians,Delhi Capitals,"Wankhede Stadium, Mumbai",Delhi Capitals,field,0,1,1,234,5,120,20.0,11.7,75,0,63,4,96,1,1,,0,205,8
1422138,2024-04-07,Delhi Capitals,Mumbai Indians,"Wankhede Stadium, Mumbai",Delhi Capitals,field,1,2,0,205,8,120,20.0,10.25,46,1,98,2,61,5,0,235.0,0,234,5
1422139,2024-04-07,Lucknow Super Giants,Gujarat Titans,"Bharat Ratna Shri Atal Bihari Vajpayee Ekana Cricket Stadium, Lucknow",Lucknow Super Giants,bat,1,1,1,163,5,120,20.0,8.15,47,2,67,2,49,1,1,,0,130,10
1422139,2024-04-07,Gujarat Titans,Lucknow Super Giants,"Bharat Ratna Shri Atal Bihari Vajpayee Ekana Cricket Stadium, Lucknow",Lucknow Super Giants,bat,0,2,0,130,10,113,18.83,6.9,54,1,39,6,37,3,0,164.0,0,163,5
1426260,2024-04-08,Kolkata Knight Riders,Chennai Super Kings,"MA Chidambaram Stadium, Chepauk, Chennai",Chennai Super Kings,field,0,1,1,137,9,120,20.0,6.85,56,1,43,4,38,4,0,,0,141,3
1426260,2024-04-08,Chennai Super Kings,Kolkata Knight Riders,"MA Chidambaram Stadium, Chepauk, Chennai",Chennai Super Kings,field,1,2,0,141,3,106,17.67,7.98,52,1,63,1,26,1,1,138.0,1,137,9
1426261,2024-04-09,Sunrisers Hyderabad,Punjab Kings,"Maharaja Yadavindra Singh International Cricket Stadium, Mullanpur",Punjab Kings,field,0,1,1,182,9,120,20.0,9.1,40,3,93,2,49,4,1,,0,180,6
1426261,2024-04-09,Punjab Kings,Sunrisers Hyderabad,"Maharaja Yadavindra Singh International Cricket Stadium, Mullanpur",Punjab Kings,field,1,2,0,180,6,120,20.0,9.0,27,3,78,2,75,1,0,183.0,0,182,9
1426262,2024-04-10,Rajasthan Royals,Gujarat Titans,"Sawai Mansingh Stadium, Jaipur",Gujarat Titans,field,0,1,1,196,3,120,20.0,9.8,43,2,91,0,62,1,0,,0,199,7
1426262,2024-04-10,Gujarat Titans,Rajasthan Royals,"Sawai Mansingh Stadium, Jaipur",Gujarat Titans,field,1,2,0,199,7,120,20.0,9.95,44,0,80,4,75,3,1,197.0,1,196,3
1426263,2024-04-11,Royal Challengers Bengaluru,Mumbai Indians,"Wankhede Stadium, Mumbai",Mumbai Indians,field,0,1,1,196,8,120,20.0,9.8,44,2,86,2,66,4,0,,0,199,3
1426263,2024-04-11,Mumbai Indians,Royal Challengers Bengaluru,"Wankhede Stadium, Mumbai",Mumbai Indians,field,1,2,0,199,3,93,15.5,12.84,72,0,116,3,11,0,1,197.0,1,196,8
1426264,2024-04-12,Lucknow Super Giants,Delhi Capitals,"Bharat Ratna Shri Atal Bihari Vajpayee Ekana Cricket Stadium, Lucknow",Lucknow Super Giants,bat,1,1,1,167,7,120,20.0,8.35,57,2,57,5,53,0,0,,0,170,4
1426264,2024-04-12,Delhi Capitals,Lucknow Super Giants,"Bharat Ratna Shri Atal Bihari Vajpayee Ekana Cricket Stadium, Lucknow",Lucknow Super Giants,bat,0,2,0,170,4,109,18.17,9.36,62,1,83,2,25,1,1,168.0,1,167,7
1426265,2024-04-13,Punjab Kings,Rajasthan Royals,"Maharaja Yadavindra Singh International Cricket Stadium, Mullanpur",Rajasthan Royals,field,0,1,1,147,8,120,20.0,7.35,38,1,48,4,61,3,0,,0,152,7
1426265,2024-04-13,Rajasthan Royals,Punjab Kings,"Maharaja Yadavindra Singh International Cricket Stadium, Mullanpur",Rajasthan Royals,field,1,2,0,152,7,119,19.83,7.67,43,0,56,3,53,4,1,148.0,1,147,8
1426266,2024-04-14,Lucknow Super Giants,Kolkata Knight Riders,"Eden Gardens, Kolkata",Kolkata Knight Riders,field,0,1,1,161,7,120,20.0,8.05,49,2,64,3,48,2,0,,0,162,2
1426266,2024-04-14,Kolkata Knight Riders,Lucknow Super Giants,"Eden Gardens, Kolkata",Kolkata Knight Riders,field,1,2,0,162,2,94,15.67,10.34,58,2,98,0,6,0,1,162.0,1,161,7
1426267,2024-04-14,Chennai Super Kings,Mumbai Indians,"Wankhede Stadium, Mumbai",Mumbai Indians,field,0,1,1,206,4,120,20.0,10.3,48,1,101,1,57,2,1,,0,186,6
1426267,2024-04-14,Mumbai Indians,Chennai Super Kings,"Wankhede Stadium, Mumbai",Mumbai Indians,field,1,2,0,186,6,120,20.0,9.3,63,0,69,3,54,3,0,207.0,0,206,4
1426268,2024-04-15,Sunrisers Hyderabad,Royal Challengers Bengaluru,"M Chinnaswamy Stadium, Bengaluru",Royal Challengers Bengaluru,field,0,1,1,287,3,120,20.0,14.35,76,0,129,2,82,1,1,,0,262,7
1426268,2024-04-15,Royal Challengers Bengaluru,Sunrisers Hyderabad,"M Chinnaswamy Stadium, Bengaluru",Royal Challengers Bengaluru,field,1,2,0,262,7,120,20.0,13.1,79,0,108,6,75,1,0,288.0,0,287,3
1426269,2024-04-16,Kolkata Knight Riders,Rajasthan Royals,"Eden Gardens, Kolkata",Rajasthan Royals,field,0,1,1,223,6,120,20.0,11.15,56,1,105,2,62,3,0,,0,224,8
1426269,2024-04-16,Rajasthan Royals,Kolkata Knight Riders,"Eden Gardens, Kolkata",Rajasthan Royals,field,1,2,0,224,8,120,20.0,11.2,76,2,69,4,79,2,1,224.0,1,223,6
1426270,2024-04-17,Gujarat Titans,Delhi Capitals,"Narendra Modi Stadium, Ahmedabad",Delhi Capitals,field,0,1,1,89,10,105,17.5,5.09,30,4,48,4,11,2,0,,0,92,4
1426270,2024-04-17,Delhi Capitals,Gujarat Titans,"Narendra Modi Stadium, Ahmedabad",Delhi Capitals,field,1,2,0,92,4,53,8.83,10.42,67,4,25,0,0,0,1,90.0,1,89,10
1426271,2024-04-18,Mumbai Indians,Punjab Kings,"Maharaja Yadavindra Singh International Cricket Stadium, Mullanpur",Punjab Kings,field,0,1,1,192,7,120,20.0,9.6,54,1,76,1,62,5,1,,0,183,10
1426271,2024-04-18,Punjab Kings,Mumbai Indians,"Maharaja Yadavindra Singh International Cricket Stadium, Mullanpur",Punjab Kings,field,1,2,0,183,10,115,19.17,9.55,40,4,101,3,42,3,0,193.0,0,192,7
1426272,2024-04-19,Chennai Super Kings,Lucknow Super Giants,"Bharat Ratna Shri Atal Bihari Vajpayee Ekana Cricket Stadium, Lucknow",Lucknow Super Giants,field,0,1,1,176,6,120,20.0,8.8,51,2,54,3,71,1,0,,0,180,2
1426272,2024-04-19,Lucknow Super Giants,Chennai Super Kings,"Bharat Ratna Shri Atal Bihari Vajpayee Ekana Cricket Stadium, Lucknow",Lucknow Super Giants,field,1,2,0,180,2,114,19.0,9.47,54,0,80,1,46,1,1,177.0,1,176,6
1426273,2024-04-20,Sunrisers Hyderabad,Delhi Capitals,"Arun Jaitley Stadium, Delhi",Delhi Capitals,field,0,1,1,266,7,120,20.0,13.3,125,0,80,4,61,3,1,,0,199,10
1426273,2024-04-20,Delhi Capitals,Sunrisers Hyderabad,"Arun Jaitley Stadium, Delhi",Delhi Capitals,field,1,2,0,199,10,115,19.17,10.38,88,2,78,4,33,4,0,267.0,0,266,7
1426274,2024-04-21,Kolkata Knight Riders,Royal Challengers Bengaluru,"Eden Gardens, Kolkata",Royal Challengers Bengaluru,field,0,1,1,222,6,120,20.0,11.1,75,3,74,2,73,1,1,,0,221,10
1426274,2024-04-21,Royal Challengers Bengaluru,Kolkata Knight Riders,"Eden Gardens, Kolkata",Royal Challengers Bengaluru,field,1,2,0,221,10,120,20.0,11.05,74,2,100,4,47,4,0,223.0,0,222,6
1426275,2024-04-21,Punjab Kings,Gujarat Titans,"Maharaja Yadavindra Singh International Cricket Stadium, Mullanpur",Punjab Kings,bat,1,1,1,142,10,120,20.0,7.1,56,1,41,5,45,4,0,,0,146,7
1426275,2024-04-21,Gujarat Titans,Punjab Kings,"Maharaja Yadavindra Singh International Cricket Stadium, Mullanpur",Punjab Kings,bat,0,2,0,146,7,115,19.17,7.62,44,1,57,3,45,3,1,143.0,1,142,10
1426276,2024-04-22,Mumbai Indians,Rajasthan Royals,"Sawai Mansingh Stadium, Jaipur",Mumbai Indians,bat,1,1,1,179,9,120,20.0,8.95,45,3,86,1,48,5,0,,0,183,1
1426276,2024-04-22,Rajasthan Royals,Mumbai Indians,"Sawai Mansingh Stadium, Jaipur",Mumbai Indians,bat,0,2,0,183,1,112,18.67,9.8,61,0,90,1,32,0,1,180.0,1,179,9
1426277,2024-04-23,Chennai Super Kings,Lucknow Super Giants,"MA Chidambaram Stadium, Chepauk, Chennai",Lucknow Super Giants,field,0,1,1,210,4,120,20.0,10.5,49,2,86,1,75,1,0,,0,213,4
1426277,2024-04-23,Lucknow Super Giants,Chennai Super Kings,"MA Chidambaram Stadium, Chepauk, Chennai",Lucknow Super Giants,field,1,2,0,213,4,117,19.5,10.92,45,2,92,1,76,1,1,211.0,1,210,4
1426278,2024-04-24,Delhi Capitals,Gujarat Titans,"Arun Jaitley Stadium, Delhi",Gujarat Titans,field,0,1,1,224,4,120,20.0,11.2,44,3,83,0,97,1,1,,0,220,8
1426278,2024-04-24,Gujarat Titans,Delhi Capitals,"Arun Jaitley Stadium, Delhi",Gujarat Titans,field,1,2,0,220,8,120,20.0,11.0,67,1,80,4,73,3,0,225.0,0,224,4
1426279,2024-04-25,Royal Challengers Bengaluru,Sunrisers Hyderabad,"Rajiv Gandhi International Stadium, Uppal, Hyderabad",Royal Challengers Bengaluru,bat,1,1,1,206,7,120,20.0,10.3,61,1,81,3,64,3,1,,0,171,8
1426279,2024-04-25,Sunrisers Hyderabad,Royal Challengers Bengaluru,"Rajiv Gandhi International Stadium, Uppal, Hyderabad",Royal Challengers Bengaluru,bat,0,2,0,171,8,120,20.0,8.55,62,4,70,3,39,1,0,207.0,0,206,7
1426280,2024-04-26,Kolkata Knight Riders,Punjab Kings,"Eden Gardens, Kolkata",Punjab Kings,field,0,1,1,261,6,120,20.0,13.05,76,0,114,2,71,4,0,,0,262,2
1426280,2024-04-26,Punjab Kings,Kolkata Knight Riders,"Eden Gardens, Kolkata",Punjab Kings,field,1,2,0,262,2,112,18.67,14.03,93,1,108,1,61,0,1,262.0,1,261,6
1426281,2024-04-27,Delhi Capitals,Mumbai Indians,"Arun Jaitley Stadium, Delhi",Mumbai Indians,field,0,1,1,257,4,120,20.0,12.85,92,0,98,3,67,1,1,,0,247,9
1426281,2024-04-27,Mumbai Indians,Delhi Capitals,"Arun Jaitley Stadium, Delhi",Mumbai Indians,field,1,2,0,247,9,120,20.0,12.35,65,3,108,2,74,4,0,258.0,0,257,4
1426282,2024-04-27,Lucknow Super Giants,Rajasthan Royals,"Bharat Ratna Shri Atal Bihari Vajpayee Ekana Cricket Stadium, Lucknow",Rajasthan Royals,field,0,1,1,196,5,120,20.0,9.8,46,2,104,1,46,2,0,,0,199,3
1426282,2024-04-27,Rajasthan Royals,Lucknow Super Giants,"Bharat Ratna Shri Atal Bihari Vajpayee Ekana Cricket Stadium, Lucknow",Rajasthan Royals,field,1,2,0,199,3,114,19.0,10.47,60,1,84,2,55,0,1,197.0,1,196,5
1426283,2024-04-28,Gujarat Titans,Royal Challengers Bengaluru,"Narendra Modi Stadium, Ahmedabad",Royal Challengers Bengaluru,field,0,1,1,200,3,120,20.0,10.0,42,1,96,2,62,0,0,,0,206,1
1426283,2024-04-28,Royal Challengers Bengaluru,Gujarat Titans,"Narendra Modi Stadium, Ahmedabad",Royal Challengers Bengaluru,field,1,2,0,206,1,96,16.0,12.88,63,1,114,0,29,0,1,201.0,1,200,3
1426284,2024-04-28,Chennai Super Kings,Sunrisers Hyderabad,"MA Chidambaram Stadium, Chepauk, Chennai",Sunrisers Hyderabad,field,0,1,1,212,3,120,20.0,10.6,50,1,98,1,64,1,1,,0,134,10
1426284,2024-04-28,Sunrisers Hyderabad,Chennai Super Kings,"MA Chidambaram Stadium, Chepauk, Chennai",Sunrisers Hyderabad,field,1,2,0,134,10,113,18.83,7.12,53,3,56,2,25,5,0,213.0,0,212,3
1426285,2024-04-29,Delhi Capitals,Kolkata Knight Riders,"Eden Gardens, Kolkata",Delhi Capitals,bat,1,1,1,153,9,120,20.0,7.65,67,3,45,5,41,1,0,,0,157,3
1426285,2024-04-29,Kolkata Knight Riders,Delhi Capitals,"Eden Gardens, Kolkata",Delhi Capitals,bat,0,2,0,157,3,99,16.5,9.52,79,0,62,3,16,0,1,154.0,1,153,9
1426286,2024-04-30,Mumbai Indians,Lucknow Super Giants,"Bharat Ratna Shri Atal Bihari Vajpayee Ekana Cricket Stadium, Lucknow",Lucknow Super Giants,field,0,1,1,144,7,120,20.0,7.2,28,4,68,1,48,2,0,,0,145,6
1426286,2024-04-30,Lucknow Super Giants,Mumbai Indians,"Bharat Ratna Shri Atal Bihari Vajpayee Ekana Cricket Stadium, Lucknow",Lucknow Super Giants,field,1,2,0,145,6,116,19.33,7.5,52,1,64,3,29,2,1,145.0,1,144,7
1426287,2024-05-01,Chennai Super Kings,Punjab Kings,"MA Chidambaram Stadium, Chepauk, Chennai",Punjab Kings,field,0,1,1,162,7,120,20.0,8.1,55,0,47,3,60,4,0,,0,163,3
1426287,2024-05-01,Punjab Kings,Chennai Super Kings,"MA Chidambaram Stadium, Chepauk, Chennai",Punjab Kings,field,1,2,0,163,3,107,17.83,9.14,52,1,83,2,28,0,1,163.0,1,162,7
1426288,2024-05-02,Sunrisers Hyderabad,Rajasthan Royals,"Rajiv Gandhi International Stadium, Uppal, Hyderabad",Sunrisers Hyderabad,bat,1,1,1,201,3,120,20.0,10.05,37,2,94,1,70,0,1,,0,200,7
1426288,2024-05-02,Rajasthan Royals,Sunrisers Hyderabad,"Rajiv Gandhi International Stadium, Uppal, Hyderabad",Sunrisers Hyderabad,bat,0,2,0,200,7,120,20.0,10.0,60,2,97,1,43,4,0,202.0,0,201,3
1426289,2024-05-03,Kolkata Knight Riders,Mumbai Indians,"Wankhede Stadium, Mumbai",Mumbai Indians,field,0,1,1,169,10,119,19.83,8.52,57,4,71,1,41,5,1,,0,145,10
1426289,2024-05-03,Mumbai Indians,Kolkata Knight Riders,"Wankhede Stadium, Mumbai",Mumbai Indians,field,1,2,0,145,10,113,18.83,7.7,46,3,73,3,26,4,0,170.0,0,169,10
1426290,2024-05-04,Gujarat Titans,Royal Challengers Bengaluru,"M Chinnaswamy Stadium, Bengaluru",Royal Challengers Bengaluru,field,0,1,1,147,10,117,19.5,7.54,23,3,79,2,45,5,0,,0,152,6
1426290,2024-05-04,Royal Challengers Bengaluru,Gujarat Titans,"M Chinnaswamy Stadium, Bengaluru",Royal Challengers Bengaluru,field,1,2,0,152,6,82,13.67,11.12,92,1,60,5,0,0,1,148.0,1,147,10
1426291,2024-05-05,Chennai Super Kings,Punjab Kings,"Himachal Pradesh Cricket Association Stadium, Dharamsala",Punjab Kings,field,0,1,1,167,9,120,20.0,8.35,60,1,57,4,50,4,1,,0,139,9
1426291,2024-05-05,Punjab Kings,Chennai Super Kings,"Himachal Pradesh Cricket Association Stadium, Dharamsala",Punjab Kings,field,1,2,0,139,9,120,20.0,6.95,47,2,44,6,48,1,0,168.0,0,167,9
1426292,2024-05-05,Kolkata Knight Riders,Lucknow Super Giants,"Bharat Ratna Shri Atal Bihari Vajpayee Ekana Cricket Stadium, Lucknow",Lucknow Super Giants,field,0,1,1,235,6,120,20.0,11.75,70,1,101,2,64,3,1,,0,137,10
1426292,2024-05-05,Lucknow Super Giants,Kolkata Knight Riders,"Bharat Ratna Shri Atal Bihari Vajpayee Ekana Cricket Stadium, Lucknow",Lucknow Super Giants,field,1,2,0,137,10,97,16.17,8.47,55,1,75,7,7,2,0,236.0,0,235,6
1426293,2024-05-06,Sunrisers Hyderabad,Mumbai Indians,"Wankhede Stadium, Mumbai",Mumbai Indians,field,0,1,1,173,8,120,20.0,8.65,56,1,64,4,53,3,0,,0,174,3
1426293,2024-05-06,Mumbai Indians,Sunrisers Hyderabad,"Wankhede Stadium, Mumbai",Mumbai Indians,field,1,2,0,174,3,104,17.33,10.04,52,3,87,0,35,0,1,174.0,1,173,8
1426294,2024-05-07,Delhi Capitals,Rajasthan Royals,"Arun Jaitley Stadium, Delhi",Rajasthan Royals,field,0,1,1,221,8,120,20.0,11.05,78,2,78,3,65,3,1,,0,201,8
1426294,2024-05-07,Rajasthan Royals,Delhi Capitals,"Arun Jaitley Stadium, Delhi",Rajasthan Royals,field,1,2,0,201,8,120,20.0,10.05,67,2,92,1,42,5,0,222.0,0,221,8
1426295,2024-05-08,Lucknow Super Giants,Sunrisers Hyderabad,"Rajiv Gandhi International Stadium, Uppal, Hyderabad",Lucknow Super Giants,bat,1,1,1,165,4,120,20.0,8.25,27,2,75,2,63,0,0,,0,167,0
1426295,2024-05-08,Sunrisers Hyderabad,Lucknow Super Giants,"Rajiv Gandhi International Stadium, Uppal, Hyderabad",Lucknow Super Giants,bat,0,2,0,167,0,58,9.67,17.27,107,0,60,0,0,0,1,166.0,1,165,4
1426296,2024-05-09,Royal Challengers Bengaluru,Punjab Kings,"Himachal Pradesh Cricket Association Stadium, Dharamsala",Punjab Kings,field,0,1,1,241,7,120,20.0,12.05,56,2,108,1,77,4,1,,0,181,10
1426296,2024-05-09,Punjab Kings,Royal Challengers Bengaluru,"Himachal Pradesh Cricket Association Stadium, Dharamsala",Punjab Kings,field,1,2,0,181,10,102,17.0,10.65,75,2,89,5,17,3,0,242.0,0,241,7
1426297,2024-05-10,Gujarat Titans,Chennai Super Kings,"Narendra Modi Stadium, Ahmedabad",Chennai Super Kings,field,0,1,1,231,3,120,20.0,11.55,58,0,132,0,41,3,1,,0,196,8
1426297,2024-05-10,Chennai Super Kings,Gujarat Titans,"Narendra Modi Stadium, Ahmedabad",Chennai Super Kings,field,1,2,0,196,8,120,20.0,9.8,43,3,100,2,53,3,0,232.0,0,231,3
1426298,2024-05-11,Kolkata Knight Riders,Mumbai Indians,"Eden Gardens, Kolkata",Mumbai Indians,field,0,1,1,157,7,96,16.0,9.81,52,3,95,3,10,1,1,,0,139,8
1426298,2024-05-11,Mumbai Indians,Kolkata Knight Riders,"Eden Gardens, Kolkata",Mumbai Indians,field,1,2,0,139,8,96,16.0,8.69,62,0,74,6,3,2,0,158.0,0,157,7
1426299,2024-05-12,Rajasthan Royals,Chennai Super Kings,"MA Chidambaram Stadium, Chepauk, Chennai",Rajasthan Royals,bat,1,1,1,141,5,120,20.0,7.05,42,0,52,3,47,2,0,,0,145,5
1426299,2024-05-12,Chennai Super Kings,Rajasthan Royals,"MA Chidambaram Stadium, Chepauk, Chennai",Rajasthan Royals,bat,0,2,0,145,5,110,18.33,7.91,56,1,60,3,29,1,1,142.0,1,141,5
1426300,2024-05-12,Royal Challengers Bengaluru,Delhi Capitals,"M Chinnaswamy Stadium, Bengaluru",Delhi Capitals,field,0,1,1,187,9,120,20.0,9.35,61,2,77,2,49,5,1,,0,140,10
1426300,2024-05-12,Delhi Capitals,Royal Challengers Bengaluru,"M Chinnaswamy Stadium, Bengaluru",Delhi Capitals,field,1,2,0,140,10,115,19.17,7.3,54,4,73,3,13,3,0,188.0,0,187,9
1426302,2024-05-14,Delhi Capitals,Lucknow Super Giants,"Arun Jaitley Stadium, Delhi",Lucknow Super Giants,field,0,1,1,208,4,120,20.0,10.4,73,1,63,2,72,1,1,,0,189,9
1426302,2024-05-14,Lucknow Super Giants,Delhi Capitals,"Arun Jaitley Stadium, Delhi",Lucknow Super Giants,field,1,2,0,189,9,120,20.0,9.45,59,4,76,3,54,2,0,209.0,0,208,4
1426303,2024-05-15,Rajasthan Royals,Punjab Kings,"Barsapara Cricket Stadium, Guwahati",Rajasthan Royals,bat,1,1,1,144,9,120,20.0,7.2,38,1,65,5,41,3,0,,0,145,5
1426303,2024-05-15,Punjab Kings,Rajasthan Royals,"Barsapara Cricket Stadium, Guwahati",Rajasthan Royals,bat,0,2,0,145,5,113,18.83,7.7,39,3,64,1,42,1,1,145.0,1,144,9
1426305,2024-05-17,Lucknow Super Giants,Mumbai Indians,"Wankhede Stadium, Mumbai",Mumbai Indians,field,0,1,1,214,6,120,20.0,10.7,49,2,110,1,55,3,1,,0,196,6
1426305,2024-05-17,Mumbai Indians,Lucknow Super Giants,"Wankhede Stadium, Mumbai",Mumbai Indians,field,1,2,0,196,6,120,20.0,9.8,53,0,72,5,71,1,0,215.0,0,214,6
1426306,2024-05-18,Royal Challengers Bengaluru,Chennai Super Kings,"M Chinnaswamy Stadium, Bengaluru",Chennai Super Kings,field,0,1,1,218,5,120,20.0,10.9,42,0,96,2,80,3,1,,0,191,7
1426306,2024-05-18,Chennai Super Kings,Royal Challengers Bengaluru,"M Chinnaswamy Stadium, Bengaluru",Chennai Super Kings,field,1,2,0,191,7,120,20.0,9.55,58,2,71,4,62,1,0,219.0,0,218,5
1426307,2024-05-19,Punjab Kings,Sunrisers Hyderabad,"Rajiv Gandhi International Stadium, Uppal, Hyderabad",Punjab Kings,bat,1,1,1,214,5,120,20.0,10.7,61,0,98,2,55,3,0,,0,215,6
1426307,2024-05-19,Sunrisers Hyderabad,Punjab Kings,"Rajiv Gandhi International Stadium, Uppal, Hyderabad",Punjab Kings,bat,0,2,0,215,6,115,19.17,11.22,84,2,98,2,33,2,1,215.0,1,214,5
1426309,2024-05-21,Sunrisers Hyderabad,Kolkata Knight Riders,"Narendra Modi Stadium, Ahmedabad",Sunrisers Hyderabad,bat,1,1,1,159,10,117,19.5,8.15,45,4,80,4,34,2,0,,0,164,2
1426309,2024-05-21,Kolkata Knight Riders,Sunrisers Hyderabad,"Narendra Modi Stadium, Ahmedabad",Sunrisers Hyderabad,bat,0,2,0,164,2,82,13.67,12.0,63,1,101,1,0,0,1,160.0,1,159,10
1426310,2024-05-22,Royal Challengers Bengaluru,Rajasthan Royals,"Narendra Modi Stadium, Ahmedabad",Rajasthan Royals,field,0,1,1,172,8,120,20.0,8.6,50,1,75,4,47,3,0,,0,174,6
1426310,2024-05-22,Rajasthan Royals,Royal Challengers Bengaluru,"Narendra Modi Stadium, Ahmedabad",Rajasthan Royals,field,1,2,0,174,6,114,19.0,9.16,47,1,79,3,48,2,1,173.0,1,172,8
1426311,2024-05-24,Sunrisers Hyderabad,Rajasthan Royals,"MA Chidambaram Stadium, Chepauk, Chennai",Rajasthan Royals,field,0,1,1,175,9,120,20.0,8.75,68,3,64,3,43,3,1,,0,139,7
1426311,2024-05-24,Rajasthan Royals,Sunrisers Hyderabad,"MA Chidambaram Stadium, Chepauk, Chennai",Rajasthan Royals,field,1,2,0,139,7,120,20.0,6.95,51,1,51,5,37,1,0,176.0,0,175,9
1426312,2024-05-26,Sunrisers Hyderabad,Kolkata Knight Riders,"MA Chidambaram Stadium, Chepauk, Chennai",Sunrisers Hyderabad,bat,1,1,1,113,10,111,18.5,6.11,40,3,50,5,23,2,0,,0,114,2
1426312,2024-05-26,Kolkata Knight Riders,Sunrisers Hyderabad,"MA Chidambaram Stadium, Chepauk, Chennai",Sunrisers Hyderabad,bat,0,2,0,114,2,63,10.5,10.86,72,1,42,1,0,0,1,114.0,1,113,10
1473438,2025-03-22,Kolkata Knight Riders,Royal Challengers Bengaluru,"Eden Gardens, Kolkata",Royal Challengers Bengaluru,field,0,1,1,174,8,120,20.0,8.7,60,1,85,4,29,3,0,,0,177,3
1473438,2025-03-22,Royal Challengers Bengaluru,Kolkata Knight Riders,"Eden Gardens, Kolkata",Royal Challengers Bengaluru,field,1,2,0,177,3,98,16.33,10.84,80,0,77,2,20,1,1,175.0,1,174,8
1473439,2025-03-23,Sunrisers Hyderabad,Rajasthan Royals,"Rajiv Gandhi International Stadium, Uppal, Hyderabad",Rajasthan Royals,field,0,1,1,286,6,120,20.0,14.3,94,1,114,2,78,3,1,,0,242,6
1473439,2025-03-23,Rajasthan Royals,Sunrisers Hyderabad,"Rajiv Gandhi International Stadium, Uppal, Hyderabad",Rajasthan Royals,field,1,2,0,242,6,120,20.0,12.1,77,3,92,2,73,1,0,287.0,0,286,6
1473440,2025-03-23,Mumbai Indians,Chennai Super Kings,"MA Chidambaram Stadium, Chepauk, Chennai",Chennai Super Kings,field,0,1,1,155,9,120,20.0,7.75,52,3,58,3,45,3,0,,0,158,6
1473440,2025-03-23,Chennai Super Kings,Mumbai Indians,"MA Chidambaram Stadium, Chepauk, Chennai",Chennai Super Kings,field,1,2,0,158,6,115,19.17,8.24,62,1,57,4,39,1,1,156.0,1,155,9
1473441,2025-03-24,Lucknow Super Giants,Delhi Capitals,"Dr. Y.S. Rajasekhara Reddy ACA-VDCA Cricket Stadium, Visakhapatnam",Delhi Capitals,field,0,1,1,209,8,120,20.0,10.45,64,1,106,3,39,4,0,,0,211,9
1473441,2025-03-24,Delhi Capitals,Lucknow Super Giants,"Dr. Y.S. Rajasekhara Reddy ACA-VDCA Cricket Stadium, Visakhapatnam",Delhi Capitals,field,1,2,0,211,9,117,19.5,10.82,58,4,90,2,63,3,1,210.0,1,209,8
1473442,2025-03-25,Punjab Kings,Gujarat Titans,"Narendra Modi Stadium, Ahmedabad",Gujarat Titans,field,0,1,1,243,5,120,20.0,12.15,73,1,83,3,87,1,1,,0,232,5
1473442,2025-03-25,Gujarat Titans,Punjab Kings,"Narendra Modi Stadium, Ahmedabad",Gujarat Titans,field,1,2,0,232,5,120,20.0,11.6,61,1,113,1,58,3,0,244.0,0,243,5
1473443,2025-03-26,Rajasthan Royals,Kolkata Knight Riders,"Barsapara Cricket Stadium, Guwahati",Kolkata Knight Riders,field,0,1,1,151,9,120,20.0,7.55,54,1,56,5,41,3,0,,0,153,2
1473443,2025-03-26,Kolkata Knight Riders,Rajasthan Royals,"Barsapara Cricket Stadium, Guwahati",Kolkata Knight Riders,field,1,2,0,153,2,105,17.5,8.74,40,0,78,2,35,0,1,152.0,1,151,9
1473444,2025-03-27,Sunrisers Hyderabad,Lucknow Super Giants,"Rajiv Gandhi International Stadium, Uppal, Hyderabad",Lucknow Super Giants,field,0,1,1,190,9,120,20.0,9.5,62,2,81,3,47,4,0,,0,193,5
1473444,2025-03-27,Lucknow Super Giants,Sunrisers Hyderabad,"Rajiv Gandhi International Stadium, Uppal, Hyderabad",Lucknow Super Giants,field,1,2,0,193,5,97,16.17,11.94,77,1,99,4,17,0,1,191.0,1,190,9
1473445,2025-03-28,Royal Challengers Bengaluru,Chennai Super Kings,"MA Chidambaram Stadium, Chepauk, Chennai",Chennai Super Kings,field,0,1,1,196,7,120,20.0,9.8,56,1,82,2,58,4,1,,0,146,8
1473445,2025-03-28,Chennai Super Kings,Royal Challengers Bengaluru,"MA Chidambaram Stadium, Chepauk, Chennai",Chennai Super Kings,field,1,2,0,146,8,120,20.0,7.3,30,3,68,3,48,2,0,197.0,0,196,7
1473446,2025-03-29,Gujarat Titans,Mumbai Indians,"Narendra Modi Stadium, Ahmedabad",Mumbai Indians,field,0,1,1,196,8,120,20.0,9.8,66,0,74,2,56,6,1,,0,160,6
1473446,2025-03-29,Mumbai Indians,Gujarat Titans,"Narendra Modi Stadium, Ahmedabad",Mumbai Indians,field,1,2,0,160,6,120,20.0,8.0,48,2,70,2,42,2,0,197.0,0,196,8
1473447,2025-03-30,Sunrisers Hyderabad,Delhi Capitals,"Dr. Y.S. Rajasekhara Reddy ACA-VDCA Cricket Stadium, Visakhapatnam",Sunrisers Hyderabad,bat,1,1,1,163,10,112,18.67,8.73,58,4,82,3,23,3,0,,0,166,3
1473447,2025-03-30,Delhi Capitals,Sunrisers Hyderabad,"Dr. Y.S. Rajasekhara Reddy ACA-VDCA Cricket Stadium, Visakhapatnam",Sunrisers Hyderabad,bat,0,2,0,166,3,96,16.0,10.38,52,0,98,3,16,0,1,164.0,1,163,10
1473448,2025-03-30,Rajasthan Royals,Chennai Super Kings,"Barsapara Cricket Stadium, Guwahati",Chennai Super Kings,field,0,1,1,182,9,120,20.0,9.1,79,1,66,4,37,4,1,,0,176,6
1473448,2025-03-30,Chennai Super Kings,Rajasthan Royals,"Barsapara Cricket Stadium, Guwahati",Chennai Super Kings,field,1,2,0,176,6,120,20.0,8.8,42,1,80,3,54,2,0,183.0,0,182,9
1473449,2025-03-31,Kolkata Knight Riders,Mumbai Indians,"Wankhede Stadium, Mumbai",Mumbai Indians,field,0,1,1,116,10,98,16.33,7.1,41,4,60,5,15,1,0,,0,121,2
1473449,2025-03-31,Mumbai Indians,Kolkata Knight Riders,"Wankhede Stadium, Mumbai",Mumbai Indians,field,1,2,0,121,2,77,12.83,9.43,55,1,66,1,0,0,1,117.0,1,116,10
1473450,2025-04-01,Lucknow Super Giants,Punjab Kings,"Bharat Ratna Shri Atal Bihari Vajpayee Ekana Cricket Stadium, Lucknow",Punjab Kings,field,0,1,1,171,7,120,20.0,8.55,39,3,78,1,54,3,0,,0,177,2
1473450,2025-04-01,Punjab Kings,Lucknow Super Giants,"Bharat Ratna Shri Atal Bihari Vajpayee Ekana Cricket Stadium, Lucknow",Punjab Kings,field,1,2,0,177,2,98,16.33,10.84,62,1,93,1,22,0,1,172.0,1,171,7
1473451,2025-04-02,Royal Challengers Bengaluru,Gujarat Titans,"M Chinnaswamy Stadium, Bengaluru",Gujarat Titans,field,0,1,1,169,8,120,20.0,8.45,38,3,67,3,64,2,0,,0,170,2
1473451,2025-04-02,Gujarat Titans,Royal Challengers Bengaluru,"M Chinnaswamy Stadium, Bengaluru",Gujarat Titans,field,1,2,0,170,2,107,17.83,9.53,42,1,92,1,36,0,1,170.0,1,169,8
1473452,2025-04-03,Kolkata Knight Riders,Sunrisers Hyderabad,"Eden Gardens, Kolkata",Sunrisers Hyderabad,field,0,1,1,200,6,120,20.0,10.0,53,2,69,2,78,2,1,,0,120,10
1473452,2025-04-03,Sunrisers Hyderabad,Kolkata Knight Riders,"Eden Gardens, Kolkata",Sunrisers Hyderabad,field,1,2,0,120,10,100,16.67,7.2,33,3,81,4,6,3,0,201.0,0,200,6
1473453,2025-04-04,Lucknow Super Giants,Mumbai Indians,"Bharat Ratna Shri Atal Bihari Vajpayee Ekana Cricket Stadium, Lucknow",Mumbai Indians,field,0,1,1,203,8,120,20.0,10.15,69,0,77,3,57,5,1,,0,191,5
1473453,2025-04-04,Mumbai Indians,Lucknow Super Giants,"Bharat Ratna Shri Atal Bihari Vajpayee Ekana Cricket Stadium, Lucknow",Mumbai Indians,field,1,2,0,191,5,120,20.0,9.55,64,2,79,1,48,2,0,204.0,0,203,8
1473454,2025-04-05,Delhi Capitals,Chennai Super Kings,"MA Chidambaram Stadium, Chepauk, Chennai",Delhi Capitals,bat,1,1,1,183,6,120,20.0,9.15,51,1,87,2,45,3,1,,0,158,5
1473454,2025-04-05,Chennai Super Kings,Delhi Capitals,"MA Chidambaram Stadium, Chepauk, Chennai",Delhi Capitals,bat,0,2,0,158,5,120,20.0,7.9,46,3,60,2,52,0,0,184.0,0,183,6
1473455,2025-04-05,Rajasthan Royals,Punjab Kings,"Maharaja Yadavindra Singh International Cricket Stadium, Mullanpur",Punjab Kings,field,0,1,1,205,4,120,20.0,10.25,53,0,89,3,63,1,1,,0,155,9
1473455,2025-04-05,Punjab Kings,Rajasthan Royals,"Maharaja Yadavindra Singh International Cricket Stadium, Mullanpur",Punjab Kings,field,1,2,0,155,9,120,20.0,7.75,43,3,88,2,24,4,0,206.0,0,205,4
1473457,2025-04-06,Sunrisers Hyderabad,Gujarat Titans,"Rajiv Gandhi International Stadium, Uppal, Hyderabad",Gujarat Titans,field,0,1,1,152,8,120,20.0,7.6,45,2,60,2,47,4,0,,0,153,3
1473457,2025-04-06,Gujarat Titans,Sunrisers Hyderabad,"Rajiv Gandhi International Stadium, Uppal, Hyderabad",Gujarat Titans,field,1,2,0,153,3,100,16.67,9.18,48,2,82,1,23,0,1,153.0,1,152,8
1473458,2025-04-07,Royal Challengers Bengaluru,Mumbai Indians,"Wankhede Stadium, Mumbai",Mumbai Indians,field,0,1,1,221,5,120,20.0,11.05,73,1,78,3,70,1,1,,0,209,9
1473458,2025-04-07,Mumbai Indians,Royal Challengers Bengaluru,"Wankhede Stadium, Mumbai",Mumbai Indians,field,1,2,0,209,9,120,20.0,10.45,54,2,103,2,52,5,0,222.0,0,221,5
1473456,2025-04-08,Lucknow Super Giants,Kolkata Knight Riders,"Eden Gardens, Kolkata",Kolkata Knight Riders,field,0,1,1,238,3,120,20.0,11.9,59,0,111,1,68,2,1,,0,234,7
1473456,2025-04-08,Kolkata Knight Riders,Lucknow Super Giants,"Eden Gardens, Kolkata",Kolkata Knight Riders,field,1,2,0,234,7,120,20.0,11.7,90,1,83,4,61,2,0,239.0,0,238,3
1473459,2025-04-08,Punjab Kings,Chennai Super Kings,"Maharaja Yadavindra Singh International Cricket Stadium, Mullanpur",Punjab Kings,bat,1,1,1,219,6,120,20.0,10.95,75,3,89,3,55,0,1,,0,201,5
1473459,2025-04-08,Chennai Super Kings,Punjab Kings,"Maharaja Yadavindra Singh International Cricket Stadium, Mullanpur",Punjab Kings,bat,0,2,0,201,5,120,20.0,10.05,59,0,86,2,56,3,0,220.0,0,219,6
1473460,2025-04-09,Gujarat Titans,Rajasthan Royals,"Narendra Modi Stadium, Ahmedabad",Rajasthan Royals,field,0,1,1,217,6,120,20.0,10.85,56,1,89,1,72,4,1,,0,159,10
1473460,2025-04-09,Rajasthan Royals,Gujarat Titans,"Narendra Modi Stadium, Ahmedabad",Rajasthan Royals,field,1,2,0,159,10,116,19.33,8.23,57,2,82,4,20,4,0,218.0,0,217,6
1473461,2025-04-10,Royal Challengers Bengaluru,Delhi Capitals,"M Chinnaswamy Stadium, Bengaluru",Delhi Capitals,field,0,1,1,163,7,120,20.0,8.15,64,2,53,4,46,1,0,,0,169,4
1473461,2025-04-10,Delhi Capitals,Royal Challengers Bengaluru,"M Chinnaswamy Stadium, Bengaluru",Delhi Capitals,field,1,2,0,169,4,107,17.83,9.48,39,3,82,1,48,0,1,164.0,1,163,7
1473462,2025-04-11,Chennai Super Kings,Kolkata Knight Riders,"MA Chidambaram Stadium, Chepauk, Chennai",Kolkata Knight Riders,field,0,1,1,103,9,120,20.0,5.15,31,2,43,5,29,2,0,,0,107,2
1473462,2025-04-11,Kolkata Knight Riders,Chennai Super Kings,"MA Chidambaram Stadium, Chepauk, Chennai",Kolkata Knight Riders,field,1,2,0,107,2,61,10.17,10.52,71,1,36,1,0,0,1,104.0,1,103,9
1473463,2025-04-12,Gujarat Titans,Lucknow Super Giants,"Bharat Ratna Shri Atal Bihari Vajpayee Ekana Cricket Stadium, Lucknow",Lucknow Super Giants,field,0,1,1,180,6,120,20.0,9.0,54,0,81,3,45,3,0,,0,186,4
1473463,2025-04-12,Lucknow Super Giants,Gujarat Titans,"Bharat Ratna Shri Atal Bihari Vajpayee Ekana Cricket Stadium, Lucknow",Lucknow Super Giants,field,1,2,0,186,4,117,19.5,9.54,61,0,93,2,32,2,1,181.0,1,180,6
1473464,2025-04-12,Punjab Kings,Sunrisers Hyderabad,"Rajiv Gandhi International Stadium, Uppal, Hyderabad",Punjab Kings,bat,1,1,1,245,6,120,20.0,12.25,89,1,88,3,68,2,0,,0,247,2
1473464,2025-04-12,Sunrisers Hyderabad,Punjab Kings,"Rajiv Gandhi International Stadium, Uppal, Hyderabad",Punjab Kings,bat,0,2,0,247,2,111,18.5,13.35,83,0,122,1,42,1,1,246.0,1,245,6
1473465,2025-04-13,Rajasthan Royals,Royal Challengers Bengaluru,"Sawai Mansingh Stadium, Jaipur",Royal Challengers Bengaluru,field,0,1,1,173,4,120,20.0,8.65,45,0,69,2,59,2,0,,0,175,1
1473465,2025-04-13,Royal Challengers Bengaluru,Rajasthan Royals,"Sawai Mansingh Stadium, Jaipur",Royal Challengers Bengaluru,field,1,2,0,175,1,105,17.5,10.0,65,0,81,1,29,0,1,174.0,1,173,4
1473466,2025-04-13,Mumbai Indians,Delhi Capitals,"Arun Jaitley Stadium, Delhi",Delhi Capitals,field,0,1,1,205,5,120,20.0,10.25,59,1,87,3,59,1,1,,0,193,10
1473466,2025-04-13,Delhi Capitals,Mumbai Indians,"Arun Jaitley Stadium, Delhi",Delhi Capitals,field,1,2,0,193,10,114,19.0,10.16,72,1,86,4,35,5,0,206.0,0,205,5
1473467,2025-04-14,Lucknow Super Giants,Chennai Super Kings,"Bharat Ratna Shri Atal Bihari Vajpayee Ekana Cricket Stadium, Lucknow",Chennai Super Kings,field,0,1,1,166,7,120,20.0,8.3,42,2,67,2,57,3,0,,0,168,5
1473467,2025-04-14,Chennai Super Kings,Lucknow Super Giants,"Bharat Ratna Shri Atal Bihari Vajpayee Ekana Cricket Stadium, Lucknow",Chennai Super Kings,field,1,2,0,168,5,117,19.5,8.62,59,1,52,4,57,0,1,167.0,1,166,7
1473468,2025-04-15,Punjab Kings,Kolkata Knight Riders,"Maharaja Yadavindra Singh International Cricket Stadium, Mullanpur",Punjab Kings,bat,1,1,1,111,10,93,15.5,7.16,54,4,55,4,2,2,1,,0,95,10
1473468,2025-04-15,Kolkata Knight Riders,Punjab Kings,"Maharaja Yadavindra Singh International Cricket Stadium, Mullanpur",Punjab Kings,bat,0,2,0,95,10,91,15.17,6.26,55,2,40,7,0,1,0,112.0,0,111,10
1473469,2025-04-16,Delhi Capitals,Rajasthan Royals,"Arun Jaitley Stadium, Delhi",Rajasthan Royals,field,0,1,1,188,5,120,20.0,9.4,46,2,65,2,77,1,0,,0,188,5
1473469,2025-04-16,Rajasthan Royals,Delhi Capitals,"Arun Jaitley Stadium, Delhi",Rajasthan Royals,field,1,2,0,188,5,120,20.0,9.4,63,1,69,2,56,2,0,189.0,0,188,5
1473470,2025-04-17,Sunrisers Hyderabad,Mumbai Indians,"Wankhede Stadium, Mumbai",Mumbai Indians,field,0,1,1,162,5,120,20.0,8.1,46,0,59,3,57,2,0,,0,166,6
1473470,2025-04-17,Mumbai Indians,Sunrisers Hyderabad,"Wankhede Stadium, Mumbai",Mumbai Indians,field,1,2,0,166,6,109,18.17,9.14,55,1,82,3,29,2,1,163.0,1,162,5
1473471,2025-04-18,Royal Challengers Bengaluru,Punjab Kings,"M Chinnaswamy Stadium, Bengaluru",Punjab Kings,field,0,1,1,95,9,84,14.0,6.79,33,4,62,5,0,0,0,,0,98,5
1473471,2025-04-18,Punjab Kings,Royal Challengers Bengaluru,"M Chinnaswamy Stadium, Bengaluru",Punjab Kings,field,1,2,0,98,5,73,12.17,8.05,46,2,52,3,0,0,1,96.0,1,95,9
1473472,2025-04-19,Delhi Capitals,Gujarat Titans,"Narendra Modi Stadium, Ahmedabad",Gujarat Titans,field,0,1,1,203,8,120,20.0,10.15,73,2,77,2,53,4,0,,0,204,3
1473472,2025-04-19,Gujarat Titans,Delhi Capitals,"Narendra Modi Stadium, Ahmedabad",Gujarat Titans,field,1,2,0,204,3,116,19.33,10.55,67,1,91,1,46,1,1,204.0,1,203,8
1473473,2025-04-19,Lucknow Super Giants,Rajasthan Royals,"Sawai Mansingh Stadium, Jaipur",Lucknow Super Giants,bat,1,1,1,180,5,120,20.0,9.0,46,2,75,1,59,2,1,,0,178,5
1473473,2025-04-19,Rajasthan Royals,Lucknow Super Giants,"Sawai Mansingh Stadium, Jaipur",Lucknow Super Giants,bat,0,2,0,178,5,120,20.0,8.9,61,0,74,2,43,3,0,181.0,0,180,5
1473474,2025-04-20,Punjab Kings,Royal Challengers Bengaluru,"Maharaja Yadavindra Singh International Cricket Stadium, Mullanpur",Royal Challengers Bengaluru,field,0,1,1,157,6,120,20.0,7.85,62,1,57,5,38,0,0,,0,159,3
1473474,2025-04-20,Royal Challengers Bengaluru,Punjab Kings,"Maharaja Yadavindra Singh International Cricket Stadium, Mullanpur",Royal Challengers Bengaluru,field,1,2,0,159,3,113,18.83,8.44,54,1,68,1,37,1,1,158.0,1,157,6
1473475,2025-04-20,Chennai Super Kings,Mumbai Indians,"Wankhede Stadium, Mumbai",Mumbai Indians,field,0,1,1,176,5,120,20.0,8.8,48,1,70,2,58,2,0,,0,177,1
1473475,2025-04-20,Mumbai Indians,Chennai Super Kings,"Wankhede Stadium, Mumbai",Mumbai Indians,field,1,2,0,177,1,94,15.67,11.3,62,0,95,1,20,0,1,177.0,1,176,5
1473476,2025-04-21,Gujarat Titans,Kolkata Knight Riders,"Eden Gardens, Kolkata",Kolkata Knight Riders,field,0,1,1,198,3,120,20.0,9.9,45,0,94,1,59,2,1,,0,159,8
1473476,2025-04-21,Kolkata Knight Riders,Gujarat Titans,"Eden Gardens, Kolkata",Kolkata Knight Riders,field,1,2,0,159,8,120,20.0,7.95,45,2,69,2,45,4,0,199.0,0,198,3
1473477,2025-04-22,Lucknow Super Giants,Delhi Capitals,"Bharat Ratna Shri Atal Bihari Vajpayee Ekana Cricket Stadium, Lucknow",Delhi Capitals,field,0,1,1,159,6,120,20.0,7.95,51,0,67,4,41,2,0,,0,161,2
1473477,2025-04-22,Delhi Capitals,Lucknow Super Giants,"Bharat Ratna Shri Atal Bihari Vajpayee Ekana Cricket Stadium, Lucknow",Delhi Capitals,field,1,2,0,161,2,107,17.83,9.03,54,1,73,1,34,0,1,160.0,1,159,6
1473478,2025-04-23,Sunrisers Hyderabad,Mumbai Indians,"Rajiv Gandhi International Stadium, Uppal, Hyderabad",Mumbai Indians,field,0,1,1,143,8,120,20.0,7.15,24,4,66,1,53,3,0,,0,146,3
1473478,2025-04-23,Mumbai Indians,Sunrisers Hyderabad,"Rajiv Gandhi International Stadium, Uppal, Hyderabad",Mumbai Indians,field,1,2,0,146,3,94,15.67,9.32,56,1,81,2,9,0,1,144.0,1,143,8
1473479,2025-04-24,Royal Challengers Bengaluru,Rajasthan Royals,"M Chinnaswamy Stadium, Bengaluru",Rajasthan Royals,field,0,1,1,205,5,120,20.0,10.25,59,0,97,1,49,4,1,,0,194,9
1473479,2025-04-24,Rajasthan Royals,Royal Challengers Bengaluru,"M Chinnaswamy Stadium, Bengaluru",Rajasthan Royals,field,1,2,0,194,9,120,20.0,9.7,72,2,76,2,46,5,0,206.0,0,205,5
1473480,2025-04-25,Chennai Super Kings,Sunrisers Hyderabad,"MA Chidambaram Stadium, Chepauk, Chennai",Sunrisers Hyderabad,field,0,1,1,154,10,119,19.83,7.77,50,3,77,3,27,4,0,,0,155,5
1473480,2025-04-25,Sunrisers Hyderabad,Chennai Super Kings,"MA Chidambaram Stadium, Chepauk, Chennai",Sunrisers Hyderabad,field,1,2,0,155,5,112,18.67,8.3,37,2,77,3,41,0,1,155.0,1,154,10
1473481,2025-04-26,Punjab Kings,Kolkata Knight Riders,"Eden Gardens, Kolkata",Punjab Kings,bat,1,1,1,201,4,120,20.0,10.05,56,0,105,2,40,2,0,,0,7,0
1473481,2025-04-26,Kolkata Knight Riders,Punjab Kings,"Eden Gardens, Kolkata",Punjab Kings,bat,0,2,0,7,0,6,1.0,7.0,7,0,0,0,0,0,0,202.0,0,201,4
1473482,2025-04-27,Mumbai Indians,Lucknow Super Giants,"Wankhede Stadium, Mumbai",Lucknow Super Giants,field,0,1,1,215,7,120,20.0,10.75,66,1,91,3,58,3,1,,0,161,10
1473482,2025-04-27,Lucknow Super Giants,Mumbai Indians,"Wankhede Stadium, Mumbai",Lucknow Super Giants,field,1,2,0,161,10,120,20.0,8.05,60,1,80,4,21,5,0,216.0,0,215,7
1473483,2025-04-27,Delhi Capitals,Royal Challengers Bengaluru,"Arun Jaitley Stadium, Delhi",Royal Challengers Bengaluru,field,0,1,1,162,8,120,20.0,8.1,52,2,56,2,54,4,0,,0,165,4
1473483,2025-04-27,Royal Challengers Bengaluru,Delhi Capitals,"Arun Jaitley Stadium, Delhi",Royal Challengers Bengaluru,field,1,2,0,165,4,111,18.5,8.92,35,3,79,0,51,1,1,163.0,1,162,8
1473484,2025-04-28,Gujarat Titans,Rajasthan Royals,"Sawai Mansingh Stadium, Jaipur",Rajasthan Royals,field,0,1,1,209,4,120,20.0,10.45,53,0,96,1,60,3,0,,0,212,2
1473484,2025-04-28,Rajasthan Royals,Gujarat Titans,"Sawai Mansingh Stadium, Jaipur",Rajasthan Royals,field,1,2,0,212,2,95,15.83,13.39,87,0,112,2,13,0,1,210.0,1,209,4
1473485,2025-04-29,Kolkata Knight Riders,Delhi Capitals,"Arun Jaitley Stadium, Delhi",Delhi Capitals,field,0,1,1,204,9,120,20.0,10.2,79,1,80,3,45,5,1,,0,190,9
1473485,2025-04-29,Delhi Capitals,Kolkata Knight Riders,"Arun Jaitley Stadium, Delhi",Delhi Capitals,field,1,2,0,190,9,120,20.0,9.5,58,2,88,3,44,4,0,205.0,0,204,9
1473486,2025-04-30,Chennai Super Kings,Punjab Kings,"MA Chidambaram Stadium, Chepauk, Chennai",Punjab Kings,field,0,1,1,190,10,116,19.33,9.83,48,3,86,1,56,6,0,,0,194,6
1473486,2025-04-30,Punjab Kings,Chennai Super Kings,"MA Chidambaram Stadium, Chepauk, Chennai",Punjab Kings,field,1,2,0,194,6,118,19.67,9.86,51,1,88,2,55,3,1,191.0,1,190,10
1473487,2025-05-01,Mumbai Indians,Rajasthan Royals,"Sawai Mansingh Stadium, Jaipur",Rajasthan Royals,field,0,1,1,217,2,120,20.0,10.85,58,0,88,2,71,0,1,,0,117,10
1473487,2025-05-01,Rajasthan Royals,Mumbai Indians,"Sawai Mansingh Stadium, Jaipur",Rajasthan Royals,field,1,2,0,117,10,97,16.17,7.24,62,5,51,4,4,1,0,218.0,0,217,2
1473488,2025-05-02,Gujarat Titans,Sunrisers Hyderabad,"Narendra Modi Stadium, Ahmedabad",Sunrisers Hyderabad,field,0,1,1,224,6,120,20.0,11.2,82,0,80,2,62,4,1,,0,186,6
1473488,2025-05-02,Sunrisers Hyderabad,Gujarat Titans,"Narendra Modi Stadium, Ahmedabad",Sunrisers Hyderabad,field,1,2,0,186,6,120,20.0,9.3,57,1,82,2,47,3,0,225.0,0,224,6
1473489,2025-05-03,Royal Challengers Bengaluru,Chennai Super Kings,"M Chinnaswamy Stadium, Bengaluru",Chennai Super Kings,field,0,1,1,213,5,120,20.0,10.65,71,0,73,2,69,3,1,,0,211,5
1473489,2025-05-03,Chennai Super Kings,Royal Challengers Bengaluru,"M Chinnaswamy Stadium, Bengaluru",Chennai Super Kings,field,1,2,0,211,5,120,20.0,10.55,58,2,102,0,51,3,0,214.0,0,213,5
1473490,2025-05-04,Kolkata Knight Riders,Rajasthan Royals,"Eden Gardens, Kolkata",Kolkata Knight Riders,bat,1,1,1,206,4,120,20.0,10.3,56,1,65,2,85,1,1,,0,205,8
1473490,2025-05-04,Rajasthan Royals,Kolkata Knight Riders,"Eden Gardens, Kolkata",Kolkata Knight Riders,bat,0,2,0,205,8,120,20.0,10.25,59,2,96,3,50,3,0,207.0,0,206,4
1473491,2025-05-04,Punjab Kings,Lucknow Super Giants,"Himachal Pradesh Cricket Association Stadium, Dharamsala",Lucknow Super Giants,field,0,1,1,236,5,120,20.0,11.8,66,2,95,1,75,2,1,,0,199,7
1473491,2025-05-04,Lucknow Super Giants,Punjab Kings,"Himachal Pradesh Cricket Association Stadium, Dharamsala",Lucknow Super Giants,field,1,2,0,199,7,120,20.0,9.95,38,3,105,2,56,2,0,237.0,0,236,5
1473493,2025-05-06,Mumbai Indians,Gujarat Titans,"Wankhede Stadium, Mumbai",Gujarat Titans,field,0,1,1,155,8,120,20.0,7.75,56,2,60,4,39,2,0,,0,147,7
1473493,2025-05-06,Gujarat Titans,Mumbai Indians,"Wankhede Stadium, Mumbai",Gujarat Titans,field,1,2,0,147,7,114,19.0,7.74,29,1,84,2,34,4,1,156.0,1,155,8
1473494,2025-05-07,Kolkata Knight Riders,Chennai Super Kings,"Eden Gardens, Kolkata",Kolkata Knight Riders,bat,1,1,1,179,6,120,20.0,8.95,67,1,57,3,55,2,0,,0,183,8
1473494,2025-05-07,Chennai Super Kings,Kolkata Knight Riders,"Eden Gardens, Kolkata",Kolkata Knight Riders,bat,0,2,0,183,8,118,19.67,9.3,62,5,78,1,43,2,1,180.0,1,179,6
1473497,2025-05-18,Punjab Kings,Rajasthan Royals,"Sawai Mansingh Stadium, Jaipur",Punjab Kings,bat,1,1,1,219,5,120,20.0,10.95,58,3,89,1,72,1,1,,0,209,7
1473497,2025-05-18,Rajasthan Royals,Punjab Kings,"Sawai Mansingh Stadium, Jaipur",Punjab Kings,bat,0,2,0,209,7,120,20.0,10.45,89,1,65,3,55,3,0,220.0,0,219,5
1473498,2025-05-18,Delhi Capitals,Gujarat Titans,"Arun Jaitley Stadium, Delhi",Gujarat Titans,field,0,1,1,199,3,120,20.0,9.95,45,1,91,1,63,1,0,,0,205,0
1473498,2025-05-18,Gujarat Titans,Delhi Capitals,"Arun Jaitley Stadium, Delhi",Gujarat Titans,field,1,2,0,205,0,114,19.0,10.79,59,0,95,0,51,0,1,200.0,1,199,3
1473499,2025-05-19,Lucknow Super Giants,Sunrisers Hyderabad,"Bharat Ratna Shri Atal Bihari Vajpayee Ekana Cricket Stadium, Lucknow",Sunrisers Hyderabad,field,0,1,1,205,7,120,20.0,10.25,69,0,77,2,59,5,0,,0,206,5
1473499,2025-05-19,Sunrisers Hyderabad,Lucknow Super Giants,"Bharat Ratna Shri Atal Bihari Vajpayee Ekana Cricket Stadium, Lucknow",Sunrisers Hyderabad,field,1,2,0,206,5,110,18.33,11.24,72,1,99,2,35,2,1,206.0,1,205,7
1473500,2025-05-20,Chennai Super Kings,Rajasthan Royals,"Arun Jaitley Stadium, Delhi",Rajasthan Royals,field,0,1,1,187,8,120,20.0,9.35,68,3,78,3,41,2,0,,0,188,4
1473500,2025-05-20,Rajasthan Royals,Chennai Super Kings,"Arun Jaitley Stadium, Delhi",Rajasthan Royals,field,1,2,0,188,4,103,17.17,10.95,56,1,94,2,38,1,1,188.0,1,187,8
1473501,2025-05-21,Mumbai Indians,Delhi Capitals,"Wankhede Stadium, Mumbai",Delhi Capitals,field,0,1,1,180,5,120,20.0,9.0,54,2,60,2,66,1,1,,0,121,10
1473501,2025-05-21,Delhi Capitals,Mumbai Indians,"Wankhede Stadium, Mumbai",Delhi Capitals,field,1,2,0,121,10,110,18.33,6.6,49,3,56,4,16,3,0,181.0,0,180,5
1473502,2025-05-22,Lucknow Super Giants,Gujarat Titans,"Narendra Modi Stadium, Ahmedabad",Gujarat Titans,field,0,1,1,235,2,120,20.0,11.75,53,0,107,1,75,1,1,,0,202,9
1473502,2025-05-22,Gujarat Titans,Lucknow Super Giants,"Narendra Modi Stadium, Ahmedabad",Gujarat Titans,field,1,2,0,202,9,120,20.0,10.1,67,1,98,2,37,6,0,236.0,0,235,2
1473503,2025-05-23,Sunrisers Hyderabad,Royal Challengers Bengaluru,"Bharat Ratna Shri Atal Bihari Vajpayee Ekana Cricket Stadium, Lucknow",Royal Challengers Bengaluru,field,0,1,1,231,6,120,20.0,11.55,71,2,97,3,63,1,1,,0,189,10
1473503,2025-05-23,Royal Challengers Bengaluru,Sunrisers Hyderabad,"Bharat Ratna Shri Atal Bihari Vajpayee Ekana Cricket Stadium, Lucknow",Royal Challengers Bengaluru,field,1,2,0,189,10,119,19.83,9.53,72,0,95,3,22,7,0,232.0,0,231,6
1485779,2025-05-24,Punjab Kings,Delhi Capitals,"Sawai Mansingh Stadium, Jaipur",Delhi Capitals,field,0,1,1,206,8,120,20.0,10.3,60,2,82,2,64,4,0,,0,208,4
1485779,2025-05-24,Delhi Capitals,Punjab Kings,"Sawai Mansingh Stadium, Jaipur",Delhi Capitals,field,1,2,0,208,4,117,19.5,10.67,61,1,94,3,53,0,1,207.0,1,206,8
1473504,2025-05-25,Chennai Super Kings,Gujarat Titans,"Narendra Modi Stadium, Ahmedabad",Chennai Super Kings,bat,1,1,1,230,5,120,20.0,11.5,68,1,95,3,67,1,1,,0,147,10
1473504,2025-05-25,Gujarat Titans,Chennai Super Kings,"Narendra Modi Stadium, Ahmedabad",Chennai Super Kings,bat,0,2,0,147,10,111,18.5,7.95,35,3,90,4,22,3,0,231.0,0,230,5
1473505,2025-05-25,Sunrisers Hyderabad,Kolkata Knight Riders,"Arun Jaitley Stadium, Delhi",Sunrisers Hyderabad,bat,1,1,1,278,3,120,20.0,13.9,79,0,125,2,74,1,1,,0,168,10
1473505,2025-05-25,Kolkata Knight Riders,Sunrisers Hyderabad,"Arun Jaitley Stadium, Delhi",Sunrisers Hyderabad,bat,0,2,0,168,10,112,18.67,9.0,59,2,71,5,38,3,0,279.0,0,278,3
1473506,2025-05-26,Mumbai Indians,Punjab Kings,"Sawai Mansingh Stadium, Jaipur",Punjab Kings,field,0,1,1,184,7,120,20.0,9.2,52,1,79,3,53,3,0,,0,187,3
1473506,2025-05-26,Punjab Kings,Mumbai Indians,"Sawai Mansingh Stadium, Jaipur",Punjab Kings,field,1,2,0,187,3,111,18.5,10.11,47,1,99,1,41,1,1,185.0,1,184,7
1473507,2025-05-27,Lucknow Super Giants,Royal Challengers Bengaluru,"Bharat Ratna Shri Atal Bihari Vajpayee Ekana Cricket Stadium, Lucknow",Royal Challengers Bengaluru,field,0,1,1,227,3,120,20.0,11.35,55,1,109,0,63,2,0,,0,230,4
1473507,2025-05-27,Royal Challengers Bengaluru,Lucknow Super Giants,"Bharat Ratna Shri Atal Bihari Vajpayee Ekana Cricket Stadium, Lucknow",Royal Challengers Bengaluru,field,1,2,0,230,4,112,18.67,12.32,66,1,111,3,53,0,1,228.0,1,227,3
1473508,2025-05-29,Punjab Kings,Royal Challengers Bengaluru,"Maharaja Yadavindra Singh International Cricket Stadium, Mullanpur",Royal Challengers Bengaluru,field,0,1,1,101,10,85,14.17,7.13,48,4,53,6,0,0,0,,0,106,2
1473508,2025-05-29,Royal Challengers Bengaluru,Punjab Kings,"Maharaja Yadavindra Singh International Cricket Stadium, Mullanpur",Royal Challengers Bengaluru,field,1,2,0,106,2,60,10.0,10.6,61,1,45,1,0,0,1,102.0,1,101,10
1473509,2025-05-30,Mumbai Indians,Gujarat Titans,"Maharaja Yadavindra Singh International Cricket Stadium, New Chandigarh",Mumbai Indians,bat,1,1,1,228,5,120,20.0,11.4,79,0,81,2,68,3,1,,0,208,6
1473509,2025-05-30,Gujarat Titans,Mumbai Indians,"Maharaja Yadavindra Singh International Cricket Stadium, New Chandigarh",Mumbai Indians,bat,0,2,0,208,6,120,20.0,10.4,66,1,95,2,47,3,0,229.0,0,228,5
1473510,2025-06-01,Mumbai Indians,Punjab Kings,"Narendra Modi Stadium, Ahmedabad",Punjab Kings,field,0,1,1,203,6,120,20.0,10.15,65,1,81,3,57,2,0,,0,207,5
1473510,2025-06-01,Punjab Kings,Mumbai Indians,"Narendra Modi Stadium, Ahmedabad",Punjab Kings,field,1,2,0,207,5,114,19.0,10.89,64,2,83,1,60,2,1,204.0,1,203,6
1473511,2025-06-03,Royal Challengers Bengaluru,Punjab Kings,"Narendra Modi Stadium, Ahmedabad",Punjab Kings,field,0,1,1,190,9,120,20.0,9.5,55,1,77,3,58,5,1,,0,184,7
1473511,2025-06-03,Punjab Kings,Royal Challengers Bengaluru,"Narendra Modi Stadium, Ahmedabad",Punjab Kings,field,1,2,0,184,7,120,20.0,9.2,52,1,67,3,65,3,0,191.0,0,190,9
