match_id,date,team,venue,phase,runs,wickets_lost,balls,overs,run_rate
335982,2008-04-18,Kolkata Knight Riders,M Chinnaswamy Stadium,death,68,1,30,5.0,13.6
335982,2008-04-18,Kolkata Knight Riders,M Chinnaswamy Stadium,middle,93,1,54,9.0,10.33
335982,2008-04-18,Kolkata Knight Riders,M Chinnaswamy Stadium,powerplay,61,1,36,6.0,10.17
335982,2008-04-18,Royal Challengers Bangalore,M Chinnaswamy Stadium,death,1,1,1,0.17,5.88
335982,2008-04-18,Royal Challengers Bangalore,M Chinnaswamy Stadium,middle,55,5,54,9.0,6.11
335982,2008-04-18,Royal Challengers Bangalore,M Chinnaswamy Stadium,powerplay,26,4,36,6.0,4.33
335983,2008-04-19,Chennai Super Kings,"Punjab Cricket Association Stadium, Mohali",death,79,1,30,5.0,15.8
335983,2008-04-19,Chennai Super Kings,"Punjab Cricket Association Stadium, Mohali",middle,108,3,54,9.0,12.0
335983,2008-04-19,Chennai Super Kings,"Punjab Cricket Association Stadium, Mohali",powerplay,53,1,36,6.0,8.83
335983,2008-04-19,Kings XI Punjab,"Punjab Cricket Association Stadium, Mohali",death,42,1,30,5.0,8.4
335983,2008-04-19,Kings XI Punjab,"Punjab Cricket Association Stadium, Mohali",middle,102,2,54,9.0,11.33
335983,2008-04-19,Kings XI Punjab,"Punjab Cricket Association Stadium, Mohali",powerplay,63,1,36,6.0,10.5
335984,2008-04-19,Delhi Daredevils,Feroz Shah Kotla,death,4,0,1,0.17,23.53
335984,2008-04-19,Delhi Daredevils,Feroz Shah Kotla,middle,73,0,54,9.0,8.11
335984,2008-04-19,Delhi Daredevils,Feroz Shah Kotla,powerplay,55,1,36,6.0,9.17
335984,2008-04-19,Rajasthan Royals,Feroz Shah Kotla,death,33,1,30,5.0,6.6
335984,2008-04-19,Rajasthan Royals,Feroz Shah Kotla,middle,56,5,54,9.0,6.22
335984,2008-04-19,Rajasthan Royals,Feroz Shah Kotla,powerplay,40,2,36,6.0,6.67
335985,2008-04-20,Mumbai Indians,Wankhede Stadium,death,60,3,30,5.0,12.0
335985,2008-04-20,Mumbai Indians,Wankhede Stadium,middle,58,1,54,9.0,6.44
335985,2008-04-20,Mumbai Indians,Wankhede Stadium,powerplay,47,3,36,6.0,7.83
335985,2008-04-20,Royal Challengers Bangalore,Wankhede Stadium,death,48,1,28,4.67,10.28
335985,2008-04-20,Royal Challengers Bangalore,Wankhede Stadium,middle,78,3,54,9.0,8.67
335985,2008-04-20,Royal Challengers Bangalore,Wankhede Stadium,powerplay,40,1,36,6.0,6.67
335986,2008-04-20,Deccan Chargers,Eden Gardens,death,33,4,22,3.67,8.99
335986,2008-04-20,Deccan Chargers,Eden Gardens,middle,38,4,54,9.0,4.22
335986,2008-04-20,Deccan Chargers,Eden Gardens,powerplay,39,2,36,6.0,6.5
335986,2008-04-20,Kolkata Knight Riders,Eden Gardens,death,31,1,24,4.0,7.75
335986,2008-04-20,Kolkata Knight Riders,Eden Gardens,middle,55,1,54,9.0,6.11
335986,2008-04-20,Kolkata Knight Riders,Eden Gardens,powerplay,26,3,36,6.0,4.33
335987,2008-04-21,Kings XI Punjab,Sawai Mansingh Stadium,death,51,4,30,5.0,10.2
335987,2008-04-21,Kings XI Punjab,Sawai Mansingh Stadium,middle,61,3,53,8.83,6.91
335987,2008-04-21,Kings XI Punjab,Sawai Mansingh Stadium,powerplay,54,1,36,6.0,9.0
335987,2008-04-21,Rajasthan Royals,Sawai Mansingh Stadium,death,26,0,19,3.17,8.2
335987,2008-04-21,Rajasthan Royals,Sawai Mansingh Stadium,middle,89,1,54,9.0,9.89
335987,2008-04-21,Rajasthan Royals,Sawai Mansingh Stadium,powerplay,53,3,36,6.0,8.83
335988,2008-04-22,Deccan Chargers,"Rajiv Gandhi International Stadium, Uppal",death,69,3,30,5.0,13.8
335988,2008-04-22,Deccan Chargers,"Rajiv Gandhi International Stadium, Uppal",middle,48,3,54,9.0,5.33
335988,2008-04-22,Deccan Chargers,"Rajiv Gandhi International Stadium, Uppal",powerplay,25,2,36,6.0,4.17
335988,2008-04-22,Delhi Daredevils,"Rajiv Gandhi International Stadium, Uppal",death,0,0,0,0.0,0.0
335988,2008-04-22,Delhi Daredevils,"Rajiv Gandhi International Stadium, Uppal",middle,95,0,42,7.0,13.57
335988,2008-04-22,Delhi Daredevils,"Rajiv Gandhi International Stadium, Uppal",powerplay,48,1,36,6.0,8.0
335989,2008-04-23,Chennai Super Kings,"MA Chidambaram Stadium, Chepauk",death,65,2,30,5.0,13.0
335989,2008-04-23,Chennai Super Kings,"MA Chidambaram Stadium, Chepauk",middle,90,1,54,9.0,10.0
335989,2008-04-23,Chennai Super Kings,"MA Chidambaram Stadium, Chepauk",powerplay,53,2,36,6.0,8.83
335989,2008-04-23,Mumbai Indians,"MA Chidambaram Stadium, Chepauk",death,68,2,30,5.0,13.6
335989,2008-04-23,Mumbai Indians,"MA Chidambaram Stadium, Chepauk",middle,82,3,54,9.0,9.11
335989,2008-04-23,Mumbai Indians,"MA Chidambaram Stadium, Chepauk",powerplay,52,2,36,6.0,8.67
335990,2008-04-24,Deccan Chargers,"Rajiv Gandhi International Stadium, Uppal",death,66,2,30,5.0,13.2
335990,2008-04-24,Deccan Chargers,"Rajiv Gandhi International Stadium, Uppal",middle,90,1,54,9.0,10.0
335990,2008-04-24,Deccan Chargers,"Rajiv Gandhi International Stadium, Uppal",powerplay,58,2,36,6.0,9.67
335990,2008-04-24,Rajasthan Royals,"Rajiv Gandhi International Stadium, Uppal",death,58,4,29,4.83,12.01
335990,2008-04-24,Rajasthan Royals,"Rajiv Gandhi International Stadium, Uppal",middle,86,2,54,9.0,9.56
335990,2008-04-24,Rajasthan Royals,"Rajiv Gandhi International Stadium, Uppal",powerplay,73,1,36,6.0,12.17
335991,2008-04-25,Kings XI Punjab,"Punjab Cricket Association Stadium, Mohali",death,44,6,30,5.0,8.8
335991,2008-04-25,Kings XI Punjab,"Punjab Cricket Association Stadium, Mohali",middle,78,3,54,9.0,8.67
335991,2008-04-25,Kings XI Punjab,"Punjab Cricket Association Stadium, Mohali",powerplay,60,1,36,6.0,10.0
335991,2008-04-25,Mumbai Indians,"Punjab Cricket Association Stadium, Mohali",death,15,2,30,5.0,3.0
335991,2008-04-25,Mumbai Indians,"Punjab Cricket Association Stadium, Mohali",middle,62,5,54,9.0,6.89
335991,2008-04-25,Mumbai Indians,"Punjab Cricket Association Stadium, Mohali",powerplay,39,2,36,6.0,6.5
335992,2008-04-26,Rajasthan Royals,M Chinnaswamy Stadium,death,17,1,13,2.17,7.83
335992,2008-04-26,Rajasthan Royals,M Chinnaswamy Stadium,middle,76,0,54,9.0,8.44
335992,2008-04-26,Rajasthan Royals,M Chinnaswamy Stadium,powerplay,45,2,36,6.0,7.5
335992,2008-04-26,Royal Challengers Bangalore,M Chinnaswamy Stadium,death,40,1,30,5.0,8.0
335992,2008-04-26,Royal Challengers Bangalore,M Chinnaswamy Stadium,middle,38,5,54,9.0,4.22
335992,2008-04-26,Royal Challengers Bangalore,M Chinnaswamy Stadium,powerplay,57,2,36,6.0,9.5
335993,2008-04-26,Chennai Super Kings,"MA Chidambaram Stadium, Chepauk",death,31,0,12,2.0,15.5
335993,2008-04-26,Chennai Super Kings,"MA Chidambaram Stadium, Chepauk",middle,76,1,54,9.0,8.44
335993,2008-04-26,Chennai Super Kings,"MA Chidambaram Stadium, Chepauk",powerplay,45,0,36,6.0,7.5
335993,2008-04-26,Kolkata Knight Riders,"MA Chidambaram Stadium, Chepauk",death,43,3,30,5.0,8.6
335993,2008-04-26,Kolkata Knight Riders,"MA Chidambaram Stadium, Chepauk",middle,43,3,54,9.0,4.78
335993,2008-04-26,Kolkata Knight Riders,"MA Chidambaram Stadium, Chepauk",powerplay,61,3,36,6.0,10.17
335994,2008-04-27,Deccan Chargers,Dr DY Patil Sports Academy,death,0,0,0,0.0,0.0
335994,2008-04-27,Deccan Chargers,Dr DY Patil Sports Academy,middle,95,0,37,6.17,15.4
335994,2008-04-27,Deccan Chargers,Dr DY Patil Sports Academy,powerplay,60,0,36,6.0,10.0
335994,2008-04-27,Mumbai Indians,Dr DY Patil Sports Academy,death,55,2,30,5.0,11.0
335994,2008-04-27,Mumbai Indians,Dr DY Patil Sports Academy,middle,72,2,54,9.0,8.0
335994,2008-04-27,Mumbai Indians,Dr DY Patil Sports Academy,powerplay,27,3,36,6.0,4.5
335995,2008-04-27,Delhi Daredevils,"Punjab Cricket Association Stadium, Mohali",death,51,3,30,5.0,10.2
335995,2008-04-27,Delhi Daredevils,"Punjab Cricket Association Stadium, Mohali",middle,62,2,54,9.0,6.89
335995,2008-04-27,Delhi Daredevils,"Punjab Cricket Association Stadium, Mohali",powerplay,45,3,36,6.0,7.5
335995,2008-04-27,Kings XI Punjab,"Punjab Cricket Association Stadium, Mohali",death,39,2,27,4.5,8.67
335995,2008-04-27,Kings XI Punjab,"Punjab Cricket Association Stadium, Mohali",middle,68,2,54,9.0,7.56
335995,2008-04-27,Kings XI Punjab,"Punjab Cricket Association Stadium, Mohali",powerplay,55,2,36,6.0,9.17
335996,2008-04-28,Chennai Super Kings,M Chinnaswamy Stadium,death,76,2,30,5.0,15.2
335996,2008-04-28,Chennai Super Kings,M Chinnaswamy Stadium,middle,66,2,54,9.0,7.33
335996,2008-04-28,Chennai Super Kings,M Chinnaswamy Stadium,powerplay,36,1,36,6.0,6.0
335996,2008-04-28,Royal Challengers Bangalore,M Chinnaswamy Stadium,death,33,7,28,4.67,7.07
335996,2008-04-28,Royal Challengers Bangalore,M Chinnaswamy Stadium,middle,87,2,54,9.0,9.67
335996,2008-04-28,Royal Challengers Bangalore,M Chinnaswamy Stadium,powerplay,45,1,36,6.0,7.5
335997,2008-04-29,Kolkata Knight Riders,Eden Gardens,death,50,2,30,5.0,10.0
335997,2008-04-29,Kolkata Knight Riders,Eden Gardens,middle,47,3,54,9.0,5.22
335997,2008-04-29,Kolkata Knight Riders,Eden Gardens,powerplay,40,3,36,6.0,6.67
335997,2008-04-29,Mumbai Indians,Eden Gardens,death,28,0,22,3.67,7.63
335997,2008-04-29,Mumbai Indians,Eden Gardens,middle,72,0,54,9.0,8.0
335997,2008-04-29,Mumbai Indians,Eden Gardens,powerplay,38,3,36,6.0,6.33
335998,2008-04-30,Delhi Daredevils,Feroz Shah Kotla,death,40,3,30,5.0,8.0
335998,2008-04-30,Delhi Daredevils,Feroz Shah Kotla,middle,93,1,54,9.0,10.33
335998,2008-04-30,Delhi Daredevils,Feroz Shah Kotla,powerplay,58,1,36,6.0,9.67
335998,2008-04-30,Royal Challengers Bangalore,Feroz Shah Kotla,death,47,2,30,5.0,9.4
335998,2008-04-30,Royal Challengers Bangalore,Feroz Shah Kotla,middle,79,0,54,9.0,8.78
335998,2008-04-30,Royal Challengers Bangalore,Feroz Shah Kotla,powerplay,55,3,36,6.0,9.17
335999,2008-05-01,Deccan Chargers,"Rajiv Gandhi International Stadium, Uppal",death,53,2,30,5.0,10.6
335999,2008-05-01,Deccan Chargers,"Rajiv Gandhi International Stadium, Uppal",middle,61,5,54,9.0,6.78
335999,2008-05-01,Deccan Chargers,"Rajiv Gandhi International Stadium, Uppal",powerplay,50,1,36,6.0,8.33
335999,2008-05-01,Kings XI Punjab,"Rajiv Gandhi International Stadium, Uppal",death,38,0,23,3.83,9.92
335999,2008-05-01,Kings XI Punjab,"Rajiv Gandhi International Stadium, Uppal",middle,88,2,54,9.0,9.78
335999,2008-05-01,Kings XI Punjab,"Rajiv Gandhi International Stadium, Uppal",powerplay,41,1,36,6.0,6.83
336000,2008-05-01,Kolkata Knight Riders,Sawai Mansingh Stadium,death,23,5,25,4.17,5.52
336000,2008-05-01,Kolkata Knight Riders,Sawai Mansingh Stadium,middle,77,2,54,9.0,8.56
336000,2008-05-01,Kolkata Knight Riders,Sawai Mansingh Stadium,powerplay,51,3,36,6.0,8.5
336000,2008-05-01,Rajasthan Royals,Sawai Mansingh Stadium,death,54,3,30,5.0,10.8
336000,2008-05-01,Rajasthan Royals,Sawai Mansingh Stadium,middle,97,3,54,9.0,10.78
336000,2008-05-01,Rajasthan Royals,Sawai Mansingh Stadium,powerplay,45,1,36,6.0,7.5
336001,2008-05-02,Chennai Super Kings,"MA Chidambaram Stadium, Chepauk",death,43,3,30,5.0,8.6
336001,2008-05-02,Chennai Super Kings,"MA Chidambaram Stadium, Chepauk",middle,79,2,54,9.0,8.78
336001,2008-05-02,Chennai Super Kings,"MA Chidambaram Stadium, Chepauk",powerplay,47,1,36,6.0,7.83
336001,2008-05-02,Delhi Daredevils,"MA Chidambaram Stadium, Chepauk",death,30,0,24,4.0,7.5
336001,2008-05-02,Delhi Daredevils,"MA Chidambaram Stadium, Chepauk",middle,78,2,54,9.0,8.67
336001,2008-05-02,Delhi Daredevils,"MA Chidambaram Stadium, Chepauk",powerplay,64,0,36,6.0,10.67
336003,2008-05-03,Kings XI Punjab,"Punjab Cricket Association Stadium, Mohali",death,59,1,30,5.0,11.8
336003,2008-05-03,Kings XI Punjab,"Punjab Cricket Association Stadium, Mohali",middle,70,4,54,9.0,7.78
336003,2008-05-03,Kings XI Punjab,"Punjab Cricket Association Stadium, Mohali",powerplay,49,1,36,6.0,8.17
336003,2008-05-03,Kolkata Knight Riders,"Punjab Cricket Association Stadium, Mohali",death,68,1,30,5.0,13.6
336003,2008-05-03,Kolkata Knight Riders,"Punjab Cricket Association Stadium, Mohali",middle,70,1,54,9.0,7.78
336003,2008-05-03,Kolkata Knight Riders,"Punjab Cricket Association Stadium, Mohali",powerplay,31,4,36,6.0,5.17
336034,2008-05-03,Deccan Chargers,M Chinnaswamy Stadium,death,41,4,30,5.0,8.2
336034,2008-05-03,Deccan Chargers,M Chinnaswamy Stadium,middle,79,0,54,9.0,8.78
336034,2008-05-03,Deccan Chargers,M Chinnaswamy Stadium,powerplay,33,2,36,6.0,5.5
336034,2008-05-03,Royal Challengers Bangalore,M Chinnaswamy Stadium,death,42,3,30,5.0,8.4
336034,2008-05-03,Royal Challengers Bangalore,M Chinnaswamy Stadium,middle,68,4,54,9.0,7.56
336034,2008-05-03,Royal Challengers Bangalore,M Chinnaswamy Stadium,powerplay,46,1,36,6.0,7.67
336004,2008-05-04,Delhi Daredevils,Dr DY Patil Sports Academy,death,19,5,23,3.83,4.96
336004,2008-05-04,Delhi Daredevils,Dr DY Patil Sports Academy,middle,77,3,54,9.0,8.56
336004,2008-05-04,Delhi Daredevils,Dr DY Patil Sports Academy,powerplay,37,2,36,6.0,6.17
336004,2008-05-04,Mumbai Indians,Dr DY Patil Sports Academy,death,50,3,30,5.0,10.0
336004,2008-05-04,Mumbai Indians,Dr DY Patil Sports Academy,middle,62,3,54,9.0,6.89
336004,2008-05-04,Mumbai Indians,Dr DY Patil Sports Academy,powerplay,50,2,36,6.0,8.33
336005,2008-05-04,Chennai Super Kings,Sawai Mansingh Stadium,death,18,3,24,4.0,4.5
336005,2008-05-04,Chennai Super Kings,Sawai Mansingh Stadium,middle,53,3,54,9.0,5.89
336005,2008-05-04,Chennai Super Kings,Sawai Mansingh Stadium,powerplay,38,4,36,6.0,6.33
336005,2008-05-04,Rajasthan Royals,Sawai Mansingh Stadium,death,0,0,0,0.0,0.0
336005,2008-05-04,Rajasthan Royals,Sawai Mansingh Stadium,middle,66,2,50,8.33,7.92
336005,2008-05-04,Rajasthan Royals,Sawai Mansingh Stadium,powerplay,44,0,36,6.0,7.33
336006,2008-05-05,Kings XI Punjab,M Chinnaswamy Stadium,death,18,0,20,3.33,5.41
336006,2008-05-05,Kings XI Punjab,M Chinnaswamy Stadium,middle,57,3,54,9.0,6.33
336006,2008-05-05,Kings XI Punjab,M Chinnaswamy Stadium,powerplay,52,1,36,6.0,8.67
336006,2008-05-05,Royal Challengers Bangalore,M Chinnaswamy Stadium,death,29,6,26,4.33,6.7
336006,2008-05-05,Royal Challengers Bangalore,M Chinnaswamy Stadium,middle,71,1,54,9.0,7.89
336006,2008-05-05,Royal Challengers Bangalore,M Chinnaswamy Stadium,powerplay,26,3,36,6.0,4.33
336007,2008-05-06,Chennai Super Kings,"MA Chidambaram Stadium, Chepauk",death,58,1,30,5.0,11.6
336007,2008-05-06,Chennai Super Kings,"MA Chidambaram Stadium, Chepauk",middle,52,3,54,9.0,5.78
336007,2008-05-06,Chennai Super Kings,"MA Chidambaram Stadium, Chepauk",powerplay,34,3,36,6.0,5.67
336007,2008-05-06,Deccan Chargers,"MA Chidambaram Stadium, Chepauk",death,33,1,18,3.0,11.0
336007,2008-05-06,Deccan Chargers,"MA Chidambaram Stadium, Chepauk",middle,65,1,54,9.0,7.22
336007,2008-05-06,Deccan Chargers,"MA Chidambaram Stadium, Chepauk",powerplay,50,1,36,6.0,8.33
336008,2008-05-07,Mumbai Indians,Dr DY Patil Sports Academy,death,2,0,1,0.17,11.76
336008,2008-05-07,Mumbai Indians,Dr DY Patil Sports Academy,middle,68,3,54,9.0,7.56
336008,2008-05-07,Mumbai Indians,Dr DY Patil Sports Academy,powerplay,34,0,36,6.0,5.67
336008,2008-05-07,Rajasthan Royals,Dr DY Patil Sports Academy,death,1,3,8,1.33,0.75
336008,2008-05-07,Rajasthan Royals,Dr DY Patil Sports Academy,middle,54,5,54,9.0,6.0
336008,2008-05-07,Rajasthan Royals,Dr DY Patil Sports Academy,powerplay,48,2,36,6.0,8.0
336009,2008-05-08,Chennai Super Kings,Feroz Shah Kotla,death,46,2,30,5.0,9.2
336009,2008-05-08,Chennai Super Kings,Feroz Shah Kotla,middle,80,4,54,9.0,8.89
336009,2008-05-08,Chennai Super Kings,Feroz Shah Kotla,powerplay,62,0,36,6.0,10.33
336009,2008-05-08,Delhi Daredevils,Feroz Shah Kotla,death,54,3,30,5.0,10.8
336009,2008-05-08,Delhi Daredevils,Feroz Shah Kotla,middle,83,0,54,9.0,9.22
336009,2008-05-08,Delhi Daredevils,Feroz Shah Kotla,powerplay,50,2,36,6.0,8.33
336010,2008-05-08,Kolkata Knight Riders,Eden Gardens,death,14,1,6,1.0,14.0
336010,2008-05-08,Kolkata Knight Riders,Eden Gardens,middle,74,4,54,9.0,8.22
336010,2008-05-08,Kolkata Knight Riders,Eden Gardens,powerplay,41,2,36,6.0,6.83
336010,2008-05-08,Royal Challengers Bangalore,Eden Gardens,death,13,0,6,1.0,13.0
336010,2008-05-08,Royal Challengers Bangalore,Eden Gardens,middle,76,2,54,9.0,8.44
336010,2008-05-08,Royal Challengers Bangalore,Eden Gardens,powerplay,35,2,36,6.0,5.83
336011,2008-05-09,Deccan Chargers,Sawai Mansingh Stadium,death,37,4,30,5.0,7.4
336011,2008-05-09,Deccan Chargers,Sawai Mansingh Stadium,middle,53,4,54,9.0,5.89
336011,2008-05-09,Deccan Chargers,Sawai Mansingh Stadium,powerplay,50,0,36,6.0,8.33
336011,2008-05-09,Rajasthan Royals,Sawai Mansingh Stadium,death,12,1,6,1.0,12.0
336011,2008-05-09,Rajasthan Royals,Sawai Mansingh Stadium,middle,79,1,54,9.0,8.78
336011,2008-05-09,Rajasthan Royals,Sawai Mansingh Stadium,powerplay,50,0,36,6.0,8.33
336013,2008-05-10,Chennai Super Kings,"MA Chidambaram Stadium, Chepauk",death,37,1,30,5.0,7.4
336013,2008-05-10,Chennai Super Kings,"MA Chidambaram Stadium, Chepauk",middle,91,1,54,9.0,10.11
336013,2008-05-10,Chennai Super Kings,"MA Chidambaram Stadium, Chepauk",powerplay,53,2,36,6.0,8.83
336013,2008-05-10,Kings XI Punjab,"MA Chidambaram Stadium, Chepauk",death,48,3,30,5.0,9.6
336013,2008-05-10,Kings XI Punjab,"MA Chidambaram Stadium, Chepauk",middle,80,4,54,9.0,8.89
336013,2008-05-10,Kings XI Punjab,"MA Chidambaram Stadium, Chepauk",powerplay,35,2,36,6.0,5.83
336014,2008-05-11,Deccan Chargers,"Rajiv Gandhi International Stadium, Uppal",death,56,1,30,5.0,11.2
336014,2008-05-11,Deccan Chargers,"Rajiv Gandhi International Stadium, Uppal",middle,70,3,54,9.0,7.78
336014,2008-05-11,Deccan Chargers,"Rajiv Gandhi International Stadium, Uppal",powerplay,55,3,36,6.0,9.17
336014,2008-05-11,Kolkata Knight Riders,"Rajiv Gandhi International Stadium, Uppal",death,86,2,30,5.0,17.2
336014,2008-05-11,Kolkata Knight Riders,"Rajiv Gandhi International Stadium, Uppal",middle,75,1,54,9.0,8.33
336014,2008-05-11,Kolkata Knight Riders,"Rajiv Gandhi International Stadium, Uppal",powerplay,43,1,36,6.0,7.17
336015,2008-05-11,Delhi Daredevils,Sawai Mansingh Stadium,death,60,2,30,5.0,12.0
336015,2008-05-11,Delhi Daredevils,Sawai Mansingh Stadium,middle,49,4,54,9.0,5.44
336015,2008-05-11,Delhi Daredevils,Sawai Mansingh Stadium,powerplay,47,1,36,6.0,7.83
336015,2008-05-11,Rajasthan Royals,Sawai Mansingh Stadium,death,39,3,25,4.17,9.35
336015,2008-05-11,Rajasthan Royals,Sawai Mansingh Stadium,middle,99,2,53,8.83,11.21
336015,2008-05-11,Rajasthan Royals,Sawai Mansingh Stadium,powerplay,21,2,36,6.0,3.5
336016,2008-05-12,Kings XI Punjab,"Punjab Cricket Association Stadium, Mohali",death,3,0,4,0.67,4.48
336016,2008-05-12,Kings XI Punjab,"Punjab Cricket Association Stadium, Mohali",middle,99,1,54,9.0,11.0
336016,2008-05-12,Kings XI Punjab,"Punjab Cricket Association Stadium, Mohali",powerplay,42,0,36,6.0,7.0
336016,2008-05-12,Royal Challengers Bangalore,"Punjab Cricket Association Stadium, Mohali",death,41,3,30,5.0,8.2
336016,2008-05-12,Royal Challengers Bangalore,"Punjab Cricket Association Stadium, Mohali",middle,52,2,54,9.0,5.78
336016,2008-05-12,Royal Challengers Bangalore,"Punjab Cricket Association Stadium, Mohali",powerplay,50,3,36,6.0,8.33
336017,2008-05-13,Delhi Daredevils,Eden Gardens,death,13,4,17,2.83,4.59
336017,2008-05-13,Delhi Daredevils,Eden Gardens,middle,60,2,54,9.0,6.67
336017,2008-05-13,Delhi Daredevils,Eden Gardens,powerplay,37,4,36,6.0,6.17
336017,2008-05-13,Kolkata Knight Riders,Eden Gardens,death,38,3,30,5.0,7.6
336017,2008-05-13,Kolkata Knight Riders,Eden Gardens,middle,60,2,54,9.0,6.67
336017,2008-05-13,Kolkata Knight Riders,Eden Gardens,powerplay,35,1,36,6.0,5.83
336018,2008-05-14,Chennai Super Kings,Wankhede Stadium,death,67,2,30,5.0,13.4
336018,2008-05-14,Chennai Super Kings,Wankhede Stadium,middle,61,2,54,9.0,6.78
336018,2008-05-14,Chennai Super Kings,Wankhede Stadium,powerplay,28,2,36,6.0,4.67
336018,2008-05-14,Mumbai Indians,Wankhede Stadium,death,0,0,0,0.0,0.0
336018,2008-05-14,Mumbai Indians,Wankhede Stadium,middle,80,1,47,7.83,10.22
336018,2008-05-14,Mumbai Indians,Wankhede Stadium,powerplay,78,0,36,6.0,13.0
336020,2008-05-15,Deccan Chargers,Feroz Shah Kotla,death,54,5,30,5.0,10.8
336020,2008-05-15,Deccan Chargers,Feroz Shah Kotla,middle,57,3,54,9.0,6.33
336020,2008-05-15,Deccan Chargers,Feroz Shah Kotla,powerplay,71,1,36,6.0,11.83
336020,2008-05-15,Delhi Daredevils,Feroz Shah Kotla,death,56,3,30,5.0,11.2
336020,2008-05-15,Delhi Daredevils,Feroz Shah Kotla,middle,90,0,54,9.0,10.0
336020,2008-05-15,Delhi Daredevils,Feroz Shah Kotla,powerplay,48,1,36,6.0,8.0
336021,2008-05-16,Kolkata Knight Riders,Wankhede Stadium,death,0,1,2,0.33,0.0
336021,2008-05-16,Kolkata Knight Riders,Wankhede Stadium,middle,40,6,54,9.0,4.44
336021,2008-05-16,Kolkata Knight Riders,Wankhede Stadium,powerplay,27,3,36,6.0,4.5
336021,2008-05-16,Mumbai Indians,Wankhede Stadium,death,0,0,0,0.0,0.0
336021,2008-05-16,Mumbai Indians,Wankhede Stadium,middle,0,0,0,0.0,0.0
336021,2008-05-16,Mumbai Indians,Wankhede Stadium,powerplay,68,2,33,5.5,12.36
336022,2008-05-17,Delhi Daredevils,Feroz Shah Kotla,death,0,0,0,0.0,0.0
336022,2008-05-17,Delhi Daredevils,Feroz Shah Kotla,middle,50,4,30,5.0,10.0
336022,2008-05-17,Delhi Daredevils,Feroz Shah Kotla,powerplay,68,0,36,6.0,11.33
336022,2008-05-17,Kings XI Punjab,Feroz Shah Kotla,death,0,0,0,0.0,0.0
336022,2008-05-17,Kings XI Punjab,Feroz Shah Kotla,middle,21,0,12,2.0,10.5
336022,2008-05-17,Kings XI Punjab,Feroz Shah Kotla,powerplay,73,3,36,6.0,12.17
336023,2008-05-17,Rajasthan Royals,Sawai Mansingh Stadium,death,54,0,30,5.0,10.8
336023,2008-05-17,Rajasthan Royals,Sawai Mansingh Stadium,middle,92,1,54,9.0,10.22
336023,2008-05-17,Rajasthan Royals,Sawai Mansingh Stadium,powerplay,51,0,36,6.0,8.5
336023,2008-05-17,Royal Challengers Bangalore,Sawai Mansingh Stadium,death,49,2,30,5.0,9.8
336023,2008-05-17,Royal Challengers Bangalore,Sawai Mansingh Stadium,middle,60,4,54,9.0,6.67
336023,2008-05-17,Royal Challengers Bangalore,Sawai Mansingh Stadium,powerplay,23,3,36,6.0,3.83
336024,2008-05-18,Deccan Chargers,"Rajiv Gandhi International Stadium, Uppal",death,47,3,30,5.0,9.4
336024,2008-05-18,Deccan Chargers,"Rajiv Gandhi International Stadium, Uppal",middle,74,1,54,9.0,8.22
336024,2008-05-18,Deccan Chargers,"Rajiv Gandhi International Stadium, Uppal",powerplay,32,3,36,6.0,5.33
336024,2008-05-18,Mumbai Indians,"Rajiv Gandhi International Stadium, Uppal",death,64,3,30,5.0,12.8
336024,2008-05-18,Mumbai Indians,"Rajiv Gandhi International Stadium, Uppal",middle,57,3,54,9.0,6.33
336024,2008-05-18,Mumbai Indians,"Rajiv Gandhi International Stadium, Uppal",powerplay,57,1,36,6.0,9.5
336025,2008-05-18,Chennai Super Kings,Eden Gardens,death,0,0,0,0.0,0.0
336025,2008-05-18,Chennai Super Kings,Eden Gardens,middle,12,0,12,2.0,6.0
336025,2008-05-18,Chennai Super Kings,Eden Gardens,powerplay,43,0,36,6.0,7.17
336025,2008-05-18,Kolkata Knight Riders,Eden Gardens,death,48,3,30,5.0,9.6
336025,2008-05-18,Kolkata Knight Riders,Eden Gardens,middle,66,0,54,9.0,7.33
336025,2008-05-18,Kolkata Knight Riders,Eden Gardens,powerplay,35,2,36,6.0,5.83
336026,2008-05-19,Delhi Daredevils,M Chinnaswamy Stadium,death,31,1,20,3.33,9.31
336026,2008-05-19,Delhi Daredevils,M Chinnaswamy Stadium,middle,56,4,54,9.0,6.22
336026,2008-05-19,Delhi Daredevils,M Chinnaswamy Stadium,powerplay,71,0,36,6.0,11.83
336026,2008-05-19,Royal Challengers Bangalore,M Chinnaswamy Stadium,death,52,4,30,5.0,10.4
336026,2008-05-19,Royal Challengers Bangalore,M Chinnaswamy Stadium,middle,61,2,54,9.0,6.78
336026,2008-05-19,Royal Challengers Bangalore,M Chinnaswamy Stadium,powerplay,41,1,36,6.0,6.83
336027,2008-05-20,Kolkata Knight Riders,Eden Gardens,death,45,4,30,5.0,9.0
336027,2008-05-20,Kolkata Knight Riders,Eden Gardens,middle,70,3,54,9.0,7.78
336027,2008-05-20,Kolkata Knight Riders,Eden Gardens,powerplay,32,1,36,6.0,5.33
336027,2008-05-20,Rajasthan Royals,Eden Gardens,death,22,0,9,1.5,14.67
336027,2008-05-20,Rajasthan Royals,Eden Gardens,middle,86,1,54,9.0,9.56
336027,2008-05-20,Rajasthan Royals,Eden Gardens,powerplay,42,3,36,6.0,7.0
336028,2008-05-21,Kings XI Punjab,Wankhede Stadium,death,55,2,30,5.0,11.0
336028,2008-05-21,Kings XI Punjab,Wankhede Stadium,middle,91,1,54,9.0,10.11
336028,2008-05-21,Kings XI Punjab,Wankhede Stadium,powerplay,43,1,36,6.0,7.17
336028,2008-05-21,Mumbai Indians,Wankhede Stadium,death,44,7,30,5.0,8.8
336028,2008-05-21,Mumbai Indians,Wankhede Stadium,middle,76,2,54,9.0,8.44
336028,2008-05-21,Mumbai Indians,Wankhede Stadium,powerplay,68,1,36,6.0,11.33
336029,2008-05-21,Chennai Super Kings,"MA Chidambaram Stadium, Chepauk",death,20,4,30,5.0,4.0
336029,2008-05-21,Chennai Super Kings,"MA Chidambaram Stadium, Chepauk",middle,48,4,54,9.0,5.33
336029,2008-05-21,Chennai Super Kings,"MA Chidambaram Stadium, Chepauk",powerplay,44,0,36,6.0,7.33
336029,2008-05-21,Royal Challengers Bangalore,"MA Chidambaram Stadium, Chepauk",death,50,3,30,5.0,10.0
336029,2008-05-21,Royal Challengers Bangalore,"MA Chidambaram Stadium, Chepauk",middle,53,3,54,9.0,5.89
336029,2008-05-21,Royal Challengers Bangalore,"MA Chidambaram Stadium, Chepauk",powerplay,23,2,36,6.0,3.83
336031,2008-05-23,Deccan Chargers,"Punjab Cricket Association Stadium, Mohali",death,64,2,30,5.0,12.8
336031,2008-05-23,Deccan Chargers,"Punjab Cricket Association Stadium, Mohali",middle,69,2,54,9.0,7.67
336031,2008-05-23,Deccan Chargers,"Punjab Cricket Association Stadium, Mohali",powerplay,42,0,36,6.0,7.0
336031,2008-05-23,Kings XI Punjab,"Punjab Cricket Association Stadium, Mohali",death,43,2,27,4.5,9.56
336031,2008-05-23,Kings XI Punjab,"Punjab Cricket Association Stadium, Mohali",middle,61,2,54,9.0,6.78
336031,2008-05-23,Kings XI Punjab,"Punjab Cricket Association Stadium, Mohali",powerplay,74,0,36,6.0,12.33
336032,2008-05-24,Delhi Daredevils,Feroz Shah Kotla,death,49,0,29,4.83,10.14
336032,2008-05-24,Delhi Daredevils,Feroz Shah Kotla,middle,74,3,54,9.0,8.22
336032,2008-05-24,Delhi Daredevils,Feroz Shah Kotla,powerplay,56,2,36,6.0,9.33
336032,2008-05-24,Mumbai Indians,Feroz Shah Kotla,death,53,4,30,5.0,10.6
336032,2008-05-24,Mumbai Indians,Feroz Shah Kotla,middle,63,4,54,9.0,7.0
336032,2008-05-24,Mumbai Indians,Feroz Shah Kotla,powerplay,60,0,36,6.0,10.0
336033,2008-05-24,Chennai Super Kings,"MA Chidambaram Stadium, Chepauk",death,44,4,30,5.0,8.8
336033,2008-05-24,Chennai Super Kings,"MA Chidambaram Stadium, Chepauk",middle,92,2,54,9.0,10.22
336033,2008-05-24,Chennai Super Kings,"MA Chidambaram Stadium, Chepauk",powerplay,65,1,36,6.0,10.83
336033,2008-05-24,Rajasthan Royals,"MA Chidambaram Stadium, Chepauk",death,44,3,30,5.0,8.8
336033,2008-05-24,Rajasthan Royals,"MA Chidambaram Stadium, Chepauk",middle,100,2,54,9.0,11.11
336033,2008-05-24,Rajasthan Royals,"MA Chidambaram Stadium, Chepauk",powerplay,67,0,36,6.0,11.17
336002,2008-05-25,Deccan Chargers,"Rajiv Gandhi International Stadium, Uppal",death,42,6,30,5.0,8.4
336002,2008-05-25,Deccan Chargers,"Rajiv Gandhi International Stadium, Uppal",middle,82,4,54,9.0,9.11
336002,2008-05-25,Deccan Chargers,"Rajiv Gandhi International Stadium, Uppal",powerplay,41,0,36,6.0,6.83
336002,2008-05-25,Royal Challengers Bangalore,"Rajiv Gandhi International Stadium, Uppal",death,65,2,24,4.0,16.25
336002,2008-05-25,Royal Challengers Bangalore,"Rajiv Gandhi International Stadium, Uppal",middle,63,2,54,9.0,7.0
336002,2008-05-25,Royal Challengers Bangalore,"Rajiv Gandhi International Stadium, Uppal",powerplay,43,1,36,6.0,7.17
336035,2008-05-25,Kings XI Punjab,Eden Gardens,death,41,3,30,5.0,8.2
336035,2008-05-25,Kings XI Punjab,Eden Gardens,middle,86,2,54,9.0,9.56
336035,2008-05-25,Kings XI Punjab,Eden Gardens,powerplay,47,1,36,6.0,7.83
336035,2008-05-25,Kolkata Knight Riders,Eden Gardens,death,71,2,28,4.67,15.2
336035,2008-05-25,Kolkata Knight Riders,Eden Gardens,middle,53,3,54,9.0,5.89
336035,2008-05-25,Kolkata Knight Riders,Eden Gardens,powerplay,51,2,36,6.0,8.5
336036,2008-05-26,Mumbai Indians,Sawai Mansingh Stadium,death,48,5,30,5.0,9.6
336036,2008-05-26,Mumbai Indians,Sawai Mansingh Stadium,middle,68,2,54,9.0,7.56
336036,2008-05-26,Mumbai Indians,Sawai Mansingh Stadium,powerplay,29,0,36,6.0,4.83
336036,2008-05-26,Rajasthan Royals,Sawai Mansingh Stadium,death,56,0,30,5.0,11.2
336036,2008-05-26,Rajasthan Royals,Sawai Mansingh Stadium,middle,54,3,54,9.0,6.0
336036,2008-05-26,Rajasthan Royals,Sawai Mansingh Stadium,powerplay,36,2,36,6.0,6.0
336037,2008-05-27,Chennai Super Kings,"Rajiv Gandhi International Stadium, Uppal",death,34,1,26,4.33,7.85
336037,2008-05-27,Chennai Super Kings,"Rajiv Gandhi International Stadium, Uppal",middle,70,1,54,9.0,7.78
336037,2008-05-27,Chennai Super Kings,"Rajiv Gandhi International Stadium, Uppal",powerplay,44,1,36,6.0,7.33
336037,2008-05-27,Deccan Chargers,"Rajiv Gandhi International Stadium, Uppal",death,54,5,30,5.0,10.8
336037,2008-05-27,Deccan Chargers,"Rajiv Gandhi International Stadium, Uppal",middle,67,1,54,9.0,7.44
336037,2008-05-27,Deccan Chargers,"Rajiv Gandhi International Stadium, Uppal",powerplay,26,2,36,6.0,4.33
336012,2008-05-28,Mumbai Indians,M Chinnaswamy Stadium,death,9,0,6,1.0,9.0
336012,2008-05-28,Mumbai Indians,M Chinnaswamy Stadium,middle,78,1,54,9.0,8.67
336012,2008-05-28,Mumbai Indians,M Chinnaswamy Stadium,powerplay,39,0,36,6.0,6.5
336012,2008-05-28,Royal Challengers Bangalore,M Chinnaswamy Stadium,death,30,2,18,3.0,10.0
336012,2008-05-28,Royal Challengers Bangalore,M Chinnaswamy Stadium,middle,56,5,54,9.0,6.22
336012,2008-05-28,Royal Challengers Bangalore,M Chinnaswamy Stadium,powerplay,36,2,36,6.0,6.0
336019,2008-05-28,Kings XI Punjab,"Punjab Cricket Association Stadium, Mohali",death,77,2,30,5.0,15.4
336019,2008-05-28,Kings XI Punjab,"Punjab Cricket Association Stadium, Mohali",middle,93,1,54,9.0,10.33
336019,2008-05-28,Kings XI Punjab,"Punjab Cricket Association Stadium, Mohali",powerplay,51,0,36,6.0,8.5
336019,2008-05-28,Rajasthan Royals,"Punjab Cricket Association Stadium, Mohali",death,40,2,30,5.0,8.0
336019,2008-05-28,Rajasthan Royals,"Punjab Cricket Association Stadium, Mohali",middle,102,3,54,9.0,11.33
336019,2008-05-28,Rajasthan Royals,"Punjab Cricket Association Stadium, Mohali",powerplay,38,2,36,6.0,6.33
336038,2008-05-30,Delhi Daredevils,Wankhede Stadium,death,5,2,7,1.17,4.27
336038,2008-05-30,Delhi Daredevils,Wankhede Stadium,middle,54,5,54,9.0,6.0
336038,2008-05-30,Delhi Daredevils,Wankhede Stadium,powerplay,28,3,36,6.0,4.67
336038,2008-05-30,Rajasthan Royals,Wankhede Stadium,death,50,5,30,5.0,10.0
336038,2008-05-30,Rajasthan Royals,Wankhede Stadium,middle,84,4,54,9.0,9.33
336038,2008-05-30,Rajasthan Royals,Wankhede Stadium,powerplay,58,0,36,6.0,9.67
336039,2008-05-31,Chennai Super Kings,Wankhede Stadium,death,0,0,0,0.0,0.0
336039,2008-05-31,Chennai Super Kings,Wankhede Stadium,middle,81,0,53,8.83,9.17
336039,2008-05-31,Chennai Super Kings,Wankhede Stadium,powerplay,35,1,36,6.0,5.83
336039,2008-05-31,Kings XI Punjab,Wankhede Stadium,death,44,1,30,5.0,8.8
336039,2008-05-31,Kings XI Punjab,Wankhede Stadium,middle,33,3,54,9.0,3.67
336039,2008-05-31,Kings XI Punjab,Wankhede Stadium,powerplay,35,4,36,6.0,5.83
336040,2008-06-01,Chennai Super Kings,Dr DY Patil Sports Academy,death,46,2,30,5.0,9.2
336040,2008-06-01,Chennai Super Kings,Dr DY Patil Sports Academy,middle,75,2,54,9.0,8.33
336040,2008-06-01,Chennai Super Kings,Dr DY Patil Sports Academy,powerplay,42,1,36,6.0,7.0
336040,2008-06-01,Rajasthan Royals,Dr DY Patil Sports Academy,death,52,3,30,5.0,10.4
336040,2008-06-01,Rajasthan Royals,Dr DY Patil Sports Academy,middle,71,3,54,9.0,7.89
336040,2008-06-01,Rajasthan Royals,Dr DY Patil Sports Academy,powerplay,41,1,36,6.0,6.83
392181,2009-04-18,Chennai Super Kings,Newlands,death,38,2,30,5.0,7.6
392181,2009-04-18,Chennai Super Kings,Newlands,middle,68,3,54,9.0,7.56
392181,2009-04-18,Chennai Super Kings,Newlands,powerplay,40,2,36,6.0,6.67
392181,2009-04-18,Mumbai Indians,Newlands,death,60,3,30,5.0,12.0
392181,2009-04-18,Mumbai Indians,Newlands,middle,65,3,54,9.0,7.22
392181,2009-04-18,Mumbai Indians,Newlands,powerplay,40,1,36,6.0,6.67
392182,2009-04-18,Rajasthan Royals,Newlands,death,0,1,1,0.17,0.0
392182,2009-04-18,Rajasthan Royals,Newlands,middle,44,7,54,9.0,4.89
392182,2009-04-18,Rajasthan Royals,Newlands,powerplay,14,2,36,6.0,2.33
392182,2009-04-18,Royal Challengers Bangalore,Newlands,death,46,3,30,5.0,9.2
392182,2009-04-18,Royal Challengers Bangalore,Newlands,middle,58,2,54,9.0,6.44
392182,2009-04-18,Royal Challengers Bangalore,Newlands,powerplay,29,3,36,6.0,4.83
392183,2009-04-19,Delhi Daredevils,Newlands,death,0,0,0,0.0,0.0
392183,2009-04-19,Delhi Daredevils,Newlands,middle,0,0,0,0.0,0.0
392183,2009-04-19,Delhi Daredevils,Newlands,powerplay,58,0,29,4.83,12.01
392183,2009-04-19,Kings XI Punjab,Newlands,death,0,0,0,0.0,0.0
392183,2009-04-19,Kings XI Punjab,Newlands,middle,37,6,36,6.0,6.17
392183,2009-04-19,Kings XI Punjab,Newlands,powerplay,67,1,36,6.0,11.17
392184,2009-04-19,Deccan Chargers,Newlands,death,0,0,0,0.0,0.0
392184,2009-04-19,Deccan Chargers,Newlands,middle,67,0,43,7.17,9.34
392184,2009-04-19,Deccan Chargers,Newlands,powerplay,37,2,36,6.0,6.17
392184,2009-04-19,Kolkata Knight Riders,Newlands,death,37,5,28,4.67,7.92
392184,2009-04-19,Kolkata Knight Riders,Newlands,middle,43,2,54,9.0,4.78
392184,2009-04-19,Kolkata Knight Riders,Newlands,powerplay,21,3,36,6.0,3.5
392185,2009-04-20,Chennai Super Kings,St George's Park,death,44,3,30,5.0,8.8
392185,2009-04-20,Chennai Super Kings,St George's Park,middle,67,2,54,9.0,7.44
392185,2009-04-20,Chennai Super Kings,St George's Park,powerplay,68,0,36,6.0,11.33
392185,2009-04-20,Royal Challengers Bangalore,St George's Park,death,2,1,2,0.33,6.06
392185,2009-04-20,Royal Challengers Bangalore,St George's Park,middle,39,7,54,9.0,4.33
392185,2009-04-20,Royal Challengers Bangalore,St George's Park,powerplay,46,2,36,6.0,7.67
392186,2009-04-21,Kings XI Punjab,Kingsmead,death,41,2,30,5.0,8.2
392186,2009-04-21,Kings XI Punjab,Kingsmead,middle,71,3,54,9.0,7.89
392186,2009-04-21,Kings XI Punjab,Kingsmead,powerplay,46,1,36,6.0,7.67
392186,2009-04-21,Kolkata Knight Riders,Kingsmead,death,0,0,0,0.0,0.0
392186,2009-04-21,Kolkata Knight Riders,Kingsmead,middle,19,0,20,3.33,5.71
392186,2009-04-21,Kolkata Knight Riders,Kingsmead,powerplay,60,1,36,6.0,10.0
392188,2009-04-22,Deccan Chargers,Newlands,death,45,3,30,5.0,9.0
392188,2009-04-22,Deccan Chargers,Newlands,middle,77,2,54,9.0,8.56
392188,2009-04-22,Deccan Chargers,Newlands,powerplay,62,1,36,6.0,10.33
392188,2009-04-22,Royal Challengers Bangalore,Newlands,death,51,4,30,5.0,10.2
392188,2009-04-22,Royal Challengers Bangalore,Newlands,middle,78,2,54,9.0,8.67
392188,2009-04-22,Royal Challengers Bangalore,Newlands,powerplay,31,2,36,6.0,5.17
392189,2009-04-23,Chennai Super Kings,Kingsmead,death,32,5,30,5.0,6.4
392189,2009-04-23,Chennai Super Kings,Kingsmead,middle,87,3,54,9.0,9.67
392189,2009-04-23,Chennai Super Kings,Kingsmead,powerplay,61,1,36,6.0,10.17
392189,2009-04-23,Delhi Daredevils,Kingsmead,death,66,1,30,5.0,13.2
392189,2009-04-23,Delhi Daredevils,Kingsmead,middle,64,2,54,9.0,7.11
392189,2009-04-23,Delhi Daredevils,Kingsmead,powerplay,59,2,36,6.0,9.83
392190,2009-04-23,Kolkata Knight Riders,Newlands,death,52,3,30,5.0,10.4
392190,2009-04-23,Kolkata Knight Riders,Newlands,death,0,0,0,0.0,0.0
392190,2009-04-23,Kolkata Knight Riders,Newlands,middle,60,4,54,9.0,6.67
392190,2009-04-23,Kolkata Knight Riders,Newlands,middle,0,0,0,0.0,0.0
392190,2009-04-23,Kolkata Knight Riders,Newlands,powerplay,38,1,36,6.0,6.33
392190,2009-04-23,Kolkata Knight Riders,Newlands,powerplay,15,1,6,1.0,15.0
392190,2009-04-23,Rajasthan Royals,Newlands,death,43,2,30,5.0,8.6
392190,2009-04-23,Rajasthan Royals,Newlands,death,0,0,0,0.0,0.0
392190,2009-04-23,Rajasthan Royals,Newlands,middle,53,2,54,9.0,5.89
392190,2009-04-23,Rajasthan Royals,Newlands,middle,0,0,0,0.0,0.0
392190,2009-04-23,Rajasthan Royals,Newlands,powerplay,54,2,36,6.0,9.0
392190,2009-04-23,Rajasthan Royals,Newlands,powerplay,18,0,4,0.67,26.87
392191,2009-04-24,Kings XI Punjab,Kingsmead,death,64,1,24,4.0,16.0
392191,2009-04-24,Kings XI Punjab,Kingsmead,middle,65,2,54,9.0,7.22
392191,2009-04-24,Kings XI Punjab,Kingsmead,powerplay,44,0,36,6.0,7.33
392191,2009-04-24,Royal Challengers Bangalore,Kingsmead,death,50,5,30,5.0,10.0
392191,2009-04-24,Royal Challengers Bangalore,Kingsmead,middle,69,1,54,9.0,7.67
392191,2009-04-24,Royal Challengers Bangalore,Kingsmead,powerplay,49,3,36,6.0,8.17
392192,2009-04-25,Deccan Chargers,Kingsmead,death,31,5,30,5.0,6.2
392192,2009-04-25,Deccan Chargers,Kingsmead,middle,82,4,54,9.0,9.11
392192,2009-04-25,Deccan Chargers,Kingsmead,powerplay,55,0,36,6.0,9.17
392192,2009-04-25,Mumbai Indians,Kingsmead,death,48,3,30,5.0,9.6
392192,2009-04-25,Mumbai Indians,Kingsmead,middle,58,3,54,9.0,6.44
392192,2009-04-25,Mumbai Indians,Kingsmead,powerplay,50,1,36,6.0,8.33
392194,2009-04-26,Delhi Daredevils,St George's Park,death,51,1,26,4.33,11.78
392194,2009-04-26,Delhi Daredevils,St George's Park,middle,56,1,54,9.0,6.22
392194,2009-04-26,Delhi Daredevils,St George's Park,powerplay,43,2,36,6.0,7.17
392194,2009-04-26,Royal Challengers Bangalore,St George's Park,death,49,3,30,5.0,9.8
392194,2009-04-26,Royal Challengers Bangalore,St George's Park,middle,55,2,54,9.0,6.11
392194,2009-04-26,Royal Challengers Bangalore,St George's Park,powerplay,45,2,36,6.0,7.5
392195,2009-04-26,Kings XI Punjab,Newlands,death,41,2,30,5.0,8.2
392195,2009-04-26,Kings XI Punjab,Newlands,middle,60,2,54,9.0,6.67
392195,2009-04-26,Kings XI Punjab,Newlands,powerplay,38,2,36,6.0,6.33
392195,2009-04-26,Rajasthan Royals,Newlands,death,30,1,30,5.0,6.0
392195,2009-04-26,Rajasthan Royals,Newlands,middle,50,2,54,9.0,5.56
392195,2009-04-26,Rajasthan Royals,Newlands,powerplay,32,4,36,6.0,5.33
392196,2009-04-27,Chennai Super Kings,Kingsmead,death,52,2,30,5.0,10.4
392196,2009-04-27,Chennai Super Kings,Kingsmead,middle,51,3,54,9.0,5.67
392196,2009-04-27,Chennai Super Kings,Kingsmead,powerplay,62,1,36,6.0,10.33
392196,2009-04-27,Deccan Chargers,Kingsmead,death,40,1,27,4.5,8.89
392196,2009-04-27,Deccan Chargers,Kingsmead,middle,60,2,54,9.0,6.67
392196,2009-04-27,Deccan Chargers,Kingsmead,powerplay,69,1,36,6.0,11.5
392197,2009-04-27,Kolkata Knight Riders,St George's Park,death,0,2,2,0.33,0.0
392197,2009-04-27,Kolkata Knight Riders,St George's Park,middle,48,5,54,9.0,5.33
392197,2009-04-27,Kolkata Knight Riders,St George's Park,powerplay,47,2,36,6.0,7.83
392197,2009-04-27,Mumbai Indians,St George's Park,death,36,3,30,5.0,7.2
392197,2009-04-27,Mumbai Indians,St George's Park,middle,90,3,54,9.0,10.0
392197,2009-04-27,Mumbai Indians,St George's Park,powerplay,61,0,36,6.0,10.17
392198,2009-04-28,Delhi Daredevils,SuperSport Park,death,42,3,30,5.0,8.4
392198,2009-04-28,Delhi Daredevils,SuperSport Park,middle,59,1,54,9.0,6.56
392198,2009-04-28,Delhi Daredevils,SuperSport Park,powerplay,42,3,36,6.0,7.0
392198,2009-04-28,Rajasthan Royals,SuperSport Park,death,51,0,21,3.5,14.57
392198,2009-04-28,Rajasthan Royals,SuperSport Park,middle,63,3,55,9.17,6.87
392198,2009-04-28,Rajasthan Royals,SuperSport Park,powerplay,33,2,36,6.0,5.5
392199,2009-04-29,Kolkata Knight Riders,Kingsmead,death,45,2,30,5.0,9.0
392199,2009-04-29,Kolkata Knight Riders,Kingsmead,middle,49,2,54,9.0,5.44
392199,2009-04-29,Kolkata Knight Riders,Kingsmead,powerplay,45,2,36,6.0,7.5
392199,2009-04-29,Royal Challengers Bangalore,Kingsmead,death,45,3,29,4.83,9.32
392199,2009-04-29,Royal Challengers Bangalore,Kingsmead,middle,52,2,54,9.0,5.78
392199,2009-04-29,Royal Challengers Bangalore,Kingsmead,powerplay,46,0,36,6.0,7.67
392200,2009-04-29,Kings XI Punjab,Kingsmead,death,33,3,30,5.0,6.6
392200,2009-04-29,Kings XI Punjab,Kingsmead,middle,60,3,54,9.0,6.67
392200,2009-04-29,Kings XI Punjab,Kingsmead,powerplay,26,2,36,6.0,4.33
392200,2009-04-29,Mumbai Indians,Kingsmead,death,35,3,30,5.0,7.0
392200,2009-04-29,Mumbai Indians,Kingsmead,middle,58,1,54,9.0,6.44
392200,2009-04-29,Mumbai Indians,Kingsmead,powerplay,23,3,36,6.0,3.83
392201,2009-04-30,Deccan Chargers,SuperSport Park,death,30,4,30,5.0,6.0
392201,2009-04-30,Deccan Chargers,SuperSport Park,middle,81,3,54,9.0,9.0
392201,2009-04-30,Deccan Chargers,SuperSport Park,powerplay,37,2,36,6.0,6.17
392201,2009-04-30,Delhi Daredevils,SuperSport Park,death,49,1,22,3.67,13.35
392201,2009-04-30,Delhi Daredevils,SuperSport Park,middle,60,1,54,9.0,6.67
392201,2009-04-30,Delhi Daredevils,SuperSport Park,powerplay,41,2,36,6.0,6.83
392202,2009-04-30,Chennai Super Kings,SuperSport Park,death,60,1,30,5.0,12.0
392202,2009-04-30,Chennai Super Kings,SuperSport Park,middle,64,2,54,9.0,7.11
392202,2009-04-30,Chennai Super Kings,SuperSport Park,powerplay,40,2,36,6.0,6.67
392202,2009-04-30,Rajasthan Royals,SuperSport Park,death,28,4,27,4.5,6.22
392202,2009-04-30,Rajasthan Royals,SuperSport Park,middle,60,3,54,9.0,6.67
392202,2009-04-30,Rajasthan Royals,SuperSport Park,powerplay,38,2,36,6.0,6.33
392203,2009-05-01,Kolkata Knight Riders,Buffalo Park,death,41,3,30,5.0,8.2
392203,2009-05-01,Kolkata Knight Riders,Buffalo Park,middle,72,1,54,9.0,8.0
392203,2009-05-01,Kolkata Knight Riders,Buffalo Park,powerplay,26,2,36,6.0,4.33
392203,2009-05-01,Mumbai Indians,Buffalo Park,death,60,2,30,5.0,12.0
392203,2009-05-01,Mumbai Indians,Buffalo Park,middle,48,2,54,9.0,5.33
392203,2009-05-01,Mumbai Indians,Buffalo Park,powerplay,40,2,36,6.0,6.67
392204,2009-05-01,Kings XI Punjab,Kingsmead,death,42,4,30,5.0,8.4
392204,2009-05-01,Kings XI Punjab,Kingsmead,middle,60,3,54,9.0,6.67
392204,2009-05-01,Kings XI Punjab,Kingsmead,powerplay,35,0,36,6.0,5.83
392204,2009-05-01,Royal Challengers Bangalore,Kingsmead,death,45,3,30,5.0,9.0
392204,2009-05-01,Royal Challengers Bangalore,Kingsmead,middle,62,4,54,9.0,6.89
392204,2009-05-01,Royal Challengers Bangalore,Kingsmead,powerplay,38,2,36,6.0,6.33
392205,2009-05-02,Deccan Chargers,St George's Park,death,39,2,30,5.0,7.8
392205,2009-05-02,Deccan Chargers,St George's Park,middle,63,1,54,9.0,7.0
392205,2009-05-02,Deccan Chargers,St George's Park,powerplay,39,2,36,6.0,6.5
392205,2009-05-02,Rajasthan Royals,St George's Park,death,44,1,28,4.67,9.42
392205,2009-05-02,Rajasthan Royals,St George's Park,middle,68,3,54,9.0,7.56
392205,2009-05-02,Rajasthan Royals,St George's Park,powerplay,30,3,36,6.0,5.0
392206,2009-05-02,Chennai Super Kings,New Wanderers Stadium,death,33,6,30,5.0,6.6
392206,2009-05-02,Chennai Super Kings,New Wanderers Stadium,middle,77,2,54,9.0,8.56
392206,2009-05-02,Chennai Super Kings,New Wanderers Stadium,powerplay,53,2,36,6.0,8.83
392206,2009-05-02,Delhi Daredevils,New Wanderers Stadium,death,25,5,30,5.0,5.0
392206,2009-05-02,Delhi Daredevils,New Wanderers Stadium,middle,71,1,54,9.0,7.89
392206,2009-05-02,Delhi Daredevils,New Wanderers Stadium,powerplay,49,2,36,6.0,8.17
392207,2009-05-03,Kings XI Punjab,St George's Park,death,38,0,30,5.0,7.6
392207,2009-05-03,Kings XI Punjab,St George's Park,middle,65,2,54,9.0,7.22
392207,2009-05-03,Kings XI Punjab,St George's Park,powerplay,51,2,36,6.0,8.5
392207,2009-05-03,Kolkata Knight Riders,St George's Park,death,61,1,30,5.0,12.2
392207,2009-05-03,Kolkata Knight Riders,St George's Park,middle,64,1,54,9.0,7.11
392207,2009-05-03,Kolkata Knight Riders,St George's Park,powerplay,28,1,36,6.0,4.67
392208,2009-05-03,Mumbai Indians,New Wanderers Stadium,death,63,0,30,5.0,12.6
392208,2009-05-03,Mumbai Indians,New Wanderers Stadium,middle,61,1,54,9.0,6.78
392208,2009-05-03,Mumbai Indians,New Wanderers Stadium,powerplay,25,3,36,6.0,4.17
392208,2009-05-03,Royal Challengers Bangalore,New Wanderers Stadium,death,28,0,19,3.17,8.83
392208,2009-05-03,Royal Challengers Bangalore,New Wanderers Stadium,middle,71,0,54,9.0,7.89
392208,2009-05-03,Royal Challengers Bangalore,New Wanderers Stadium,powerplay,51,1,36,6.0,8.5
392209,2009-05-04,Chennai Super Kings,Buffalo Park,death,48,1,30,5.0,9.6
392209,2009-05-04,Chennai Super Kings,Buffalo Park,middle,77,2,54,9.0,8.56
392209,2009-05-04,Chennai Super Kings,Buffalo Park,powerplay,53,0,36,6.0,8.83
392209,2009-05-04,Deccan Chargers,Buffalo Park,death,0,0,0,0.0,0.0
392209,2009-05-04,Deccan Chargers,Buffalo Park,middle,48,7,52,8.67,5.54
392209,2009-05-04,Deccan Chargers,Buffalo Park,powerplay,52,3,36,6.0,8.67
392210,2009-05-05,Kings XI Punjab,Kingsmead,death,37,2,30,5.0,7.4
392210,2009-05-05,Kings XI Punjab,Kingsmead,middle,67,2,54,9.0,7.44
392210,2009-05-05,Kings XI Punjab,Kingsmead,powerplay,29,4,36,6.0,4.83
392210,2009-05-05,Rajasthan Royals,Kingsmead,death,75,3,30,5.0,15.0
392210,2009-05-05,Rajasthan Royals,Kingsmead,middle,79,1,54,9.0,8.78
392210,2009-05-05,Rajasthan Royals,Kingsmead,powerplay,57,0,36,6.0,9.5
392211,2009-05-05,Delhi Daredevils,Kingsmead,death,43,0,24,4.0,10.75
392211,2009-05-05,Delhi Daredevils,Kingsmead,middle,57,1,54,9.0,6.33
392211,2009-05-05,Delhi Daredevils,Kingsmead,powerplay,57,0,36,6.0,9.5
392211,2009-05-05,Kolkata Knight Riders,Kingsmead,death,51,1,30,5.0,10.2
392211,2009-05-05,Kolkata Knight Riders,Kingsmead,middle,49,2,54,9.0,5.44
392211,2009-05-05,Kolkata Knight Riders,Kingsmead,powerplay,54,0,36,6.0,9.0
392212,2009-05-06,Deccan Chargers,SuperSport Park,death,46,2,30,5.0,9.2
392212,2009-05-06,Deccan Chargers,SuperSport Park,middle,62,2,54,9.0,6.89
392212,2009-05-06,Deccan Chargers,SuperSport Park,powerplay,37,2,36,6.0,6.17
392212,2009-05-06,Mumbai Indians,SuperSport Park,death,26,4,30,5.0,5.2
392212,2009-05-06,Mumbai Indians,SuperSport Park,middle,59,2,54,9.0,6.56
392212,2009-05-06,Mumbai Indians,SuperSport Park,powerplay,41,2,36,6.0,6.83
392213,2009-05-07,Rajasthan Royals,SuperSport Park,death,0,0,0,0.0,0.0
392213,2009-05-07,Rajasthan Royals,SuperSport Park,middle,76,2,54,9.0,8.44
392213,2009-05-07,Rajasthan Royals,SuperSport Park,powerplay,31,1,36,6.0,5.17
392213,2009-05-07,Royal Challengers Bangalore,SuperSport Park,death,29,4,30,5.0,5.8
392213,2009-05-07,Royal Challengers Bangalore,SuperSport Park,middle,47,3,54,9.0,5.22
392213,2009-05-07,Royal Challengers Bangalore,SuperSport Park,powerplay,29,3,36,6.0,4.83
392214,2009-05-07,Chennai Super Kings,SuperSport Park,death,40,1,18,3.0,13.33
392214,2009-05-07,Chennai Super Kings,SuperSport Park,middle,88,1,54,9.0,9.78
392214,2009-05-07,Chennai Super Kings,SuperSport Park,powerplay,57,1,36,6.0,9.5
392214,2009-05-07,Kings XI Punjab,SuperSport Park,death,26,0,18,3.0,8.67
392214,2009-05-07,Kings XI Punjab,SuperSport Park,middle,95,2,54,9.0,10.56
392214,2009-05-07,Kings XI Punjab,SuperSport Park,powerplay,53,1,36,6.0,8.83
392215,2009-05-08,Delhi Daredevils,Buffalo Park,death,44,1,23,3.83,11.49
392215,2009-05-08,Delhi Daredevils,Buffalo Park,middle,38,2,54,9.0,4.22
392215,2009-05-08,Delhi Daredevils,Buffalo Park,powerplay,36,0,36,6.0,6.0
392215,2009-05-08,Mumbai Indians,Buffalo Park,death,42,6,30,5.0,8.4
392215,2009-05-08,Mumbai Indians,Buffalo Park,middle,44,1,54,9.0,4.89
392215,2009-05-08,Mumbai Indians,Buffalo Park,powerplay,30,3,36,6.0,5.0
392216,2009-05-09,Deccan Chargers,De Beers Diamond Oval,death,68,1,30,5.0,13.6
392216,2009-05-09,Deccan Chargers,De Beers Diamond Oval,middle,48,3,54,9.0,5.33
392216,2009-05-09,Deccan Chargers,De Beers Diamond Oval,powerplay,52,1,36,6.0,8.67
392216,2009-05-09,Kings XI Punjab,De Beers Diamond Oval,death,50,2,29,4.83,10.35
392216,2009-05-09,Kings XI Punjab,De Beers Diamond Oval,middle,74,3,54,9.0,8.22
392216,2009-05-09,Kings XI Punjab,De Beers Diamond Oval,powerplay,45,2,36,6.0,7.5
392217,2009-05-09,Chennai Super Kings,De Beers Diamond Oval,death,44,1,20,3.33,13.21
392217,2009-05-09,Chennai Super Kings,De Beers Diamond Oval,middle,60,0,54,9.0,6.67
392217,2009-05-09,Chennai Super Kings,De Beers Diamond Oval,powerplay,37,2,36,6.0,6.17
392217,2009-05-09,Rajasthan Royals,De Beers Diamond Oval,death,41,3,30,5.0,8.2
392217,2009-05-09,Rajasthan Royals,De Beers Diamond Oval,middle,65,3,54,9.0,7.22
392217,2009-05-09,Rajasthan Royals,De Beers Diamond Oval,powerplay,34,1,36,6.0,5.67
392218,2009-05-10,Mumbai Indians,St George's Park,death,53,0,30,5.0,10.6
392218,2009-05-10,Mumbai Indians,St George's Park,middle,58,1,54,9.0,6.44
392218,2009-05-10,Mumbai Indians,St George's Park,powerplay,46,1,36,6.0,7.67
392218,2009-05-10,Royal Challengers Bangalore,St George's Park,death,41,1,30,5.0,8.2
392218,2009-05-10,Royal Challengers Bangalore,St George's Park,middle,61,4,54,9.0,6.78
392218,2009-05-10,Royal Challengers Bangalore,St George's Park,powerplay,39,2,36,6.0,6.5
392219,2009-05-10,Delhi Daredevils,New Wanderers Stadium,death,25,0,13,2.17,11.52
392219,2009-05-10,Delhi Daredevils,New Wanderers Stadium,middle,53,3,54,9.0,5.89
392219,2009-05-10,Delhi Daredevils,New Wanderers Stadium,powerplay,47,0,36,6.0,7.83
392219,2009-05-10,Kolkata Knight Riders,New Wanderers Stadium,death,46,2,30,5.0,9.2
392219,2009-05-10,Kolkata Knight Riders,New Wanderers Stadium,middle,40,3,54,9.0,4.44
392219,2009-05-10,Kolkata Knight Riders,New Wanderers Stadium,powerplay,37,3,36,6.0,6.17
392220,2009-05-11,Deccan Chargers,De Beers Diamond Oval,death,58,3,30,5.0,11.6
392220,2009-05-11,Deccan Chargers,De Beers Diamond Oval,middle,66,2,54,9.0,7.33
392220,2009-05-11,Deccan Chargers,De Beers Diamond Oval,powerplay,42,2,36,6.0,7.0
392220,2009-05-11,Rajasthan Royals,De Beers Diamond Oval,death,18,4,27,4.5,4.0
392220,2009-05-11,Rajasthan Royals,De Beers Diamond Oval,middle,65,4,54,9.0,7.22
392220,2009-05-11,Rajasthan Royals,De Beers Diamond Oval,powerplay,30,2,36,6.0,5.0
392221,2009-05-12,Kolkata Knight Riders,SuperSport Park,death,71,1,30,5.0,14.2
392221,2009-05-12,Kolkata Knight Riders,SuperSport Park,middle,64,1,54,9.0,7.11
392221,2009-05-12,Kolkata Knight Riders,SuperSport Park,powerplay,38,2,36,6.0,6.33
392221,2009-05-12,Royal Challengers Bangalore,SuperSport Park,death,57,1,26,4.33,13.16
392221,2009-05-12,Royal Challengers Bangalore,SuperSport Park,middle,73,3,54,9.0,8.11
392221,2009-05-12,Royal Challengers Bangalore,SuperSport Park,powerplay,46,0,36,6.0,7.67
392222,2009-05-12,Kings XI Punjab,SuperSport Park,death,27,2,30,5.0,5.4
392222,2009-05-12,Kings XI Punjab,SuperSport Park,middle,41,4,54,9.0,4.56
392222,2009-05-12,Kings XI Punjab,SuperSport Park,powerplay,51,3,36,6.0,8.5
392222,2009-05-12,Mumbai Indians,SuperSport Park,death,9,0,8,1.33,6.77
392222,2009-05-12,Mumbai Indians,SuperSport Park,middle,71,0,54,9.0,7.89
392222,2009-05-12,Mumbai Indians,SuperSport Park,powerplay,42,2,36,6.0,7.0
392223,2009-05-13,Deccan Chargers,Kingsmead,death,27,7,28,4.67,5.78
392223,2009-05-13,Deccan Chargers,Kingsmead,middle,84,1,54,9.0,9.33
392223,2009-05-13,Deccan Chargers,Kingsmead,powerplay,50,2,36,6.0,8.33
392223,2009-05-13,Delhi Daredevils,Kingsmead,death,64,3,30,5.0,12.8
392223,2009-05-13,Delhi Daredevils,Kingsmead,middle,53,3,54,9.0,5.89
392223,2009-05-13,Delhi Daredevils,Kingsmead,powerplay,56,1,36,6.0,9.33
392224,2009-05-14,Chennai Super Kings,Kingsmead,death,24,6,28,4.67,5.14
392224,2009-05-14,Chennai Super Kings,Kingsmead,middle,53,2,54,9.0,5.89
392224,2009-05-14,Chennai Super Kings,Kingsmead,powerplay,52,2,36,6.0,8.67
392224,2009-05-14,Royal Challengers Bangalore,Kingsmead,death,41,4,28,4.67,8.78
392224,2009-05-14,Royal Challengers Bangalore,Kingsmead,middle,58,1,54,9.0,6.44
392224,2009-05-14,Royal Challengers Bangalore,Kingsmead,powerplay,33,3,36,6.0,5.5
392225,2009-05-14,Mumbai Indians,Kingsmead,death,45,5,29,4.83,9.32
392225,2009-05-14,Mumbai Indians,Kingsmead,middle,72,2,54,9.0,8.0
392225,2009-05-14,Mumbai Indians,Kingsmead,powerplay,26,3,36,6.0,4.33
392225,2009-05-14,Rajasthan Royals,Kingsmead,death,22,5,30,5.0,4.4
392225,2009-05-14,Rajasthan Royals,Kingsmead,middle,81,2,54,9.0,9.0
392225,2009-05-14,Rajasthan Royals,Kingsmead,powerplay,42,0,36,6.0,7.0
392226,2009-05-15,Delhi Daredevils,OUTsurance Oval,death,23,5,30,5.0,4.6
392226,2009-05-15,Delhi Daredevils,OUTsurance Oval,middle,59,2,54,9.0,6.56
392226,2009-05-15,Delhi Daredevils,OUTsurance Oval,powerplay,38,2,36,6.0,6.33
392226,2009-05-15,Kings XI Punjab,OUTsurance Oval,death,37,1,25,4.17,8.87
392226,2009-05-15,Kings XI Punjab,OUTsurance Oval,middle,49,0,54,9.0,5.44
392226,2009-05-15,Kings XI Punjab,OUTsurance Oval,powerplay,37,3,36,6.0,6.17
392227,2009-05-16,Chennai Super Kings,St George's Park,death,49,0,25,4.17,11.75
392227,2009-05-16,Chennai Super Kings,St George's Park,middle,67,1,54,9.0,7.44
392227,2009-05-16,Chennai Super Kings,St George's Park,powerplay,35,2,36,6.0,5.83
392227,2009-05-16,Mumbai Indians,St George's Park,death,51,2,30,5.0,10.2
392227,2009-05-16,Mumbai Indians,St George's Park,middle,47,1,54,9.0,5.22
392227,2009-05-16,Mumbai Indians,St George's Park,powerplay,49,2,36,6.0,8.17
392228,2009-05-16,Deccan Chargers,New Wanderers Stadium,death,61,2,30,5.0,12.2
392228,2009-05-16,Deccan Chargers,New Wanderers Stadium,middle,55,2,54,9.0,6.11
392228,2009-05-16,Deccan Chargers,New Wanderers Stadium,powerplay,50,0,36,6.0,8.33
392228,2009-05-16,Kolkata Knight Riders,New Wanderers Stadium,death,71,3,30,5.0,14.2
392228,2009-05-16,Kolkata Knight Riders,New Wanderers Stadium,middle,58,1,54,9.0,6.44
392228,2009-05-16,Kolkata Knight Riders,New Wanderers Stadium,powerplay,31,1,36,6.0,5.17
392229,2009-05-17,Deccan Chargers,New Wanderers Stadium,death,47,3,30,5.0,9.4
392229,2009-05-17,Deccan Chargers,New Wanderers Stadium,middle,40,3,54,9.0,4.44
392229,2009-05-17,Deccan Chargers,New Wanderers Stadium,powerplay,46,2,36,6.0,7.67
392229,2009-05-17,Kings XI Punjab,New Wanderers Stadium,death,40,3,30,5.0,8.0
392229,2009-05-17,Kings XI Punjab,New Wanderers Stadium,middle,55,1,54,9.0,6.11
392229,2009-05-17,Kings XI Punjab,New Wanderers Stadium,powerplay,39,3,36,6.0,6.5
392230,2009-05-17,Delhi Daredevils,OUTsurance Oval,death,55,1,30,5.0,11.0
392230,2009-05-17,Delhi Daredevils,OUTsurance Oval,middle,60,0,54,9.0,6.67
392230,2009-05-17,Delhi Daredevils,OUTsurance Oval,powerplay,35,2,36,6.0,5.83
392230,2009-05-17,Rajasthan Royals,OUTsurance Oval,death,43,4,30,5.0,8.6
392230,2009-05-17,Rajasthan Royals,OUTsurance Oval,middle,69,3,54,9.0,7.67
392230,2009-05-17,Rajasthan Royals,OUTsurance Oval,powerplay,24,2,36,6.0,4.0
392231,2009-05-18,Chennai Super Kings,SuperSport Park,death,65,1,30,5.0,13.0
392231,2009-05-18,Chennai Super Kings,SuperSport Park,middle,69,2,54,9.0,7.67
392231,2009-05-18,Chennai Super Kings,SuperSport Park,powerplay,54,0,36,6.0,9.0
392231,2009-05-18,Kolkata Knight Riders,SuperSport Park,death,58,1,30,5.0,11.6
392231,2009-05-18,Kolkata Knight Riders,SuperSport Park,middle,75,1,54,9.0,8.33
392231,2009-05-18,Kolkata Knight Riders,SuperSport Park,powerplay,56,1,36,6.0,9.33
392232,2009-05-19,Delhi Daredevils,New Wanderers Stadium,death,45,2,30,5.0,9.0
392232,2009-05-19,Delhi Daredevils,New Wanderers Stadium,middle,52,2,54,9.0,5.78
392232,2009-05-19,Delhi Daredevils,New Wanderers Stadium,powerplay,37,3,36,6.0,6.17
392232,2009-05-19,Royal Challengers Bangalore,New Wanderers Stadium,death,33,0,24,4.0,8.25
392232,2009-05-19,Royal Challengers Bangalore,New Wanderers Stadium,middle,75,2,54,9.0,8.33
392232,2009-05-19,Royal Challengers Bangalore,New Wanderers Stadium,powerplay,27,1,36,6.0,4.5
392233,2009-05-20,Kolkata Knight Riders,Kingsmead,death,37,0,27,4.5,8.22
392233,2009-05-20,Kolkata Knight Riders,Kingsmead,middle,36,3,54,9.0,4.0
392233,2009-05-20,Kolkata Knight Riders,Kingsmead,powerplay,29,3,36,6.0,4.83
392233,2009-05-20,Rajasthan Royals,Kingsmead,death,22,2,30,5.0,4.4
392233,2009-05-20,Rajasthan Royals,Kingsmead,middle,33,3,54,9.0,3.67
392233,2009-05-20,Rajasthan Royals,Kingsmead,powerplay,46,4,36,6.0,7.67
392234,2009-05-20,Chennai Super Kings,Kingsmead,death,20,3,30,5.0,4.0
392234,2009-05-20,Chennai Super Kings,Kingsmead,middle,46,5,54,9.0,5.11
392234,2009-05-20,Chennai Super Kings,Kingsmead,powerplay,50,1,36,6.0,8.33
392234,2009-05-20,Kings XI Punjab,Kingsmead,death,33,4,30,5.0,6.6
392234,2009-05-20,Kings XI Punjab,Kingsmead,middle,30,3,54,9.0,3.33
392234,2009-05-20,Kings XI Punjab,Kingsmead,powerplay,29,1,36,6.0,4.83
392235,2009-05-21,Delhi Daredevils,SuperSport Park,death,20,2,15,2.5,8.0
392235,2009-05-21,Delhi Daredevils,SuperSport Park,middle,86,3,54,9.0,9.56
392235,2009-05-21,Delhi Daredevils,SuperSport Park,powerplay,60,1,36,6.0,10.0
392235,2009-05-21,Mumbai Indians,SuperSport Park,death,56,3,30,5.0,11.2
392235,2009-05-21,Mumbai Indians,SuperSport Park,middle,79,2,54,9.0,8.78
392235,2009-05-21,Mumbai Indians,SuperSport Park,powerplay,30,3,36,6.0,5.0
392236,2009-05-21,Deccan Chargers,SuperSport Park,death,39,3,30,5.0,7.8
392236,2009-05-21,Deccan Chargers,SuperSport Park,middle,55,3,54,9.0,6.11
392236,2009-05-21,Deccan Chargers,SuperSport Park,powerplay,64,0,36,6.0,10.67
392236,2009-05-21,Royal Challengers Bangalore,SuperSport Park,death,54,1,30,5.0,10.8
392236,2009-05-21,Royal Challengers Bangalore,SuperSport Park,middle,83,2,54,9.0,9.22
392236,2009-05-21,Royal Challengers Bangalore,SuperSport Park,powerplay,33,1,36,6.0,5.5
392237,2009-05-22,Deccan Chargers,SuperSport Park,death,8,0,16,2.67,3.0
392237,2009-05-22,Deccan Chargers,SuperSport Park,middle,62,3,54,9.0,6.89
392237,2009-05-22,Deccan Chargers,SuperSport Park,powerplay,84,1,36,6.0,14.0
392237,2009-05-22,Delhi Daredevils,SuperSport Park,death,44,5,30,5.0,8.8
392237,2009-05-22,Delhi Daredevils,SuperSport Park,middle,60,1,54,9.0,6.67
392237,2009-05-22,Delhi Daredevils,SuperSport Park,powerplay,49,2,36,6.0,8.17
392238,2009-05-23,Chennai Super Kings,New Wanderers Stadium,death,39,2,30,5.0,7.8
392238,2009-05-23,Chennai Super Kings,New Wanderers Stadium,middle,55,3,54,9.0,6.11
392238,2009-05-23,Chennai Super Kings,New Wanderers Stadium,powerplay,52,0,36,6.0,8.67
392238,2009-05-23,Royal Challengers Bangalore,New Wanderers Stadium,death,39,1,23,3.83,10.18
392238,2009-05-23,Royal Challengers Bangalore,New Wanderers Stadium,middle,51,1,54,9.0,5.67
392238,2009-05-23,Royal Challengers Bangalore,New Wanderers Stadium,powerplay,59,2,36,6.0,9.83
392239,2009-05-24,Deccan Chargers,New Wanderers Stadium,death,42,3,30,5.0,8.4
392239,2009-05-24,Deccan Chargers,New Wanderers Stadium,middle,70,1,54,9.0,7.78
392239,2009-05-24,Deccan Chargers,New Wanderers Stadium,powerplay,31,2,36,6.0,5.17
392239,2009-05-24,Royal Challengers Bangalore,New Wanderers Stadium,death,34,3,30,5.0,6.8
392239,2009-05-24,Royal Challengers Bangalore,New Wanderers Stadium,middle,67,5,54,9.0,7.44
392239,2009-05-24,Royal Challengers Bangalore,New Wanderers Stadium,powerplay,36,1,36,6.0,6.0
419106,2010-03-12,Deccan Chargers,Dr DY Patil Sports Academy,death,28,3,30,5.0,5.6
419106,2010-03-12,Deccan Chargers,Dr DY Patil Sports Academy,middle,60,3,54,9.0,6.67
419106,2010-03-12,Deccan Chargers,Dr DY Patil Sports Academy,powerplay,62,1,36,6.0,10.33
419106,2010-03-12,Kolkata Knight Riders,Dr DY Patil Sports Academy,death,69,0,30,5.0,13.8
419106,2010-03-12,Kolkata Knight Riders,Dr DY Patil Sports Academy,middle,54,0,54,9.0,6.0
419106,2010-03-12,Kolkata Knight Riders,Dr DY Patil Sports Academy,powerplay,38,4,36,6.0,6.33
419107,2010-03-13,Mumbai Indians,Brabourne Stadium,death,53,4,30,5.0,10.6
419107,2010-03-13,Mumbai Indians,Brabourne Stadium,middle,90,2,54,9.0,10.0
419107,2010-03-13,Mumbai Indians,Brabourne Stadium,powerplay,69,1,36,6.0,11.5
419107,2010-03-13,Rajasthan Royals,Brabourne Stadium,death,65,3,30,5.0,13.0
419107,2010-03-13,Rajasthan Royals,Brabourne Stadium,middle,104,2,54,9.0,11.56
419107,2010-03-13,Rajasthan Royals,Brabourne Stadium,powerplay,39,2,36,6.0,6.5
419108,2010-03-13,Delhi Daredevils,"Punjab Cricket Association Stadium, Mohali",death,41,1,29,4.83,8.49
419108,2010-03-13,Delhi Daredevils,"Punjab Cricket Association Stadium, Mohali",middle,66,2,54,9.0,7.33
419108,2010-03-13,Delhi Daredevils,"Punjab Cricket Association Stadium, Mohali",powerplay,39,2,36,6.0,6.5
419108,2010-03-13,Kings XI Punjab,"Punjab Cricket Association Stadium, Mohali",death,29,3,30,5.0,5.8
419108,2010-03-13,Kings XI Punjab,"Punjab Cricket Association Stadium, Mohali",middle,69,3,54,9.0,7.67
419108,2010-03-13,Kings XI Punjab,"Punjab Cricket Association Stadium, Mohali",powerplay,44,3,36,6.0,7.33
419109,2010-03-14,Kolkata Knight Riders,Eden Gardens,death,20,1,26,4.33,4.62
419109,2010-03-14,Kolkata Knight Riders,Eden Gardens,middle,55,2,54,9.0,6.11
419109,2010-03-14,Kolkata Knight Riders,Eden Gardens,powerplay,61,0,36,6.0,10.17
419109,2010-03-14,Royal Challengers Bangalore,Eden Gardens,death,46,2,30,5.0,9.2
419109,2010-03-14,Royal Challengers Bangalore,Eden Gardens,middle,65,2,54,9.0,7.22
419109,2010-03-14,Royal Challengers Bangalore,Eden Gardens,powerplay,24,3,36,6.0,4.0
419110,2010-03-14,Chennai Super Kings,"MA Chidambaram Stadium, Chepauk",death,51,3,30,5.0,10.2
419110,2010-03-14,Chennai Super Kings,"MA Chidambaram Stadium, Chepauk",middle,74,2,54,9.0,8.22
419110,2010-03-14,Chennai Super Kings,"MA Chidambaram Stadium, Chepauk",powerplay,34,4,36,6.0,5.67
419110,2010-03-14,Deccan Chargers,"MA Chidambaram Stadium, Chepauk",death,63,2,30,5.0,12.6
419110,2010-03-14,Deccan Chargers,"MA Chidambaram Stadium, Chepauk",middle,70,0,54,9.0,7.78
419110,2010-03-14,Deccan Chargers,"MA Chidambaram Stadium, Chepauk",powerplay,57,2,36,6.0,9.5
419111,2010-03-15,Delhi Daredevils,"Sardar Patel Stadium, Motera",death,11,0,13,2.17,5.07
419111,2010-03-15,Delhi Daredevils,"Sardar Patel Stadium, Motera",middle,71,2,54,9.0,7.89
419111,2010-03-15,Delhi Daredevils,"Sardar Patel Stadium, Motera",powerplay,60,2,36,6.0,10.0
419111,2010-03-15,Rajasthan Royals,"Sardar Patel Stadium, Motera",death,50,2,30,5.0,10.0
419111,2010-03-15,Rajasthan Royals,"Sardar Patel Stadium, Motera",middle,44,1,54,9.0,4.89
419111,2010-03-15,Rajasthan Royals,"Sardar Patel Stadium, Motera",powerplay,47,3,36,6.0,7.83
419112,2010-03-16,Kings XI Punjab,M Chinnaswamy Stadium,death,70,2,30,5.0,14.0
419112,2010-03-16,Kings XI Punjab,M Chinnaswamy Stadium,middle,83,1,54,9.0,9.22
419112,2010-03-16,Kings XI Punjab,M Chinnaswamy Stadium,powerplay,50,0,36,6.0,8.33
419112,2010-03-16,Royal Challengers Bangalore,M Chinnaswamy Stadium,death,55,0,23,3.83,14.36
419112,2010-03-16,Royal Challengers Bangalore,M Chinnaswamy Stadium,middle,88,2,54,9.0,9.78
419112,2010-03-16,Royal Challengers Bangalore,M Chinnaswamy Stadium,powerplay,61,0,36,6.0,10.17
419113,2010-03-16,Chennai Super Kings,Eden Gardens,death,68,0,30,5.0,13.6
419113,2010-03-16,Chennai Super Kings,Eden Gardens,middle,65,2,54,9.0,7.22
419113,2010-03-16,Chennai Super Kings,Eden Gardens,powerplay,31,1,36,6.0,5.17
419113,2010-03-16,Kolkata Knight Riders,Eden Gardens,death,19,1,26,4.33,4.39
419113,2010-03-16,Kolkata Knight Riders,Eden Gardens,middle,45,6,54,9.0,5.0
419113,2010-03-16,Kolkata Knight Riders,Eden Gardens,powerplay,45,3,36,6.0,7.5
419114,2010-03-17,Delhi Daredevils,Feroz Shah Kotla,death,1,1,9,1.5,0.67
419114,2010-03-17,Delhi Daredevils,Feroz Shah Kotla,middle,63,7,54,9.0,7.0
419114,2010-03-17,Delhi Daredevils,Feroz Shah Kotla,powerplay,56,1,36,6.0,9.33
419114,2010-03-17,Mumbai Indians,Feroz Shah Kotla,death,53,4,30,5.0,10.6
419114,2010-03-17,Mumbai Indians,Feroz Shah Kotla,middle,98,2,54,9.0,10.89
419114,2010-03-17,Mumbai Indians,Feroz Shah Kotla,powerplay,67,1,36,6.0,11.17
419115,2010-03-18,Rajasthan Royals,M Chinnaswamy Stadium,death,14,6,29,4.83,2.9
419115,2010-03-18,Rajasthan Royals,M Chinnaswamy Stadium,middle,47,3,54,9.0,5.22
419115,2010-03-18,Rajasthan Royals,M Chinnaswamy Stadium,powerplay,31,1,36,6.0,5.17
419115,2010-03-18,Royal Challengers Bangalore,M Chinnaswamy Stadium,death,0,0,0,0.0,0.0
419115,2010-03-18,Royal Challengers Bangalore,M Chinnaswamy Stadium,middle,34,0,28,4.67,7.28
419115,2010-03-18,Royal Challengers Bangalore,M Chinnaswamy Stadium,powerplay,59,0,36,6.0,9.83
419116,2010-03-19,Chennai Super Kings,Feroz Shah Kotla,death,37,2,25,4.17,8.87
419116,2010-03-19,Chennai Super Kings,Feroz Shah Kotla,middle,97,2,54,9.0,10.78
419116,2010-03-19,Chennai Super Kings,Feroz Shah Kotla,powerplay,56,1,36,6.0,9.33
419116,2010-03-19,Delhi Daredevils,Feroz Shah Kotla,death,46,2,30,5.0,9.2
419116,2010-03-19,Delhi Daredevils,Feroz Shah Kotla,middle,87,3,54,9.0,9.67
419116,2010-03-19,Delhi Daredevils,Feroz Shah Kotla,powerplay,52,1,36,6.0,8.67
419117,2010-03-19,Deccan Chargers,Barabati Stadium,death,45,3,30,5.0,9.0
419117,2010-03-19,Deccan Chargers,Barabati Stadium,middle,69,3,54,9.0,7.67
419117,2010-03-19,Deccan Chargers,Barabati Stadium,powerplay,56,2,36,6.0,9.33
419117,2010-03-19,Kings XI Punjab,Barabati Stadium,death,66,2,30,5.0,13.2
419117,2010-03-19,Kings XI Punjab,Barabati Stadium,middle,71,3,54,9.0,7.89
419117,2010-03-19,Kings XI Punjab,Barabati Stadium,powerplay,27,3,36,6.0,4.5
419118,2010-03-20,Kolkata Knight Riders,"Sardar Patel Stadium, Motera",death,35,2,30,5.0,7.0
419118,2010-03-20,Kolkata Knight Riders,"Sardar Patel Stadium, Motera",middle,61,2,54,9.0,6.78
419118,2010-03-20,Kolkata Knight Riders,"Sardar Patel Stadium, Motera",powerplay,38,1,36,6.0,6.33
419118,2010-03-20,Rajasthan Royals,"Sardar Patel Stadium, Motera",death,44,3,30,5.0,8.8
419118,2010-03-20,Rajasthan Royals,"Sardar Patel Stadium, Motera",middle,68,2,54,9.0,7.56
419118,2010-03-20,Rajasthan Royals,"Sardar Patel Stadium, Motera",powerplay,56,2,36,6.0,9.33
419119,2010-03-20,Mumbai Indians,Brabourne Stadium,death,49,3,30,5.0,9.8
419119,2010-03-20,Mumbai Indians,Brabourne Stadium,middle,57,4,54,9.0,6.33
419119,2010-03-20,Mumbai Indians,Brabourne Stadium,powerplay,45,2,36,6.0,7.5
419119,2010-03-20,Royal Challengers Bangalore,Brabourne Stadium,death,38,1,25,4.17,9.11
419119,2010-03-20,Royal Challengers Bangalore,Brabourne Stadium,middle,62,2,54,9.0,6.89
419119,2010-03-20,Royal Challengers Bangalore,Brabourne Stadium,powerplay,55,0,36,6.0,9.17
419120,2010-03-21,Deccan Chargers,Barabati Stadium,death,56,2,30,5.0,11.2
419120,2010-03-21,Deccan Chargers,Barabati Stadium,middle,68,2,54,9.0,7.56
419120,2010-03-21,Deccan Chargers,Barabati Stadium,powerplay,47,2,36,6.0,7.83
419120,2010-03-21,Delhi Daredevils,Barabati Stadium,death,45,5,30,5.0,9.0
419120,2010-03-21,Delhi Daredevils,Barabati Stadium,middle,68,3,54,9.0,7.56
419120,2010-03-21,Delhi Daredevils,Barabati Stadium,powerplay,48,1,36,6.0,8.0
419121,2010-03-21,Chennai Super Kings,"MA Chidambaram Stadium, Chepauk",death,27,3,30,5.0,5.4
419121,2010-03-21,Chennai Super Kings,"MA Chidambaram Stadium, Chepauk",death,0,0,0,0.0,0.0
419121,2010-03-21,Chennai Super Kings,"MA Chidambaram Stadium, Chepauk",middle,67,4,54,9.0,7.44
419121,2010-03-21,Chennai Super Kings,"MA Chidambaram Stadium, Chepauk",middle,0,0,0,0.0,0.0
419121,2010-03-21,Chennai Super Kings,"MA Chidambaram Stadium, Chepauk",powerplay,42,0,36,6.0,7.0
419121,2010-03-21,Chennai Super Kings,"MA Chidambaram Stadium, Chepauk",powerplay,9,2,5,0.83,10.84
419121,2010-03-21,Kings XI Punjab,"MA Chidambaram Stadium, Chepauk",death,38,4,30,5.0,7.6
419121,2010-03-21,Kings XI Punjab,"MA Chidambaram Stadium, Chepauk",death,0,0,0,0.0,0.0
419121,2010-03-21,Kings XI Punjab,"MA Chidambaram Stadium, Chepauk",middle,60,3,54,9.0,6.67
419121,2010-03-21,Kings XI Punjab,"MA Chidambaram Stadium, Chepauk",middle,0,0,0,0.0,0.0
419121,2010-03-21,Kings XI Punjab,"MA Chidambaram Stadium, Chepauk",powerplay,38,1,36,6.0,6.33
419121,2010-03-21,Kings XI Punjab,"MA Chidambaram Stadium, Chepauk",powerplay,10,1,4,0.67,14.93
419122,2010-03-22,Kolkata Knight Riders,Brabourne Stadium,death,53,2,30,5.0,10.6
419122,2010-03-22,Kolkata Knight Riders,Brabourne Stadium,middle,61,1,54,9.0,6.78
419122,2010-03-22,Kolkata Knight Riders,Brabourne Stadium,powerplay,41,0,36,6.0,6.83
419122,2010-03-22,Mumbai Indians,Brabourne Stadium,death,34,1,21,3.5,9.71
419122,2010-03-22,Mumbai Indians,Brabourne Stadium,middle,65,2,54,9.0,7.22
419122,2010-03-22,Mumbai Indians,Brabourne Stadium,powerplay,57,0,36,6.0,9.5
419123,2010-03-23,Chennai Super Kings,M Chinnaswamy Stadium,death,40,2,30,5.0,8.0
419123,2010-03-23,Chennai Super Kings,M Chinnaswamy Stadium,middle,66,4,54,9.0,7.33
419123,2010-03-23,Chennai Super Kings,M Chinnaswamy Stadium,powerplay,29,1,36,6.0,4.83
419123,2010-03-23,Royal Challengers Bangalore,M Chinnaswamy Stadium,death,67,2,30,5.0,13.4
419123,2010-03-23,Royal Challengers Bangalore,M Chinnaswamy Stadium,middle,66,2,54,9.0,7.33
419123,2010-03-23,Royal Challengers Bangalore,M Chinnaswamy Stadium,powerplay,38,1,36,6.0,6.33
419124,2010-03-24,Kings XI Punjab,"Punjab Cricket Association Stadium, Mohali",death,25,4,25,4.17,6.0
419124,2010-03-24,Kings XI Punjab,"Punjab Cricket Association Stadium, Mohali",middle,51,5,54,9.0,5.67
419124,2010-03-24,Kings XI Punjab,"Punjab Cricket Association Stadium, Mohali",powerplay,76,1,36,6.0,12.67
419124,2010-03-24,Rajasthan Royals,"Punjab Cricket Association Stadium, Mohali",death,50,2,30,5.0,10.0
419124,2010-03-24,Rajasthan Royals,"Punjab Cricket Association Stadium, Mohali",middle,80,2,54,9.0,8.89
419124,2010-03-24,Rajasthan Royals,"Punjab Cricket Association Stadium, Mohali",powerplay,53,1,36,6.0,8.83
419125,2010-03-25,Chennai Super Kings,"Brabourne Stadium, Mumbai",death,54,0,30,5.0,10.8
419125,2010-03-25,Chennai Super Kings,"Brabourne Stadium, Mumbai",middle,75,0,54,9.0,8.33
419125,2010-03-25,Chennai Super Kings,"Brabourne Stadium, Mumbai",powerplay,51,2,36,6.0,8.5
419125,2010-03-25,Mumbai Indians,"Brabourne Stadium, Mumbai",death,48,2,24,4.0,12.0
419125,2010-03-25,Mumbai Indians,"Brabourne Stadium, Mumbai",middle,70,3,54,9.0,7.78
419125,2010-03-25,Mumbai Indians,"Brabourne Stadium, Mumbai",powerplay,63,0,36,6.0,10.5
419128,2010-03-25,Delhi Daredevils,M Chinnaswamy Stadium,death,55,1,30,5.0,11.0
419128,2010-03-25,Delhi Daredevils,M Chinnaswamy Stadium,middle,64,1,54,9.0,7.11
419128,2010-03-25,Delhi Daredevils,M Chinnaswamy Stadium,powerplay,64,2,36,6.0,10.67
419128,2010-03-25,Royal Challengers Bangalore,M Chinnaswamy Stadium,death,45,4,30,5.0,9.0
419128,2010-03-25,Royal Challengers Bangalore,M Chinnaswamy Stadium,middle,75,5,54,9.0,8.33
419128,2010-03-25,Royal Challengers Bangalore,M Chinnaswamy Stadium,powerplay,46,0,36,6.0,7.67
419126,2010-03-26,Deccan Chargers,"Sardar Patel Stadium, Motera",death,40,3,30,5.0,8.0
419126,2010-03-26,Deccan Chargers,"Sardar Patel Stadium, Motera",middle,53,4,54,9.0,5.89
419126,2010-03-26,Deccan Chargers,"Sardar Patel Stadium, Motera",powerplay,55,2,36,6.0,9.17
419126,2010-03-26,Rajasthan Royals,"Sardar Patel Stadium, Motera",death,12,0,4,0.67,17.91
419126,2010-03-26,Rajasthan Royals,"Sardar Patel Stadium, Motera",middle,85,2,54,9.0,9.44
419126,2010-03-26,Rajasthan Royals,"Sardar Patel Stadium, Motera",powerplay,54,0,36,6.0,9.0
419127,2010-03-27,Kings XI Punjab,"Punjab Cricket Association Stadium, Mohali",death,42,1,30,5.0,8.4
419127,2010-03-27,Kings XI Punjab,"Punjab Cricket Association Stadium, Mohali",middle,60,3,54,9.0,6.67
419127,2010-03-27,Kings XI Punjab,"Punjab Cricket Association Stadium, Mohali",powerplay,42,2,36,6.0,7.0
419127,2010-03-27,Kolkata Knight Riders,"Punjab Cricket Association Stadium, Mohali",death,57,2,30,5.0,11.4
419127,2010-03-27,Kolkata Knight Riders,"Punjab Cricket Association Stadium, Mohali",middle,76,1,54,9.0,8.44
419127,2010-03-27,Kolkata Knight Riders,"Punjab Cricket Association Stadium, Mohali",powerplay,50,2,36,6.0,8.33
419129,2010-03-28,Chennai Super Kings,"Sardar Patel Stadium, Motera",death,41,3,30,5.0,8.2
419129,2010-03-28,Chennai Super Kings,"Sardar Patel Stadium, Motera",middle,61,2,54,9.0,6.78
419129,2010-03-28,Chennai Super Kings,"Sardar Patel Stadium, Motera",powerplay,58,1,36,6.0,9.67
419129,2010-03-28,Rajasthan Royals,"Sardar Patel Stadium, Motera",death,48,5,30,5.0,9.6
419129,2010-03-28,Rajasthan Royals,"Sardar Patel Stadium, Motera",middle,71,2,54,9.0,7.89
419129,2010-03-28,Rajasthan Royals,"Sardar Patel Stadium, Motera",powerplay,58,1,36,6.0,9.67
419130,2010-03-28,Deccan Chargers,Dr DY Patil Sports Academy,death,9,3,16,2.67,3.37
419130,2010-03-28,Deccan Chargers,Dr DY Patil Sports Academy,middle,72,3,54,9.0,8.0
419130,2010-03-28,Deccan Chargers,Dr DY Patil Sports Academy,powerplay,50,4,36,6.0,8.33
419130,2010-03-28,Mumbai Indians,Dr DY Patil Sports Academy,death,72,1,30,5.0,14.4
419130,2010-03-28,Mumbai Indians,Dr DY Patil Sports Academy,middle,48,5,54,9.0,5.33
419130,2010-03-28,Mumbai Indians,Dr DY Patil Sports Academy,powerplay,52,1,36,6.0,8.67
419131,2010-03-29,Delhi Daredevils,Feroz Shah Kotla,death,42,1,30,5.0,8.4
419131,2010-03-29,Delhi Daredevils,Feroz Shah Kotla,middle,73,0,54,9.0,8.11
419131,2010-03-29,Delhi Daredevils,Feroz Shah Kotla,powerplay,62,3,36,6.0,10.33
419131,2010-03-29,Kolkata Knight Riders,Feroz Shah Kotla,death,39,4,30,5.0,7.8
419131,2010-03-29,Kolkata Knight Riders,Feroz Shah Kotla,middle,62,2,54,9.0,6.89
419131,2010-03-29,Kolkata Knight Riders,Feroz Shah Kotla,powerplay,36,3,36,6.0,6.0
419132,2010-03-30,Kings XI Punjab,Brabourne Stadium,death,45,6,30,5.0,9.0
419132,2010-03-30,Kings XI Punjab,Brabourne Stadium,middle,70,2,54,9.0,7.78
419132,2010-03-30,Kings XI Punjab,Brabourne Stadium,powerplay,48,2,36,6.0,8.0
419132,2010-03-30,Mumbai Indians,Brabourne Stadium,death,46,3,27,4.5,10.22
419132,2010-03-30,Mumbai Indians,Brabourne Stadium,middle,73,2,54,9.0,8.11
419132,2010-03-30,Mumbai Indians,Brabourne Stadium,powerplay,45,1,36,6.0,7.5
419133,2010-03-31,Chennai Super Kings,"MA Chidambaram Stadium, Chepauk",death,37,3,23,3.83,9.66
419133,2010-03-31,Chennai Super Kings,"MA Chidambaram Stadium, Chepauk",middle,69,2,54,9.0,7.67
419133,2010-03-31,Chennai Super Kings,"MA Chidambaram Stadium, Chepauk",powerplay,56,0,36,6.0,9.33
419133,2010-03-31,Royal Challengers Bangalore,"MA Chidambaram Stadium, Chepauk",death,44,2,30,5.0,8.8
419133,2010-03-31,Royal Challengers Bangalore,"MA Chidambaram Stadium, Chepauk",middle,65,1,54,9.0,7.22
419133,2010-03-31,Royal Challengers Bangalore,"MA Chidambaram Stadium, Chepauk",powerplay,52,1,36,6.0,8.67
419134,2010-03-31,Delhi Daredevils,Feroz Shah Kotla,death,68,2,30,5.0,13.6
419134,2010-03-31,Delhi Daredevils,Feroz Shah Kotla,middle,68,1,54,9.0,7.56
419134,2010-03-31,Delhi Daredevils,Feroz Shah Kotla,powerplay,52,3,36,6.0,8.67
419134,2010-03-31,Rajasthan Royals,Feroz Shah Kotla,death,14,2,16,2.67,5.24
419134,2010-03-31,Rajasthan Royals,Feroz Shah Kotla,middle,68,4,54,9.0,7.56
419134,2010-03-31,Rajasthan Royals,Feroz Shah Kotla,powerplay,39,4,36,6.0,6.5
419135,2010-04-01,Deccan Chargers,Eden Gardens,death,32,2,30,5.0,6.4
419135,2010-04-01,Deccan Chargers,Eden Gardens,middle,66,2,54,9.0,7.33
419135,2010-04-01,Deccan Chargers,Eden Gardens,powerplay,59,1,36,6.0,9.83
419135,2010-04-01,Kolkata Knight Riders,Eden Gardens,death,65,3,30,5.0,13.0
419135,2010-04-01,Kolkata Knight Riders,Eden Gardens,middle,70,1,54,9.0,7.78
419135,2010-04-01,Kolkata Knight Riders,Eden Gardens,powerplay,46,2,36,6.0,7.67
419136,2010-04-02,Kings XI Punjab,"Punjab Cricket Association Stadium, Mohali",death,62,2,30,5.0,12.4
419136,2010-04-02,Kings XI Punjab,"Punjab Cricket Association Stadium, Mohali",middle,78,2,54,9.0,8.67
419136,2010-04-02,Kings XI Punjab,"Punjab Cricket Association Stadium, Mohali",powerplay,41,1,36,6.0,6.83
419136,2010-04-02,Royal Challengers Bangalore,"Punjab Cricket Association Stadium, Mohali",death,62,2,25,4.17,14.87
419136,2010-04-02,Royal Challengers Bangalore,"Punjab Cricket Association Stadium, Mohali",middle,71,1,54,9.0,7.89
419136,2010-04-02,Royal Challengers Bangalore,"Punjab Cricket Association Stadium, Mohali",powerplay,51,1,36,6.0,8.5
419137,2010-04-03,Chennai Super Kings,"MA Chidambaram Stadium, Chepauk",death,76,3,30,5.0,15.2
419137,2010-04-03,Chennai Super Kings,"MA Chidambaram Stadium, Chepauk",middle,104,1,54,9.0,11.56
419137,2010-04-03,Chennai Super Kings,"MA Chidambaram Stadium, Chepauk",powerplay,66,1,36,6.0,11.0
419137,2010-04-03,Rajasthan Royals,"MA Chidambaram Stadium, Chepauk",death,48,3,30,5.0,9.6
419137,2010-04-03,Rajasthan Royals,"MA Chidambaram Stadium, Chepauk",middle,113,2,54,9.0,12.56
419137,2010-04-03,Rajasthan Royals,"MA Chidambaram Stadium, Chepauk",powerplay,62,0,36,6.0,10.33
419138,2010-04-03,Deccan Chargers,Brabourne Stadium,death,17,4,20,3.33,5.11
419138,2010-04-03,Deccan Chargers,Brabourne Stadium,middle,58,4,54,9.0,6.44
419138,2010-04-03,Deccan Chargers,Brabourne Stadium,powerplay,40,2,36,6.0,6.67
419138,2010-04-03,Mumbai Indians,Brabourne Stadium,death,64,2,30,5.0,12.8
419138,2010-04-03,Mumbai Indians,Brabourne Stadium,middle,61,3,54,9.0,6.78
419138,2010-04-03,Mumbai Indians,Brabourne Stadium,powerplay,53,0,36,6.0,8.83
419139,2010-04-04,Kings XI Punjab,Eden Gardens,death,48,0,20,3.33,14.41
419139,2010-04-04,Kings XI Punjab,Eden Gardens,middle,87,1,54,9.0,9.67
419139,2010-04-04,Kings XI Punjab,Eden Gardens,powerplay,69,1,36,6.0,11.5
419139,2010-04-04,Kolkata Knight Riders,Eden Gardens,death,51,2,30,5.0,10.2
419139,2010-04-04,Kolkata Knight Riders,Eden Gardens,middle,96,1,54,9.0,10.67
419139,2010-04-04,Kolkata Knight Riders,Eden Gardens,powerplay,53,0,36,6.0,8.83
419140,2010-04-04,Delhi Daredevils,Feroz Shah Kotla,death,59,0,30,5.0,11.8
419140,2010-04-04,Delhi Daredevils,Feroz Shah Kotla,middle,71,3,54,9.0,7.89
419140,2010-04-04,Delhi Daredevils,Feroz Shah Kotla,powerplay,54,2,36,6.0,9.0
419140,2010-04-04,Royal Challengers Bangalore,Feroz Shah Kotla,death,36,5,30,5.0,7.2
419140,2010-04-04,Royal Challengers Bangalore,Feroz Shah Kotla,middle,73,3,54,9.0,8.11
419140,2010-04-04,Royal Challengers Bangalore,Feroz Shah Kotla,powerplay,38,1,36,6.0,6.33
419141,2010-04-05,Deccan Chargers,"Vidarbha Cricket Association Stadium, Jamtha",death,39,6,29,4.83,8.07
419141,2010-04-05,Deccan Chargers,"Vidarbha Cricket Association Stadium, Jamtha",middle,66,2,54,9.0,7.33
419141,2010-04-05,Deccan Chargers,"Vidarbha Cricket Association Stadium, Jamtha",powerplay,52,2,36,6.0,8.67
419141,2010-04-05,Rajasthan Royals,"Vidarbha Cricket Association Stadium, Jamtha",death,31,6,29,4.83,6.42
419141,2010-04-05,Rajasthan Royals,"Vidarbha Cricket Association Stadium, Jamtha",middle,80,2,54,9.0,8.89
419141,2010-04-05,Rajasthan Royals,"Vidarbha Cricket Association Stadium, Jamtha",powerplay,48,2,36,6.0,8.0
419142,2010-04-06,Chennai Super Kings,"MA Chidambaram Stadium, Chepauk",death,41,0,30,5.0,8.2
419142,2010-04-06,Chennai Super Kings,"MA Chidambaram Stadium, Chepauk",middle,82,3,54,9.0,9.11
419142,2010-04-06,Chennai Super Kings,"MA Chidambaram Stadium, Chepauk",powerplay,42,1,36,6.0,7.0
419142,2010-04-06,Mumbai Indians,"MA Chidambaram Stadium, Chepauk",death,49,2,30,5.0,9.8
419142,2010-04-06,Mumbai Indians,"MA Chidambaram Stadium, Chepauk",middle,46,7,54,9.0,5.11
419142,2010-04-06,Mumbai Indians,"MA Chidambaram Stadium, Chepauk",powerplay,46,0,36,6.0,7.67
419143,2010-04-07,Kings XI Punjab,Sawai Mansingh Stadium,death,27,2,30,5.0,5.4
419143,2010-04-07,Kings XI Punjab,Sawai Mansingh Stadium,middle,74,3,54,9.0,8.22
419143,2010-04-07,Kings XI Punjab,Sawai Mansingh Stadium,powerplay,52,1,36,6.0,8.67
419143,2010-04-07,Rajasthan Royals,Sawai Mansingh Stadium,death,0,0,0,0.0,0.0
419143,2010-04-07,Rajasthan Royals,Sawai Mansingh Stadium,middle,87,1,54,9.0,9.67
419143,2010-04-07,Rajasthan Royals,Sawai Mansingh Stadium,powerplay,70,0,36,6.0,11.67
419144,2010-04-07,Delhi Daredevils,Eden Gardens,death,32,4,30,5.0,6.4
419144,2010-04-07,Delhi Daredevils,Eden Gardens,middle,91,3,54,9.0,10.11
419144,2010-04-07,Delhi Daredevils,Eden Gardens,powerplay,44,1,36,6.0,7.33
419144,2010-04-07,Kolkata Knight Riders,Eden Gardens,death,55,0,30,5.0,11.0
419144,2010-04-07,Kolkata Knight Riders,Eden Gardens,middle,76,3,54,9.0,8.44
419144,2010-04-07,Kolkata Knight Riders,Eden Gardens,powerplay,50,0,36,6.0,8.33
419145,2010-04-08,Deccan Chargers,M Chinnaswamy Stadium,death,61,0,26,4.33,14.09
419145,2010-04-08,Deccan Chargers,M Chinnaswamy Stadium,middle,93,2,54,9.0,10.33
419145,2010-04-08,Deccan Chargers,M Chinnaswamy Stadium,powerplay,32,1,36,6.0,5.33
419145,2010-04-08,Royal Challengers Bangalore,M Chinnaswamy Stadium,death,77,2,30,5.0,15.4
419145,2010-04-08,Royal Challengers Bangalore,M Chinnaswamy Stadium,middle,61,3,54,9.0,6.78
419145,2010-04-08,Royal Challengers Bangalore,M Chinnaswamy Stadium,powerplay,46,1,36,6.0,7.67
419146,2010-04-09,Kings XI Punjab,"Punjab Cricket Association Stadium, Mohali",death,42,2,26,4.33,9.7
419146,2010-04-09,Kings XI Punjab,"Punjab Cricket Association Stadium, Mohali",middle,60,1,54,9.0,6.67
419146,2010-04-09,Kings XI Punjab,"Punjab Cricket Association Stadium, Mohali",powerplay,56,1,36,6.0,9.33
419146,2010-04-09,Mumbai Indians,"Punjab Cricket Association Stadium, Mohali",death,45,4,30,5.0,9.0
419146,2010-04-09,Mumbai Indians,"Punjab Cricket Association Stadium, Mohali",middle,58,3,54,9.0,6.44
419146,2010-04-09,Mumbai Indians,"Punjab Cricket Association Stadium, Mohali",powerplay,51,2,36,6.0,8.5
419147,2010-04-10,Chennai Super Kings,"Vidarbha Cricket Association Stadium, Jamtha",death,28,4,30,5.0,5.6
419147,2010-04-10,Chennai Super Kings,"Vidarbha Cricket Association Stadium, Jamtha",middle,55,3,54,9.0,6.11
419147,2010-04-10,Chennai Super Kings,"Vidarbha Cricket Association Stadium, Jamtha",powerplay,55,1,36,6.0,9.17
419147,2010-04-10,Deccan Chargers,"Vidarbha Cricket Association Stadium, Jamtha",death,37,1,25,4.17,8.87
419147,2010-04-10,Deccan Chargers,"Vidarbha Cricket Association Stadium, Jamtha",middle,65,1,54,9.0,7.22
419147,2010-04-10,Deccan Chargers,"Vidarbha Cricket Association Stadium, Jamtha",powerplay,37,2,36,6.0,6.17
419148,2010-04-10,Kolkata Knight Riders,M Chinnaswamy Stadium,death,36,5,30,5.0,7.2
419148,2010-04-10,Kolkata Knight Riders,M Chinnaswamy Stadium,middle,63,3,54,9.0,7.0
419148,2010-04-10,Kolkata Knight Riders,M Chinnaswamy Stadium,powerplay,61,1,36,6.0,10.17
419148,2010-04-10,Royal Challengers Bangalore,M Chinnaswamy Stadium,death,42,0,13,2.17,19.35
419148,2010-04-10,Royal Challengers Bangalore,M Chinnaswamy Stadium,middle,72,2,54,9.0,8.0
419148,2010-04-10,Royal Challengers Bangalore,M Chinnaswamy Stadium,powerplay,48,1,36,6.0,8.0
419149,2010-04-11,Delhi Daredevils,Feroz Shah Kotla,death,30,3,28,4.67,6.42
419149,2010-04-11,Delhi Daredevils,Feroz Shah Kotla,middle,36,4,54,9.0,4.0
419149,2010-04-11,Delhi Daredevils,Feroz Shah Kotla,powerplay,45,3,36,6.0,7.5
419149,2010-04-11,Kings XI Punjab,Feroz Shah Kotla,death,24,1,22,3.67,6.54
419149,2010-04-11,Kings XI Punjab,Feroz Shah Kotla,middle,49,2,54,9.0,5.44
419149,2010-04-11,Kings XI Punjab,Feroz Shah Kotla,powerplay,39,0,36,6.0,6.5
419150,2010-04-11,Mumbai Indians,Sawai Mansingh Stadium,death,68,1,30,5.0,13.6
419150,2010-04-11,Mumbai Indians,Sawai Mansingh Stadium,middle,59,1,54,9.0,6.56
419150,2010-04-11,Mumbai Indians,Sawai Mansingh Stadium,powerplay,47,3,36,6.0,7.83
419150,2010-04-11,Rajasthan Royals,Sawai Mansingh Stadium,death,48,1,30,5.0,9.6
419150,2010-04-11,Rajasthan Royals,Sawai Mansingh Stadium,middle,55,4,54,9.0,6.11
419150,2010-04-11,Rajasthan Royals,Sawai Mansingh Stadium,powerplay,34,3,36,6.0,5.67
419151,2010-04-12,Deccan Chargers,"Vidarbha Cricket Association Stadium, Jamtha",death,40,2,30,5.0,8.0
419151,2010-04-12,Deccan Chargers,"Vidarbha Cricket Association Stadium, Jamtha",middle,76,1,54,9.0,8.44
419151,2010-04-12,Deccan Chargers,"Vidarbha Cricket Association Stadium, Jamtha",powerplay,35,3,36,6.0,5.83
419151,2010-04-12,Royal Challengers Bangalore,"Vidarbha Cricket Association Stadium, Jamtha",death,36,6,28,4.67,7.71
419151,2010-04-12,Royal Challengers Bangalore,"Vidarbha Cricket Association Stadium, Jamtha",middle,64,3,54,9.0,7.11
419151,2010-04-12,Royal Challengers Bangalore,"Vidarbha Cricket Association Stadium, Jamtha",powerplay,38,1,36,6.0,6.33
419152,2010-04-13,Delhi Daredevils,Brabourne Stadium,death,36,1,30,5.0,7.2
419152,2010-04-13,Delhi Daredevils,Brabourne Stadium,middle,39,5,54,9.0,4.33
419152,2010-04-13,Delhi Daredevils,Brabourne Stadium,powerplay,69,1,36,6.0,11.5
419152,2010-04-13,Mumbai Indians,Brabourne Stadium,death,75,1,30,5.0,15.0
419152,2010-04-13,Mumbai Indians,Brabourne Stadium,middle,64,2,54,9.0,7.11
419152,2010-04-13,Mumbai Indians,Brabourne Stadium,powerplay,44,1,36,6.0,7.33
419153,2010-04-13,Chennai Super Kings,"MA Chidambaram Stadium, Chepauk",death,0,0,0,0.0,0.0
419153,2010-04-13,Chennai Super Kings,"MA Chidambaram Stadium, Chepauk",middle,76,0,45,7.5,10.13
419153,2010-04-13,Chennai Super Kings,"MA Chidambaram Stadium, Chepauk",powerplay,67,1,36,6.0,11.17
419153,2010-04-13,Kolkata Knight Riders,"MA Chidambaram Stadium, Chepauk",death,46,3,30,5.0,9.2
419153,2010-04-13,Kolkata Knight Riders,"MA Chidambaram Stadium, Chepauk",middle,71,1,54,9.0,7.89
419153,2010-04-13,Kolkata Knight Riders,"MA Chidambaram Stadium, Chepauk",powerplay,22,4,36,6.0,3.67
419154,2010-04-14,Rajasthan Royals,Sawai Mansingh Stadium,death,43,0,30,5.0,8.6
419154,2010-04-14,Rajasthan Royals,Sawai Mansingh Stadium,middle,57,3,54,9.0,6.33
419154,2010-04-14,Rajasthan Royals,Sawai Mansingh Stadium,powerplay,30,3,36,6.0,5.0
419154,2010-04-14,Royal Challengers Bangalore,Sawai Mansingh Stadium,death,8,0,4,0.67,11.94
419154,2010-04-14,Royal Challengers Bangalore,Sawai Mansingh Stadium,middle,65,3,54,9.0,7.22
419154,2010-04-14,Royal Challengers Bangalore,Sawai Mansingh Stadium,powerplay,59,2,36,6.0,9.83
419155,2010-04-15,Chennai Super Kings,"MA Chidambaram Stadium, Chepauk",death,38,2,31,5.17,7.35
419155,2010-04-15,Chennai Super Kings,"MA Chidambaram Stadium, Chepauk",middle,35,4,54,9.0,3.89
419155,2010-04-15,Chennai Super Kings,"MA Chidambaram Stadium, Chepauk",powerplay,39,3,36,6.0,6.5
419155,2010-04-15,Delhi Daredevils,"MA Chidambaram Stadium, Chepauk",death,33,0,22,3.67,8.99
419155,2010-04-15,Delhi Daredevils,"MA Chidambaram Stadium, Chepauk",middle,47,1,54,9.0,5.22
419155,2010-04-15,Delhi Daredevils,"MA Chidambaram Stadium, Chepauk",powerplay,33,3,36,6.0,5.5
419156,2010-04-16,Deccan Chargers,Himachal Pradesh Cricket Association Stadium,death,47,1,25,4.17,11.27
419156,2010-04-16,Deccan Chargers,Himachal Pradesh Cricket Association Stadium,middle,86,3,54,9.0,9.56
419156,2010-04-16,Deccan Chargers,Himachal Pradesh Cricket Association Stadium,powerplay,45,1,36,6.0,7.5
419156,2010-04-16,Kings XI Punjab,Himachal Pradesh Cricket Association Stadium,death,76,1,30,5.0,15.2
419156,2010-04-16,Kings XI Punjab,Himachal Pradesh Cricket Association Stadium,middle,55,1,54,9.0,6.11
419156,2010-04-16,Kings XI Punjab,Himachal Pradesh Cricket Association Stadium,powerplay,43,1,36,6.0,7.17
419157,2010-04-17,Mumbai Indians,M Chinnaswamy Stadium,death,53,2,30,5.0,10.6
419157,2010-04-17,Mumbai Indians,M Chinnaswamy Stadium,middle,104,1,54,9.0,11.56
419157,2010-04-17,Mumbai Indians,M Chinnaswamy Stadium,powerplay,34,1,36,6.0,5.67
419157,2010-04-17,Royal Challengers Bangalore,M Chinnaswamy Stadium,death,36,3,30,5.0,7.2
419157,2010-04-17,Royal Challengers Bangalore,M Chinnaswamy Stadium,middle,64,4,54,9.0,7.11
419157,2010-04-17,Royal Challengers Bangalore,M Chinnaswamy Stadium,powerplay,34,2,36,6.0,5.67
419158,2010-04-17,Kolkata Knight Riders,Eden Gardens,death,15,0,7,1.17,12.82
419158,2010-04-17,Kolkata Knight Riders,Eden Gardens,middle,76,0,54,9.0,8.44
419158,2010-04-17,Kolkata Knight Riders,Eden Gardens,powerplay,42,2,36,6.0,7.0
419158,2010-04-17,Rajasthan Royals,Eden Gardens,death,31,4,30,5.0,6.2
419158,2010-04-17,Rajasthan Royals,Eden Gardens,middle,55,5,54,9.0,6.11
419158,2010-04-17,Rajasthan Royals,Eden Gardens,powerplay,46,0,36,6.0,7.67
419159,2010-04-18,Chennai Super Kings,Himachal Pradesh Cricket Association Stadium,death,65,1,28,4.67,13.92
419159,2010-04-18,Chennai Super Kings,Himachal Pradesh Cricket Association Stadium,middle,81,1,54,9.0,9.0
419159,2010-04-18,Chennai Super Kings,Himachal Pradesh Cricket Association Stadium,powerplay,49,2,36,6.0,8.17
419159,2010-04-18,Kings XI Punjab,Himachal Pradesh Cricket Association Stadium,death,61,0,30,5.0,12.2
419159,2010-04-18,Kings XI Punjab,Himachal Pradesh Cricket Association Stadium,middle,82,2,54,9.0,9.11
419159,2010-04-18,Kings XI Punjab,Himachal Pradesh Cricket Association Stadium,powerplay,49,1,36,6.0,8.17
419160,2010-04-18,Deccan Chargers,Feroz Shah Kotla,death,28,2,30,5.0,5.6
419160,2010-04-18,Deccan Chargers,Feroz Shah Kotla,middle,79,3,54,9.0,8.78
419160,2010-04-18,Deccan Chargers,Feroz Shah Kotla,powerplay,38,2,36,6.0,6.33
419160,2010-04-18,Delhi Daredevils,Feroz Shah Kotla,death,48,1,30,5.0,9.6
419160,2010-04-18,Delhi Daredevils,Feroz Shah Kotla,middle,47,3,54,9.0,5.22
419160,2010-04-18,Delhi Daredevils,Feroz Shah Kotla,powerplay,39,3,36,6.0,6.5
419161,2010-04-19,Kolkata Knight Riders,Eden Gardens,death,28,0,15,2.5,11.2
419161,2010-04-19,Kolkata Knight Riders,Eden Gardens,middle,63,1,54,9.0,7.0
419161,2010-04-19,Kolkata Knight Riders,Eden Gardens,powerplay,44,0,36,6.0,7.33
419161,2010-04-19,Mumbai Indians,Eden Gardens,death,47,4,30,5.0,9.4
419161,2010-04-19,Mumbai Indians,Eden Gardens,middle,44,2,54,9.0,4.89
419161,2010-04-19,Mumbai Indians,Eden Gardens,powerplay,42,2,36,6.0,7.0
419162,2010-04-21,Mumbai Indians,Dr DY Patil Sports Academy,death,77,1,30,5.0,15.4
419162,2010-04-21,Mumbai Indians,Dr DY Patil Sports Academy,middle,53,2,54,9.0,5.89
419162,2010-04-21,Mumbai Indians,Dr DY Patil Sports Academy,powerplay,54,2,36,6.0,9.0
419162,2010-04-21,Royal Challengers Bangalore,Dr DY Patil Sports Academy,death,31,2,30,5.0,6.2
419162,2010-04-21,Royal Challengers Bangalore,Dr DY Patil Sports Academy,middle,74,6,54,9.0,8.22
419162,2010-04-21,Royal Challengers Bangalore,Dr DY Patil Sports Academy,powerplay,44,1,36,6.0,7.33
419163,2010-04-22,Chennai Super Kings,Dr DY Patil Sports Academy,death,46,2,30,5.0,9.2
419163,2010-04-22,Chennai Super Kings,Dr DY Patil Sports Academy,middle,57,2,54,9.0,6.33
419163,2010-04-22,Chennai Super Kings,Dr DY Patil Sports Academy,powerplay,39,3,36,6.0,6.5
419163,2010-04-22,Deccan Chargers,Dr DY Patil Sports Academy,death,23,5,26,4.33,5.31
419163,2010-04-22,Deccan Chargers,Dr DY Patil Sports Academy,middle,58,3,54,9.0,6.44
419163,2010-04-22,Deccan Chargers,Dr DY Patil Sports Academy,powerplay,23,2,36,6.0,3.83
419164,2010-04-24,Deccan Chargers,Dr DY Patil Sports Academy,death,4,5,21,3.5,1.14
419164,2010-04-24,Deccan Chargers,Dr DY Patil Sports Academy,middle,51,2,54,9.0,5.67
419164,2010-04-24,Deccan Chargers,Dr DY Patil Sports Academy,powerplay,27,3,36,6.0,4.5
419164,2010-04-24,Royal Challengers Bangalore,Dr DY Patil Sports Academy,death,0,0,0,0.0,0.0
419164,2010-04-24,Royal Challengers Bangalore,Dr DY Patil Sports Academy,middle,53,1,47,7.83,6.77
419164,2010-04-24,Royal Challengers Bangalore,Dr DY Patil Sports Academy,powerplay,33,0,36,6.0,5.5
419165,2010-04-25,Chennai Super Kings,Dr DY Patil Sports Academy,death,60,2,30,5.0,12.0
419165,2010-04-25,Chennai Super Kings,Dr DY Patil Sports Academy,middle,68,3,54,9.0,7.56
419165,2010-04-25,Chennai Super Kings,Dr DY Patil Sports Academy,powerplay,40,0,36,6.0,6.67
419165,2010-04-25,Mumbai Indians,Dr DY Patil Sports Academy,death,45,4,30,5.0,9.0
419165,2010-04-25,Mumbai Indians,Dr DY Patil Sports Academy,middle,68,4,54,9.0,7.56
419165,2010-04-25,Mumbai Indians,Dr DY Patil Sports Academy,powerplay,33,1,36,6.0,5.5
501198,2011-04-08,Chennai Super Kings,"MA Chidambaram Stadium, Chepauk",death,46,2,30,5.0,9.2
501198,2011-04-08,Chennai Super Kings,"MA Chidambaram Stadium, Chepauk",middle,62,1,54,9.0,6.89
501198,2011-04-08,Chennai Super Kings,"MA Chidambaram Stadium, Chepauk",powerplay,45,1,36,6.0,7.5
501198,2011-04-08,Kolkata Knight Riders,"MA Chidambaram Stadium, Chepauk",death,40,5,30,5.0,8.0
501198,2011-04-08,Kolkata Knight Riders,"MA Chidambaram Stadium, Chepauk",middle,59,2,54,9.0,6.56
501198,2011-04-08,Kolkata Knight Riders,"MA Chidambaram Stadium, Chepauk",powerplay,52,0,36,6.0,8.67
501199,2011-04-09,Deccan Chargers,"Rajiv Gandhi International Stadium, Uppal",death,47,3,30,5.0,9.4
501199,2011-04-09,Deccan Chargers,"Rajiv Gandhi International Stadium, Uppal",middle,46,3,54,9.0,5.11
501199,2011-04-09,Deccan Chargers,"Rajiv Gandhi International Stadium, Uppal",powerplay,44,2,36,6.0,7.33
501199,2011-04-09,Rajasthan Royals,"Rajiv Gandhi International Stadium, Uppal",death,48,0,23,3.83,12.53
501199,2011-04-09,Rajasthan Royals,"Rajiv Gandhi International Stadium, Uppal",middle,62,1,54,9.0,6.89
501199,2011-04-09,Rajasthan Royals,"Rajiv Gandhi International Stadium, Uppal",powerplay,31,1,36,6.0,5.17
501200,2011-04-09,Kochi Tuskers Kerala,Nehru Stadium,death,37,3,30,5.0,7.4
501200,2011-04-09,Kochi Tuskers Kerala,Nehru Stadium,middle,63,2,54,9.0,7.0
501200,2011-04-09,Kochi Tuskers Kerala,Nehru Stadium,powerplay,61,0,36,6.0,10.17
501200,2011-04-09,Royal Challengers Bangalore,Nehru Stadium,death,44,1,22,3.67,11.99
501200,2011-04-09,Royal Challengers Bangalore,Nehru Stadium,middle,70,1,54,9.0,7.78
501200,2011-04-09,Royal Challengers Bangalore,Nehru Stadium,powerplay,48,2,36,6.0,8.0
501201,2011-04-10,Delhi Daredevils,Feroz Shah Kotla,death,8,4,16,2.67,3.0
501201,2011-04-10,Delhi Daredevils,Feroz Shah Kotla,middle,49,3,54,9.0,5.44
501201,2011-04-10,Delhi Daredevils,Feroz Shah Kotla,powerplay,38,3,36,6.0,6.33
501201,2011-04-10,Mumbai Indians,Feroz Shah Kotla,death,14,0,11,1.83,7.65
501201,2011-04-10,Mumbai Indians,Feroz Shah Kotla,middle,54,1,54,9.0,6.0
501201,2011-04-10,Mumbai Indians,Feroz Shah Kotla,powerplay,31,1,36,6.0,5.17
501202,2011-04-10,Kings XI Punjab,Dr DY Patil Sports Academy,death,44,2,30,5.0,8.8
501202,2011-04-10,Kings XI Punjab,Dr DY Patil Sports Academy,middle,32,1,54,9.0,3.56
501202,2011-04-10,Kings XI Punjab,Dr DY Patil Sports Academy,powerplay,36,5,35,5.83,6.17
501202,2011-04-10,Pune Warriors,Dr DY Patil Sports Academy,death,0,0,0,0.0,0.0
501202,2011-04-10,Pune Warriors,Dr DY Patil Sports Academy,middle,69,2,43,7.17,9.62
501202,2011-04-10,Pune Warriors,Dr DY Patil Sports Academy,powerplay,44,1,36,6.0,7.33
501203,2011-04-11,Deccan Chargers,Eden Gardens,death,53,3,30,5.0,10.6
501203,2011-04-11,Deccan Chargers,Eden Gardens,middle,71,3,54,9.0,7.89
501203,2011-04-11,Deccan Chargers,Eden Gardens,powerplay,30,2,36,6.0,5.0
501203,2011-04-11,Kolkata Knight Riders,Eden Gardens,death,45,2,30,5.0,9.0
501203,2011-04-11,Kolkata Knight Riders,Eden Gardens,middle,72,2,54,9.0,8.0
501203,2011-04-11,Kolkata Knight Riders,Eden Gardens,powerplay,46,0,36,6.0,7.67
501204,2011-04-12,Delhi Daredevils,Sawai Mansingh Stadium,death,62,2,30,5.0,12.4
501204,2011-04-12,Delhi Daredevils,Sawai Mansingh Stadium,middle,59,2,54,9.0,6.56
501204,2011-04-12,Delhi Daredevils,Sawai Mansingh Stadium,powerplay,30,2,36,6.0,5.0
501204,2011-04-12,Rajasthan Royals,Sawai Mansingh Stadium,death,31,1,21,3.5,8.86
501204,2011-04-12,Rajasthan Royals,Sawai Mansingh Stadium,middle,64,2,54,9.0,7.11
501204,2011-04-12,Rajasthan Royals,Sawai Mansingh Stadium,powerplay,57,1,36,6.0,9.5
501205,2011-04-12,Mumbai Indians,M Chinnaswamy Stadium,death,27,0,21,3.5,7.71
501205,2011-04-12,Mumbai Indians,M Chinnaswamy Stadium,middle,76,0,54,9.0,8.44
501205,2011-04-12,Mumbai Indians,M Chinnaswamy Stadium,powerplay,40,1,36,6.0,6.67
501205,2011-04-12,Royal Challengers Bangalore,M Chinnaswamy Stadium,death,49,2,30,5.0,9.8
501205,2011-04-12,Royal Challengers Bangalore,M Chinnaswamy Stadium,middle,67,0,54,9.0,7.44
501205,2011-04-12,Royal Challengers Bangalore,M Chinnaswamy Stadium,powerplay,24,2,36,6.0,4.0
501206,2011-04-13,Chennai Super Kings,"Punjab Cricket Association Stadium, Mohali",death,62,1,30,5.0,12.4
501206,2011-04-13,Chennai Super Kings,"Punjab Cricket Association Stadium, Mohali",middle,95,1,54,9.0,10.56
501206,2011-04-13,Chennai Super Kings,"Punjab Cricket Association Stadium, Mohali",powerplay,31,2,36,6.0,5.17
501206,2011-04-13,Kings XI Punjab,"Punjab Cricket Association Stadium, Mohali",death,55,0,25,4.17,13.19
501206,2011-04-13,Kings XI Punjab,"Punjab Cricket Association Stadium, Mohali",middle,73,3,54,9.0,8.11
501206,2011-04-13,Kings XI Punjab,"Punjab Cricket Association Stadium, Mohali",powerplay,65,1,36,6.0,10.83
501207,2011-04-13,Kochi Tuskers Kerala,Dr DY Patil Sports Academy,death,37,4,30,5.0,7.4
501207,2011-04-13,Kochi Tuskers Kerala,Dr DY Patil Sports Academy,middle,74,0,54,9.0,8.22
501207,2011-04-13,Kochi Tuskers Kerala,Dr DY Patil Sports Academy,powerplay,37,4,36,6.0,6.17
501207,2011-04-13,Pune Warriors,Dr DY Patil Sports Academy,death,36,1,23,3.83,9.4
501207,2011-04-13,Pune Warriors,Dr DY Patil Sports Academy,middle,71,4,54,9.0,7.89
501207,2011-04-13,Pune Warriors,Dr DY Patil Sports Academy,powerplay,44,1,36,6.0,7.33
501208,2011-04-14,Deccan Chargers,"Rajiv Gandhi International Stadium, Uppal",death,61,2,30,5.0,12.2
501208,2011-04-14,Deccan Chargers,"Rajiv Gandhi International Stadium, Uppal",middle,73,2,54,9.0,8.11
501208,2011-04-14,Deccan Chargers,"Rajiv Gandhi International Stadium, Uppal",powerplay,41,1,36,6.0,6.83
501208,2011-04-14,Royal Challengers Bangalore,"Rajiv Gandhi International Stadium, Uppal",death,50,4,30,5.0,10.0
501208,2011-04-14,Royal Challengers Bangalore,"Rajiv Gandhi International Stadium, Uppal",middle,64,2,54,9.0,7.11
501208,2011-04-14,Royal Challengers Bangalore,"Rajiv Gandhi International Stadium, Uppal",powerplay,28,3,36,6.0,4.67
501209,2011-04-15,Kolkata Knight Riders,Sawai Mansingh Stadium,death,30,0,21,3.5,8.57
501209,2011-04-15,Kolkata Knight Riders,Sawai Mansingh Stadium,middle,68,0,54,9.0,7.56
501209,2011-04-15,Kolkata Knight Riders,Sawai Mansingh Stadium,powerplay,62,1,36,6.0,10.33
501209,2011-04-15,Rajasthan Royals,Sawai Mansingh Stadium,death,57,1,30,5.0,11.4
501209,2011-04-15,Rajasthan Royals,Sawai Mansingh Stadium,middle,71,2,54,9.0,7.89
501209,2011-04-15,Rajasthan Royals,Sawai Mansingh Stadium,powerplay,31,1,36,6.0,5.17
501210,2011-04-15,Kochi Tuskers Kerala,Wankhede Stadium,death,50,1,24,4.0,12.5
501210,2011-04-15,Kochi Tuskers Kerala,Wankhede Stadium,middle,84,1,54,9.0,9.33
501210,2011-04-15,Kochi Tuskers Kerala,Wankhede Stadium,powerplay,50,0,36,6.0,8.33
501210,2011-04-15,Mumbai Indians,Wankhede Stadium,death,57,1,30,5.0,11.4
501210,2011-04-15,Mumbai Indians,Wankhede Stadium,middle,81,1,54,9.0,9.0
501210,2011-04-15,Mumbai Indians,Wankhede Stadium,powerplay,44,0,36,6.0,7.33
501211,2011-04-16,Chennai Super Kings,"MA Chidambaram Stadium, Chepauk",death,57,3,30,5.0,11.4
501211,2011-04-16,Chennai Super Kings,"MA Chidambaram Stadium, Chepauk",middle,81,2,54,9.0,9.0
501211,2011-04-16,Chennai Super Kings,"MA Chidambaram Stadium, Chepauk",powerplay,45,0,36,6.0,7.5
501211,2011-04-16,Royal Challengers Bangalore,"MA Chidambaram Stadium, Chepauk",death,50,2,30,5.0,10.0
501211,2011-04-16,Royal Challengers Bangalore,"MA Chidambaram Stadium, Chepauk",middle,79,2,54,9.0,8.78
501211,2011-04-16,Royal Challengers Bangalore,"MA Chidambaram Stadium, Chepauk",powerplay,33,3,36,6.0,5.5
501212,2011-04-16,Deccan Chargers,"Rajiv Gandhi International Stadium, Uppal",death,52,4,30,5.0,10.4
501212,2011-04-16,Deccan Chargers,"Rajiv Gandhi International Stadium, Uppal",middle,65,3,54,9.0,7.22
501212,2011-04-16,Deccan Chargers,"Rajiv Gandhi International Stadium, Uppal",powerplay,48,1,36,6.0,8.0
501212,2011-04-16,Kings XI Punjab,"Rajiv Gandhi International Stadium, Uppal",death,27,1,16,2.67,10.11
501212,2011-04-16,Kings XI Punjab,"Rajiv Gandhi International Stadium, Uppal",middle,77,1,54,9.0,8.56
501212,2011-04-16,Kings XI Punjab,"Rajiv Gandhi International Stadium, Uppal",powerplay,62,0,36,6.0,10.33
501213,2011-04-17,Delhi Daredevils,Dr DY Patil Sports Academy,death,62,2,26,4.33,14.32
501213,2011-04-17,Delhi Daredevils,Dr DY Patil Sports Academy,middle,61,5,54,9.0,6.78
501213,2011-04-17,Delhi Daredevils,Dr DY Patil Sports Academy,powerplay,67,0,36,6.0,11.17
501213,2011-04-17,Pune Warriors,Dr DY Patil Sports Academy,death,59,1,30,5.0,11.8
501213,2011-04-17,Pune Warriors,Dr DY Patil Sports Academy,middle,65,3,54,9.0,7.22
501213,2011-04-17,Pune Warriors,Dr DY Patil Sports Academy,powerplay,63,1,36,6.0,10.5
501214,2011-04-17,Kolkata Knight Riders,Eden Gardens,death,0,0,0,0.0,0.0
501214,2011-04-17,Kolkata Knight Riders,Eden Gardens,middle,59,1,47,7.83,7.54
501214,2011-04-17,Kolkata Knight Riders,Eden Gardens,powerplay,26,1,36,6.0,4.33
501214,2011-04-17,Rajasthan Royals,Eden Gardens,death,1,1,2,0.33,3.03
501214,2011-04-17,Rajasthan Royals,Eden Gardens,middle,44,7,54,9.0,4.89
501214,2011-04-17,Rajasthan Royals,Eden Gardens,powerplay,36,2,36,6.0,6.0
501215,2011-04-18,Chennai Super Kings,Nehru Stadium,death,22,1,12,2.0,11.0
501215,2011-04-18,Chennai Super Kings,Nehru Stadium,middle,67,2,54,9.0,7.44
501215,2011-04-18,Chennai Super Kings,Nehru Stadium,powerplay,42,1,36,6.0,7.0
501215,2011-04-18,Kochi Tuskers Kerala,Nehru Stadium,death,0,0,0,0.0,0.0
501215,2011-04-18,Kochi Tuskers Kerala,Nehru Stadium,middle,86,2,54,9.0,9.56
501215,2011-04-18,Kochi Tuskers Kerala,Nehru Stadium,powerplay,49,1,36,6.0,8.17
501216,2011-04-19,Deccan Chargers,Feroz Shah Kotla,death,39,1,30,5.0,7.8
501216,2011-04-19,Deccan Chargers,Feroz Shah Kotla,middle,86,2,54,9.0,9.56
501216,2011-04-19,Deccan Chargers,Feroz Shah Kotla,powerplay,43,1,36,6.0,7.17
501216,2011-04-19,Delhi Daredevils,Feroz Shah Kotla,death,45,2,30,5.0,9.0
501216,2011-04-19,Delhi Daredevils,Feroz Shah Kotla,middle,69,2,54,9.0,7.67
501216,2011-04-19,Delhi Daredevils,Feroz Shah Kotla,powerplay,38,3,36,6.0,6.33
501218,2011-04-20,Mumbai Indians,Wankhede Stadium,death,35,0,30,5.0,7.0
501218,2011-04-20,Mumbai Indians,Wankhede Stadium,middle,57,2,54,9.0,6.33
501218,2011-04-20,Mumbai Indians,Wankhede Stadium,powerplay,32,1,36,6.0,5.33
501218,2011-04-20,Pune Warriors,Wankhede Stadium,death,18,3,14,2.33,7.73
501218,2011-04-20,Pune Warriors,Wankhede Stadium,middle,67,3,54,9.0,7.44
501218,2011-04-20,Pune Warriors,Wankhede Stadium,powerplay,33,4,36,6.0,5.5
501219,2011-04-20,Kochi Tuskers Kerala,Eden Gardens,death,32,2,30,5.0,6.4
501219,2011-04-20,Kochi Tuskers Kerala,Eden Gardens,middle,55,5,54,9.0,6.11
501219,2011-04-20,Kochi Tuskers Kerala,Eden Gardens,powerplay,45,0,36,6.0,7.5
501219,2011-04-20,Kolkata Knight Riders,Eden Gardens,death,40,4,30,5.0,8.0
501219,2011-04-20,Kolkata Knight Riders,Eden Gardens,middle,49,2,54,9.0,5.44
501219,2011-04-20,Kolkata Knight Riders,Eden Gardens,powerplay,37,3,36,6.0,6.17
501220,2011-04-21,Kings XI Punjab,"Punjab Cricket Association Stadium, Mohali",death,26,5,30,5.0,5.2
501220,2011-04-21,Kings XI Punjab,"Punjab Cricket Association Stadium, Mohali",middle,92,1,54,9.0,10.22
501220,2011-04-21,Kings XI Punjab,"Punjab Cricket Association Stadium, Mohali",powerplay,77,1,36,6.0,12.83
501220,2011-04-21,Rajasthan Royals,"Punjab Cricket Association Stadium, Mohali",death,34,2,30,5.0,6.8
501220,2011-04-21,Rajasthan Royals,"Punjab Cricket Association Stadium, Mohali",middle,68,3,54,9.0,7.56
501220,2011-04-21,Rajasthan Royals,"Punjab Cricket Association Stadium, Mohali",powerplay,45,2,36,6.0,7.5
501221,2011-04-22,Chennai Super Kings,Wankhede Stadium,death,37,5,30,5.0,7.4
501221,2011-04-22,Chennai Super Kings,Wankhede Stadium,middle,75,2,54,9.0,8.33
501221,2011-04-22,Chennai Super Kings,Wankhede Stadium,powerplay,44,2,36,6.0,7.33
501221,2011-04-22,Mumbai Indians,Wankhede Stadium,death,57,1,30,5.0,11.4
501221,2011-04-22,Mumbai Indians,Wankhede Stadium,middle,67,1,54,9.0,7.44
501221,2011-04-22,Mumbai Indians,Wankhede Stadium,powerplay,40,2,36,6.0,6.67
501222,2011-04-22,Kolkata Knight Riders,Eden Gardens,death,57,3,30,5.0,11.4
501222,2011-04-22,Kolkata Knight Riders,Eden Gardens,middle,64,1,54,9.0,7.11
501222,2011-04-22,Kolkata Knight Riders,Eden Gardens,powerplay,50,1,36,6.0,8.33
501222,2011-04-22,Royal Challengers Bangalore,Eden Gardens,death,23,0,19,3.17,7.26
501222,2011-04-22,Royal Challengers Bangalore,Eden Gardens,middle,95,1,54,9.0,10.56
501222,2011-04-22,Royal Challengers Bangalore,Eden Gardens,powerplay,57,0,36,6.0,9.5
501223,2011-04-23,Delhi Daredevils,Feroz Shah Kotla,death,58,2,30,5.0,11.6
501223,2011-04-23,Delhi Daredevils,Feroz Shah Kotla,middle,103,2,54,9.0,11.44
501223,2011-04-23,Delhi Daredevils,Feroz Shah Kotla,powerplay,70,0,36,6.0,11.67
501223,2011-04-23,Kings XI Punjab,Feroz Shah Kotla,death,55,3,30,5.0,11.0
501223,2011-04-23,Kings XI Punjab,Feroz Shah Kotla,middle,101,2,54,9.0,11.22
501223,2011-04-23,Kings XI Punjab,Feroz Shah Kotla,powerplay,46,1,36,6.0,7.67
501224,2011-04-24,Deccan Chargers,"Rajiv Gandhi International Stadium, Uppal",death,35,2,30,5.0,7.0
501224,2011-04-24,Deccan Chargers,"Rajiv Gandhi International Stadium, Uppal",middle,59,4,54,9.0,6.56
501224,2011-04-24,Deccan Chargers,"Rajiv Gandhi International Stadium, Uppal",powerplay,41,2,36,6.0,6.83
501224,2011-04-24,Mumbai Indians,"Rajiv Gandhi International Stadium, Uppal",death,70,0,30,5.0,14.0
501224,2011-04-24,Mumbai Indians,"Rajiv Gandhi International Stadium, Uppal",middle,45,3,54,9.0,5.0
501224,2011-04-24,Mumbai Indians,"Rajiv Gandhi International Stadium, Uppal",powerplay,57,1,36,6.0,9.5
501225,2011-04-24,Kochi Tuskers Kerala,Sawai Mansingh Stadium,death,21,7,30,5.0,4.2
501225,2011-04-24,Kochi Tuskers Kerala,Sawai Mansingh Stadium,middle,56,1,54,9.0,6.22
501225,2011-04-24,Kochi Tuskers Kerala,Sawai Mansingh Stadium,powerplay,32,2,36,6.0,5.33
501225,2011-04-24,Rajasthan Royals,Sawai Mansingh Stadium,death,0,0,0,0.0,0.0
501225,2011-04-24,Rajasthan Royals,Sawai Mansingh Stadium,middle,73,2,49,8.17,8.94
501225,2011-04-24,Rajasthan Royals,Sawai Mansingh Stadium,powerplay,38,0,36,6.0,6.33
501226,2011-04-25,Chennai Super Kings,"MA Chidambaram Stadium, Chepauk",death,43,4,30,5.0,8.6
501226,2011-04-25,Chennai Super Kings,"MA Chidambaram Stadium, Chepauk",middle,54,2,54,9.0,6.0
501226,2011-04-25,Chennai Super Kings,"MA Chidambaram Stadium, Chepauk",powerplay,45,0,36,6.0,7.5
501226,2011-04-25,Pune Warriors,"MA Chidambaram Stadium, Chepauk",death,24,4,30,5.0,4.8
501226,2011-04-25,Pune Warriors,"MA Chidambaram Stadium, Chepauk",middle,53,1,54,9.0,5.89
501226,2011-04-25,Pune Warriors,"MA Chidambaram Stadium, Chepauk",powerplay,40,4,36,6.0,6.67
501227,2011-04-26,Delhi Daredevils,Feroz Shah Kotla,death,45,3,30,5.0,9.0
501227,2011-04-26,Delhi Daredevils,Feroz Shah Kotla,middle,73,2,54,9.0,8.11
501227,2011-04-26,Delhi Daredevils,Feroz Shah Kotla,powerplay,42,1,36,6.0,7.0
501227,2011-04-26,Royal Challengers Bangalore,Feroz Shah Kotla,death,44,2,27,4.5,9.78
501227,2011-04-26,Royal Challengers Bangalore,Feroz Shah Kotla,middle,52,4,54,9.0,5.78
501227,2011-04-26,Royal Challengers Bangalore,Feroz Shah Kotla,powerplay,65,1,36,6.0,10.83
501228,2011-04-27,Chennai Super Kings,Dr DY Patil Sports Academy,death,41,0,27,4.5,9.11
501228,2011-04-27,Chennai Super Kings,Dr DY Patil Sports Academy,middle,76,1,54,9.0,8.44
501228,2011-04-27,Chennai Super Kings,Dr DY Patil Sports Academy,powerplay,28,1,36,6.0,4.67
501228,2011-04-27,Pune Warriors,Dr DY Patil Sports Academy,death,50,1,30,5.0,10.0
501228,2011-04-27,Pune Warriors,Dr DY Patil Sports Academy,middle,54,2,54,9.0,6.0
501228,2011-04-27,Pune Warriors,Dr DY Patil Sports Academy,powerplay,37,3,36,6.0,6.17
501229,2011-04-27,Deccan Chargers,Nehru Stadium,death,39,4,30,5.0,7.8
501229,2011-04-27,Deccan Chargers,Nehru Stadium,middle,70,0,54,9.0,7.78
501229,2011-04-27,Deccan Chargers,Nehru Stadium,powerplay,20,3,36,6.0,3.33
501229,2011-04-27,Kochi Tuskers Kerala,Nehru Stadium,death,1,3,9,1.5,0.67
501229,2011-04-27,Kochi Tuskers Kerala,Nehru Stadium,middle,44,1,54,9.0,4.89
501229,2011-04-27,Kochi Tuskers Kerala,Nehru Stadium,powerplay,29,6,36,6.0,4.83
501230,2011-04-28,Delhi Daredevils,Feroz Shah Kotla,death,45,3,30,5.0,9.0
501230,2011-04-28,Delhi Daredevils,Feroz Shah Kotla,middle,45,5,54,9.0,5.0
501230,2011-04-28,Delhi Daredevils,Feroz Shah Kotla,powerplay,41,1,36,6.0,6.83
501230,2011-04-28,Kolkata Knight Riders,Feroz Shah Kotla,death,43,2,30,5.0,8.6
501230,2011-04-28,Kolkata Knight Riders,Feroz Shah Kotla,middle,63,4,54,9.0,7.0
501230,2011-04-28,Kolkata Knight Riders,Feroz Shah Kotla,powerplay,42,1,36,6.0,7.0
501231,2011-04-29,Mumbai Indians,Sawai Mansingh Stadium,death,27,4,30,5.0,5.4
501231,2011-04-29,Mumbai Indians,Sawai Mansingh Stadium,middle,36,2,54,9.0,4.0
501231,2011-04-29,Mumbai Indians,Sawai Mansingh Stadium,powerplay,31,2,36,6.0,5.17
501231,2011-04-29,Rajasthan Royals,Sawai Mansingh Stadium,death,22,1,19,3.17,6.94
501231,2011-04-29,Rajasthan Royals,Sawai Mansingh Stadium,middle,55,1,54,9.0,6.11
501231,2011-04-29,Rajasthan Royals,Sawai Mansingh Stadium,powerplay,18,1,36,6.0,3.0
501232,2011-04-29,Pune Warriors,M Chinnaswamy Stadium,death,47,2,30,5.0,9.4
501232,2011-04-29,Pune Warriors,M Chinnaswamy Stadium,middle,66,2,54,9.0,7.33
501232,2011-04-29,Pune Warriors,M Chinnaswamy Stadium,powerplay,42,1,36,6.0,7.0
501232,2011-04-29,Royal Challengers Bangalore,M Chinnaswamy Stadium,death,63,3,30,5.0,12.6
501232,2011-04-29,Royal Challengers Bangalore,M Chinnaswamy Stadium,middle,61,2,54,9.0,6.78
501232,2011-04-29,Royal Challengers Bangalore,M Chinnaswamy Stadium,powerplay,57,0,36,6.0,9.5
501233,2011-04-30,Delhi Daredevils,Nehru Stadium,death,63,3,30,5.0,12.6
501233,2011-04-30,Delhi Daredevils,Nehru Stadium,middle,60,2,54,9.0,6.67
501233,2011-04-30,Delhi Daredevils,Nehru Stadium,powerplay,34,2,36,6.0,5.67
501233,2011-04-30,Kochi Tuskers Kerala,Nehru Stadium,death,27,5,23,3.83,7.05
501233,2011-04-30,Kochi Tuskers Kerala,Nehru Stadium,middle,55,2,54,9.0,6.11
501233,2011-04-30,Kochi Tuskers Kerala,Nehru Stadium,powerplay,37,3,36,6.0,6.17
501234,2011-04-30,Kings XI Punjab,Eden Gardens,death,33,1,30,5.0,6.6
501234,2011-04-30,Kings XI Punjab,Eden Gardens,middle,46,3,54,9.0,5.11
501234,2011-04-30,Kings XI Punjab,Eden Gardens,powerplay,40,2,36,6.0,6.67
501234,2011-04-30,Kolkata Knight Riders,Eden Gardens,death,18,0,14,2.33,7.73
501234,2011-04-30,Kolkata Knight Riders,Eden Gardens,middle,57,0,54,9.0,6.33
501234,2011-04-30,Kolkata Knight Riders,Eden Gardens,powerplay,45,2,36,6.0,7.5
501235,2011-05-01,Pune Warriors,Sawai Mansingh Stadium,death,41,3,30,5.0,8.2
501235,2011-05-01,Pune Warriors,Sawai Mansingh Stadium,middle,53,3,54,9.0,5.89
501235,2011-05-01,Pune Warriors,Sawai Mansingh Stadium,powerplay,49,1,36,6.0,8.17
501235,2011-05-01,Rajasthan Royals,Sawai Mansingh Stadium,death,52,0,27,4.5,11.56
501235,2011-05-01,Rajasthan Royals,Sawai Mansingh Stadium,middle,58,3,54,9.0,6.44
501235,2011-05-01,Rajasthan Royals,Sawai Mansingh Stadium,powerplay,34,1,36,6.0,5.67
501236,2011-05-01,Chennai Super Kings,"MA Chidambaram Stadium, Chepauk",death,69,3,30,5.0,13.8
501236,2011-05-01,Chennai Super Kings,"MA Chidambaram Stadium, Chepauk",middle,62,1,54,9.0,6.89
501236,2011-05-01,Chennai Super Kings,"MA Chidambaram Stadium, Chepauk",powerplay,34,1,36,6.0,5.67
501236,2011-05-01,Deccan Chargers,"MA Chidambaram Stadium, Chepauk",death,28,5,30,5.0,5.6
501236,2011-05-01,Deccan Chargers,"MA Chidambaram Stadium, Chepauk",middle,54,3,54,9.0,6.0
501236,2011-05-01,Deccan Chargers,"MA Chidambaram Stadium, Chepauk",powerplay,64,0,36,6.0,10.67
501237,2011-05-02,Kings XI Punjab,Wankhede Stadium,death,35,4,30,5.0,7.0
501237,2011-05-02,Kings XI Punjab,Wankhede Stadium,middle,77,3,54,9.0,8.56
501237,2011-05-02,Kings XI Punjab,Wankhede Stadium,powerplay,24,1,36,6.0,4.0
501237,2011-05-02,Mumbai Indians,Wankhede Stadium,death,45,3,30,5.0,9.0
501237,2011-05-02,Mumbai Indians,Wankhede Stadium,middle,79,1,54,9.0,8.78
501237,2011-05-02,Mumbai Indians,Wankhede Stadium,powerplay,35,1,36,6.0,5.83
501238,2011-05-02,Delhi Daredevils,Feroz Shah Kotla,death,42,2,30,5.0,8.4
501238,2011-05-02,Delhi Daredevils,Feroz Shah Kotla,middle,56,2,54,9.0,6.22
501238,2011-05-02,Delhi Daredevils,Feroz Shah Kotla,powerplay,42,2,36,6.0,7.0
501238,2011-05-02,Kochi Tuskers Kerala,Feroz Shah Kotla,death,0,0,0,0.0,0.0
501238,2011-05-02,Kochi Tuskers Kerala,Feroz Shah Kotla,middle,74,2,54,9.0,8.22
501238,2011-05-02,Kochi Tuskers Kerala,Feroz Shah Kotla,powerplay,67,1,36,6.0,11.17
501239,2011-05-03,Deccan Chargers,"Rajiv Gandhi International Stadium, Uppal",death,41,2,30,5.0,8.2
501239,2011-05-03,Deccan Chargers,"Rajiv Gandhi International Stadium, Uppal",middle,67,2,54,9.0,7.44
501239,2011-05-03,Deccan Chargers,"Rajiv Gandhi International Stadium, Uppal",powerplay,41,2,36,6.0,6.83
501239,2011-05-03,Kolkata Knight Riders,"Rajiv Gandhi International Stadium, Uppal",death,59,1,30,5.0,11.8
501239,2011-05-03,Kolkata Knight Riders,"Rajiv Gandhi International Stadium, Uppal",middle,69,2,54,9.0,7.67
501239,2011-05-03,Kolkata Knight Riders,"Rajiv Gandhi International Stadium, Uppal",powerplay,41,1,36,6.0,6.83
501240,2011-05-04,Chennai Super Kings,"MA Chidambaram Stadium, Chepauk",death,31,1,22,3.67,8.45
501240,2011-05-04,Chennai Super Kings,"MA Chidambaram Stadium, Chepauk",middle,75,0,54,9.0,8.33
501240,2011-05-04,Chennai Super Kings,"MA Chidambaram Stadium, Chepauk",powerplay,43,1,36,6.0,7.17
501240,2011-05-04,Rajasthan Royals,"MA Chidambaram Stadium, Chepauk",death,34,3,30,5.0,6.8
501240,2011-05-04,Rajasthan Royals,"MA Chidambaram Stadium, Chepauk",middle,66,3,54,9.0,7.33
501240,2011-05-04,Rajasthan Royals,"MA Chidambaram Stadium, Chepauk",powerplay,47,0,36,6.0,7.83
501241,2011-05-04,Mumbai Indians,Dr DY Patil Sports Academy,death,63,3,30,5.0,12.6
501241,2011-05-04,Mumbai Indians,Dr DY Patil Sports Academy,middle,48,3,54,9.0,5.33
501241,2011-05-04,Mumbai Indians,Dr DY Patil Sports Academy,powerplay,49,1,36,6.0,8.17
501241,2011-05-04,Pune Warriors,Dr DY Patil Sports Academy,death,49,3,30,5.0,9.8
501241,2011-05-04,Pune Warriors,Dr DY Patil Sports Academy,middle,59,2,54,9.0,6.56
501241,2011-05-04,Pune Warriors,Dr DY Patil Sports Academy,powerplay,31,2,36,6.0,5.17
501242,2011-05-05,Kochi Tuskers Kerala,Nehru Stadium,death,58,1,30,5.0,11.6
501242,2011-05-05,Kochi Tuskers Kerala,Nehru Stadium,middle,63,2,54,9.0,7.0
501242,2011-05-05,Kochi Tuskers Kerala,Nehru Stadium,powerplay,35,2,36,6.0,5.83
501242,2011-05-05,Kolkata Knight Riders,Nehru Stadium,death,39,4,30,5.0,7.8
501242,2011-05-05,Kolkata Knight Riders,Nehru Stadium,middle,57,3,54,9.0,6.33
501242,2011-05-05,Kolkata Knight Riders,Nehru Stadium,powerplay,43,0,36,6.0,7.17
501243,2011-05-05,Deccan Chargers,"Rajiv Gandhi International Stadium, Uppal",death,50,2,30,5.0,10.0
501243,2011-05-05,Deccan Chargers,"Rajiv Gandhi International Stadium, Uppal",middle,82,2,54,9.0,9.11
501243,2011-05-05,Deccan Chargers,"Rajiv Gandhi International Stadium, Uppal",powerplay,43,1,36,6.0,7.17
501243,2011-05-05,Delhi Daredevils,"Rajiv Gandhi International Stadium, Uppal",death,30,2,24,4.0,7.5
501243,2011-05-05,Delhi Daredevils,"Rajiv Gandhi International Stadium, Uppal",middle,120,1,54,9.0,13.33
501243,2011-05-05,Delhi Daredevils,"Rajiv Gandhi International Stadium, Uppal",powerplay,29,3,36,6.0,4.83
501244,2011-05-06,Kings XI Punjab,M Chinnaswamy Stadium,death,31,2,30,5.0,6.2
501244,2011-05-06,Kings XI Punjab,M Chinnaswamy Stadium,middle,51,3,54,9.0,5.67
501244,2011-05-06,Kings XI Punjab,M Chinnaswamy Stadium,powerplay,38,4,36,6.0,6.33
501244,2011-05-06,Royal Challengers Bangalore,M Chinnaswamy Stadium,death,50,3,30,5.0,10.0
501244,2011-05-06,Royal Challengers Bangalore,M Chinnaswamy Stadium,middle,107,2,54,9.0,11.89
501244,2011-05-06,Royal Challengers Bangalore,M Chinnaswamy Stadium,powerplay,48,1,36,6.0,8.0
501245,2011-05-07,Chennai Super Kings,Eden Gardens,death,37,1,30,5.0,7.4
501245,2011-05-07,Chennai Super Kings,Eden Gardens,middle,62,1,54,9.0,6.89
501245,2011-05-07,Chennai Super Kings,Eden Gardens,powerplay,15,2,36,6.0,2.5
501245,2011-05-07,Kolkata Knight Riders,Eden Gardens,death,0,0,0,0.0,0.0
501245,2011-05-07,Kolkata Knight Riders,Eden Gardens,middle,28,0,24,4.0,7.0
501245,2011-05-07,Kolkata Knight Riders,Eden Gardens,powerplay,33,2,36,6.0,5.5
501246,2011-05-07,Delhi Daredevils,Wankhede Stadium,death,47,5,29,4.83,9.73
501246,2011-05-07,Delhi Daredevils,Wankhede Stadium,middle,76,1,54,9.0,8.44
501246,2011-05-07,Delhi Daredevils,Wankhede Stadium,powerplay,23,4,36,6.0,3.83
501246,2011-05-07,Mumbai Indians,Wankhede Stadium,death,49,2,30,5.0,9.8
501246,2011-05-07,Mumbai Indians,Wankhede Stadium,middle,79,1,54,9.0,8.78
501246,2011-05-07,Mumbai Indians,Wankhede Stadium,powerplay,50,1,36,6.0,8.33
501247,2011-05-08,Kochi Tuskers Kerala,M Chinnaswamy Stadium,death,28,4,30,5.0,5.6
501247,2011-05-08,Kochi Tuskers Kerala,M Chinnaswamy Stadium,middle,48,4,54,9.0,5.33
501247,2011-05-08,Kochi Tuskers Kerala,M Chinnaswamy Stadium,powerplay,49,1,36,6.0,8.17
501247,2011-05-08,Royal Challengers Bangalore,M Chinnaswamy Stadium,death,0,0,0,0.0,0.0
501247,2011-05-08,Royal Challengers Bangalore,M Chinnaswamy Stadium,middle,49,0,43,7.17,6.83
501247,2011-05-08,Royal Challengers Bangalore,M Chinnaswamy Stadium,powerplay,79,1,36,6.0,13.17
501248,2011-05-08,Kings XI Punjab,"Punjab Cricket Association Stadium, Mohali",death,23,4,30,5.0,4.6
501248,2011-05-08,Kings XI Punjab,"Punjab Cricket Association Stadium, Mohali",middle,62,3,54,9.0,6.89
501248,2011-05-08,Kings XI Punjab,"Punjab Cricket Association Stadium, Mohali",powerplay,34,1,36,6.0,5.67
501248,2011-05-08,Pune Warriors,"Punjab Cricket Association Stadium, Mohali",death,6,2,13,2.17,2.76
501248,2011-05-08,Pune Warriors,"Punjab Cricket Association Stadium, Mohali",middle,74,2,54,9.0,8.22
501248,2011-05-08,Pune Warriors,"Punjab Cricket Association Stadium, Mohali",powerplay,40,1,36,6.0,6.67
501249,2011-05-09,Chennai Super Kings,Sawai Mansingh Stadium,death,60,1,30,5.0,12.0
501249,2011-05-09,Chennai Super Kings,Sawai Mansingh Stadium,middle,81,2,54,9.0,9.0
501249,2011-05-09,Chennai Super Kings,Sawai Mansingh Stadium,powerplay,55,0,36,6.0,9.17
501249,2011-05-09,Rajasthan Royals,Sawai Mansingh Stadium,death,19,5,27,4.5,4.22
501249,2011-05-09,Rajasthan Royals,Sawai Mansingh Stadium,middle,66,3,54,9.0,7.33
501249,2011-05-09,Rajasthan Royals,Sawai Mansingh Stadium,powerplay,48,2,36,6.0,8.0
501250,2011-05-10,Deccan Chargers,"Rajiv Gandhi International Stadium, Uppal",death,36,4,30,5.0,7.2
501250,2011-05-10,Deccan Chargers,"Rajiv Gandhi International Stadium, Uppal",middle,50,4,54,9.0,5.56
501250,2011-05-10,Deccan Chargers,"Rajiv Gandhi International Stadium, Uppal",powerplay,50,0,36,6.0,8.33
501250,2011-05-10,Pune Warriors,"Rajiv Gandhi International Stadium, Uppal",death,25,1,20,3.33,7.51
501250,2011-05-10,Pune Warriors,"Rajiv Gandhi International Stadium, Uppal",middle,60,3,54,9.0,6.67
501250,2011-05-10,Pune Warriors,"Rajiv Gandhi International Stadium, Uppal",powerplay,52,0,36,6.0,8.67
501251,2011-05-10,Kings XI Punjab,"Punjab Cricket Association Stadium, Mohali",death,39,6,30,5.0,7.8
501251,2011-05-10,Kings XI Punjab,"Punjab Cricket Association Stadium, Mohali",middle,85,1,54,9.0,9.44
501251,2011-05-10,Kings XI Punjab,"Punjab Cricket Association Stadium, Mohali",powerplay,39,1,36,6.0,6.5
501251,2011-05-10,Mumbai Indians,"Punjab Cricket Association Stadium, Mohali",death,0,0,0,0.0,0.0
501251,2011-05-10,Mumbai Indians,"Punjab Cricket Association Stadium, Mohali",middle,54,7,41,6.83,7.91
501251,2011-05-10,Mumbai Indians,"Punjab Cricket Association Stadium, Mohali",powerplay,33,3,36,6.0,5.5
501252,2011-05-11,Rajasthan Royals,Sawai Mansingh Stadium,death,34,3,30,5.0,6.8
501252,2011-05-11,Rajasthan Royals,Sawai Mansingh Stadium,middle,69,3,54,9.0,7.67
501252,2011-05-11,Rajasthan Royals,Sawai Mansingh Stadium,powerplay,43,0,36,6.0,7.17
501252,2011-05-11,Royal Challengers Bangalore,Sawai Mansingh Stadium,death,25,0,12,2.0,12.5
501252,2011-05-11,Royal Challengers Bangalore,Sawai Mansingh Stadium,middle,60,1,54,9.0,6.67
501252,2011-05-11,Royal Challengers Bangalore,Sawai Mansingh Stadium,powerplay,66,0,36,6.0,11.0
501253,2011-05-12,Chennai Super Kings,"MA Chidambaram Stadium, Chepauk",death,71,1,30,5.0,14.2
501253,2011-05-12,Chennai Super Kings,"MA Chidambaram Stadium, Chepauk",middle,63,1,54,9.0,7.0
501253,2011-05-12,Chennai Super Kings,"MA Chidambaram Stadium, Chepauk",powerplay,42,2,36,6.0,7.0
501253,2011-05-12,Delhi Daredevils,"MA Chidambaram Stadium, Chepauk",death,51,3,30,5.0,10.2
501253,2011-05-12,Delhi Daredevils,"MA Chidambaram Stadium, Chepauk",middle,55,2,54,9.0,6.11
501253,2011-05-12,Delhi Daredevils,"MA Chidambaram Stadium, Chepauk",powerplay,52,1,36,6.0,8.67
501254,2011-05-13,Kings XI Punjab,Holkar Cricket Stadium,death,36,0,23,3.83,9.4
501254,2011-05-13,Kings XI Punjab,Holkar Cricket Stadium,middle,96,2,54,9.0,10.67
501254,2011-05-13,Kings XI Punjab,Holkar Cricket Stadium,powerplay,49,2,36,6.0,8.17
501254,2011-05-13,Kochi Tuskers Kerala,Holkar Cricket Stadium,death,48,4,30,5.0,9.6
501254,2011-05-13,Kochi Tuskers Kerala,Holkar Cricket Stadium,middle,68,3,54,9.0,7.56
501254,2011-05-13,Kochi Tuskers Kerala,Holkar Cricket Stadium,powerplay,62,0,36,6.0,10.33
501255,2011-05-14,Kolkata Knight Riders,M Chinnaswamy Stadium,death,0,0,0,0.0,0.0
501255,2011-05-14,Kolkata Knight Riders,M Chinnaswamy Stadium,middle,56,1,42,7.0,8.0
501255,2011-05-14,Kolkata Knight Riders,M Chinnaswamy Stadium,powerplay,33,3,36,6.0,5.5
501255,2011-05-14,Royal Challengers Bangalore,M Chinnaswamy Stadium,death,0,0,0,0.0,0.0
501255,2011-05-14,Royal Challengers Bangalore,M Chinnaswamy Stadium,middle,40,4,38,6.33,6.32
501255,2011-05-14,Royal Challengers Bangalore,M Chinnaswamy Stadium,powerplay,65,2,36,6.0,10.83
501256,2011-05-14,Deccan Chargers,Wankhede Stadium,death,53,1,30,5.0,10.6
501256,2011-05-14,Deccan Chargers,Wankhede Stadium,middle,50,4,54,9.0,5.56
501256,2011-05-14,Deccan Chargers,Wankhede Stadium,powerplay,32,1,36,6.0,5.33
501256,2011-05-14,Mumbai Indians,Wankhede Stadium,death,49,4,30,5.0,9.8
501256,2011-05-14,Mumbai Indians,Wankhede Stadium,middle,50,1,54,9.0,5.56
501256,2011-05-14,Mumbai Indians,Wankhede Stadium,powerplay,26,3,36,6.0,4.33
501257,2011-05-15,Delhi Daredevils,Himachal Pradesh Cricket Association Stadium,death,44,3,30,5.0,8.8
501257,2011-05-15,Delhi Daredevils,Himachal Pradesh Cricket Association Stadium,middle,55,5,54,9.0,6.11
501257,2011-05-15,Delhi Daredevils,Himachal Pradesh Cricket Association Stadium,powerplay,42,0,36,6.0,7.0
501257,2011-05-15,Kings XI Punjab,Himachal Pradesh Cricket Association Stadium,death,44,3,30,5.0,8.8
501257,2011-05-15,Kings XI Punjab,Himachal Pradesh Cricket Association Stadium,middle,83,2,54,9.0,9.22
501257,2011-05-15,Kings XI Punjab,Himachal Pradesh Cricket Association Stadium,powerplay,43,1,36,6.0,7.17
501258,2011-05-15,Kochi Tuskers Kerala,Holkar Cricket Stadium,death,0,0,0,0.0,0.0
501258,2011-05-15,Kochi Tuskers Kerala,Holkar Cricket Stadium,middle,11,0,8,1.33,8.27
501258,2011-05-15,Kochi Tuskers Kerala,Holkar Cricket Stadium,powerplay,87,2,36,6.0,14.5
501258,2011-05-15,Rajasthan Royals,Holkar Cricket Stadium,death,10,2,21,3.5,2.86
501258,2011-05-15,Rajasthan Royals,Holkar Cricket Stadium,middle,55,5,54,9.0,6.11
501258,2011-05-15,Rajasthan Royals,Holkar Cricket Stadium,powerplay,32,3,36,6.0,5.33
501259,2011-05-16,Deccan Chargers,Dr DY Patil Sports Academy,death,30,2,26,4.33,6.93
501259,2011-05-16,Deccan Chargers,Dr DY Patil Sports Academy,middle,51,2,54,9.0,5.67
501259,2011-05-16,Deccan Chargers,Dr DY Patil Sports Academy,powerplay,57,0,36,6.0,9.5
501259,2011-05-16,Pune Warriors,Dr DY Patil Sports Academy,death,44,2,30,5.0,8.8
501259,2011-05-16,Pune Warriors,Dr DY Patil Sports Academy,middle,53,5,54,9.0,5.89
501259,2011-05-16,Pune Warriors,Dr DY Patil Sports Academy,powerplay,39,2,36,6.0,6.5
501260,2011-05-17,Kings XI Punjab,Himachal Pradesh Cricket Association Stadium,death,59,1,30,5.0,11.8
501260,2011-05-17,Kings XI Punjab,Himachal Pradesh Cricket Association Stadium,middle,143,0,54,9.0,15.89
501260,2011-05-17,Kings XI Punjab,Himachal Pradesh Cricket Association Stadium,powerplay,30,1,36,6.0,5.0
501260,2011-05-17,Royal Challengers Bangalore,Himachal Pradesh Cricket Association Stadium,death,24,2,12,2.0,12.0
501260,2011-05-17,Royal Challengers Bangalore,Himachal Pradesh Cricket Association Stadium,middle,63,5,54,9.0,7.0
501260,2011-05-17,Royal Challengers Bangalore,Himachal Pradesh Cricket Association Stadium,powerplay,34,3,36,6.0,5.67
501261,2011-05-18,Chennai Super Kings,"MA Chidambaram Stadium, Chepauk",death,51,1,30,5.0,10.2
501261,2011-05-18,Chennai Super Kings,"MA Chidambaram Stadium, Chepauk",middle,60,2,54,9.0,6.67
501261,2011-05-18,Chennai Super Kings,"MA Chidambaram Stadium, Chepauk",powerplay,41,2,36,6.0,6.83
501261,2011-05-18,Kochi Tuskers Kerala,"MA Chidambaram Stadium, Chepauk",death,51,2,30,5.0,10.2
501261,2011-05-18,Kochi Tuskers Kerala,"MA Chidambaram Stadium, Chepauk",middle,50,2,54,9.0,5.56
501261,2011-05-18,Kochi Tuskers Kerala,"MA Chidambaram Stadium, Chepauk",powerplay,40,1,36,6.0,6.67
501262,2011-05-19,Kolkata Knight Riders,Dr DY Patil Sports Academy,death,5,1,10,1.67,2.99
501262,2011-05-19,Kolkata Knight Riders,Dr DY Patil Sports Academy,middle,70,1,54,9.0,7.78
501262,2011-05-19,Kolkata Knight Riders,Dr DY Patil Sports Academy,powerplay,44,1,36,6.0,7.33
501262,2011-05-19,Pune Warriors,Dr DY Patil Sports Academy,death,37,2,30,5.0,7.4
501262,2011-05-19,Pune Warriors,Dr DY Patil Sports Academy,middle,52,3,54,9.0,5.78
501262,2011-05-19,Pune Warriors,Dr DY Patil Sports Academy,powerplay,29,2,36,6.0,4.83
501263,2011-05-20,Mumbai Indians,Wankhede Stadium,death,39,2,30,5.0,7.8
501263,2011-05-20,Mumbai Indians,Wankhede Stadium,middle,68,1,54,9.0,7.56
501263,2011-05-20,Mumbai Indians,Wankhede Stadium,powerplay,26,2,36,6.0,4.33
501263,2011-05-20,Rajasthan Royals,Wankhede Stadium,death,0,0,0,0.0,0.0
501263,2011-05-20,Rajasthan Royals,Wankhede Stadium,middle,82,0,43,7.17,11.44
501263,2011-05-20,Rajasthan Royals,Wankhede Stadium,powerplay,52,0,36,6.0,8.67
501264,2011-05-21,Deccan Chargers,Himachal Pradesh Cricket Association Stadium,death,51,1,30,5.0,10.2
501264,2011-05-21,Deccan Chargers,Himachal Pradesh Cricket Association Stadium,middle,89,1,54,9.0,9.89
501264,2011-05-21,Deccan Chargers,Himachal Pradesh Cricket Association Stadium,powerplay,58,0,36,6.0,9.67
501264,2011-05-21,Kings XI Punjab,Himachal Pradesh Cricket Association Stadium,death,17,5,24,4.0,4.25
501264,2011-05-21,Kings XI Punjab,Himachal Pradesh Cricket Association Stadium,middle,54,3,54,9.0,6.0
501264,2011-05-21,Kings XI Punjab,Himachal Pradesh Cricket Association Stadium,powerplay,45,2,36,6.0,7.5
501266,2011-05-22,Chennai Super Kings,M Chinnaswamy Stadium,death,49,3,30,5.0,9.8
501266,2011-05-22,Chennai Super Kings,M Chinnaswamy Stadium,middle,56,1,54,9.0,6.22
501266,2011-05-22,Chennai Super Kings,M Chinnaswamy Stadium,powerplay,23,4,36,6.0,3.83
501266,2011-05-22,Royal Challengers Bangalore,M Chinnaswamy Stadium,death,25,0,18,3.0,8.33
501266,2011-05-22,Royal Challengers Bangalore,M Chinnaswamy Stadium,middle,60,1,54,9.0,6.67
501266,2011-05-22,Royal Challengers Bangalore,M Chinnaswamy Stadium,powerplay,44,1,36,6.0,7.33
501267,2011-05-22,Kolkata Knight Riders,Eden Gardens,death,54,4,30,5.0,10.8
501267,2011-05-22,Kolkata Knight Riders,Eden Gardens,middle,75,1,54,9.0,8.33
501267,2011-05-22,Kolkata Knight Riders,Eden Gardens,powerplay,46,2,36,6.0,7.67
501267,2011-05-22,Mumbai Indians,Eden Gardens,death,68,1,30,5.0,13.6
501267,2011-05-22,Mumbai Indians,Eden Gardens,middle,56,3,54,9.0,6.22
501267,2011-05-22,Mumbai Indians,Eden Gardens,powerplay,54,1,36,6.0,9.0
501268,2011-05-24,Chennai Super Kings,Wankhede Stadium,death,67,1,28,4.67,14.35
501268,2011-05-24,Chennai Super Kings,Wankhede Stadium,middle,85,1,54,9.0,9.44
501268,2011-05-24,Chennai Super Kings,Wankhede Stadium,powerplay,25,2,36,6.0,4.17
501268,2011-05-24,Royal Challengers Bangalore,Wankhede Stadium,death,53,1,30,5.0,10.6
501268,2011-05-24,Royal Challengers Bangalore,Wankhede Stadium,middle,78,2,54,9.0,8.67
501268,2011-05-24,Royal Challengers Bangalore,Wankhede Stadium,powerplay,44,1,36,6.0,7.33
501269,2011-05-25,Kolkata Knight Riders,Wankhede Stadium,death,45,2,30,5.0,9.0
501269,2011-05-25,Kolkata Knight Riders,Wankhede Stadium,middle,77,1,54,9.0,8.56
501269,2011-05-25,Kolkata Knight Riders,Wankhede Stadium,powerplay,25,4,36,6.0,4.17
501269,2011-05-25,Mumbai Indians,Wankhede Stadium,death,28,2,26,4.33,6.47
501269,2011-05-25,Mumbai Indians,Wankhede Stadium,middle,58,4,54,9.0,6.44
501269,2011-05-25,Mumbai Indians,Wankhede Stadium,powerplay,62,0,36,6.0,10.33
501270,2011-05-27,Mumbai Indians,"MA Chidambaram Stadium, Chepauk",death,39,1,30,5.0,7.8
501270,2011-05-27,Mumbai Indians,"MA Chidambaram Stadium, Chepauk",middle,51,5,54,9.0,5.67
501270,2011-05-27,Mumbai Indians,"MA Chidambaram Stadium, Chepauk",powerplay,52,2,36,6.0,8.67
501270,2011-05-27,Royal Challengers Bangalore,"MA Chidambaram Stadium, Chepauk",death,35,2,30,5.0,7.0
501270,2011-05-27,Royal Challengers Bangalore,"MA Chidambaram Stadium, Chepauk",middle,82,2,54,9.0,9.11
501270,2011-05-27,Royal Challengers Bangalore,"MA Chidambaram Stadium, Chepauk",powerplay,68,0,36,6.0,11.33
501271,2011-05-28,Chennai Super Kings,"MA Chidambaram Stadium, Chepauk",death,44,4,30,5.0,8.8
501271,2011-05-28,Chennai Super Kings,"MA Chidambaram Stadium, Chepauk",middle,105,1,54,9.0,11.67
501271,2011-05-28,Chennai Super Kings,"MA Chidambaram Stadium, Chepauk",powerplay,56,0,36,6.0,9.33
501271,2011-05-28,Royal Challengers Bangalore,"MA Chidambaram Stadium, Chepauk",death,40,1,30,5.0,8.0
501271,2011-05-28,Royal Challengers Bangalore,"MA Chidambaram Stadium, Chepauk",middle,60,5,54,9.0,6.67
501271,2011-05-28,Royal Challengers Bangalore,"MA Chidambaram Stadium, Chepauk",powerplay,47,2,36,6.0,7.83
548306,2012-04-04,Chennai Super Kings,"MA Chidambaram Stadium, Chepauk",death,17,5,29,4.83,3.52
548306,2012-04-04,Chennai Super Kings,"MA Chidambaram Stadium, Chepauk",middle,53,3,54,9.0,5.89
548306,2012-04-04,Chennai Super Kings,"MA Chidambaram Stadium, Chepauk",powerplay,42,2,36,6.0,7.0
548306,2012-04-04,Mumbai Indians,"MA Chidambaram Stadium, Chepauk",death,15,0,11,1.83,8.2
548306,2012-04-04,Mumbai Indians,"MA Chidambaram Stadium, Chepauk",middle,47,3,54,9.0,5.22
548306,2012-04-04,Mumbai Indians,"MA Chidambaram Stadium, Chepauk",powerplay,53,0,36,6.0,8.83
548307,2012-04-05,Delhi Daredevils,Eden Gardens,death,0,0,0,0.0,0.0
548307,2012-04-05,Delhi Daredevils,Eden Gardens,middle,52,2,31,5.17,10.06
548307,2012-04-05,Delhi Daredevils,Eden Gardens,powerplay,48,0,36,6.0,8.0
548307,2012-04-05,Kolkata Knight Riders,Eden Gardens,death,0,0,0,0.0,0.0
548307,2012-04-05,Kolkata Knight Riders,Eden Gardens,middle,51,5,36,6.0,8.5
548307,2012-04-05,Kolkata Knight Riders,Eden Gardens,powerplay,46,4,36,6.0,7.67
548308,2012-04-06,Mumbai Indians,Wankhede Stadium,death,27,4,30,5.0,5.4
548308,2012-04-06,Mumbai Indians,Wankhede Stadium,middle,47,2,54,9.0,5.22
548308,2012-04-06,Mumbai Indians,Wankhede Stadium,powerplay,27,3,36,6.0,4.5
548308,2012-04-06,Pune Warriors,Wankhede Stadium,death,38,5,30,5.0,7.6
548308,2012-04-06,Pune Warriors,Wankhede Stadium,middle,61,1,54,9.0,6.78
548308,2012-04-06,Pune Warriors,Wankhede Stadium,powerplay,30,3,36,6.0,5.0
548309,2012-04-06,Kings XI Punjab,Sawai Mansingh Stadium,death,43,4,30,5.0,8.6
548309,2012-04-06,Kings XI Punjab,Sawai Mansingh Stadium,middle,72,3,54,9.0,8.0
548309,2012-04-06,Kings XI Punjab,Sawai Mansingh Stadium,powerplay,45,2,36,6.0,7.5
548309,2012-04-06,Rajasthan Royals,Sawai Mansingh Stadium,death,64,2,30,5.0,12.8
548309,2012-04-06,Rajasthan Royals,Sawai Mansingh Stadium,middle,70,2,54,9.0,7.78
548309,2012-04-06,Rajasthan Royals,Sawai Mansingh Stadium,powerplay,57,0,36,6.0,9.5
548310,2012-04-07,Delhi Daredevils,M Chinnaswamy Stadium,death,46,2,30,5.0,9.2
548310,2012-04-07,Delhi Daredevils,M Chinnaswamy Stadium,middle,45,4,54,9.0,5.0
548310,2012-04-07,Delhi Daredevils,M Chinnaswamy Stadium,powerplay,46,1,36,6.0,7.67
548310,2012-04-07,Royal Challengers Bangalore,M Chinnaswamy Stadium,death,49,2,30,5.0,9.8
548310,2012-04-07,Royal Challengers Bangalore,M Chinnaswamy Stadium,middle,62,4,54,9.0,6.89
548310,2012-04-07,Royal Challengers Bangalore,M Chinnaswamy Stadium,powerplay,46,2,36,6.0,7.67
548311,2012-04-07,Chennai Super Kings,Dr. Y.S. Rajasekhara Reddy ACA-VDCA Cricket Stadium,death,72,1,30,5.0,14.4
548311,2012-04-07,Chennai Super Kings,Dr. Y.S. Rajasekhara Reddy ACA-VDCA Cricket Stadium,middle,77,3,54,9.0,8.56
548311,2012-04-07,Chennai Super Kings,Dr. Y.S. Rajasekhara Reddy ACA-VDCA Cricket Stadium,powerplay,44,2,36,6.0,7.33
548311,2012-04-07,Deccan Chargers,Dr. Y.S. Rajasekhara Reddy ACA-VDCA Cricket Stadium,death,18,2,13,2.17,8.29
548311,2012-04-07,Deccan Chargers,Dr. Y.S. Rajasekhara Reddy ACA-VDCA Cricket Stadium,middle,56,7,54,9.0,6.22
548311,2012-04-07,Deccan Chargers,Dr. Y.S. Rajasekhara Reddy ACA-VDCA Cricket Stadium,powerplay,45,1,36,6.0,7.5
548312,2012-04-08,Kolkata Knight Riders,Sawai Mansingh Stadium,death,48,3,30,5.0,9.6
548312,2012-04-08,Kolkata Knight Riders,Sawai Mansingh Stadium,middle,67,3,54,9.0,7.44
548312,2012-04-08,Kolkata Knight Riders,Sawai Mansingh Stadium,powerplay,27,4,36,6.0,4.5
548312,2012-04-08,Rajasthan Royals,Sawai Mansingh Stadium,death,48,2,30,5.0,9.6
548312,2012-04-08,Rajasthan Royals,Sawai Mansingh Stadium,middle,79,2,54,9.0,8.78
548312,2012-04-08,Rajasthan Royals,Sawai Mansingh Stadium,powerplay,37,1,36,6.0,6.17
548313,2012-04-08,Kings XI Punjab,Subrata Roy Sahara Stadium,death,45,3,30,5.0,9.0
548313,2012-04-08,Kings XI Punjab,Subrata Roy Sahara Stadium,middle,80,3,54,9.0,8.89
548313,2012-04-08,Kings XI Punjab,Subrata Roy Sahara Stadium,powerplay,19,2,36,6.0,3.17
548313,2012-04-08,Pune Warriors,Subrata Roy Sahara Stadium,death,53,3,30,5.0,10.6
548313,2012-04-08,Pune Warriors,Subrata Roy Sahara Stadium,middle,75,1,54,9.0,8.33
548313,2012-04-08,Pune Warriors,Subrata Roy Sahara Stadium,powerplay,38,2,36,6.0,6.33
548314,2012-04-09,Deccan Chargers,Dr. Y.S. Rajasekhara Reddy ACA-VDCA Cricket Stadium,death,42,5,30,5.0,8.4
548314,2012-04-09,Deccan Chargers,Dr. Y.S. Rajasekhara Reddy ACA-VDCA Cricket Stadium,middle,51,2,54,9.0,5.67
548314,2012-04-09,Deccan Chargers,Dr. Y.S. Rajasekhara Reddy ACA-VDCA Cricket Stadium,powerplay,45,2,36,6.0,7.5
548314,2012-04-09,Mumbai Indians,Dr. Y.S. Rajasekhara Reddy ACA-VDCA Cricket Stadium,death,57,2,30,5.0,11.4
548314,2012-04-09,Mumbai Indians,Dr. Y.S. Rajasekhara Reddy ACA-VDCA Cricket Stadium,middle,56,1,54,9.0,6.22
548314,2012-04-09,Mumbai Indians,Dr. Y.S. Rajasekhara Reddy ACA-VDCA Cricket Stadium,powerplay,29,2,36,6.0,4.83
548315,2012-04-10,Kolkata Knight Riders,M Chinnaswamy Stadium,death,37,5,30,5.0,7.4
548315,2012-04-10,Kolkata Knight Riders,M Chinnaswamy Stadium,middle,68,3,54,9.0,7.56
548315,2012-04-10,Kolkata Knight Riders,M Chinnaswamy Stadium,powerplay,60,0,36,6.0,10.0
548315,2012-04-10,Royal Challengers Bangalore,M Chinnaswamy Stadium,death,42,2,30,5.0,8.4
548315,2012-04-10,Royal Challengers Bangalore,M Chinnaswamy Stadium,middle,61,4,54,9.0,6.78
548315,2012-04-10,Royal Challengers Bangalore,M Chinnaswamy Stadium,powerplay,20,3,36,6.0,3.33
548316,2012-04-10,Chennai Super Kings,Feroz Shah Kotla,death,30,3,30,5.0,6.0
548316,2012-04-10,Chennai Super Kings,Feroz Shah Kotla,middle,39,3,54,9.0,4.33
548316,2012-04-10,Chennai Super Kings,Feroz Shah Kotla,powerplay,41,2,36,6.0,6.83
548316,2012-04-10,Delhi Daredevils,Feroz Shah Kotla,death,0,0,0,0.0,0.0
548316,2012-04-10,Delhi Daredevils,Feroz Shah Kotla,middle,61,0,44,7.33,8.32
548316,2012-04-10,Delhi Daredevils,Feroz Shah Kotla,powerplay,50,2,36,6.0,8.33
548317,2012-04-11,Mumbai Indians,Wankhede Stadium,death,60,3,30,5.0,12.0
548317,2012-04-11,Mumbai Indians,Wankhede Stadium,middle,83,2,54,9.0,9.22
548317,2012-04-11,Mumbai Indians,Wankhede Stadium,powerplay,54,1,36,6.0,9.0
548317,2012-04-11,Rajasthan Royals,Wankhede Stadium,death,34,5,28,4.67,7.28
548317,2012-04-11,Rajasthan Royals,Wankhede Stadium,middle,92,3,54,9.0,10.22
548317,2012-04-11,Rajasthan Royals,Wankhede Stadium,powerplay,44,2,36,6.0,7.33
548318,2012-04-12,Chennai Super Kings,"MA Chidambaram Stadium, Chepauk",death,77,2,30,5.0,15.4
548318,2012-04-12,Chennai Super Kings,"MA Chidambaram Stadium, Chepauk",middle,79,3,54,9.0,8.78
548318,2012-04-12,Chennai Super Kings,"MA Chidambaram Stadium, Chepauk",powerplay,52,0,36,6.0,8.67
548318,2012-04-12,Royal Challengers Bangalore,"MA Chidambaram Stadium, Chepauk",death,56,7,30,5.0,11.2
548318,2012-04-12,Royal Challengers Bangalore,"MA Chidambaram Stadium, Chepauk",middle,93,0,54,9.0,10.33
548318,2012-04-12,Royal Challengers Bangalore,"MA Chidambaram Stadium, Chepauk",powerplay,56,1,36,6.0,9.33
548319,2012-04-12,Kings XI Punjab,"Punjab Cricket Association Stadium, Mohali",death,28,0,16,2.67,10.49
548319,2012-04-12,Kings XI Punjab,"Punjab Cricket Association Stadium, Mohali",middle,50,2,54,9.0,5.56
548319,2012-04-12,Kings XI Punjab,"Punjab Cricket Association Stadium, Mohali",powerplay,38,1,36,6.0,6.33
548319,2012-04-12,Pune Warriors,"Punjab Cricket Association Stadium, Mohali",death,19,5,24,4.0,4.75
548319,2012-04-12,Pune Warriors,"Punjab Cricket Association Stadium, Mohali",middle,67,2,54,9.0,7.44
548319,2012-04-12,Pune Warriors,"Punjab Cricket Association Stadium, Mohali",powerplay,29,3,36,6.0,4.83
548320,2012-04-13,Kolkata Knight Riders,Eden Gardens,death,42,2,26,4.33,9.7
548320,2012-04-13,Kolkata Knight Riders,Eden Gardens,middle,59,2,54,9.0,6.56
548320,2012-04-13,Kolkata Knight Riders,Eden Gardens,powerplay,36,1,36,6.0,6.0
548320,2012-04-13,Rajasthan Royals,Eden Gardens,death,46,2,30,5.0,9.2
548320,2012-04-13,Rajasthan Royals,Eden Gardens,middle,40,3,54,9.0,4.44
548320,2012-04-13,Rajasthan Royals,Eden Gardens,powerplay,45,0,36,6.0,7.5
548322,2012-04-14,Chennai Super Kings,Subrata Roy Sahara Stadium,death,41,2,30,5.0,8.2
548322,2012-04-14,Chennai Super Kings,Subrata Roy Sahara Stadium,middle,71,3,54,9.0,7.89
548322,2012-04-14,Chennai Super Kings,Subrata Roy Sahara Stadium,powerplay,43,0,36,6.0,7.17
548322,2012-04-14,Pune Warriors,Subrata Roy Sahara Stadium,death,50,0,26,4.33,11.55
548322,2012-04-14,Pune Warriors,Subrata Roy Sahara Stadium,middle,50,2,54,9.0,5.56
548322,2012-04-14,Pune Warriors,Subrata Roy Sahara Stadium,powerplay,56,1,36,6.0,9.33
548323,2012-04-15,Kings XI Punjab,Eden Gardens,death,47,5,30,5.0,9.4
548323,2012-04-15,Kings XI Punjab,Eden Gardens,middle,61,2,54,9.0,6.78
548323,2012-04-15,Kings XI Punjab,Eden Gardens,powerplay,26,2,36,6.0,4.33
548323,2012-04-15,Kolkata Knight Riders,Eden Gardens,death,38,1,30,5.0,7.6
548323,2012-04-15,Kolkata Knight Riders,Eden Gardens,middle,46,4,54,9.0,5.11
548323,2012-04-15,Kolkata Knight Riders,Eden Gardens,powerplay,48,2,36,6.0,8.0
548324,2012-04-15,Rajasthan Royals,M Chinnaswamy Stadium,death,82,1,30,5.0,16.4
548324,2012-04-15,Rajasthan Royals,M Chinnaswamy Stadium,middle,70,1,54,9.0,7.78
548324,2012-04-15,Rajasthan Royals,M Chinnaswamy Stadium,powerplay,43,0,36,6.0,7.17
548324,2012-04-15,Royal Challengers Bangalore,M Chinnaswamy Stadium,death,31,4,29,4.83,6.42
548324,2012-04-15,Royal Challengers Bangalore,M Chinnaswamy Stadium,middle,51,4,54,9.0,5.67
548324,2012-04-15,Royal Challengers Bangalore,M Chinnaswamy Stadium,powerplay,54,2,36,6.0,9.0
548325,2012-04-16,Delhi Daredevils,Wankhede Stadium,death,0,0,0,0.0,0.0
548325,2012-04-16,Delhi Daredevils,Wankhede Stadium,middle,52,2,53,8.83,5.89
548325,2012-04-16,Delhi Daredevils,Wankhede Stadium,powerplay,41,1,36,6.0,6.83
548325,2012-04-16,Mumbai Indians,Wankhede Stadium,death,13,3,26,4.33,3.0
548325,2012-04-16,Mumbai Indians,Wankhede Stadium,middle,56,5,54,9.0,6.22
548325,2012-04-16,Mumbai Indians,Wankhede Stadium,powerplay,23,2,36,6.0,3.83
548326,2012-04-17,Deccan Chargers,Sawai Mansingh Stadium,death,77,0,30,5.0,15.4
548326,2012-04-17,Deccan Chargers,Sawai Mansingh Stadium,middle,62,2,54,9.0,6.89
548326,2012-04-17,Deccan Chargers,Sawai Mansingh Stadium,powerplay,57,0,36,6.0,9.5
548326,2012-04-17,Rajasthan Royals,Sawai Mansingh Stadium,death,63,2,28,4.67,13.49
548326,2012-04-17,Rajasthan Royals,Sawai Mansingh Stadium,middle,72,2,54,9.0,8.0
548326,2012-04-17,Rajasthan Royals,Sawai Mansingh Stadium,powerplay,62,1,36,6.0,10.33
548327,2012-04-17,Pune Warriors,M Chinnaswamy Stadium,death,48,3,30,5.0,9.6
548327,2012-04-17,Pune Warriors,M Chinnaswamy Stadium,middle,76,3,54,9.0,8.44
548327,2012-04-17,Pune Warriors,M Chinnaswamy Stadium,powerplay,58,0,36,6.0,9.67
548327,2012-04-17,Royal Challengers Bangalore,M Chinnaswamy Stadium,death,69,1,30,5.0,13.8
548327,2012-04-17,Royal Challengers Bangalore,M Chinnaswamy Stadium,middle,75,1,54,9.0,8.33
548327,2012-04-17,Royal Challengers Bangalore,M Chinnaswamy Stadium,powerplay,42,2,36,6.0,7.0
548328,2012-04-18,Kings XI Punjab,"Punjab Cricket Association Stadium, Mohali",death,35,3,30,5.0,7.0
548328,2012-04-18,Kings XI Punjab,"Punjab Cricket Association Stadium, Mohali",middle,44,3,54,9.0,4.89
548328,2012-04-18,Kings XI Punjab,"Punjab Cricket Association Stadium, Mohali",powerplay,45,1,36,6.0,7.5
548328,2012-04-18,Kolkata Knight Riders,"Punjab Cricket Association Stadium, Mohali",death,20,0,9,1.5,13.33
548328,2012-04-18,Kolkata Knight Riders,"Punjab Cricket Association Stadium, Mohali",middle,54,1,54,9.0,6.0
548328,2012-04-18,Kolkata Knight Riders,"Punjab Cricket Association Stadium, Mohali",powerplay,53,1,36,6.0,8.83
548321,2012-04-19,Deccan Chargers,Feroz Shah Kotla,death,37,4,30,5.0,7.4
548321,2012-04-19,Deccan Chargers,Feroz Shah Kotla,middle,70,3,54,9.0,7.78
548321,2012-04-19,Deccan Chargers,Feroz Shah Kotla,powerplay,50,1,36,6.0,8.33
548321,2012-04-19,Delhi Daredevils,Feroz Shah Kotla,death,47,0,25,4.17,11.27
548321,2012-04-19,Delhi Daredevils,Feroz Shah Kotla,middle,81,2,54,9.0,9.0
548321,2012-04-19,Delhi Daredevils,Feroz Shah Kotla,powerplay,34,3,36,6.0,5.67
548330,2012-04-19,Chennai Super Kings,"MA Chidambaram Stadium, Chepauk",death,49,5,30,5.0,9.8
548330,2012-04-19,Chennai Super Kings,"MA Chidambaram Stadium, Chepauk",middle,73,0,54,9.0,8.11
548330,2012-04-19,Chennai Super Kings,"MA Chidambaram Stadium, Chepauk",powerplay,42,0,36,6.0,7.0
548330,2012-04-19,Pune Warriors,"MA Chidambaram Stadium, Chepauk",death,44,2,30,5.0,8.8
548330,2012-04-19,Pune Warriors,"MA Chidambaram Stadium, Chepauk",middle,54,3,54,9.0,6.0
548330,2012-04-19,Pune Warriors,"MA Chidambaram Stadium, Chepauk",powerplay,53,2,36,6.0,8.83
548331,2012-04-20,Kings XI Punjab,"Punjab Cricket Association Stadium, Mohali",death,58,1,30,5.0,11.6
548331,2012-04-20,Kings XI Punjab,"Punjab Cricket Association Stadium, Mohali",middle,64,3,54,9.0,7.11
548331,2012-04-20,Kings XI Punjab,"Punjab Cricket Association Stadium, Mohali",powerplay,41,2,36,6.0,6.83
548331,2012-04-20,Royal Challengers Bangalore,"Punjab Cricket Association Stadium, Mohali",death,50,2,27,4.5,11.11
548331,2012-04-20,Royal Challengers Bangalore,"Punjab Cricket Association Stadium, Mohali",middle,80,0,54,9.0,8.89
548331,2012-04-20,Royal Challengers Bangalore,"Punjab Cricket Association Stadium, Mohali",powerplay,36,3,36,6.0,6.0
548332,2012-04-21,Chennai Super Kings,"MA Chidambaram Stadium, Chepauk",death,43,2,30,5.0,8.6
548332,2012-04-21,Chennai Super Kings,"MA Chidambaram Stadium, Chepauk",middle,59,1,54,9.0,6.56
548332,2012-04-21,Chennai Super Kings,"MA Chidambaram Stadium, Chepauk",powerplay,45,0,36,6.0,7.5
548332,2012-04-21,Rajasthan Royals,"MA Chidambaram Stadium, Chepauk",death,39,2,30,5.0,7.8
548332,2012-04-21,Rajasthan Royals,"MA Chidambaram Stadium, Chepauk",middle,66,1,54,9.0,7.33
548332,2012-04-21,Rajasthan Royals,"MA Chidambaram Stadium, Chepauk",powerplay,41,1,36,6.0,6.83
548333,2012-04-21,Delhi Daredevils,Feroz Shah Kotla,death,41,2,30,5.0,8.2
548333,2012-04-21,Delhi Daredevils,Feroz Shah Kotla,middle,82,4,54,9.0,9.11
548333,2012-04-21,Delhi Daredevils,Feroz Shah Kotla,powerplay,49,1,36,6.0,8.17
548333,2012-04-21,Pune Warriors,Feroz Shah Kotla,death,67,1,30,5.0,13.4
548333,2012-04-21,Pune Warriors,Feroz Shah Kotla,middle,73,1,54,9.0,8.11
548333,2012-04-21,Pune Warriors,Feroz Shah Kotla,powerplay,52,1,36,6.0,8.67
548334,2012-04-22,Kings XI Punjab,Wankhede Stadium,death,45,2,27,4.5,10.0
548334,2012-04-22,Kings XI Punjab,Wankhede Stadium,middle,71,2,54,9.0,7.89
548334,2012-04-22,Kings XI Punjab,Wankhede Stadium,powerplay,48,0,36,6.0,8.0
548334,2012-04-22,Mumbai Indians,Wankhede Stadium,death,34,4,30,5.0,6.8
548334,2012-04-22,Mumbai Indians,Wankhede Stadium,middle,90,2,54,9.0,10.0
548334,2012-04-22,Mumbai Indians,Wankhede Stadium,powerplay,39,0,36,6.0,6.5
548335,2012-04-22,Deccan Chargers,Barabati Stadium,death,28,4,30,5.0,5.6
548335,2012-04-22,Deccan Chargers,Barabati Stadium,middle,59,2,54,9.0,6.56
548335,2012-04-22,Deccan Chargers,Barabati Stadium,powerplay,39,1,36,6.0,6.5
548335,2012-04-22,Kolkata Knight Riders,Barabati Stadium,death,30,1,24,4.0,7.5
548335,2012-04-22,Kolkata Knight Riders,Barabati Stadium,middle,55,3,54,9.0,6.11
548335,2012-04-22,Kolkata Knight Riders,Barabati Stadium,powerplay,42,1,36,6.0,7.0
548336,2012-04-23,Rajasthan Royals,Sawai Mansingh Stadium,death,40,2,30,5.0,8.0
548336,2012-04-23,Rajasthan Royals,Sawai Mansingh Stadium,middle,55,5,54,9.0,6.11
548336,2012-04-23,Rajasthan Royals,Sawai Mansingh Stadium,powerplay,48,0,36,6.0,8.0
548336,2012-04-23,Royal Challengers Bangalore,Sawai Mansingh Stadium,death,82,0,30,5.0,16.4
548336,2012-04-23,Royal Challengers Bangalore,Sawai Mansingh Stadium,middle,70,2,54,9.0,7.78
548336,2012-04-23,Royal Challengers Bangalore,Sawai Mansingh Stadium,powerplay,37,1,36,6.0,6.17
548337,2012-04-24,Delhi Daredevils,Subrata Roy Sahara Stadium,death,14,0,6,1.0,14.0
548337,2012-04-24,Delhi Daredevils,Subrata Roy Sahara Stadium,middle,73,1,54,9.0,8.11
548337,2012-04-24,Delhi Daredevils,Subrata Roy Sahara Stadium,powerplay,61,1,36,6.0,10.17
548337,2012-04-24,Pune Warriors,Subrata Roy Sahara Stadium,death,51,0,30,5.0,10.2
548337,2012-04-24,Pune Warriors,Subrata Roy Sahara Stadium,middle,67,0,54,9.0,7.44
548337,2012-04-24,Pune Warriors,Subrata Roy Sahara Stadium,powerplay,28,2,36,6.0,4.67
548339,2012-04-25,Kings XI Punjab,"Punjab Cricket Association Stadium, Mohali",death,68,0,30,5.0,13.6
548339,2012-04-25,Kings XI Punjab,"Punjab Cricket Association Stadium, Mohali",middle,56,2,54,9.0,6.22
548339,2012-04-25,Kings XI Punjab,"Punjab Cricket Association Stadium, Mohali",powerplay,44,1,36,6.0,7.33
548339,2012-04-25,Mumbai Indians,"Punjab Cricket Association Stadium, Mohali",death,65,2,29,4.83,13.46
548339,2012-04-25,Mumbai Indians,"Punjab Cricket Association Stadium, Mohali",middle,66,4,54,9.0,7.33
548339,2012-04-25,Mumbai Indians,"Punjab Cricket Association Stadium, Mohali",powerplay,40,0,36,6.0,6.67
548341,2012-04-26,Deccan Chargers,Subrata Roy Sahara Stadium,death,55,1,30,5.0,11.0
548341,2012-04-26,Deccan Chargers,Subrata Roy Sahara Stadium,middle,72,1,54,9.0,8.0
548341,2012-04-26,Deccan Chargers,Subrata Roy Sahara Stadium,powerplay,50,2,36,6.0,8.33
548341,2012-04-26,Pune Warriors,Subrata Roy Sahara Stadium,death,58,2,30,5.0,11.6
548341,2012-04-26,Pune Warriors,Subrata Roy Sahara Stadium,middle,57,3,54,9.0,6.33
548341,2012-04-26,Pune Warriors,Subrata Roy Sahara Stadium,powerplay,44,2,36,6.0,7.33
548342,2012-04-27,Delhi Daredevils,Feroz Shah Kotla,death,54,4,30,5.0,10.8
548342,2012-04-27,Delhi Daredevils,Feroz Shah Kotla,middle,99,1,54,9.0,11.0
548342,2012-04-27,Delhi Daredevils,Feroz Shah Kotla,powerplay,54,0,36,6.0,9.0
548342,2012-04-27,Mumbai Indians,Feroz Shah Kotla,death,31,5,30,5.0,6.2
548342,2012-04-27,Mumbai Indians,Feroz Shah Kotla,middle,90,1,54,9.0,10.0
548342,2012-04-27,Mumbai Indians,Feroz Shah Kotla,powerplay,49,3,36,6.0,8.17
548343,2012-04-28,Chennai Super Kings,"MA Chidambaram Stadium, Chepauk",death,50,2,30,5.0,10.0
548343,2012-04-28,Chennai Super Kings,"MA Chidambaram Stadium, Chepauk",middle,51,5,54,9.0,5.67
548343,2012-04-28,Chennai Super Kings,"MA Chidambaram Stadium, Chepauk",powerplay,48,1,36,6.0,8.0
548343,2012-04-28,Kings XI Punjab,"MA Chidambaram Stadium, Chepauk",death,35,6,30,5.0,7.0
548343,2012-04-28,Kings XI Punjab,"MA Chidambaram Stadium, Chepauk",middle,78,2,54,9.0,8.67
548343,2012-04-28,Kings XI Punjab,"MA Chidambaram Stadium, Chepauk",powerplay,43,0,36,6.0,7.17
548344,2012-04-28,Kolkata Knight Riders,Eden Gardens,death,56,3,30,5.0,11.2
548344,2012-04-28,Kolkata Knight Riders,Eden Gardens,middle,88,1,54,9.0,9.78
548344,2012-04-28,Kolkata Knight Riders,Eden Gardens,powerplay,46,0,36,6.0,7.67
548344,2012-04-28,Royal Challengers Bangalore,Eden Gardens,death,56,2,30,5.0,11.2
548344,2012-04-28,Royal Challengers Bangalore,Eden Gardens,middle,52,1,54,9.0,5.78
548344,2012-04-28,Royal Challengers Bangalore,Eden Gardens,powerplay,35,3,36,6.0,5.83
548345,2012-04-29,Delhi Daredevils,Feroz Shah Kotla,death,47,2,30,5.0,9.4
548345,2012-04-29,Delhi Daredevils,Feroz Shah Kotla,middle,63,2,54,9.0,7.0
548345,2012-04-29,Delhi Daredevils,Feroz Shah Kotla,powerplay,42,2,36,6.0,7.0
548345,2012-04-29,Rajasthan Royals,Feroz Shah Kotla,death,43,2,30,5.0,8.6
548345,2012-04-29,Rajasthan Royals,Feroz Shah Kotla,middle,68,1,54,9.0,7.56
548345,2012-04-29,Rajasthan Royals,Feroz Shah Kotla,powerplay,40,0,36,6.0,6.67
548346,2012-04-29,Deccan Chargers,Wankhede Stadium,death,18,4,22,3.67,4.9
548346,2012-04-29,Deccan Chargers,Wankhede Stadium,middle,44,5,54,9.0,4.89
548346,2012-04-29,Deccan Chargers,Wankhede Stadium,powerplay,38,1,36,6.0,6.33
548346,2012-04-29,Mumbai Indians,Wankhede Stadium,death,24,1,19,3.17,7.57
548346,2012-04-29,Mumbai Indians,Wankhede Stadium,middle,46,2,54,9.0,5.11
548346,2012-04-29,Mumbai Indians,Wankhede Stadium,powerplay,31,2,36,6.0,5.17
548347,2012-04-30,Chennai Super Kings,"MA Chidambaram Stadium, Chepauk",death,41,1,30,5.0,8.2
548347,2012-04-30,Chennai Super Kings,"MA Chidambaram Stadium, Chepauk",middle,55,2,54,9.0,6.11
548347,2012-04-30,Chennai Super Kings,"MA Chidambaram Stadium, Chepauk",powerplay,43,2,36,6.0,7.17
548347,2012-04-30,Kolkata Knight Riders,"MA Chidambaram Stadium, Chepauk",death,37,3,28,4.67,7.92
548347,2012-04-30,Kolkata Knight Riders,"MA Chidambaram Stadium, Chepauk",middle,66,1,54,9.0,7.33
548347,2012-04-30,Kolkata Knight Riders,"MA Chidambaram Stadium, Chepauk",powerplay,37,1,36,6.0,6.17
548348,2012-05-01,Deccan Chargers,Barabati Stadium,death,76,2,30,5.0,15.2
548348,2012-05-01,Deccan Chargers,Barabati Stadium,middle,77,0,54,9.0,8.56
548348,2012-05-01,Deccan Chargers,Barabati Stadium,powerplay,33,2,36,6.0,5.5
548348,2012-05-01,Pune Warriors,Barabati Stadium,death,57,2,30,5.0,11.4
548348,2012-05-01,Pune Warriors,Barabati Stadium,middle,68,2,54,9.0,7.56
548348,2012-05-01,Pune Warriors,Barabati Stadium,powerplay,48,1,36,6.0,8.0
548349,2012-05-01,Delhi Daredevils,Sawai Mansingh Stadium,death,10,0,2,0.33,30.3
548349,2012-05-01,Delhi Daredevils,Sawai Mansingh Stadium,middle,73,3,54,9.0,8.11
548349,2012-05-01,Delhi Daredevils,Sawai Mansingh Stadium,powerplay,61,1,36,6.0,10.17
548349,2012-05-01,Rajasthan Royals,Sawai Mansingh Stadium,death,37,1,30,5.0,7.4
548349,2012-05-01,Rajasthan Royals,Sawai Mansingh Stadium,middle,48,5,54,9.0,5.33
548349,2012-05-01,Rajasthan Royals,Sawai Mansingh Stadium,powerplay,56,0,36,6.0,9.33
548350,2012-05-02,Kings XI Punjab,M Chinnaswamy Stadium,death,31,4,29,4.83,6.42
548350,2012-05-02,Kings XI Punjab,M Chinnaswamy Stadium,middle,79,1,54,9.0,8.78
548350,2012-05-02,Kings XI Punjab,M Chinnaswamy Stadium,powerplay,53,1,36,6.0,8.83
548350,2012-05-02,Royal Challengers Bangalore,M Chinnaswamy Stadium,death,36,4,30,5.0,7.2
548350,2012-05-02,Royal Challengers Bangalore,M Chinnaswamy Stadium,middle,89,0,54,9.0,9.89
548350,2012-05-02,Royal Challengers Bangalore,M Chinnaswamy Stadium,powerplay,33,1,36,6.0,5.5
548351,2012-05-03,Mumbai Indians,Subrata Roy Sahara Stadium,death,28,4,30,5.0,5.6
548351,2012-05-03,Mumbai Indians,Subrata Roy Sahara Stadium,middle,50,5,54,9.0,5.56
548351,2012-05-03,Mumbai Indians,Subrata Roy Sahara Stadium,powerplay,42,0,36,6.0,7.0
548351,2012-05-03,Pune Warriors,Subrata Roy Sahara Stadium,death,43,2,30,5.0,8.6
548351,2012-05-03,Pune Warriors,Subrata Roy Sahara Stadium,middle,39,3,54,9.0,4.33
548351,2012-05-03,Pune Warriors,Subrata Roy Sahara Stadium,powerplay,37,1,36,6.0,6.17
548352,2012-05-04,Chennai Super Kings,"MA Chidambaram Stadium, Chepauk",death,36,2,30,5.0,7.2
548352,2012-05-04,Chennai Super Kings,"MA Chidambaram Stadium, Chepauk",middle,68,3,54,9.0,7.56
548352,2012-05-04,Chennai Super Kings,"MA Chidambaram Stadium, Chepauk",powerplay,56,1,36,6.0,9.33
548352,2012-05-04,Deccan Chargers,"MA Chidambaram Stadium, Chepauk",death,48,2,30,5.0,9.6
548352,2012-05-04,Deccan Chargers,"MA Chidambaram Stadium, Chepauk",middle,55,2,54,9.0,6.11
548352,2012-05-04,Deccan Chargers,"MA Chidambaram Stadium, Chepauk",powerplay,47,1,36,6.0,7.83
548353,2012-05-05,Kolkata Knight Riders,Eden Gardens,death,29,3,30,5.0,5.8
548353,2012-05-05,Kolkata Knight Riders,Eden Gardens,middle,53,2,54,9.0,5.89
548353,2012-05-05,Kolkata Knight Riders,Eden Gardens,powerplay,68,0,36,6.0,11.33
548353,2012-05-05,Pune Warriors,Eden Gardens,death,34,3,30,5.0,6.8
548353,2012-05-05,Pune Warriors,Eden Gardens,middle,64,3,54,9.0,7.11
548353,2012-05-05,Pune Warriors,Eden Gardens,powerplay,45,2,36,6.0,7.5
548354,2012-05-05,Kings XI Punjab,"Punjab Cricket Association Stadium, Mohali",death,37,3,30,5.0,7.4
548354,2012-05-05,Kings XI Punjab,"Punjab Cricket Association Stadium, Mohali",middle,64,3,54,9.0,7.11
548354,2012-05-05,Kings XI Punjab,"Punjab Cricket Association Stadium, Mohali",powerplay,33,2,36,6.0,5.5
548354,2012-05-05,Rajasthan Royals,"Punjab Cricket Association Stadium, Mohali",death,51,3,30,5.0,10.2
548354,2012-05-05,Rajasthan Royals,"Punjab Cricket Association Stadium, Mohali",middle,62,2,54,9.0,6.89
548354,2012-05-05,Rajasthan Royals,"Punjab Cricket Association Stadium, Mohali",powerplay,64,1,36,6.0,10.67
548355,2012-05-06,Chennai Super Kings,Wankhede Stadium,death,50,5,30,5.0,10.0
548355,2012-05-06,Chennai Super Kings,Wankhede Stadium,middle,71,2,54,9.0,7.89
548355,2012-05-06,Chennai Super Kings,Wankhede Stadium,powerplay,52,1,36,6.0,8.67
548355,2012-05-06,Mumbai Indians,Wankhede Stadium,death,43,7,30,5.0,8.6
548355,2012-05-06,Mumbai Indians,Wankhede Stadium,middle,85,0,54,9.0,9.44
548355,2012-05-06,Mumbai Indians,Wankhede Stadium,powerplay,46,1,36,6.0,7.67
548356,2012-05-06,Deccan Chargers,M Chinnaswamy Stadium,death,64,1,30,5.0,12.8
548356,2012-05-06,Deccan Chargers,M Chinnaswamy Stadium,middle,71,1,54,9.0,7.89
548356,2012-05-06,Deccan Chargers,M Chinnaswamy Stadium,powerplay,46,0,36,6.0,7.67
548356,2012-05-06,Royal Challengers Bangalore,M Chinnaswamy Stadium,death,72,2,23,3.83,18.8
548356,2012-05-06,Royal Challengers Bangalore,M Chinnaswamy Stadium,middle,67,3,54,9.0,7.44
548356,2012-05-06,Royal Challengers Bangalore,M Chinnaswamy Stadium,powerplay,46,0,36,6.0,7.67
548357,2012-05-07,Delhi Daredevils,Feroz Shah Kotla,death,45,5,30,5.0,9.0
548357,2012-05-07,Delhi Daredevils,Feroz Shah Kotla,middle,58,2,54,9.0,6.44
548357,2012-05-07,Delhi Daredevils,Feroz Shah Kotla,powerplay,50,2,36,6.0,8.33
548357,2012-05-07,Kolkata Knight Riders,Feroz Shah Kotla,death,26,3,22,3.67,7.08
548357,2012-05-07,Kolkata Knight Riders,Feroz Shah Kotla,middle,68,1,54,9.0,7.56
548357,2012-05-07,Kolkata Knight Riders,Feroz Shah Kotla,powerplay,60,0,36,6.0,10.0
548358,2012-05-08,Pune Warriors,Subrata Roy Sahara Stadium,death,34,2,30,5.0,6.8
548358,2012-05-08,Pune Warriors,Subrata Roy Sahara Stadium,middle,56,3,54,9.0,6.22
548358,2012-05-08,Pune Warriors,Subrata Roy Sahara Stadium,powerplay,35,1,36,6.0,5.83
548358,2012-05-08,Rajasthan Royals,Subrata Roy Sahara Stadium,death,14,0,8,1.33,10.53
548358,2012-05-08,Rajasthan Royals,Subrata Roy Sahara Stadium,middle,63,1,54,9.0,7.0
548358,2012-05-08,Rajasthan Royals,Subrata Roy Sahara Stadium,powerplay,49,2,36,6.0,8.17
548359,2012-05-08,Deccan Chargers,"Rajiv Gandhi International Stadium, Uppal",death,46,3,30,5.0,9.2
548359,2012-05-08,Deccan Chargers,"Rajiv Gandhi International Stadium, Uppal",middle,59,3,54,9.0,6.56
548359,2012-05-08,Deccan Chargers,"Rajiv Gandhi International Stadium, Uppal",powerplay,40,2,36,6.0,6.67
548359,2012-05-08,Kings XI Punjab,"Rajiv Gandhi International Stadium, Uppal",death,41,2,30,5.0,8.2
548359,2012-05-08,Kings XI Punjab,"Rajiv Gandhi International Stadium, Uppal",middle,78,3,54,9.0,8.67
548359,2012-05-08,Kings XI Punjab,"Rajiv Gandhi International Stadium, Uppal",powerplay,51,0,36,6.0,8.5
548360,2012-05-09,Mumbai Indians,Wankhede Stadium,death,46,2,30,5.0,9.2
548360,2012-05-09,Mumbai Indians,Wankhede Stadium,middle,70,2,54,9.0,7.78
548360,2012-05-09,Mumbai Indians,Wankhede Stadium,powerplay,25,2,36,6.0,4.17
548360,2012-05-09,Royal Challengers Bangalore,Wankhede Stadium,death,31,0,18,3.0,10.33
548360,2012-05-09,Royal Challengers Bangalore,Wankhede Stadium,middle,76,1,54,9.0,8.44
548360,2012-05-09,Royal Challengers Bangalore,Wankhede Stadium,powerplay,35,0,36,6.0,5.83
548329,2012-05-10,Deccan Chargers,"Rajiv Gandhi International Stadium, Uppal",death,60,2,30,5.0,12.0
548329,2012-05-10,Deccan Chargers,"Rajiv Gandhi International Stadium, Uppal",middle,94,0,54,9.0,10.44
548329,2012-05-10,Deccan Chargers,"Rajiv Gandhi International Stadium, Uppal",powerplay,33,2,36,6.0,5.5
548329,2012-05-10,Delhi Daredevils,"Rajiv Gandhi International Stadium, Uppal",death,26,0,10,1.67,15.57
548329,2012-05-10,Delhi Daredevils,"Rajiv Gandhi International Stadium, Uppal",middle,103,0,54,9.0,11.44
548329,2012-05-10,Delhi Daredevils,"Rajiv Gandhi International Stadium, Uppal",powerplay,64,1,36,6.0,10.67
548361,2012-05-10,Chennai Super Kings,Sawai Mansingh Stadium,death,50,2,19,3.17,15.77
548361,2012-05-10,Chennai Super Kings,Sawai Mansingh Stadium,middle,41,2,54,9.0,4.56
548361,2012-05-10,Chennai Super Kings,Sawai Mansingh Stadium,powerplay,36,2,36,6.0,6.0
548361,2012-05-10,Rajasthan Royals,Sawai Mansingh Stadium,death,37,2,30,5.0,7.4
548361,2012-05-10,Rajasthan Royals,Sawai Mansingh Stadium,middle,61,2,54,9.0,6.78
548361,2012-05-10,Rajasthan Royals,Sawai Mansingh Stadium,powerplay,28,2,36,6.0,4.67
548362,2012-05-11,Pune Warriors,Subrata Roy Sahara Stadium,death,33,3,30,5.0,6.6
548362,2012-05-11,Pune Warriors,Subrata Roy Sahara Stadium,middle,55,3,54,9.0,6.11
548362,2012-05-11,Pune Warriors,Subrata Roy Sahara Stadium,powerplay,50,3,36,6.0,8.33
548362,2012-05-11,Royal Challengers Bangalore,Subrata Roy Sahara Stadium,death,44,1,30,5.0,8.8
548362,2012-05-11,Royal Challengers Bangalore,Subrata Roy Sahara Stadium,middle,63,2,54,9.0,7.0
548362,2012-05-11,Royal Challengers Bangalore,Subrata Roy Sahara Stadium,powerplay,66,0,36,6.0,11.0
548363,2012-05-12,Kolkata Knight Riders,Eden Gardens,death,49,1,30,5.0,9.8
548363,2012-05-12,Kolkata Knight Riders,Eden Gardens,middle,74,1,54,9.0,8.22
548363,2012-05-12,Kolkata Knight Riders,Eden Gardens,powerplay,32,2,36,6.0,5.33
548363,2012-05-12,Mumbai Indians,Eden Gardens,death,50,0,30,5.0,10.0
548363,2012-05-12,Mumbai Indians,Eden Gardens,middle,83,0,54,9.0,9.22
548363,2012-05-12,Mumbai Indians,Eden Gardens,powerplay,49,1,36,6.0,8.17
548364,2012-05-12,Chennai Super Kings,"MA Chidambaram Stadium, Chepauk",death,3,0,2,0.33,9.09
548364,2012-05-12,Chennai Super Kings,"MA Chidambaram Stadium, Chepauk",middle,67,1,54,9.0,7.44
548364,2012-05-12,Chennai Super Kings,"MA Chidambaram Stadium, Chepauk",powerplay,45,0,36,6.0,7.5
548364,2012-05-12,Delhi Daredevils,"MA Chidambaram Stadium, Chepauk",death,36,0,30,5.0,7.2
548364,2012-05-12,Delhi Daredevils,"MA Chidambaram Stadium, Chepauk",middle,51,1,54,9.0,5.67
548364,2012-05-12,Delhi Daredevils,"MA Chidambaram Stadium, Chepauk",powerplay,27,4,36,6.0,4.5
548365,2012-05-13,Pune Warriors,Sawai Mansingh Stadium,death,28,3,30,5.0,5.6
548365,2012-05-13,Pune Warriors,Sawai Mansingh Stadium,middle,64,2,54,9.0,7.11
548365,2012-05-13,Pune Warriors,Sawai Mansingh Stadium,powerplay,33,4,36,6.0,5.5
548365,2012-05-13,Rajasthan Royals,Sawai Mansingh Stadium,death,44,2,30,5.0,8.8
548365,2012-05-13,Rajasthan Royals,Sawai Mansingh Stadium,middle,81,1,54,9.0,9.0
548365,2012-05-13,Rajasthan Royals,Sawai Mansingh Stadium,powerplay,45,1,36,6.0,7.5
548366,2012-05-13,Deccan Chargers,"Punjab Cricket Association Stadium, Mohali",death,64,2,30,5.0,12.8
548366,2012-05-13,Deccan Chargers,"Punjab Cricket Association Stadium, Mohali",middle,79,1,54,9.0,8.78
548366,2012-05-13,Deccan Chargers,"Punjab Cricket Association Stadium, Mohali",powerplay,47,1,36,6.0,7.83
548366,2012-05-13,Kings XI Punjab,"Punjab Cricket Association Stadium, Mohali",death,64,2,30,5.0,12.8
548366,2012-05-13,Kings XI Punjab,"Punjab Cricket Association Stadium, Mohali",middle,86,2,54,9.0,9.56
548366,2012-05-13,Kings XI Punjab,"Punjab Cricket Association Stadium, Mohali",powerplay,44,2,36,6.0,7.33
548367,2012-05-14,Mumbai Indians,M Chinnaswamy Stadium,death,67,0,28,4.67,14.35
548367,2012-05-14,Mumbai Indians,M Chinnaswamy Stadium,middle,74,2,54,9.0,8.22
548367,2012-05-14,Mumbai Indians,M Chinnaswamy Stadium,powerplay,32,3,36,6.0,5.33
548367,2012-05-14,Royal Challengers Bangalore,M Chinnaswamy Stadium,death,64,2,30,5.0,12.8
548367,2012-05-14,Royal Challengers Bangalore,M Chinnaswamy Stadium,middle,67,2,54,9.0,7.44
548367,2012-05-14,Royal Challengers Bangalore,M Chinnaswamy Stadium,powerplay,40,2,36,6.0,6.67
548368,2012-05-14,Chennai Super Kings,Eden Gardens,death,45,2,30,5.0,9.0
548368,2012-05-14,Chennai Super Kings,Eden Gardens,middle,64,3,54,9.0,7.11
548368,2012-05-14,Chennai Super Kings,Eden Gardens,powerplay,51,0,36,6.0,8.5
548368,2012-05-14,Kolkata Knight Riders,Eden Gardens,death,46,3,30,5.0,9.2
548368,2012-05-14,Kolkata Knight Riders,Eden Gardens,middle,62,3,54,9.0,6.89
548368,2012-05-14,Kolkata Knight Riders,Eden Gardens,powerplay,50,0,36,6.0,8.33
548369,2012-05-15,Delhi Daredevils,Feroz Shah Kotla,death,37,0,24,4.0,9.25
548369,2012-05-15,Delhi Daredevils,Feroz Shah Kotla,middle,66,1,54,9.0,7.33
548369,2012-05-15,Delhi Daredevils,Feroz Shah Kotla,powerplay,37,4,36,6.0,6.17
548369,2012-05-15,Kings XI Punjab,Feroz Shah Kotla,death,37,2,30,5.0,7.4
548369,2012-05-15,Kings XI Punjab,Feroz Shah Kotla,middle,52,4,54,9.0,5.78
548369,2012-05-15,Kings XI Punjab,Feroz Shah Kotla,powerplay,47,2,36,6.0,7.83
548370,2012-05-16,Kolkata Knight Riders,Wankhede Stadium,death,46,2,30,5.0,9.2
548370,2012-05-16,Kolkata Knight Riders,Wankhede Stadium,middle,62,3,54,9.0,6.89
548370,2012-05-16,Kolkata Knight Riders,Wankhede Stadium,powerplay,32,2,36,6.0,5.33
548370,2012-05-16,Mumbai Indians,Wankhede Stadium,death,28,7,25,4.17,6.71
548370,2012-05-16,Mumbai Indians,Wankhede Stadium,middle,54,2,54,9.0,6.0
548370,2012-05-16,Mumbai Indians,Wankhede Stadium,powerplay,26,1,36,6.0,4.33
548371,2012-05-17,Chennai Super Kings,Himachal Pradesh Cricket Association Stadium,death,43,3,30,5.0,8.6
548371,2012-05-17,Chennai Super Kings,Himachal Pradesh Cricket Association Stadium,middle,52,2,54,9.0,5.78
548371,2012-05-17,Chennai Super Kings,Himachal Pradesh Cricket Association Stadium,powerplay,25,2,36,6.0,4.17
548371,2012-05-17,Kings XI Punjab,Himachal Pradesh Cricket Association Stadium,death,9,1,9,1.5,6.0
548371,2012-05-17,Kings XI Punjab,Himachal Pradesh Cricket Association Stadium,middle,71,3,54,9.0,7.89
548371,2012-05-17,Kings XI Punjab,Himachal Pradesh Cricket Association Stadium,powerplay,43,0,36,6.0,7.17
548372,2012-05-17,Delhi Daredevils,Feroz Shah Kotla,death,45,5,30,5.0,9.0
548372,2012-05-17,Delhi Daredevils,Feroz Shah Kotla,middle,98,2,54,9.0,10.89
548372,2012-05-17,Delhi Daredevils,Feroz Shah Kotla,powerplay,51,2,36,6.0,8.5
548372,2012-05-17,Royal Challengers Bangalore,Feroz Shah Kotla,death,78,0,30,5.0,15.6
548372,2012-05-17,Royal Challengers Bangalore,Feroz Shah Kotla,middle,95,0,54,9.0,10.56
548372,2012-05-17,Royal Challengers Bangalore,Feroz Shah Kotla,powerplay,42,1,36,6.0,7.0
548373,2012-05-18,Deccan Chargers,"Rajiv Gandhi International Stadium, Uppal",death,29,2,22,3.67,7.9
548373,2012-05-18,Deccan Chargers,"Rajiv Gandhi International Stadium, Uppal",middle,41,3,54,9.0,4.56
548373,2012-05-18,Deccan Chargers,"Rajiv Gandhi International Stadium, Uppal",powerplay,58,0,36,6.0,9.67
548373,2012-05-18,Rajasthan Royals,"Rajiv Gandhi International Stadium, Uppal",death,33,4,30,5.0,6.6
548373,2012-05-18,Rajasthan Royals,"Rajiv Gandhi International Stadium, Uppal",middle,52,3,54,9.0,5.78
548373,2012-05-18,Rajasthan Royals,"Rajiv Gandhi International Stadium, Uppal",powerplay,41,1,36,6.0,6.83
548374,2012-05-19,Delhi Daredevils,Himachal Pradesh Cricket Association Stadium,death,27,1,20,3.33,8.11
548374,2012-05-19,Delhi Daredevils,Himachal Pradesh Cricket Association Stadium,middle,74,3,54,9.0,8.22
548374,2012-05-19,Delhi Daredevils,Himachal Pradesh Cricket Association Stadium,powerplay,44,0,36,6.0,7.33
548374,2012-05-19,Kings XI Punjab,Himachal Pradesh Cricket Association Stadium,death,57,3,30,5.0,11.4
548374,2012-05-19,Kings XI Punjab,Himachal Pradesh Cricket Association Stadium,middle,64,1,54,9.0,7.11
548374,2012-05-19,Kings XI Punjab,Himachal Pradesh Cricket Association Stadium,powerplay,20,4,36,6.0,3.33
548375,2012-05-19,Kolkata Knight Riders,Subrata Roy Sahara Stadium,death,35,2,30,5.0,7.0
548375,2012-05-19,Kolkata Knight Riders,Subrata Roy Sahara Stadium,middle,74,1,54,9.0,8.22
548375,2012-05-19,Kolkata Knight Riders,Subrata Roy Sahara Stadium,powerplay,27,1,36,6.0,4.5
548375,2012-05-19,Pune Warriors,Subrata Roy Sahara Stadium,death,20,4,30,5.0,4.0
548375,2012-05-19,Pune Warriors,Subrata Roy Sahara Stadium,middle,42,3,54,9.0,4.67
548375,2012-05-19,Pune Warriors,Subrata Roy Sahara Stadium,powerplay,40,1,36,6.0,6.67
548376,2012-05-20,Deccan Chargers,"Rajiv Gandhi International Stadium, Uppal",death,57,3,30,5.0,11.4
548376,2012-05-20,Deccan Chargers,"Rajiv Gandhi International Stadium, Uppal",middle,52,1,54,9.0,5.78
548376,2012-05-20,Deccan Chargers,"Rajiv Gandhi International Stadium, Uppal",powerplay,23,3,36,6.0,3.83
548376,2012-05-20,Royal Challengers Bangalore,"Rajiv Gandhi International Stadium, Uppal",death,34,5,30,5.0,6.8
548376,2012-05-20,Royal Challengers Bangalore,"Rajiv Gandhi International Stadium, Uppal",middle,49,2,54,9.0,5.44
548376,2012-05-20,Royal Challengers Bangalore,"Rajiv Gandhi International Stadium, Uppal",powerplay,40,2,36,6.0,6.67
548377,2012-05-20,Mumbai Indians,Sawai Mansingh Stadium,death,23,0,18,3.0,7.67
548377,2012-05-20,Mumbai Indians,Sawai Mansingh Stadium,middle,96,0,54,9.0,10.67
548377,2012-05-20,Mumbai Indians,Sawai Mansingh Stadium,powerplay,44,0,36,6.0,7.33
548377,2012-05-20,Rajasthan Royals,Sawai Mansingh Stadium,death,56,2,30,5.0,11.2
548377,2012-05-20,Rajasthan Royals,Sawai Mansingh Stadium,middle,75,2,54,9.0,8.33
548377,2012-05-20,Rajasthan Royals,Sawai Mansingh Stadium,powerplay,31,2,36,6.0,5.17
548378,2012-05-22,Delhi Daredevils,Subrata Roy Sahara Stadium,death,35,4,30,5.0,7.0
548378,2012-05-22,Delhi Daredevils,Subrata Roy Sahara Stadium,middle,60,2,54,9.0,6.67
548378,2012-05-22,Delhi Daredevils,Subrata Roy Sahara Stadium,powerplay,49,2,36,6.0,8.17
548378,2012-05-22,Kolkata Knight Riders,Subrata Roy Sahara Stadium,death,63,1,30,5.0,12.6
548378,2012-05-22,Kolkata Knight Riders,Subrata Roy Sahara Stadium,middle,51,2,54,9.0,5.67
548378,2012-05-22,Kolkata Knight Riders,Subrata Roy Sahara Stadium,powerplay,48,1,36,6.0,8.0
548379,2012-05-23,Chennai Super Kings,M Chinnaswamy Stadium,death,73,1,30,5.0,14.6
548379,2012-05-23,Chennai Super Kings,M Chinnaswamy Stadium,middle,84,2,54,9.0,9.33
548379,2012-05-23,Chennai Super Kings,M Chinnaswamy Stadium,powerplay,30,2,36,6.0,5.0
548379,2012-05-23,Mumbai Indians,M Chinnaswamy Stadium,death,37,2,30,5.0,7.4
548379,2012-05-23,Mumbai Indians,M Chinnaswamy Stadium,middle,58,6,54,9.0,6.44
548379,2012-05-23,Mumbai Indians,M Chinnaswamy Stadium,powerplay,54,1,36,6.0,9.0
548380,2012-05-25,Chennai Super Kings,"MA Chidambaram Stadium, Chepauk",death,60,3,30,5.0,12.0
548380,2012-05-25,Chennai Super Kings,"MA Chidambaram Stadium, Chepauk",middle,110,2,54,9.0,12.22
548380,2012-05-25,Chennai Super Kings,"MA Chidambaram Stadium, Chepauk",powerplay,52,0,36,6.0,8.67
548380,2012-05-25,Delhi Daredevils,"MA Chidambaram Stadium, Chepauk",death,8,3,11,1.83,4.37
548380,2012-05-25,Delhi Daredevils,"MA Chidambaram Stadium, Chepauk",middle,82,5,54,9.0,9.11
548380,2012-05-25,Delhi Daredevils,"MA Chidambaram Stadium, Chepauk",powerplay,46,2,36,6.0,7.67
548381,2012-05-27,Chennai Super Kings,"MA Chidambaram Stadium, Chepauk",death,54,2,30,5.0,10.8
548381,2012-05-27,Chennai Super Kings,"MA Chidambaram Stadium, Chepauk",middle,82,1,54,9.0,9.11
548381,2012-05-27,Chennai Super Kings,"MA Chidambaram Stadium, Chepauk",powerplay,54,0,36,6.0,9.0
548381,2012-05-27,Kolkata Knight Riders,"MA Chidambaram Stadium, Chepauk",death,51,3,28,4.67,10.92
548381,2012-05-27,Kolkata Knight Riders,"MA Chidambaram Stadium, Chepauk",middle,85,1,54,9.0,9.44
548381,2012-05-27,Kolkata Knight Riders,"MA Chidambaram Stadium, Chepauk",powerplay,56,1,36,6.0,9.33
597998,2013-04-03,Delhi Daredevils,Eden Gardens,death,32,5,30,5.0,6.4
597998,2013-04-03,Delhi Daredevils,Eden Gardens,middle,51,3,54,9.0,5.67
597998,2013-04-03,Delhi Daredevils,Eden Gardens,powerplay,45,2,36,6.0,7.5
597998,2013-04-03,Kolkata Knight Riders,Eden Gardens,death,29,0,22,3.67,7.9
597998,2013-04-03,Kolkata Knight Riders,Eden Gardens,middle,54,3,54,9.0,6.0
597998,2013-04-03,Kolkata Knight Riders,Eden Gardens,powerplay,46,1,36,6.0,7.67
597999,2013-04-04,Mumbai Indians,M Chinnaswamy Stadium,death,58,2,30,5.0,11.6
597999,2013-04-04,Mumbai Indians,M Chinnaswamy Stadium,middle,58,3,54,9.0,6.44
597999,2013-04-04,Mumbai Indians,M Chinnaswamy Stadium,powerplay,38,0,36,6.0,6.33
597999,2013-04-04,Royal Challengers Bangalore,M Chinnaswamy Stadium,death,56,0,30,5.0,11.2
597999,2013-04-04,Royal Challengers Bangalore,M Chinnaswamy Stadium,middle,69,3,54,9.0,7.67
597999,2013-04-04,Royal Challengers Bangalore,M Chinnaswamy Stadium,powerplay,31,2,36,6.0,5.17
598000,2013-04-05,Pune Warriors,"Rajiv Gandhi International Stadium, Uppal",death,26,6,23,3.83,6.79
598000,2013-04-05,Pune Warriors,"Rajiv Gandhi International Stadium, Uppal",middle,51,4,54,9.0,5.67
598000,2013-04-05,Pune Warriors,"Rajiv Gandhi International Stadium, Uppal",powerplay,27,0,36,6.0,4.5
598000,2013-04-05,Sunrisers Hyderabad,"Rajiv Gandhi International Stadium, Uppal",death,39,2,30,5.0,7.8
598000,2013-04-05,Sunrisers Hyderabad,"Rajiv Gandhi International Stadium, Uppal",middle,49,3,54,9.0,5.44
598000,2013-04-05,Sunrisers Hyderabad,"Rajiv Gandhi International Stadium, Uppal",powerplay,38,1,36,6.0,6.33
598001,2013-04-06,Delhi Daredevils,Feroz Shah Kotla,death,40,4,30,5.0,8.0
598001,2013-04-06,Delhi Daredevils,Feroz Shah Kotla,middle,81,1,54,9.0,9.0
598001,2013-04-06,Delhi Daredevils,Feroz Shah Kotla,powerplay,39,1,36,6.0,6.5
598001,2013-04-06,Rajasthan Royals,Feroz Shah Kotla,death,38,5,30,5.0,7.6
598001,2013-04-06,Rajasthan Royals,Feroz Shah Kotla,middle,82,1,54,9.0,9.11
598001,2013-04-06,Rajasthan Royals,Feroz Shah Kotla,powerplay,45,1,36,6.0,7.5
598002,2013-04-06,Chennai Super Kings,"MA Chidambaram Stadium, Chepauk",death,46,4,30,5.0,9.2
598002,2013-04-06,Chennai Super Kings,"MA Chidambaram Stadium, Chepauk",middle,57,3,54,9.0,6.33
598002,2013-04-06,Chennai Super Kings,"MA Chidambaram Stadium, Chepauk",powerplay,36,2,36,6.0,6.0
598002,2013-04-06,Mumbai Indians,"MA Chidambaram Stadium, Chepauk",death,52,0,30,5.0,10.4
598002,2013-04-06,Mumbai Indians,"MA Chidambaram Stadium, Chepauk",middle,55,4,54,9.0,6.11
598002,2013-04-06,Mumbai Indians,"MA Chidambaram Stadium, Chepauk",powerplay,41,2,36,6.0,6.83
598003,2013-04-07,Kings XI Punjab,Subrata Roy Sahara Stadium,death,0,0,0,0.0,0.0
598003,2013-04-07,Kings XI Punjab,Subrata Roy Sahara Stadium,middle,44,1,38,6.33,6.95
598003,2013-04-07,Kings XI Punjab,Subrata Roy Sahara Stadium,powerplay,56,1,36,6.0,9.33
598003,2013-04-07,Pune Warriors,Subrata Roy Sahara Stadium,death,35,3,30,5.0,7.0
598003,2013-04-07,Pune Warriors,Subrata Roy Sahara Stadium,middle,40,4,54,9.0,4.44
598003,2013-04-07,Pune Warriors,Subrata Roy Sahara Stadium,powerplay,24,2,36,6.0,4.0
598004,2013-04-07,Royal Challengers Bangalore,"Rajiv Gandhi International Stadium, Uppal",death,36,4,30,5.0,7.2
598004,2013-04-07,Royal Challengers Bangalore,"Rajiv Gandhi International Stadium, Uppal",death,0,0,0,0.0,0.0
598004,2013-04-07,Royal Challengers Bangalore,"Rajiv Gandhi International Stadium, Uppal",middle,54,2,54,9.0,6.0
598004,2013-04-07,Royal Challengers Bangalore,"Rajiv Gandhi International Stadium, Uppal",middle,0,0,0,0.0,0.0
598004,2013-04-07,Royal Challengers Bangalore,"Rajiv Gandhi International Stadium, Uppal",powerplay,40,2,36,6.0,6.67
598004,2013-04-07,Royal Challengers Bangalore,"Rajiv Gandhi International Stadium, Uppal",powerplay,15,0,6,1.0,15.0
598004,2013-04-07,Sunrisers Hyderabad,"Rajiv Gandhi International Stadium, Uppal",death,39,3,30,5.0,7.8
598004,2013-04-07,Sunrisers Hyderabad,"Rajiv Gandhi International Stadium, Uppal",death,0,0,0,0.0,0.0
598004,2013-04-07,Sunrisers Hyderabad,"Rajiv Gandhi International Stadium, Uppal",middle,54,2,54,9.0,6.0
598004,2013-04-07,Sunrisers Hyderabad,"Rajiv Gandhi International Stadium, Uppal",middle,0,0,0,0.0,0.0
598004,2013-04-07,Sunrisers Hyderabad,"Rajiv Gandhi International Stadium, Uppal",powerplay,37,2,36,6.0,6.17
598004,2013-04-07,Sunrisers Hyderabad,"Rajiv Gandhi International Stadium, Uppal",powerplay,20,0,6,1.0,20.0
598005,2013-04-08,Kolkata Knight Riders,Sawai Mansingh Stadium,death,26,3,24,4.0,6.5
598005,2013-04-08,Kolkata Knight Riders,Sawai Mansingh Stadium,middle,59,5,54,9.0,6.56
598005,2013-04-08,Kolkata Knight Riders,Sawai Mansingh Stadium,powerplay,40,2,36,6.0,6.67
598005,2013-04-08,Rajasthan Royals,Sawai Mansingh Stadium,death,44,3,30,5.0,8.8
598005,2013-04-08,Rajasthan Royals,Sawai Mansingh Stadium,middle,65,2,54,9.0,7.22
598005,2013-04-08,Rajasthan Royals,Sawai Mansingh Stadium,powerplay,35,1,36,6.0,5.83
598006,2013-04-09,Delhi Daredevils,Wankhede Stadium,death,39,4,30,5.0,7.8
598006,2013-04-09,Delhi Daredevils,Wankhede Stadium,middle,80,3,54,9.0,8.89
598006,2013-04-09,Delhi Daredevils,Wankhede Stadium,powerplay,46,2,36,6.0,7.67
598006,2013-04-09,Mumbai Indians,Wankhede Stadium,death,71,2,30,5.0,14.2
598006,2013-04-09,Mumbai Indians,Wankhede Stadium,middle,100,1,54,9.0,11.11
598006,2013-04-09,Mumbai Indians,Wankhede Stadium,powerplay,38,2,36,6.0,6.33
598048,2013-04-09,Royal Challengers Bangalore,M Chinnaswamy Stadium,death,45,0,16,2.67,16.85
598048,2013-04-09,Royal Challengers Bangalore,M Chinnaswamy Stadium,middle,70,2,54,9.0,7.78
598048,2013-04-09,Royal Challengers Bangalore,M Chinnaswamy Stadium,powerplay,47,1,36,6.0,7.83
598048,2013-04-09,Sunrisers Hyderabad,M Chinnaswamy Stadium,death,63,3,30,5.0,12.6
598048,2013-04-09,Sunrisers Hyderabad,M Chinnaswamy Stadium,middle,58,2,54,9.0,6.44
598048,2013-04-09,Sunrisers Hyderabad,M Chinnaswamy Stadium,powerplay,40,1,36,6.0,6.67
598007,2013-04-10,Chennai Super Kings,"Punjab Cricket Association Stadium, Mohali",death,36,0,14,2.33,15.45
598007,2013-04-10,Chennai Super Kings,"Punjab Cricket Association Stadium, Mohali",middle,65,0,54,9.0,7.22
598007,2013-04-10,Chennai Super Kings,"Punjab Cricket Association Stadium, Mohali",powerplay,38,0,36,6.0,6.33
598007,2013-04-10,Kings XI Punjab,"Punjab Cricket Association Stadium, Mohali",death,22,6,29,4.83,4.55
598007,2013-04-10,Kings XI Punjab,"Punjab Cricket Association Stadium, Mohali",middle,73,2,54,9.0,8.11
598007,2013-04-10,Kings XI Punjab,"Punjab Cricket Association Stadium, Mohali",powerplay,43,2,36,6.0,7.17
598008,2013-04-11,Kolkata Knight Riders,M Chinnaswamy Stadium,death,41,5,30,5.0,8.2
598008,2013-04-11,Kolkata Knight Riders,M Chinnaswamy Stadium,middle,69,2,54,9.0,7.67
598008,2013-04-11,Kolkata Knight Riders,M Chinnaswamy Stadium,powerplay,44,1,36,6.0,7.33
598008,2013-04-11,Royal Challengers Bangalore,M Chinnaswamy Stadium,death,41,0,15,2.5,16.4
598008,2013-04-11,Royal Challengers Bangalore,M Chinnaswamy Stadium,middle,74,1,54,9.0,8.22
598008,2013-04-11,Royal Challengers Bangalore,M Chinnaswamy Stadium,powerplay,43,1,36,6.0,7.17
598009,2013-04-11,Pune Warriors,Subrata Roy Sahara Stadium,death,31,1,22,3.67,8.45
598009,2013-04-11,Pune Warriors,Subrata Roy Sahara Stadium,middle,53,1,54,9.0,5.89
598009,2013-04-11,Pune Warriors,Subrata Roy Sahara Stadium,powerplay,64,1,36,6.0,10.67
598009,2013-04-11,Rajasthan Royals,Subrata Roy Sahara Stadium,death,43,1,30,5.0,8.6
598009,2013-04-11,Rajasthan Royals,Subrata Roy Sahara Stadium,middle,58,3,54,9.0,6.44
598009,2013-04-11,Rajasthan Royals,Subrata Roy Sahara Stadium,powerplay,44,1,36,6.0,7.33
598010,2013-04-12,Delhi Daredevils,Feroz Shah Kotla,death,42,3,30,5.0,8.4
598010,2013-04-12,Delhi Daredevils,Feroz Shah Kotla,middle,43,2,54,9.0,4.78
598010,2013-04-12,Delhi Daredevils,Feroz Shah Kotla,powerplay,29,3,36,6.0,4.83
598010,2013-04-12,Sunrisers Hyderabad,Feroz Shah Kotla,death,39,2,26,4.33,9.01
598010,2013-04-12,Sunrisers Hyderabad,Feroz Shah Kotla,middle,38,4,54,9.0,4.22
598010,2013-04-12,Sunrisers Hyderabad,Feroz Shah Kotla,powerplay,38,1,36,6.0,6.33
598011,2013-04-13,Mumbai Indians,Wankhede Stadium,death,68,1,30,5.0,13.6
598011,2013-04-13,Mumbai Indians,Wankhede Stadium,middle,67,2,54,9.0,7.44
598011,2013-04-13,Mumbai Indians,Wankhede Stadium,powerplay,48,0,36,6.0,8.0
598011,2013-04-13,Pune Warriors,Wankhede Stadium,death,24,2,30,5.0,4.8
598011,2013-04-13,Pune Warriors,Wankhede Stadium,middle,78,2,54,9.0,8.67
598011,2013-04-13,Pune Warriors,Wankhede Stadium,powerplay,40,4,36,6.0,6.67
598012,2013-04-13,Chennai Super Kings,"MA Chidambaram Stadium, Chepauk",death,65,2,29,4.83,13.46
598012,2013-04-13,Chennai Super Kings,"MA Chidambaram Stadium, Chepauk",middle,70,2,54,9.0,7.78
598012,2013-04-13,Chennai Super Kings,"MA Chidambaram Stadium, Chepauk",powerplay,31,2,36,6.0,5.17
598012,2013-04-13,Royal Challengers Bangalore,"MA Chidambaram Stadium, Chepauk",death,50,4,30,5.0,10.0
598012,2013-04-13,Royal Challengers Bangalore,"MA Chidambaram Stadium, Chepauk",middle,82,1,54,9.0,9.11
598012,2013-04-13,Royal Challengers Bangalore,"MA Chidambaram Stadium, Chepauk",powerplay,33,1,36,6.0,5.5
598013,2013-04-14,Kolkata Knight Riders,Eden Gardens,death,71,2,30,5.0,14.2
598013,2013-04-14,Kolkata Knight Riders,Eden Gardens,middle,61,2,54,9.0,6.78
598013,2013-04-14,Kolkata Knight Riders,Eden Gardens,powerplay,48,0,36,6.0,8.0
598013,2013-04-14,Sunrisers Hyderabad,Eden Gardens,death,28,4,30,5.0,5.6
598013,2013-04-14,Sunrisers Hyderabad,Eden Gardens,middle,65,3,54,9.0,7.22
598013,2013-04-14,Sunrisers Hyderabad,Eden Gardens,powerplay,39,0,36,6.0,6.5
598014,2013-04-14,Kings XI Punjab,Sawai Mansingh Stadium,death,36,4,23,3.83,9.4
598014,2013-04-14,Kings XI Punjab,Sawai Mansingh Stadium,middle,54,3,54,9.0,6.0
598014,2013-04-14,Kings XI Punjab,Sawai Mansingh Stadium,powerplay,34,3,36,6.0,5.67
598014,2013-04-14,Rajasthan Royals,Sawai Mansingh Stadium,death,32,0,26,4.33,7.39
598014,2013-04-14,Rajasthan Royals,Sawai Mansingh Stadium,middle,46,3,54,9.0,5.11
598014,2013-04-14,Rajasthan Royals,Sawai Mansingh Stadium,powerplay,48,1,36,6.0,8.0
598015,2013-04-15,Chennai Super Kings,"MA Chidambaram Stadium, Chepauk",death,36,3,30,5.0,7.2
598015,2013-04-15,Chennai Super Kings,"MA Chidambaram Stadium, Chepauk",middle,61,3,54,9.0,6.78
598015,2013-04-15,Chennai Super Kings,"MA Chidambaram Stadium, Chepauk",powerplay,38,2,36,6.0,6.33
598015,2013-04-15,Pune Warriors,"MA Chidambaram Stadium, Chepauk",death,53,3,30,5.0,10.6
598015,2013-04-15,Pune Warriors,"MA Chidambaram Stadium, Chepauk",middle,58,2,54,9.0,6.44
598015,2013-04-15,Pune Warriors,"MA Chidambaram Stadium, Chepauk",powerplay,48,0,36,6.0,8.0
598016,2013-04-16,Kings XI Punjab,"Punjab Cricket Association Stadium, Mohali",death,58,3,30,5.0,11.6
598016,2013-04-16,Kings XI Punjab,"Punjab Cricket Association Stadium, Mohali",middle,64,5,54,9.0,7.11
598016,2013-04-16,Kings XI Punjab,"Punjab Cricket Association Stadium, Mohali",powerplay,35,1,36,6.0,5.83
598016,2013-04-16,Kolkata Knight Riders,"Punjab Cricket Association Stadium, Mohali",death,37,5,30,5.0,7.4
598016,2013-04-16,Kolkata Knight Riders,"Punjab Cricket Association Stadium, Mohali",middle,71,2,54,9.0,7.89
598016,2013-04-16,Kolkata Knight Riders,"Punjab Cricket Association Stadium, Mohali",powerplay,45,2,36,6.0,7.5
598017,2013-04-16,Delhi Daredevils,M Chinnaswamy Stadium,death,58,1,30,5.0,11.6
598017,2013-04-16,Delhi Daredevils,M Chinnaswamy Stadium,death,0,0,0,0.0,0.0
598017,2013-04-16,Delhi Daredevils,M Chinnaswamy Stadium,middle,51,3,54,9.0,5.67
598017,2013-04-16,Delhi Daredevils,M Chinnaswamy Stadium,middle,0,0,0,0.0,0.0
598017,2013-04-16,Delhi Daredevils,M Chinnaswamy Stadium,powerplay,43,1,36,6.0,7.17
598017,2013-04-16,Delhi Daredevils,M Chinnaswamy Stadium,powerplay,11,2,6,1.0,11.0
598017,2013-04-16,Royal Challengers Bangalore,M Chinnaswamy Stadium,death,26,5,30,5.0,5.2
598017,2013-04-16,Royal Challengers Bangalore,M Chinnaswamy Stadium,death,0,0,0,0.0,0.0
598017,2013-04-16,Royal Challengers Bangalore,M Chinnaswamy Stadium,middle,78,0,54,9.0,8.67
598017,2013-04-16,Royal Challengers Bangalore,M Chinnaswamy Stadium,middle,0,0,0,0.0,0.0
598017,2013-04-16,Royal Challengers Bangalore,M Chinnaswamy Stadium,powerplay,48,2,36,6.0,8.0
598017,2013-04-16,Royal Challengers Bangalore,M Chinnaswamy Stadium,powerplay,15,0,6,1.0,15.0
598018,2013-04-17,Pune Warriors,Maharashtra Cricket Association Stadium,death,21,6,24,4.0,5.25
598018,2013-04-17,Pune Warriors,Maharashtra Cricket Association Stadium,middle,46,2,54,9.0,5.11
598018,2013-04-17,Pune Warriors,Maharashtra Cricket Association Stadium,powerplay,41,2,36,6.0,6.83
598018,2013-04-17,Sunrisers Hyderabad,Maharashtra Cricket Association Stadium,death,44,1,30,5.0,8.8
598018,2013-04-17,Sunrisers Hyderabad,Maharashtra Cricket Association Stadium,middle,50,3,54,9.0,5.56
598018,2013-04-17,Sunrisers Hyderabad,Maharashtra Cricket Association Stadium,powerplay,25,4,36,6.0,4.17
598019,2013-04-17,Mumbai Indians,Sawai Mansingh Stadium,death,21,3,20,3.33,6.31
598019,2013-04-17,Mumbai Indians,Sawai Mansingh Stadium,middle,45,5,54,9.0,5.0
598019,2013-04-17,Mumbai Indians,Sawai Mansingh Stadium,powerplay,26,2,36,6.0,4.33
598019,2013-04-17,Rajasthan Royals,Sawai Mansingh Stadium,death,54,1,30,5.0,10.8
598019,2013-04-17,Rajasthan Royals,Sawai Mansingh Stadium,middle,67,2,54,9.0,7.44
598019,2013-04-17,Rajasthan Royals,Sawai Mansingh Stadium,powerplay,58,0,36,6.0,9.67
598020,2013-04-18,Chennai Super Kings,Feroz Shah Kotla,death,53,2,30,5.0,10.6
598020,2013-04-18,Chennai Super Kings,Feroz Shah Kotla,middle,77,1,54,9.0,8.56
598020,2013-04-18,Chennai Super Kings,Feroz Shah Kotla,powerplay,39,1,36,6.0,6.5
598020,2013-04-18,Delhi Daredevils,Feroz Shah Kotla,death,3,3,15,2.5,1.2
598020,2013-04-18,Delhi Daredevils,Feroz Shah Kotla,middle,48,3,54,9.0,5.33
598020,2013-04-18,Delhi Daredevils,Feroz Shah Kotla,powerplay,32,4,36,6.0,5.33
598021,2013-04-19,Kings XI Punjab,"Rajiv Gandhi International Stadium, Uppal",death,31,5,30,5.0,6.2
598021,2013-04-19,Kings XI Punjab,"Rajiv Gandhi International Stadium, Uppal",middle,56,3,54,9.0,6.22
598021,2013-04-19,Kings XI Punjab,"Rajiv Gandhi International Stadium, Uppal",powerplay,36,1,36,6.0,6.0
598021,2013-04-19,Sunrisers Hyderabad,"Rajiv Gandhi International Stadium, Uppal",death,40,2,23,3.83,10.44
598021,2013-04-19,Sunrisers Hyderabad,"Rajiv Gandhi International Stadium, Uppal",middle,54,2,54,9.0,6.0
598021,2013-04-19,Sunrisers Hyderabad,"Rajiv Gandhi International Stadium, Uppal",powerplay,33,1,36,6.0,5.5
598022,2013-04-20,Chennai Super Kings,Eden Gardens,death,54,2,25,4.17,12.95
598022,2013-04-20,Chennai Super Kings,Eden Gardens,middle,43,3,54,9.0,4.78
598022,2013-04-20,Chennai Super Kings,Eden Gardens,powerplay,27,1,36,6.0,4.5
598022,2013-04-20,Kolkata Knight Riders,Eden Gardens,death,30,3,30,5.0,6.0
598022,2013-04-20,Kolkata Knight Riders,Eden Gardens,middle,42,5,54,9.0,4.67
598022,2013-04-20,Kolkata Knight Riders,Eden Gardens,powerplay,47,1,36,6.0,7.83
598023,2013-04-20,Rajasthan Royals,M Chinnaswamy Stadium,death,16,6,28,4.67,3.43
598023,2013-04-20,Rajasthan Royals,M Chinnaswamy Stadium,middle,70,2,54,9.0,7.78
598023,2013-04-20,Rajasthan Royals,M Chinnaswamy Stadium,powerplay,31,2,36,6.0,5.17
598023,2013-04-20,Royal Challengers Bangalore,M Chinnaswamy Stadium,death,25,0,17,2.83,8.83
598023,2013-04-20,Royal Challengers Bangalore,M Chinnaswamy Stadium,middle,50,3,54,9.0,5.56
598023,2013-04-20,Royal Challengers Bangalore,M Chinnaswamy Stadium,powerplay,48,0,36,6.0,8.0
598024,2013-04-21,Delhi Daredevils,Feroz Shah Kotla,death,21,1,12,2.0,10.5
598024,2013-04-21,Delhi Daredevils,Feroz Shah Kotla,middle,84,0,54,9.0,9.33
598024,2013-04-21,Delhi Daredevils,Feroz Shah Kotla,powerplay,60,0,36,6.0,10.0
598024,2013-04-21,Mumbai Indians,Feroz Shah Kotla,death,54,2,30,5.0,10.8
598024,2013-04-21,Mumbai Indians,Feroz Shah Kotla,middle,83,0,54,9.0,9.22
598024,2013-04-21,Mumbai Indians,Feroz Shah Kotla,powerplay,24,2,36,6.0,4.0
598025,2013-04-21,Kings XI Punjab,"Punjab Cricket Association Stadium, Mohali",death,57,0,29,4.83,11.8
598025,2013-04-21,Kings XI Punjab,"Punjab Cricket Association Stadium, Mohali",middle,74,1,54,9.0,8.22
598025,2013-04-21,Kings XI Punjab,"Punjab Cricket Association Stadium, Mohali",powerplay,55,2,36,6.0,9.17
598025,2013-04-21,Pune Warriors,"Punjab Cricket Association Stadium, Mohali",death,61,3,30,5.0,12.2
598025,2013-04-21,Pune Warriors,"Punjab Cricket Association Stadium, Mohali",middle,76,1,54,9.0,8.44
598025,2013-04-21,Pune Warriors,"Punjab Cricket Association Stadium, Mohali",powerplay,48,0,36,6.0,8.0
598026,2013-04-22,Chennai Super Kings,"MA Chidambaram Stadium, Chepauk",death,46,3,29,4.83,9.52
598026,2013-04-22,Chennai Super Kings,"MA Chidambaram Stadium, Chepauk",middle,82,1,54,9.0,9.11
598026,2013-04-22,Chennai Super Kings,"MA Chidambaram Stadium, Chepauk",powerplay,58,1,36,6.0,9.67
598026,2013-04-22,Rajasthan Royals,"MA Chidambaram Stadium, Chepauk",death,54,1,30,5.0,10.8
598026,2013-04-22,Rajasthan Royals,"MA Chidambaram Stadium, Chepauk",middle,76,3,54,9.0,8.44
598026,2013-04-22,Rajasthan Royals,"MA Chidambaram Stadium, Chepauk",powerplay,55,0,36,6.0,9.17
598027,2013-04-23,Pune Warriors,M Chinnaswamy Stadium,death,22,4,30,5.0,4.4
598027,2013-04-23,Pune Warriors,M Chinnaswamy Stadium,middle,68,1,54,9.0,7.56
598027,2013-04-23,Pune Warriors,M Chinnaswamy Stadium,powerplay,43,4,36,6.0,7.17
598027,2013-04-23,Royal Challengers Bangalore,M Chinnaswamy Stadium,death,67,4,30,5.0,13.4
598027,2013-04-23,Royal Challengers Bangalore,M Chinnaswamy Stadium,middle,134,1,54,9.0,14.89
598027,2013-04-23,Royal Challengers Bangalore,M Chinnaswamy Stadium,powerplay,62,0,36,6.0,10.33
598059,2013-04-23,Delhi Daredevils,Feroz Shah Kotla,death,30,1,30,5.0,6.0
598059,2013-04-23,Delhi Daredevils,Feroz Shah Kotla,middle,50,4,54,9.0,5.56
598059,2013-04-23,Delhi Daredevils,Feroz Shah Kotla,powerplay,40,2,36,6.0,6.67
598059,2013-04-23,Kings XI Punjab,Feroz Shah Kotla,death,20,1,12,2.0,10.0
598059,2013-04-23,Kings XI Punjab,Feroz Shah Kotla,middle,45,1,54,9.0,5.0
598059,2013-04-23,Kings XI Punjab,Feroz Shah Kotla,powerplay,56,3,36,6.0,9.33
598029,2013-04-24,Kolkata Knight Riders,Eden Gardens,death,47,3,30,5.0,9.4
598029,2013-04-24,Kolkata Knight Riders,Eden Gardens,middle,51,2,54,9.0,5.67
598029,2013-04-24,Kolkata Knight Riders,Eden Gardens,powerplay,61,1,36,6.0,10.17
598029,2013-04-24,Mumbai Indians,Eden Gardens,death,46,2,29,4.83,9.52
598029,2013-04-24,Mumbai Indians,Eden Gardens,middle,74,2,54,9.0,8.22
598029,2013-04-24,Mumbai Indians,Eden Gardens,powerplay,42,1,36,6.0,7.0
598030,2013-04-25,Chennai Super Kings,"MA Chidambaram Stadium, Chepauk",death,46,2,28,4.67,9.85
598030,2013-04-25,Chennai Super Kings,"MA Chidambaram Stadium, Chepauk",middle,56,3,54,9.0,6.22
598030,2013-04-25,Chennai Super Kings,"MA Chidambaram Stadium, Chepauk",powerplay,58,0,36,6.0,9.67
598030,2013-04-25,Sunrisers Hyderabad,"MA Chidambaram Stadium, Chepauk",death,63,2,30,5.0,12.6
598030,2013-04-25,Sunrisers Hyderabad,"MA Chidambaram Stadium, Chepauk",middle,56,1,54,9.0,6.22
598030,2013-04-25,Sunrisers Hyderabad,"MA Chidambaram Stadium, Chepauk",powerplay,40,3,36,6.0,6.67
598031,2013-04-26,Kings XI Punjab,Eden Gardens,death,38,2,30,5.0,7.6
598031,2013-04-26,Kings XI Punjab,Eden Gardens,middle,66,4,54,9.0,7.33
598031,2013-04-26,Kings XI Punjab,Eden Gardens,powerplay,45,0,36,6.0,7.5
598031,2013-04-26,Kolkata Knight Riders,Eden Gardens,death,32,1,20,3.33,9.61
598031,2013-04-26,Kolkata Knight Riders,Eden Gardens,middle,73,1,54,9.0,8.11
598031,2013-04-26,Kolkata Knight Riders,Eden Gardens,powerplay,45,2,36,6.0,7.5
598032,2013-04-27,Rajasthan Royals,Sawai Mansingh Stadium,death,37,0,17,2.83,13.07
598032,2013-04-27,Rajasthan Royals,Sawai Mansingh Stadium,middle,79,1,54,9.0,8.78
598032,2013-04-27,Rajasthan Royals,Sawai Mansingh Stadium,powerplay,30,1,36,6.0,5.0
598032,2013-04-27,Sunrisers Hyderabad,Sawai Mansingh Stadium,death,52,2,30,5.0,10.4
598032,2013-04-27,Sunrisers Hyderabad,Sawai Mansingh Stadium,middle,63,2,54,9.0,7.0
598032,2013-04-27,Sunrisers Hyderabad,Sawai Mansingh Stadium,powerplay,29,5,36,6.0,4.83
598033,2013-04-27,Mumbai Indians,Wankhede Stadium,death,51,4,30,5.0,10.2
598033,2013-04-27,Mumbai Indians,Wankhede Stadium,middle,91,2,54,9.0,10.11
598033,2013-04-27,Mumbai Indians,Wankhede Stadium,powerplay,52,1,36,6.0,8.67
598033,2013-04-27,Royal Challengers Bangalore,Wankhede Stadium,death,42,0,30,5.0,8.4
598033,2013-04-27,Royal Challengers Bangalore,Wankhede Stadium,middle,59,6,54,9.0,6.56
598033,2013-04-27,Royal Challengers Bangalore,Wankhede Stadium,powerplay,35,1,36,6.0,5.83
598034,2013-04-28,Chennai Super Kings,"MA Chidambaram Stadium, Chepauk",death,49,2,30,5.0,9.8
598034,2013-04-28,Chennai Super Kings,"MA Chidambaram Stadium, Chepauk",middle,84,1,54,9.0,9.33
598034,2013-04-28,Chennai Super Kings,"MA Chidambaram Stadium, Chepauk",powerplay,67,0,36,6.0,11.17
598034,2013-04-28,Kolkata Knight Riders,"MA Chidambaram Stadium, Chepauk",death,60,1,30,5.0,12.0
598034,2013-04-28,Kolkata Knight Riders,"MA Chidambaram Stadium, Chepauk",middle,63,1,54,9.0,7.0
598034,2013-04-28,Kolkata Knight Riders,"MA Chidambaram Stadium, Chepauk",powerplay,63,2,36,6.0,10.5
598035,2013-04-28,Delhi Daredevils,Shaheed Veer Narayan Singh International Stadium,death,63,1,30,5.0,12.6
598035,2013-04-28,Delhi Daredevils,Shaheed Veer Narayan Singh International Stadium,middle,64,3,54,9.0,7.11
598035,2013-04-28,Delhi Daredevils,Shaheed Veer Narayan Singh International Stadium,powerplay,37,1,36,6.0,6.17
598035,2013-04-28,Pune Warriors,Shaheed Veer Narayan Singh International Stadium,death,39,2,30,5.0,7.8
598035,2013-04-28,Pune Warriors,Shaheed Veer Narayan Singh International Stadium,middle,67,2,54,9.0,7.44
598035,2013-04-28,Pune Warriors,Shaheed Veer Narayan Singh International Stadium,powerplay,43,0,36,6.0,7.17
598036,2013-04-29,Rajasthan Royals,Sawai Mansingh Stadium,death,53,3,29,4.83,10.97
598036,2013-04-29,Rajasthan Royals,Sawai Mansingh Stadium,middle,75,2,54,9.0,8.33
598036,2013-04-29,Rajasthan Royals,Sawai Mansingh Stadium,powerplay,45,1,36,6.0,7.5
598036,2013-04-29,Royal Challengers Bangalore,Sawai Mansingh Stadium,death,55,3,30,5.0,11.0
598036,2013-04-29,Royal Challengers Bangalore,Sawai Mansingh Stadium,middle,61,2,54,9.0,6.78
598036,2013-04-29,Royal Challengers Bangalore,Sawai Mansingh Stadium,powerplay,55,1,36,6.0,9.17
598037,2013-04-29,Kings XI Punjab,Wankhede Stadium,death,52,3,30,5.0,10.4
598037,2013-04-29,Kings XI Punjab,Wankhede Stadium,middle,63,5,54,9.0,7.0
598037,2013-04-29,Kings XI Punjab,Wankhede Stadium,powerplay,55,2,36,6.0,9.17
598037,2013-04-29,Mumbai Indians,Wankhede Stadium,death,72,0,30,5.0,14.4
598037,2013-04-29,Mumbai Indians,Wankhede Stadium,middle,66,2,54,9.0,7.33
598037,2013-04-29,Mumbai Indians,Wankhede Stadium,powerplay,36,1,36,6.0,6.0
598038,2013-04-30,Chennai Super Kings,Subrata Roy Sahara Stadium,death,62,1,30,5.0,12.4
598038,2013-04-30,Chennai Super Kings,Subrata Roy Sahara Stadium,middle,73,0,54,9.0,8.11
598038,2013-04-30,Chennai Super Kings,Subrata Roy Sahara Stadium,powerplay,29,2,36,6.0,4.83
598038,2013-04-30,Pune Warriors,Subrata Roy Sahara Stadium,death,34,2,30,5.0,6.8
598038,2013-04-30,Pune Warriors,Subrata Roy Sahara Stadium,middle,47,3,54,9.0,5.22
598038,2013-04-30,Pune Warriors,Subrata Roy Sahara Stadium,powerplay,46,4,36,6.0,7.67
598039,2013-05-01,Mumbai Indians,"Rajiv Gandhi International Stadium, Uppal",death,40,0,30,5.0,8.0
598039,2013-05-01,Mumbai Indians,"Rajiv Gandhi International Stadium, Uppal",middle,48,2,54,9.0,5.33
598039,2013-05-01,Mumbai Indians,"Rajiv Gandhi International Stadium, Uppal",powerplay,41,2,36,6.0,6.83
598039,2013-05-01,Sunrisers Hyderabad,"Rajiv Gandhi International Stadium, Uppal",death,24,1,18,3.0,8.0
598039,2013-05-01,Sunrisers Hyderabad,"Rajiv Gandhi International Stadium, Uppal",middle,70,1,54,9.0,7.78
598039,2013-05-01,Sunrisers Hyderabad,"Rajiv Gandhi International Stadium, Uppal",powerplay,36,1,36,6.0,6.0
598040,2013-05-01,Delhi Daredevils,Shaheed Veer Narayan Singh International Stadium,death,37,1,17,2.83,13.07
598040,2013-05-01,Delhi Daredevils,Shaheed Veer Narayan Singh International Stadium,middle,66,0,54,9.0,7.33
598040,2013-05-01,Delhi Daredevils,Shaheed Veer Narayan Singh International Stadium,powerplay,34,2,36,6.0,5.67
598040,2013-05-01,Kolkata Knight Riders,Shaheed Veer Narayan Singh International Stadium,death,53,2,30,5.0,10.6
598040,2013-05-01,Kolkata Knight Riders,Shaheed Veer Narayan Singh International Stadium,middle,46,2,54,9.0,5.11
598040,2013-05-01,Kolkata Knight Riders,Shaheed Veer Narayan Singh International Stadium,powerplay,37,3,36,6.0,6.17
598041,2013-05-02,Chennai Super Kings,"MA Chidambaram Stadium, Chepauk",death,70,1,30,5.0,14.0
598041,2013-05-02,Chennai Super Kings,"MA Chidambaram Stadium, Chepauk",middle,80,2,54,9.0,8.89
598041,2013-05-02,Chennai Super Kings,"MA Chidambaram Stadium, Chepauk",powerplay,36,1,36,6.0,6.0
598041,2013-05-02,Kings XI Punjab,"MA Chidambaram Stadium, Chepauk",death,49,3,30,5.0,9.8
598041,2013-05-02,Kings XI Punjab,"MA Chidambaram Stadium, Chepauk",middle,86,1,54,9.0,9.56
598041,2013-05-02,Kings XI Punjab,"MA Chidambaram Stadium, Chepauk",powerplay,36,2,36,6.0,6.0
598042,2013-05-02,Pune Warriors,Subrata Roy Sahara Stadium,death,48,5,30,5.0,9.6
598042,2013-05-02,Pune Warriors,Subrata Roy Sahara Stadium,middle,83,3,54,9.0,9.22
598042,2013-05-02,Pune Warriors,Subrata Roy Sahara Stadium,powerplay,39,1,36,6.0,6.5
598042,2013-05-02,Royal Challengers Bangalore,Subrata Roy Sahara Stadium,death,68,1,30,5.0,13.6
598042,2013-05-02,Royal Challengers Bangalore,Subrata Roy Sahara Stadium,middle,89,2,54,9.0,9.89
598042,2013-05-02,Royal Challengers Bangalore,Subrata Roy Sahara Stadium,powerplay,30,0,36,6.0,5.0
598043,2013-05-03,Kolkata Knight Riders,Eden Gardens,death,19,0,14,2.33,8.15
598043,2013-05-03,Kolkata Knight Riders,Eden Gardens,middle,66,1,54,9.0,7.33
598043,2013-05-03,Kolkata Knight Riders,Eden Gardens,powerplay,48,1,36,6.0,8.0
598043,2013-05-03,Rajasthan Royals,Eden Gardens,death,30,2,30,5.0,6.0
598043,2013-05-03,Rajasthan Royals,Eden Gardens,middle,68,2,54,9.0,7.56
598043,2013-05-03,Rajasthan Royals,Eden Gardens,powerplay,34,2,36,6.0,5.67
598044,2013-05-04,Delhi Daredevils,"Rajiv Gandhi International Stadium, Uppal",death,10,4,25,4.17,2.4
598044,2013-05-04,Delhi Daredevils,"Rajiv Gandhi International Stadium, Uppal",middle,44,5,54,9.0,4.89
598044,2013-05-04,Delhi Daredevils,"Rajiv Gandhi International Stadium, Uppal",powerplay,26,1,36,6.0,4.33
598044,2013-05-04,Sunrisers Hyderabad,"Rajiv Gandhi International Stadium, Uppal",death,0,0,0,0.0,0.0
598044,2013-05-04,Sunrisers Hyderabad,"Rajiv Gandhi International Stadium, Uppal",middle,40,2,47,7.83,5.11
598044,2013-05-04,Sunrisers Hyderabad,"Rajiv Gandhi International Stadium, Uppal",powerplay,41,2,36,6.0,6.83
598046,2013-05-05,Chennai Super Kings,Wankhede Stadium,death,1,1,2,0.33,3.03
598046,2013-05-05,Chennai Super Kings,Wankhede Stadium,middle,46,5,54,9.0,5.11
598046,2013-05-05,Chennai Super Kings,Wankhede Stadium,powerplay,32,4,36,6.0,5.33
598046,2013-05-05,Mumbai Indians,Wankhede Stadium,death,57,1,30,5.0,11.4
598046,2013-05-05,Mumbai Indians,Wankhede Stadium,middle,50,4,54,9.0,5.56
598046,2013-05-05,Mumbai Indians,Wankhede Stadium,powerplay,32,0,36,6.0,5.33
598047,2013-05-05,Pune Warriors,Sawai Mansingh Stadium,death,53,2,30,5.0,10.6
598047,2013-05-05,Pune Warriors,Sawai Mansingh Stadium,middle,64,2,54,9.0,7.11
598047,2013-05-05,Pune Warriors,Sawai Mansingh Stadium,powerplay,61,0,36,6.0,10.17
598047,2013-05-05,Rajasthan Royals,Sawai Mansingh Stadium,death,54,3,29,4.83,11.18
598047,2013-05-05,Rajasthan Royals,Sawai Mansingh Stadium,middle,75,2,54,9.0,8.33
598047,2013-05-05,Rajasthan Royals,Sawai Mansingh Stadium,powerplay,53,0,36,6.0,8.83
598064,2013-05-06,Kings XI Punjab,"Punjab Cricket Association Stadium, Mohali",death,56,0,18,3.0,18.67
598064,2013-05-06,Kings XI Punjab,"Punjab Cricket Association Stadium, Mohali",middle,97,2,54,9.0,10.78
598064,2013-05-06,Kings XI Punjab,"Punjab Cricket Association Stadium, Mohali",powerplay,41,2,36,6.0,6.83
598064,2013-05-06,Royal Challengers Bangalore,"Punjab Cricket Association Stadium, Mohali",death,57,2,30,5.0,11.4
598064,2013-05-06,Royal Challengers Bangalore,"Punjab Cricket Association Stadium, Mohali",middle,75,1,54,9.0,8.33
598064,2013-05-06,Royal Challengers Bangalore,"Punjab Cricket Association Stadium, Mohali",powerplay,58,0,36,6.0,9.67
598049,2013-05-07,Delhi Daredevils,Sawai Mansingh Stadium,death,53,0,30,5.0,10.6
598049,2013-05-07,Delhi Daredevils,Sawai Mansingh Stadium,middle,59,2,54,9.0,6.56
598049,2013-05-07,Delhi Daredevils,Sawai Mansingh Stadium,powerplay,42,2,36,6.0,7.0
598049,2013-05-07,Rajasthan Royals,Sawai Mansingh Stadium,death,29,0,17,2.83,10.25
598049,2013-05-07,Rajasthan Royals,Sawai Mansingh Stadium,middle,77,1,54,9.0,8.56
598049,2013-05-07,Rajasthan Royals,Sawai Mansingh Stadium,powerplay,49,0,36,6.0,8.17
598050,2013-05-07,Kolkata Knight Riders,Wankhede Stadium,death,13,3,20,3.33,3.9
598050,2013-05-07,Kolkata Knight Riders,Wankhede Stadium,middle,54,6,54,9.0,6.0
598050,2013-05-07,Kolkata Knight Riders,Wankhede Stadium,powerplay,38,1,36,6.0,6.33
598050,2013-05-07,Mumbai Indians,Wankhede Stadium,death,64,4,30,5.0,12.8
598050,2013-05-07,Mumbai Indians,Wankhede Stadium,middle,65,2,54,9.0,7.22
598050,2013-05-07,Mumbai Indians,Wankhede Stadium,powerplay,41,0,36,6.0,6.83
598051,2013-05-08,Chennai Super Kings,"Rajiv Gandhi International Stadium, Uppal",death,87,2,30,5.0,17.4
598051,2013-05-08,Chennai Super Kings,"Rajiv Gandhi International Stadium, Uppal",middle,86,0,54,9.0,9.56
598051,2013-05-08,Chennai Super Kings,"Rajiv Gandhi International Stadium, Uppal",powerplay,50,1,36,6.0,8.33
598051,2013-05-08,Sunrisers Hyderabad,"Rajiv Gandhi International Stadium, Uppal",death,37,2,30,5.0,7.4
598051,2013-05-08,Sunrisers Hyderabad,"Rajiv Gandhi International Stadium, Uppal",middle,60,4,54,9.0,6.67
598051,2013-05-08,Sunrisers Hyderabad,"Rajiv Gandhi International Stadium, Uppal",powerplay,49,2,36,6.0,8.17
598052,2013-05-09,Kings XI Punjab,"Punjab Cricket Association Stadium, Mohali",death,38,3,30,5.0,7.6
598052,2013-05-09,Kings XI Punjab,"Punjab Cricket Association Stadium, Mohali",middle,70,2,54,9.0,7.78
598052,2013-05-09,Kings XI Punjab,"Punjab Cricket Association Stadium, Mohali",powerplay,37,1,36,6.0,6.17
598052,2013-05-09,Rajasthan Royals,"Punjab Cricket Association Stadium, Mohali",death,42,0,24,4.0,10.5
598052,2013-05-09,Rajasthan Royals,"Punjab Cricket Association Stadium, Mohali",middle,67,1,54,9.0,7.44
598052,2013-05-09,Rajasthan Royals,"Punjab Cricket Association Stadium, Mohali",powerplay,38,1,36,6.0,6.33
598053,2013-05-09,Kolkata Knight Riders,Subrata Roy Sahara Stadium,death,56,2,30,5.0,11.2
598053,2013-05-09,Kolkata Knight Riders,Subrata Roy Sahara Stadium,middle,46,3,54,9.0,5.11
598053,2013-05-09,Kolkata Knight Riders,Subrata Roy Sahara Stadium,powerplay,50,1,36,6.0,8.33
598053,2013-05-09,Pune Warriors,Subrata Roy Sahara Stadium,death,26,5,27,4.5,5.78
598053,2013-05-09,Pune Warriors,Subrata Roy Sahara Stadium,middle,46,3,54,9.0,5.11
598053,2013-05-09,Pune Warriors,Subrata Roy Sahara Stadium,powerplay,34,2,36,6.0,5.67
598054,2013-05-10,Delhi Daredevils,Feroz Shah Kotla,death,56,3,30,5.0,11.2
598054,2013-05-10,Delhi Daredevils,Feroz Shah Kotla,middle,74,2,54,9.0,8.22
598054,2013-05-10,Delhi Daredevils,Feroz Shah Kotla,powerplay,49,2,36,6.0,8.17
598054,2013-05-10,Royal Challengers Bangalore,Feroz Shah Kotla,death,84,1,30,5.0,16.8
598054,2013-05-10,Royal Challengers Bangalore,Feroz Shah Kotla,middle,59,1,54,9.0,6.56
598054,2013-05-10,Royal Challengers Bangalore,Feroz Shah Kotla,powerplay,40,2,36,6.0,6.67
598055,2013-05-11,Mumbai Indians,Subrata Roy Sahara Stadium,death,33,2,23,3.83,8.62
598055,2013-05-11,Mumbai Indians,Subrata Roy Sahara Stadium,middle,46,1,54,9.0,5.11
598055,2013-05-11,Mumbai Indians,Subrata Roy Sahara Stadium,powerplay,37,2,36,6.0,6.17
598055,2013-05-11,Pune Warriors,Subrata Roy Sahara Stadium,death,24,3,30,5.0,4.8
598055,2013-05-11,Pune Warriors,Subrata Roy Sahara Stadium,middle,52,3,54,9.0,5.78
598055,2013-05-11,Pune Warriors,Subrata Roy Sahara Stadium,powerplay,36,2,36,6.0,6.0
598056,2013-05-11,Kings XI Punjab,"Punjab Cricket Association Stadium, Mohali",death,27,5,30,5.0,5.4
598056,2013-05-11,Kings XI Punjab,"Punjab Cricket Association Stadium, Mohali",middle,52,3,54,9.0,5.78
598056,2013-05-11,Kings XI Punjab,"Punjab Cricket Association Stadium, Mohali",powerplay,41,1,36,6.0,6.83
598056,2013-05-11,Sunrisers Hyderabad,"Punjab Cricket Association Stadium, Mohali",death,52,1,30,5.0,10.4
598056,2013-05-11,Sunrisers Hyderabad,"Punjab Cricket Association Stadium, Mohali",middle,61,4,54,9.0,6.78
598056,2013-05-11,Sunrisers Hyderabad,"Punjab Cricket Association Stadium, Mohali",powerplay,37,2,36,6.0,6.17
598057,2013-05-12,Kolkata Knight Riders,JSCA International Stadium Complex,death,31,2,26,4.33,7.16
598057,2013-05-12,Kolkata Knight Riders,JSCA International Stadium Complex,middle,54,1,54,9.0,6.0
598057,2013-05-12,Kolkata Knight Riders,JSCA International Stadium Complex,powerplay,31,2,36,6.0,5.17
598057,2013-05-12,Royal Challengers Bangalore,JSCA International Stadium Complex,death,31,6,30,5.0,6.2
598057,2013-05-12,Royal Challengers Bangalore,JSCA International Stadium Complex,middle,62,2,54,9.0,6.89
598057,2013-05-12,Royal Challengers Bangalore,JSCA International Stadium Complex,powerplay,22,1,36,6.0,3.67
598058,2013-05-12,Chennai Super Kings,Sawai Mansingh Stadium,death,41,1,30,5.0,8.2
598058,2013-05-12,Chennai Super Kings,Sawai Mansingh Stadium,middle,63,3,54,9.0,7.0
598058,2013-05-12,Chennai Super Kings,Sawai Mansingh Stadium,powerplay,37,0,36,6.0,6.17
598058,2013-05-12,Rajasthan Royals,Sawai Mansingh Stadium,death,14,1,13,2.17,6.45
598058,2013-05-12,Rajasthan Royals,Sawai Mansingh Stadium,middle,106,1,54,9.0,11.78
598058,2013-05-12,Rajasthan Royals,Sawai Mansingh Stadium,powerplay,24,3,36,6.0,4.0
598060,2013-05-13,Mumbai Indians,Wankhede Stadium,death,71,0,27,4.5,15.78
598060,2013-05-13,Mumbai Indians,Wankhede Stadium,middle,74,3,54,9.0,8.22
598060,2013-05-13,Mumbai Indians,Wankhede Stadium,powerplay,39,1,36,6.0,6.5
598060,2013-05-13,Sunrisers Hyderabad,Wankhede Stadium,death,47,1,30,5.0,9.4
598060,2013-05-13,Sunrisers Hyderabad,Wankhede Stadium,middle,79,1,54,9.0,8.78
598060,2013-05-13,Sunrisers Hyderabad,Wankhede Stadium,powerplay,52,1,36,6.0,8.67
598045,2013-05-14,Kings XI Punjab,M Chinnaswamy Stadium,death,36,2,19,3.17,11.36
598045,2013-05-14,Kings XI Punjab,M Chinnaswamy Stadium,middle,94,0,54,9.0,10.44
598045,2013-05-14,Kings XI Punjab,M Chinnaswamy Stadium,powerplay,46,1,36,6.0,7.67
598045,2013-05-14,Royal Challengers Bangalore,M Chinnaswamy Stadium,death,63,4,30,5.0,12.6
598045,2013-05-14,Royal Challengers Bangalore,M Chinnaswamy Stadium,middle,80,0,54,9.0,8.89
598045,2013-05-14,Royal Challengers Bangalore,M Chinnaswamy Stadium,powerplay,31,1,36,6.0,5.17
598062,2013-05-14,Chennai Super Kings,"MA Chidambaram Stadium, Chepauk",death,59,1,30,5.0,11.8
598062,2013-05-14,Chennai Super Kings,"MA Chidambaram Stadium, Chepauk",middle,62,3,54,9.0,6.89
598062,2013-05-14,Chennai Super Kings,"MA Chidambaram Stadium, Chepauk",powerplay,47,0,36,6.0,7.83
598062,2013-05-14,Delhi Daredevils,"MA Chidambaram Stadium, Chepauk",death,32,3,30,5.0,6.4
598062,2013-05-14,Delhi Daredevils,"MA Chidambaram Stadium, Chepauk",middle,54,4,54,9.0,6.0
598062,2013-05-14,Delhi Daredevils,"MA Chidambaram Stadium, Chepauk",powerplay,49,2,36,6.0,8.17
598061,2013-05-15,Kolkata Knight Riders,JSCA International Stadium Complex,death,41,4,30,5.0,8.2
598061,2013-05-15,Kolkata Knight Riders,JSCA International Stadium Complex,middle,89,0,54,9.0,9.89
598061,2013-05-15,Kolkata Knight Riders,JSCA International Stadium Complex,powerplay,33,3,36,6.0,5.5
598061,2013-05-15,Pune Warriors,JSCA International Stadium Complex,death,58,2,30,5.0,11.6
598061,2013-05-15,Pune Warriors,JSCA International Stadium Complex,middle,70,1,54,9.0,7.78
598061,2013-05-15,Pune Warriors,JSCA International Stadium Complex,powerplay,42,1,36,6.0,7.0
598063,2013-05-15,Mumbai Indians,Wankhede Stadium,death,34,5,30,5.0,6.8
598063,2013-05-15,Mumbai Indians,Wankhede Stadium,middle,83,2,54,9.0,9.22
598063,2013-05-15,Mumbai Indians,Wankhede Stadium,powerplay,49,1,36,6.0,8.17
598063,2013-05-15,Rajasthan Royals,Wankhede Stadium,death,46,1,30,5.0,9.2
598063,2013-05-15,Rajasthan Royals,Wankhede Stadium,middle,77,2,54,9.0,8.56
598063,2013-05-15,Rajasthan Royals,Wankhede Stadium,powerplay,29,4,36,6.0,4.83
598028,2013-05-16,Delhi Daredevils,Himachal Pradesh Cricket Association Stadium,death,64,3,30,5.0,12.8
598028,2013-05-16,Delhi Daredevils,Himachal Pradesh Cricket Association Stadium,middle,79,1,54,9.0,8.78
598028,2013-05-16,Delhi Daredevils,Himachal Pradesh Cricket Association Stadium,powerplay,21,3,36,6.0,3.5
598028,2013-05-16,Kings XI Punjab,Himachal Pradesh Cricket Association Stadium,death,68,2,30,5.0,13.6
598028,2013-05-16,Kings XI Punjab,Himachal Pradesh Cricket Association Stadium,middle,50,2,54,9.0,5.56
598028,2013-05-16,Kings XI Punjab,Himachal Pradesh Cricket Association Stadium,powerplay,53,0,36,6.0,8.83
598065,2013-05-17,Rajasthan Royals,"Rajiv Gandhi International Stadium, Uppal",death,40,4,30,5.0,8.0
598065,2013-05-17,Rajasthan Royals,"Rajiv Gandhi International Stadium, Uppal",middle,40,5,54,9.0,4.44
598065,2013-05-17,Rajasthan Royals,"Rajiv Gandhi International Stadium, Uppal",powerplay,33,0,36,6.0,5.5
598065,2013-05-17,Sunrisers Hyderabad,"Rajiv Gandhi International Stadium, Uppal",death,46,5,30,5.0,9.2
598065,2013-05-17,Sunrisers Hyderabad,"Rajiv Gandhi International Stadium, Uppal",middle,69,1,54,9.0,7.67
598065,2013-05-17,Sunrisers Hyderabad,"Rajiv Gandhi International Stadium, Uppal",powerplay,21,3,36,6.0,3.5
598066,2013-05-18,Kings XI Punjab,Himachal Pradesh Cricket Association Stadium,death,52,6,30,5.0,10.4
598066,2013-05-18,Kings XI Punjab,Himachal Pradesh Cricket Association Stadium,middle,96,0,54,9.0,10.67
598066,2013-05-18,Kings XI Punjab,Himachal Pradesh Cricket Association Stadium,powerplay,35,2,36,6.0,5.83
598066,2013-05-18,Mumbai Indians,Himachal Pradesh Cricket Association Stadium,death,26,4,25,4.17,6.24
598066,2013-05-18,Mumbai Indians,Himachal Pradesh Cricket Association Stadium,middle,56,3,54,9.0,6.22
598066,2013-05-18,Mumbai Indians,Himachal Pradesh Cricket Association Stadium,powerplay,51,2,36,6.0,8.5
598068,2013-05-18,Chennai Super Kings,M Chinnaswamy Stadium,death,0,0,0,0.0,0.0
598068,2013-05-18,Chennai Super Kings,M Chinnaswamy Stadium,middle,26,3,12,2.0,13.0
598068,2013-05-18,Chennai Super Kings,M Chinnaswamy Stadium,powerplay,56,3,36,6.0,9.33
598068,2013-05-18,Royal Challengers Bangalore,M Chinnaswamy Stadium,death,0,0,0,0.0,0.0
598068,2013-05-18,Royal Challengers Bangalore,M Chinnaswamy Stadium,middle,30,1,12,2.0,15.0
598068,2013-05-18,Royal Challengers Bangalore,M Chinnaswamy Stadium,powerplay,76,1,36,6.0,12.67
598067,2013-05-19,Delhi Daredevils,Subrata Roy Sahara Stadium,death,30,4,30,5.0,6.0
598067,2013-05-19,Delhi Daredevils,Subrata Roy Sahara Stadium,middle,57,3,54,9.0,6.33
598067,2013-05-19,Delhi Daredevils,Subrata Roy Sahara Stadium,powerplay,47,2,36,6.0,7.83
598067,2013-05-19,Pune Warriors,Subrata Roy Sahara Stadium,death,65,1,30,5.0,13.0
598067,2013-05-19,Pune Warriors,Subrata Roy Sahara Stadium,middle,67,3,54,9.0,7.44
598067,2013-05-19,Pune Warriors,Subrata Roy Sahara Stadium,powerplay,40,1,36,6.0,6.67
598069,2013-05-19,Kolkata Knight Riders,"Rajiv Gandhi International Stadium, Uppal",death,41,4,30,5.0,8.2
598069,2013-05-19,Kolkata Knight Riders,"Rajiv Gandhi International Stadium, Uppal",middle,56,2,54,9.0,6.22
598069,2013-05-19,Kolkata Knight Riders,"Rajiv Gandhi International Stadium, Uppal",powerplay,33,1,36,6.0,5.5
598069,2013-05-19,Sunrisers Hyderabad,"Rajiv Gandhi International Stadium, Uppal",death,26,2,23,3.83,6.79
598069,2013-05-19,Sunrisers Hyderabad,"Rajiv Gandhi International Stadium, Uppal",middle,61,3,54,9.0,6.78
598069,2013-05-19,Sunrisers Hyderabad,"Rajiv Gandhi International Stadium, Uppal",powerplay,45,0,36,6.0,7.5
598070,2013-05-21,Chennai Super Kings,Feroz Shah Kotla,death,67,0,30,5.0,13.4
598070,2013-05-21,Chennai Super Kings,Feroz Shah Kotla,middle,78,1,54,9.0,8.67
598070,2013-05-21,Chennai Super Kings,Feroz Shah Kotla,powerplay,47,0,36,6.0,7.83
598070,2013-05-21,Mumbai Indians,Feroz Shah Kotla,death,17,5,22,3.67,4.63
598070,2013-05-21,Mumbai Indians,Feroz Shah Kotla,middle,71,4,54,9.0,7.89
598070,2013-05-21,Mumbai Indians,Feroz Shah Kotla,powerplay,56,1,36,6.0,9.33
598071,2013-05-22,Rajasthan Royals,Feroz Shah Kotla,death,36,1,26,4.33,8.31
598071,2013-05-22,Rajasthan Royals,Feroz Shah Kotla,middle,55,4,54,9.0,6.11
598071,2013-05-22,Rajasthan Royals,Feroz Shah Kotla,powerplay,44,1,36,6.0,7.33
598071,2013-05-22,Sunrisers Hyderabad,Feroz Shah Kotla,death,55,4,30,5.0,11.0
598071,2013-05-22,Sunrisers Hyderabad,Feroz Shah Kotla,middle,50,1,54,9.0,5.56
598071,2013-05-22,Sunrisers Hyderabad,Feroz Shah Kotla,powerplay,27,2,36,6.0,4.5
598072,2013-05-24,Mumbai Indians,Eden Gardens,death,43,4,29,4.83,8.9
598072,2013-05-24,Mumbai Indians,Eden Gardens,middle,81,2,54,9.0,9.0
598072,2013-05-24,Mumbai Indians,Eden Gardens,powerplay,45,0,36,6.0,7.5
598072,2013-05-24,Rajasthan Royals,Eden Gardens,death,61,2,30,5.0,12.2
598072,2013-05-24,Rajasthan Royals,Eden Gardens,middle,62,4,54,9.0,6.89
598072,2013-05-24,Rajasthan Royals,Eden Gardens,powerplay,42,0,36,6.0,7.0
598073,2013-05-26,Chennai Super Kings,Eden Gardens,death,42,1,30,5.0,8.4
598073,2013-05-26,Chennai Super Kings,Eden Gardens,middle,48,4,54,9.0,5.33
598073,2013-05-26,Chennai Super Kings,Eden Gardens,powerplay,35,4,36,6.0,5.83
598073,2013-05-26,Mumbai Indians,Eden Gardens,death,48,5,30,5.0,9.6
598073,2013-05-26,Mumbai Indians,Eden Gardens,middle,66,1,54,9.0,7.33
598073,2013-05-26,Mumbai Indians,Eden Gardens,powerplay,34,3,36,6.0,5.67
729279,2014-04-16,Kolkata Knight Riders,Sheikh Zayed Stadium,death,53,4,30,5.0,10.6
729279,2014-04-16,Kolkata Knight Riders,Sheikh Zayed Stadium,middle,79,0,54,9.0,8.78
729279,2014-04-16,Kolkata Knight Riders,Sheikh Zayed Stadium,powerplay,31,1,36,6.0,5.17
729279,2014-04-16,Mumbai Indians,Sheikh Zayed Stadium,death,27,5,30,5.0,5.4
729279,2014-04-16,Mumbai Indians,Sheikh Zayed Stadium,middle,63,1,54,9.0,7.0
729279,2014-04-16,Mumbai Indians,Sheikh Zayed Stadium,powerplay,32,1,36,6.0,5.33
729281,2014-04-17,Delhi Daredevils,Sharjah Cricket Stadium,death,63,0,30,5.0,12.6
729281,2014-04-17,Delhi Daredevils,Sharjah Cricket Stadium,middle,52,1,54,9.0,5.78
729281,2014-04-17,Delhi Daredevils,Sharjah Cricket Stadium,powerplay,30,3,36,6.0,5.0
729281,2014-04-17,Royal Challengers Bangalore,Sharjah Cricket Stadium,death,22,0,10,1.67,13.17
729281,2014-04-17,Royal Challengers Bangalore,Sharjah Cricket Stadium,middle,74,1,54,9.0,8.22
729281,2014-04-17,Royal Challengers Bangalore,Sharjah Cricket Stadium,powerplay,50,1,36,6.0,8.33
729283,2014-04-18,Chennai Super Kings,Sheikh Zayed Stadium,death,60,3,30,5.0,12.0
729283,2014-04-18,Chennai Super Kings,Sheikh Zayed Stadium,middle,75,1,54,9.0,8.33
729283,2014-04-18,Chennai Super Kings,Sheikh Zayed Stadium,powerplay,70,0,36,6.0,11.67
729283,2014-04-18,Kings XI Punjab,Sheikh Zayed Stadium,death,50,1,23,3.83,13.05
729283,2014-04-18,Kings XI Punjab,Sheikh Zayed Stadium,middle,92,0,54,9.0,10.22
729283,2014-04-18,Kings XI Punjab,Sheikh Zayed Stadium,powerplay,64,3,36,6.0,10.67
729285,2014-04-18,Rajasthan Royals,Sheikh Zayed Stadium,death,33,3,27,4.5,7.33
729285,2014-04-18,Rajasthan Royals,Sheikh Zayed Stadium,middle,72,1,54,9.0,8.0
729285,2014-04-18,Rajasthan Royals,Sheikh Zayed Stadium,powerplay,30,2,36,6.0,5.0
729285,2014-04-18,Sunrisers Hyderabad,Sheikh Zayed Stadium,death,43,3,30,5.0,8.6
729285,2014-04-18,Sunrisers Hyderabad,Sheikh Zayed Stadium,middle,49,2,54,9.0,5.44
729285,2014-04-18,Sunrisers Hyderabad,Sheikh Zayed Stadium,powerplay,41,1,36,6.0,6.83
729287,2014-04-19,Mumbai Indians,Dubai International Cricket Stadium,death,23,5,30,5.0,4.6
729287,2014-04-19,Mumbai Indians,Dubai International Cricket Stadium,middle,43,3,54,9.0,4.78
729287,2014-04-19,Mumbai Indians,Dubai International Cricket Stadium,powerplay,49,1,36,6.0,8.17
729287,2014-04-19,Royal Challengers Bangalore,Dubai International Cricket Stadium,death,24,0,15,2.5,9.6
729287,2014-04-19,Royal Challengers Bangalore,Dubai International Cricket Stadium,middle,62,0,54,9.0,6.89
729287,2014-04-19,Royal Challengers Bangalore,Dubai International Cricket Stadium,powerplay,30,3,36,6.0,5.0
729289,2014-04-19,Delhi Daredevils,Dubai International Cricket Stadium,death,44,2,27,4.5,9.78
729289,2014-04-19,Delhi Daredevils,Dubai International Cricket Stadium,middle,74,2,54,9.0,8.22
729289,2014-04-19,Delhi Daredevils,Dubai International Cricket Stadium,powerplay,49,2,36,6.0,8.17
729289,2014-04-19,Kolkata Knight Riders,Dubai International Cricket Stadium,death,54,2,30,5.0,10.8
729289,2014-04-19,Kolkata Knight Riders,Dubai International Cricket Stadium,middle,81,1,54,9.0,9.0
729289,2014-04-19,Kolkata Knight Riders,Dubai International Cricket Stadium,powerplay,31,2,36,6.0,5.17
729291,2014-04-20,Kings XI Punjab,Sharjah Cricket Stadium,death,61,0,22,3.67,16.62
729291,2014-04-20,Kings XI Punjab,Sharjah Cricket Stadium,middle,93,1,54,9.0,10.33
729291,2014-04-20,Kings XI Punjab,Sharjah Cricket Stadium,powerplay,39,2,36,6.0,6.5
729291,2014-04-20,Rajasthan Royals,Sharjah Cricket Stadium,death,48,2,30,5.0,9.6
729291,2014-04-20,Rajasthan Royals,Sharjah Cricket Stadium,middle,89,2,54,9.0,9.89
729291,2014-04-20,Rajasthan Royals,Sharjah Cricket Stadium,powerplay,54,1,36,6.0,9.0
729293,2014-04-21,Chennai Super Kings,Sheikh Zayed Stadium,death,66,4,30,5.0,13.2
729293,2014-04-21,Chennai Super Kings,Sheikh Zayed Stadium,middle,77,2,54,9.0,8.56
729293,2014-04-21,Chennai Super Kings,Sheikh Zayed Stadium,powerplay,34,1,36,6.0,5.67
729293,2014-04-21,Delhi Daredevils,Sheikh Zayed Stadium,death,2,1,4,0.67,2.99
729293,2014-04-21,Delhi Daredevils,Sheikh Zayed Stadium,middle,58,5,54,9.0,6.44
729293,2014-04-21,Delhi Daredevils,Sheikh Zayed Stadium,powerplay,24,3,36,6.0,4.0
729295,2014-04-22,Kings XI Punjab,Sharjah Cricket Stadium,death,41,4,30,5.0,8.2
729295,2014-04-22,Kings XI Punjab,Sharjah Cricket Stadium,middle,109,2,54,9.0,12.11
729295,2014-04-22,Kings XI Punjab,Sharjah Cricket Stadium,powerplay,43,0,36,6.0,7.17
729295,2014-04-22,Sunrisers Hyderabad,Sharjah Cricket Stadium,death,22,3,26,4.33,5.08
729295,2014-04-22,Sunrisers Hyderabad,Sharjah Cricket Stadium,middle,54,4,54,9.0,6.0
729295,2014-04-22,Sunrisers Hyderabad,Sharjah Cricket Stadium,powerplay,45,3,36,6.0,7.5
729297,2014-04-23,Chennai Super Kings,Dubai International Cricket Stadium,death,39,0,30,5.0,7.8
729297,2014-04-23,Chennai Super Kings,Dubai International Cricket Stadium,middle,50,5,54,9.0,5.56
729297,2014-04-23,Chennai Super Kings,Dubai International Cricket Stadium,powerplay,51,1,36,6.0,8.5
729297,2014-04-23,Rajasthan Royals,Dubai International Cricket Stadium,death,46,2,29,4.83,9.52
729297,2014-04-23,Rajasthan Royals,Dubai International Cricket Stadium,middle,49,6,54,9.0,5.44
729297,2014-04-23,Rajasthan Royals,Dubai International Cricket Stadium,powerplay,38,2,36,6.0,6.33
729299,2014-04-24,Kolkata Knight Riders,Sharjah Cricket Stadium,death,44,3,30,5.0,8.8
729299,2014-04-24,Kolkata Knight Riders,Sharjah Cricket Stadium,middle,64,2,54,9.0,7.11
729299,2014-04-24,Kolkata Knight Riders,Sharjah Cricket Stadium,powerplay,42,2,36,6.0,7.0
729299,2014-04-24,Royal Challengers Bangalore,Sharjah Cricket Stadium,death,32,3,30,5.0,6.4
729299,2014-04-24,Royal Challengers Bangalore,Sharjah Cricket Stadium,middle,67,2,54,9.0,7.44
729299,2014-04-24,Royal Challengers Bangalore,Sharjah Cricket Stadium,powerplay,49,0,36,6.0,8.17
729301,2014-04-25,Delhi Daredevils,Dubai International Cricket Stadium,death,61,2,30,5.0,12.2
729301,2014-04-25,Delhi Daredevils,Dubai International Cricket Stadium,middle,75,2,54,9.0,8.33
729301,2014-04-25,Delhi Daredevils,Dubai International Cricket Stadium,powerplay,44,0,36,6.0,7.33
729301,2014-04-25,Sunrisers Hyderabad,Dubai International Cricket Stadium,death,66,0,30,5.0,13.2
729301,2014-04-25,Sunrisers Hyderabad,Dubai International Cricket Stadium,middle,63,1,54,9.0,7.0
729301,2014-04-25,Sunrisers Hyderabad,Dubai International Cricket Stadium,powerplay,55,0,36,6.0,9.17
729303,2014-04-25,Chennai Super Kings,Dubai International Cricket Stadium,death,35,1,24,4.0,8.75
729303,2014-04-25,Chennai Super Kings,Dubai International Cricket Stadium,middle,56,2,54,9.0,6.22
729303,2014-04-25,Chennai Super Kings,Dubai International Cricket Stadium,powerplay,51,0,36,6.0,8.5
729303,2014-04-25,Mumbai Indians,Dubai International Cricket Stadium,death,33,5,30,5.0,6.6
729303,2014-04-25,Mumbai Indians,Dubai International Cricket Stadium,middle,77,0,54,9.0,8.56
729303,2014-04-25,Mumbai Indians,Dubai International Cricket Stadium,powerplay,31,2,36,6.0,5.17
729305,2014-04-26,Rajasthan Royals,Sheikh Zayed Stadium,death,0,0,0,0.0,0.0
729305,2014-04-26,Rajasthan Royals,Sheikh Zayed Stadium,middle,35,2,42,7.0,5.0
729305,2014-04-26,Rajasthan Royals,Sheikh Zayed Stadium,powerplay,36,2,36,6.0,6.0
729305,2014-04-26,Royal Challengers Bangalore,Sheikh Zayed Stadium,death,0,0,0,0.0,0.0
729305,2014-04-26,Royal Challengers Bangalore,Sheikh Zayed Stadium,middle,48,5,54,9.0,5.33
729305,2014-04-26,Royal Challengers Bangalore,Sheikh Zayed Stadium,powerplay,22,5,36,6.0,3.67
729307,2014-04-26,Kings XI Punjab,Sheikh Zayed Stadium,death,21,3,30,5.0,4.2
729307,2014-04-26,Kings XI Punjab,Sheikh Zayed Stadium,middle,60,4,54,9.0,6.67
729307,2014-04-26,Kings XI Punjab,Sheikh Zayed Stadium,powerplay,51,2,36,6.0,8.5
729307,2014-04-26,Kolkata Knight Riders,Sheikh Zayed Stadium,death,34,3,20,3.33,10.21
729307,2014-04-26,Kolkata Knight Riders,Sheikh Zayed Stadium,middle,51,4,54,9.0,5.67
729307,2014-04-26,Kolkata Knight Riders,Sheikh Zayed Stadium,powerplay,24,3,36,6.0,4.0
729309,2014-04-27,Delhi Daredevils,Sharjah Cricket Stadium,death,23,2,23,3.83,6.01
729309,2014-04-27,Delhi Daredevils,Sharjah Cricket Stadium,middle,72,2,54,9.0,8.0
729309,2014-04-27,Delhi Daredevils,Sharjah Cricket Stadium,powerplay,31,0,36,6.0,5.17
729309,2014-04-27,Mumbai Indians,Sharjah Cricket Stadium,death,56,2,30,5.0,11.2
729309,2014-04-27,Mumbai Indians,Sharjah Cricket Stadium,middle,32,3,54,9.0,3.56
729309,2014-04-27,Mumbai Indians,Sharjah Cricket Stadium,powerplay,37,2,36,6.0,6.17
729311,2014-04-27,Chennai Super Kings,Sharjah Cricket Stadium,death,22,3,27,4.5,4.89
729311,2014-04-27,Chennai Super Kings,Sharjah Cricket Stadium,middle,77,2,54,9.0,8.56
729311,2014-04-27,Chennai Super Kings,Sharjah Cricket Stadium,powerplay,47,0,36,6.0,7.83
729311,2014-04-27,Sunrisers Hyderabad,Sharjah Cricket Stadium,death,47,1,30,5.0,9.4
729311,2014-04-27,Sunrisers Hyderabad,Sharjah Cricket Stadium,middle,61,2,54,9.0,6.78
729311,2014-04-27,Sunrisers Hyderabad,Sharjah Cricket Stadium,powerplay,37,2,36,6.0,6.17
729313,2014-04-28,Kings XI Punjab,Dubai International Cricket Stadium,death,26,0,23,3.83,6.79
729313,2014-04-28,Kings XI Punjab,Dubai International Cricket Stadium,middle,68,3,54,9.0,7.56
729313,2014-04-28,Kings XI Punjab,Dubai International Cricket Stadium,powerplay,33,2,36,6.0,5.5
729313,2014-04-28,Royal Challengers Bangalore,Dubai International Cricket Stadium,death,26,1,30,5.0,5.2
729313,2014-04-28,Royal Challengers Bangalore,Dubai International Cricket Stadium,middle,54,3,54,9.0,6.0
729313,2014-04-28,Royal Challengers Bangalore,Dubai International Cricket Stadium,powerplay,44,4,36,6.0,7.33
729315,2014-04-29,Kolkata Knight Riders,Sheikh Zayed Stadium,death,51,4,30,5.0,10.2
729315,2014-04-29,Kolkata Knight Riders,Sheikh Zayed Stadium,death,0,0,0,0.0,0.0
729315,2014-04-29,Kolkata Knight Riders,Sheikh Zayed Stadium,middle,68,3,54,9.0,7.56
729315,2014-04-29,Kolkata Knight Riders,Sheikh Zayed Stadium,middle,0,0,0,0.0,0.0
729315,2014-04-29,Kolkata Knight Riders,Sheikh Zayed Stadium,powerplay,33,1,36,6.0,5.5
729315,2014-04-29,Kolkata Knight Riders,Sheikh Zayed Stadium,powerplay,11,2,6,1.0,11.0
729315,2014-04-29,Rajasthan Royals,Sheikh Zayed Stadium,death,46,3,30,5.0,9.2
729315,2014-04-29,Rajasthan Royals,Sheikh Zayed Stadium,death,0,0,0,0.0,0.0
729315,2014-04-29,Rajasthan Royals,Sheikh Zayed Stadium,middle,61,1,54,9.0,6.78
729315,2014-04-29,Rajasthan Royals,Sheikh Zayed Stadium,middle,0,0,0,0.0,0.0
729315,2014-04-29,Rajasthan Royals,Sheikh Zayed Stadium,powerplay,45,1,36,6.0,7.5
729315,2014-04-29,Rajasthan Royals,Sheikh Zayed Stadium,powerplay,11,0,6,1.0,11.0
729317,2014-04-30,Mumbai Indians,Dubai International Cricket Stadium,death,51,4,30,5.0,10.2
729317,2014-04-30,Mumbai Indians,Dubai International Cricket Stadium,middle,74,0,54,9.0,8.22
729317,2014-04-30,Mumbai Indians,Dubai International Cricket Stadium,powerplay,32,3,36,6.0,5.33
729317,2014-04-30,Sunrisers Hyderabad,Dubai International Cricket Stadium,death,55,3,30,5.0,11.0
729317,2014-04-30,Sunrisers Hyderabad,Dubai International Cricket Stadium,middle,73,0,54,9.0,8.11
729317,2014-04-30,Sunrisers Hyderabad,Dubai International Cricket Stadium,powerplay,44,2,36,6.0,7.33
733971,2014-05-02,Chennai Super Kings,JSCA International Stadium Complex,death,22,0,12,2.0,11.0
733971,2014-05-02,Chennai Super Kings,JSCA International Stadium Complex,middle,83,2,54,9.0,9.22
733971,2014-05-02,Chennai Super Kings,JSCA International Stadium Complex,powerplay,43,1,36,6.0,7.17
733971,2014-05-02,Kolkata Knight Riders,JSCA International Stadium Complex,death,23,2,12,2.0,11.5
733971,2014-05-02,Kolkata Knight Riders,JSCA International Stadium Complex,middle,52,3,54,9.0,5.78
733971,2014-05-02,Kolkata Knight Riders,JSCA International Stadium Complex,powerplay,39,4,36,6.0,6.5
733973,2014-05-03,Kings XI Punjab,Wankhede Stadium,death,42,2,30,5.0,8.4
733973,2014-05-03,Kings XI Punjab,Wankhede Stadium,middle,90,1,54,9.0,10.0
733973,2014-05-03,Kings XI Punjab,Wankhede Stadium,powerplay,36,2,36,6.0,6.0
733973,2014-05-03,Mumbai Indians,Wankhede Stadium,death,52,2,25,4.17,12.47
733973,2014-05-03,Mumbai Indians,Wankhede Stadium,middle,69,1,54,9.0,7.67
733973,2014-05-03,Mumbai Indians,Wankhede Stadium,powerplay,49,2,36,6.0,8.17
733975,2014-05-03,Delhi Daredevils,Feroz Shah Kotla,death,58,2,30,5.0,11.6
733975,2014-05-03,Delhi Daredevils,Feroz Shah Kotla,middle,48,2,54,9.0,5.33
733975,2014-05-03,Delhi Daredevils,Feroz Shah Kotla,powerplay,46,1,36,6.0,7.67
733975,2014-05-03,Rajasthan Royals,Feroz Shah Kotla,death,41,0,21,3.5,11.71
733975,2014-05-03,Rajasthan Royals,Feroz Shah Kotla,middle,77,2,54,9.0,8.56
733975,2014-05-03,Rajasthan Royals,Feroz Shah Kotla,powerplay,38,1,36,6.0,6.33
733977,2014-05-04,Royal Challengers Bangalore,M Chinnaswamy Stadium,death,61,1,29,4.83,12.63
733977,2014-05-04,Royal Challengers Bangalore,M Chinnaswamy Stadium,middle,61,3,54,9.0,6.78
733977,2014-05-04,Royal Challengers Bangalore,M Chinnaswamy Stadium,powerplay,36,2,36,6.0,6.0
733977,2014-05-04,Sunrisers Hyderabad,M Chinnaswamy Stadium,death,49,3,30,5.0,9.8
733977,2014-05-04,Sunrisers Hyderabad,M Chinnaswamy Stadium,middle,59,1,54,9.0,6.56
733977,2014-05-04,Sunrisers Hyderabad,M Chinnaswamy Stadium,powerplay,47,2,36,6.0,7.83
733979,2014-05-05,Kolkata Knight Riders,"Sardar Patel Stadium, Motera",death,38,3,30,5.0,7.6
733979,2014-05-05,Kolkata Knight Riders,"Sardar Patel Stadium, Motera",middle,72,3,54,9.0,8.0
733979,2014-05-05,Kolkata Knight Riders,"Sardar Patel Stadium, Motera",powerplay,50,0,36,6.0,8.33
733979,2014-05-05,Rajasthan Royals,"Sardar Patel Stadium, Motera",death,54,4,30,5.0,10.8
733979,2014-05-05,Rajasthan Royals,"Sardar Patel Stadium, Motera",middle,66,2,54,9.0,7.33
733979,2014-05-05,Rajasthan Royals,"Sardar Patel Stadium, Motera",powerplay,50,0,36,6.0,8.33
733981,2014-05-05,Chennai Super Kings,Feroz Shah Kotla,death,54,1,28,4.67,11.56
733981,2014-05-05,Chennai Super Kings,Feroz Shah Kotla,middle,78,1,54,9.0,8.67
733981,2014-05-05,Chennai Super Kings,Feroz Shah Kotla,powerplay,49,0,36,6.0,8.17
733981,2014-05-05,Delhi Daredevils,Feroz Shah Kotla,death,56,0,30,5.0,11.2
733981,2014-05-05,Delhi Daredevils,Feroz Shah Kotla,middle,76,3,54,9.0,8.44
733981,2014-05-05,Delhi Daredevils,Feroz Shah Kotla,powerplay,46,2,36,6.0,7.67
733983,2014-05-06,Mumbai Indians,Wankhede Stadium,death,68,1,30,5.0,13.6
733983,2014-05-06,Mumbai Indians,Wankhede Stadium,middle,69,3,54,9.0,7.67
733983,2014-05-06,Mumbai Indians,Wankhede Stadium,powerplay,50,1,36,6.0,8.33
733983,2014-05-06,Royal Challengers Bangalore,Wankhede Stadium,death,43,4,30,5.0,8.6
733983,2014-05-06,Royal Challengers Bangalore,Wankhede Stadium,middle,61,3,54,9.0,6.78
733983,2014-05-06,Royal Challengers Bangalore,Wankhede Stadium,powerplay,64,1,36,6.0,10.67
733985,2014-05-07,Delhi Daredevils,Feroz Shah Kotla,death,57,1,30,5.0,11.4
733985,2014-05-07,Delhi Daredevils,Feroz Shah Kotla,middle,74,2,54,9.0,8.22
733985,2014-05-07,Delhi Daredevils,Feroz Shah Kotla,powerplay,29,2,36,6.0,4.83
733985,2014-05-07,Kolkata Knight Riders,Feroz Shah Kotla,death,33,1,20,3.33,9.91
733985,2014-05-07,Kolkata Knight Riders,Feroz Shah Kotla,middle,76,1,54,9.0,8.44
733985,2014-05-07,Kolkata Knight Riders,Feroz Shah Kotla,powerplay,52,0,36,6.0,8.67
733987,2014-05-07,Chennai Super Kings,Barabati Stadium,death,68,2,30,5.0,13.6
733987,2014-05-07,Chennai Super Kings,Barabati Stadium,middle,73,3,54,9.0,8.11
733987,2014-05-07,Chennai Super Kings,Barabati Stadium,powerplay,46,1,36,6.0,7.67
733987,2014-05-07,Kings XI Punjab,Barabati Stadium,death,78,2,30,5.0,15.6
733987,2014-05-07,Kings XI Punjab,Barabati Stadium,middle,115,0,54,9.0,12.78
733987,2014-05-07,Kings XI Punjab,Barabati Stadium,powerplay,38,2,36,6.0,6.33
733989,2014-05-08,Rajasthan Royals,"Sardar Patel Stadium, Motera",death,21,5,29,4.83,4.35
733989,2014-05-08,Rajasthan Royals,"Sardar Patel Stadium, Motera",middle,44,2,54,9.0,4.89
733989,2014-05-08,Rajasthan Royals,"Sardar Patel Stadium, Motera",powerplay,37,3,36,6.0,6.17
733989,2014-05-08,Sunrisers Hyderabad,"Sardar Patel Stadium, Motera",death,32,4,30,5.0,6.4
733989,2014-05-08,Sunrisers Hyderabad,"Sardar Patel Stadium, Motera",middle,52,4,54,9.0,5.78
733989,2014-05-08,Sunrisers Hyderabad,"Sardar Patel Stadium, Motera",powerplay,50,1,36,6.0,8.33
733991,2014-05-09,Kings XI Punjab,M Chinnaswamy Stadium,death,58,4,30,5.0,11.6
733991,2014-05-09,Kings XI Punjab,M Chinnaswamy Stadium,middle,76,3,54,9.0,8.44
733991,2014-05-09,Kings XI Punjab,M Chinnaswamy Stadium,powerplay,64,1,36,6.0,10.67
733991,2014-05-09,Royal Challengers Bangalore,M Chinnaswamy Stadium,death,57,3,30,5.0,11.4
733991,2014-05-09,Royal Challengers Bangalore,M Chinnaswamy Stadium,middle,75,3,54,9.0,8.33
733991,2014-05-09,Royal Challengers Bangalore,M Chinnaswamy Stadium,powerplay,34,3,36,6.0,5.67
733993,2014-05-10,Delhi Daredevils,Feroz Shah Kotla,death,22,4,30,5.0,4.4
733993,2014-05-10,Delhi Daredevils,Feroz Shah Kotla,middle,69,2,54,9.0,7.67
733993,2014-05-10,Delhi Daredevils,Feroz Shah Kotla,powerplay,52,1,36,6.0,8.67
733993,2014-05-10,Sunrisers Hyderabad,Feroz Shah Kotla,death,0,0,0,0.0,0.0
733993,2014-05-10,Sunrisers Hyderabad,Feroz Shah Kotla,middle,0,0,0,0.0,0.0
733993,2014-05-10,Sunrisers Hyderabad,Feroz Shah Kotla,powerplay,44,2,26,4.33,10.16
733995,2014-05-10,Chennai Super Kings,Wankhede Stadium,death,48,4,27,4.5,10.67
733995,2014-05-10,Chennai Super Kings,Wankhede Stadium,middle,74,1,54,9.0,8.22
733995,2014-05-10,Chennai Super Kings,Wankhede Stadium,powerplay,38,1,36,6.0,6.33
733995,2014-05-10,Mumbai Indians,Wankhede Stadium,death,58,4,30,5.0,11.6
733995,2014-05-10,Mumbai Indians,Wankhede Stadium,middle,57,1,54,9.0,6.33
733995,2014-05-10,Mumbai Indians,Wankhede Stadium,powerplay,42,1,36,6.0,7.0
733997,2014-05-11,Kings XI Punjab,Barabati Stadium,death,33,4,30,5.0,6.6
733997,2014-05-11,Kings XI Punjab,Barabati Stadium,middle,67,2,54,9.0,7.44
733997,2014-05-11,Kings XI Punjab,Barabati Stadium,powerplay,49,2,36,6.0,8.17
733997,2014-05-11,Kolkata Knight Riders,Barabati Stadium,death,27,0,18,3.0,9.0
733997,2014-05-11,Kolkata Knight Riders,Barabati Stadium,middle,68,1,54,9.0,7.56
733997,2014-05-11,Kolkata Knight Riders,Barabati Stadium,powerplay,55,0,36,6.0,9.17
733999,2014-05-11,Rajasthan Royals,M Chinnaswamy Stadium,death,69,0,23,3.83,18.02
733999,2014-05-11,Rajasthan Royals,M Chinnaswamy Stadium,middle,77,5,54,9.0,8.56
733999,2014-05-11,Rajasthan Royals,M Chinnaswamy Stadium,powerplay,45,0,36,6.0,7.5
733999,2014-05-11,Royal Challengers Bangalore,M Chinnaswamy Stadium,death,84,2,30,5.0,16.8
733999,2014-05-11,Royal Challengers Bangalore,M Chinnaswamy Stadium,middle,75,2,54,9.0,8.33
733999,2014-05-11,Royal Challengers Bangalore,M Chinnaswamy Stadium,powerplay,31,1,36,6.0,5.17
734001,2014-05-12,Mumbai Indians,"Rajiv Gandhi International Stadium, Uppal",death,35,2,22,3.67,9.54
734001,2014-05-12,Mumbai Indians,"Rajiv Gandhi International Stadium, Uppal",middle,87,0,54,9.0,9.67
734001,2014-05-12,Mumbai Indians,"Rajiv Gandhi International Stadium, Uppal",powerplay,38,1,36,6.0,6.33
734001,2014-05-12,Sunrisers Hyderabad,"Rajiv Gandhi International Stadium, Uppal",death,54,1,30,5.0,10.8
734001,2014-05-12,Sunrisers Hyderabad,"Rajiv Gandhi International Stadium, Uppal",middle,60,1,54,9.0,6.67
734001,2014-05-12,Sunrisers Hyderabad,"Rajiv Gandhi International Stadium, Uppal",powerplay,43,1,36,6.0,7.17
734003,2014-05-13,Chennai Super Kings,JSCA International Stadium Complex,death,43,1,28,4.67,9.21
734003,2014-05-13,Chennai Super Kings,JSCA International Stadium Complex,middle,58,2,54,9.0,6.44
734003,2014-05-13,Chennai Super Kings,JSCA International Stadium Complex,powerplay,48,2,36,6.0,8.0
734003,2014-05-13,Rajasthan Royals,JSCA International Stadium Complex,death,34,4,30,5.0,6.8
734003,2014-05-13,Rajasthan Royals,JSCA International Stadium Complex,middle,72,4,54,9.0,8.0
734003,2014-05-13,Rajasthan Royals,JSCA International Stadium Complex,powerplay,42,0,36,6.0,7.0
734005,2014-05-13,Delhi Daredevils,M Chinnaswamy Stadium,death,51,2,30,5.0,10.2
734005,2014-05-13,Delhi Daredevils,M Chinnaswamy Stadium,middle,73,3,54,9.0,8.11
734005,2014-05-13,Delhi Daredevils,M Chinnaswamy Stadium,powerplay,46,2,36,6.0,7.67
734005,2014-05-13,Royal Challengers Bangalore,M Chinnaswamy Stadium,death,78,0,30,5.0,15.6
734005,2014-05-13,Royal Challengers Bangalore,M Chinnaswamy Stadium,middle,74,3,54,9.0,8.22
734005,2014-05-13,Royal Challengers Bangalore,M Chinnaswamy Stadium,powerplay,34,1,36,6.0,5.67
734007,2014-05-14,Kings XI Punjab,"Rajiv Gandhi International Stadium, Uppal",death,42,0,22,3.67,11.44
734007,2014-05-14,Kings XI Punjab,"Rajiv Gandhi International Stadium, Uppal",middle,83,3,54,9.0,9.22
734007,2014-05-14,Kings XI Punjab,"Rajiv Gandhi International Stadium, Uppal",powerplay,86,1,36,6.0,14.33
734007,2014-05-14,Sunrisers Hyderabad,"Rajiv Gandhi International Stadium, Uppal",death,78,3,30,5.0,15.6
734007,2014-05-14,Sunrisers Hyderabad,"Rajiv Gandhi International Stadium, Uppal",middle,72,2,54,9.0,8.0
734007,2014-05-14,Sunrisers Hyderabad,"Rajiv Gandhi International Stadium, Uppal",powerplay,55,0,36,6.0,9.17
734009,2014-05-14,Kolkata Knight Riders,Barabati Stadium,death,42,2,22,3.67,11.44
734009,2014-05-14,Kolkata Knight Riders,Barabati Stadium,middle,55,2,54,9.0,6.11
734009,2014-05-14,Kolkata Knight Riders,Barabati Stadium,powerplay,45,0,36,6.0,7.5
734009,2014-05-14,Mumbai Indians,Barabati Stadium,death,42,2,30,5.0,8.4
734009,2014-05-14,Mumbai Indians,Barabati Stadium,middle,62,1,54,9.0,6.89
734009,2014-05-14,Mumbai Indians,Barabati Stadium,powerplay,37,2,36,6.0,6.17
734011,2014-05-15,Delhi Daredevils,"Sardar Patel Stadium, Motera",death,46,1,30,5.0,9.2
734011,2014-05-15,Delhi Daredevils,"Sardar Patel Stadium, Motera",middle,59,6,54,9.0,6.56
734011,2014-05-15,Delhi Daredevils,"Sardar Patel Stadium, Motera",powerplay,34,2,36,6.0,5.67
734011,2014-05-15,Rajasthan Royals,"Sardar Patel Stadium, Motera",death,60,4,30,5.0,12.0
734011,2014-05-15,Rajasthan Royals,"Sardar Patel Stadium, Motera",middle,89,1,54,9.0,9.89
734011,2014-05-15,Rajasthan Royals,"Sardar Patel Stadium, Motera",powerplay,52,1,36,6.0,8.67
734013,2014-05-18,Chennai Super Kings,JSCA International Stadium Complex,death,31,1,30,5.0,6.2
734013,2014-05-18,Chennai Super Kings,JSCA International Stadium Complex,middle,68,1,54,9.0,7.56
734013,2014-05-18,Chennai Super Kings,JSCA International Stadium Complex,powerplay,39,2,36,6.0,6.5
734013,2014-05-18,Royal Challengers Bangalore,JSCA International Stadium Complex,death,56,3,29,4.83,11.59
734013,2014-05-18,Royal Challengers Bangalore,JSCA International Stadium Complex,middle,69,1,54,9.0,7.67
734013,2014-05-18,Royal Challengers Bangalore,JSCA International Stadium Complex,powerplay,17,1,36,6.0,2.83
734015,2014-05-18,Kolkata Knight Riders,"Rajiv Gandhi International Stadium, Uppal",death,43,1,28,4.67,9.21
734015,2014-05-18,Kolkata Knight Riders,"Rajiv Gandhi International Stadium, Uppal",middle,73,1,54,9.0,8.11
734015,2014-05-18,Kolkata Knight Riders,"Rajiv Gandhi International Stadium, Uppal",powerplay,30,1,36,6.0,5.0
734015,2014-05-18,Sunrisers Hyderabad,"Rajiv Gandhi International Stadium, Uppal",death,33,3,30,5.0,6.6
734015,2014-05-18,Sunrisers Hyderabad,"Rajiv Gandhi International Stadium, Uppal",middle,68,3,54,9.0,7.56
734015,2014-05-18,Sunrisers Hyderabad,"Rajiv Gandhi International Stadium, Uppal",powerplay,41,2,36,6.0,6.83
734017,2014-05-19,Mumbai Indians,"Sardar Patel Stadium, Motera",death,56,1,30,5.0,11.2
734017,2014-05-19,Mumbai Indians,"Sardar Patel Stadium, Motera",middle,80,2,54,9.0,8.89
734017,2014-05-19,Mumbai Indians,"Sardar Patel Stadium, Motera",powerplay,42,0,36,6.0,7.0
734017,2014-05-19,Rajasthan Royals,"Sardar Patel Stadium, Motera",death,57,1,30,5.0,11.4
734017,2014-05-19,Rajasthan Royals,"Sardar Patel Stadium, Motera",middle,49,4,54,9.0,5.44
734017,2014-05-19,Rajasthan Royals,"Sardar Patel Stadium, Motera",powerplay,47,3,36,6.0,7.83
734019,2014-05-19,Delhi Daredevils,Feroz Shah Kotla,death,43,5,30,5.0,8.6
734019,2014-05-19,Delhi Daredevils,Feroz Shah Kotla,middle,66,1,54,9.0,7.33
734019,2014-05-19,Delhi Daredevils,Feroz Shah Kotla,powerplay,55,1,36,6.0,9.17
734019,2014-05-19,Kings XI Punjab,Feroz Shah Kotla,death,38,1,28,4.67,8.14
734019,2014-05-19,Kings XI Punjab,Feroz Shah Kotla,middle,61,5,54,9.0,6.78
734019,2014-05-19,Kings XI Punjab,Feroz Shah Kotla,powerplay,66,0,36,6.0,11.0
734021,2014-05-20,Royal Challengers Bangalore,"Rajiv Gandhi International Stadium, Uppal",death,55,3,30,5.0,11.0
734021,2014-05-20,Royal Challengers Bangalore,"Rajiv Gandhi International Stadium, Uppal",middle,80,1,54,9.0,8.89
734021,2014-05-20,Royal Challengers Bangalore,"Rajiv Gandhi International Stadium, Uppal",powerplay,25,2,36,6.0,4.17
734021,2014-05-20,Sunrisers Hyderabad,"Rajiv Gandhi International Stadium, Uppal",death,45,2,28,4.67,9.64
734021,2014-05-20,Sunrisers Hyderabad,"Rajiv Gandhi International Stadium, Uppal",middle,65,1,54,9.0,7.22
734021,2014-05-20,Sunrisers Hyderabad,"Rajiv Gandhi International Stadium, Uppal",powerplay,51,0,36,6.0,8.5
734023,2014-05-20,Chennai Super Kings,Eden Gardens,death,48,2,30,5.0,9.6
734023,2014-05-20,Chennai Super Kings,Eden Gardens,middle,71,1,54,9.0,7.89
734023,2014-05-20,Chennai Super Kings,Eden Gardens,powerplay,35,1,36,6.0,5.83
734023,2014-05-20,Kolkata Knight Riders,Eden Gardens,death,37,0,18,3.0,12.33
734023,2014-05-20,Kolkata Knight Riders,Eden Gardens,middle,67,2,54,9.0,7.44
734023,2014-05-20,Kolkata Knight Riders,Eden Gardens,powerplay,52,0,36,6.0,8.67
734025,2014-05-21,Kings XI Punjab,"Punjab Cricket Association Stadium, Mohali",death,49,3,30,5.0,9.8
734025,2014-05-21,Kings XI Punjab,"Punjab Cricket Association Stadium, Mohali",middle,59,4,54,9.0,6.56
734025,2014-05-21,Kings XI Punjab,"Punjab Cricket Association Stadium, Mohali",powerplay,48,1,36,6.0,8.0
734025,2014-05-21,Mumbai Indians,"Punjab Cricket Association Stadium, Mohali",death,26,1,24,4.0,6.5
734025,2014-05-21,Mumbai Indians,"Punjab Cricket Association Stadium, Mohali",middle,71,2,54,9.0,7.89
734025,2014-05-21,Mumbai Indians,"Punjab Cricket Association Stadium, Mohali",powerplay,62,0,36,6.0,10.33
734027,2014-05-22,Kolkata Knight Riders,Eden Gardens,death,54,1,30,5.0,10.8
734027,2014-05-22,Kolkata Knight Riders,Eden Gardens,middle,96,1,54,9.0,10.67
734027,2014-05-22,Kolkata Knight Riders,Eden Gardens,powerplay,45,2,36,6.0,7.5
734027,2014-05-22,Royal Challengers Bangalore,Eden Gardens,death,59,2,30,5.0,11.8
734027,2014-05-22,Royal Challengers Bangalore,Eden Gardens,middle,70,2,54,9.0,7.78
734027,2014-05-22,Royal Challengers Bangalore,Eden Gardens,powerplay,36,1,36,6.0,6.0
734029,2014-05-22,Chennai Super Kings,JSCA International Stadium Complex,death,68,0,30,5.0,13.6
734029,2014-05-22,Chennai Super Kings,JSCA International Stadium Complex,middle,57,2,54,9.0,6.33
734029,2014-05-22,Chennai Super Kings,JSCA International Stadium Complex,powerplay,60,1,36,6.0,10.0
734029,2014-05-22,Sunrisers Hyderabad,JSCA International Stadium Complex,death,41,3,28,4.67,8.78
734029,2014-05-22,Sunrisers Hyderabad,JSCA International Stadium Complex,middle,84,1,54,9.0,9.33
734029,2014-05-22,Sunrisers Hyderabad,JSCA International Stadium Complex,powerplay,64,0,36,6.0,10.67
734031,2014-05-23,Delhi Daredevils,Wankhede Stadium,death,53,1,30,5.0,10.6
734031,2014-05-23,Delhi Daredevils,Wankhede Stadium,middle,58,2,54,9.0,6.44
734031,2014-05-23,Delhi Daredevils,Wankhede Stadium,powerplay,47,1,36,6.0,7.83
734031,2014-05-23,Mumbai Indians,Wankhede Stadium,death,24,6,27,4.5,5.33
734031,2014-05-23,Mumbai Indians,Wankhede Stadium,middle,84,4,54,9.0,9.33
734031,2014-05-23,Mumbai Indians,Wankhede Stadium,powerplay,65,0,36,6.0,10.83
734033,2014-05-23,Kings XI Punjab,"Punjab Cricket Association Stadium, Mohali",death,59,0,30,5.0,11.8
734033,2014-05-23,Kings XI Punjab,"Punjab Cricket Association Stadium, Mohali",middle,67,3,54,9.0,7.44
734033,2014-05-23,Kings XI Punjab,"Punjab Cricket Association Stadium, Mohali",powerplay,53,1,36,6.0,8.83
734033,2014-05-23,Rajasthan Royals,"Punjab Cricket Association Stadium, Mohali",death,71,3,30,5.0,14.2
734033,2014-05-23,Rajasthan Royals,"Punjab Cricket Association Stadium, Mohali",middle,48,4,54,9.0,5.33
734033,2014-05-23,Rajasthan Royals,"Punjab Cricket Association Stadium, Mohali",powerplay,44,1,36,6.0,7.33
734035,2014-05-24,Chennai Super Kings,M Chinnaswamy Stadium,death,49,0,16,2.67,18.35
734035,2014-05-24,Chennai Super Kings,M Chinnaswamy Stadium,middle,47,1,54,9.0,5.22
734035,2014-05-24,Chennai Super Kings,M Chinnaswamy Stadium,powerplay,64,1,36,6.0,10.67
734035,2014-05-24,Royal Challengers Bangalore,M Chinnaswamy Stadium,death,53,2,30,5.0,10.6
734035,2014-05-24,Royal Challengers Bangalore,M Chinnaswamy Stadium,middle,67,1,54,9.0,7.44
734035,2014-05-24,Royal Challengers Bangalore,M Chinnaswamy Stadium,powerplay,34,3,36,6.0,5.67
734037,2014-05-24,Kolkata Knight Riders,Eden Gardens,death,0,0,0,0.0,0.0
734037,2014-05-24,Kolkata Knight Riders,Eden Gardens,middle,112,5,50,8.33,13.45
734037,2014-05-24,Kolkata Knight Riders,Eden Gardens,powerplay,49,1,36,6.0,8.17
734037,2014-05-24,Sunrisers Hyderabad,Eden Gardens,death,39,3,30,5.0,7.8
734037,2014-05-24,Sunrisers Hyderabad,Eden Gardens,middle,72,3,54,9.0,8.0
734037,2014-05-24,Sunrisers Hyderabad,Eden Gardens,powerplay,49,1,36,6.0,8.17
734039,2014-05-25,Delhi Daredevils,"Punjab Cricket Association Stadium, Mohali",death,12,4,19,3.17,3.79
734039,2014-05-25,Delhi Daredevils,"Punjab Cricket Association Stadium, Mohali",middle,59,3,54,9.0,6.56
734039,2014-05-25,Delhi Daredevils,"Punjab Cricket Association Stadium, Mohali",powerplay,44,3,36,6.0,7.33
734039,2014-05-25,Kings XI Punjab,"Punjab Cricket Association Stadium, Mohali",death,0,0,0,0.0,0.0
734039,2014-05-25,Kings XI Punjab,"Punjab Cricket Association Stadium, Mohali",middle,71,1,47,7.83,9.07
734039,2014-05-25,Kings XI Punjab,"Punjab Cricket Association Stadium, Mohali",powerplay,48,2,36,6.0,8.0
734041,2014-05-25,Mumbai Indians,Wankhede Stadium,death,0,0,0,0.0,0.0
734041,2014-05-25,Mumbai Indians,Wankhede Stadium,middle,124,2,52,8.67,14.3
734041,2014-05-25,Mumbai Indians,Wankhede Stadium,powerplay,71,3,36,6.0,11.83
734041,2014-05-25,Rajasthan Royals,Wankhede Stadium,death,55,2,30,5.0,11.0
734041,2014-05-25,Rajasthan Royals,Wankhede Stadium,middle,99,1,54,9.0,11.0
734041,2014-05-25,Rajasthan Royals,Wankhede Stadium,powerplay,35,1,36,6.0,5.83
734043,2014-05-27,Kings XI Punjab,Eden Gardens,death,43,2,30,5.0,8.6
734043,2014-05-27,Kings XI Punjab,Eden Gardens,middle,46,4,54,9.0,5.11
734043,2014-05-27,Kings XI Punjab,Eden Gardens,powerplay,46,2,36,6.0,7.67
734043,2014-05-27,Kolkata Knight Riders,Eden Gardens,death,51,3,30,5.0,10.2
734043,2014-05-27,Kolkata Knight Riders,Eden Gardens,middle,57,4,54,9.0,6.33
734043,2014-05-27,Kolkata Knight Riders,Eden Gardens,powerplay,55,1,36,6.0,9.17
734045,2014-05-28,Chennai Super Kings,Brabourne Stadium,death,44,0,22,3.67,11.99
734045,2014-05-28,Chennai Super Kings,Brabourne Stadium,middle,72,3,54,9.0,8.0
734045,2014-05-28,Chennai Super Kings,Brabourne Stadium,powerplay,60,0,36,6.0,10.0
734045,2014-05-28,Mumbai Indians,Brabourne Stadium,death,46,6,30,5.0,9.2
734045,2014-05-28,Mumbai Indians,Brabourne Stadium,middle,74,2,54,9.0,8.22
734045,2014-05-28,Mumbai Indians,Brabourne Stadium,powerplay,53,0,36,6.0,8.83
734047,2014-05-30,Chennai Super Kings,Wankhede Stadium,death,47,1,30,5.0,9.4
734047,2014-05-30,Chennai Super Kings,Wankhede Stadium,middle,55,4,54,9.0,6.11
734047,2014-05-30,Chennai Super Kings,Wankhede Stadium,powerplay,100,2,36,6.0,16.67
734047,2014-05-30,Kings XI Punjab,Wankhede Stadium,death,59,4,30,5.0,11.8
734047,2014-05-30,Kings XI Punjab,Wankhede Stadium,middle,97,2,54,9.0,10.78
734047,2014-05-30,Kings XI Punjab,Wankhede Stadium,powerplay,70,0,36,6.0,11.67
734049,2014-06-01,Kings XI Punjab,M Chinnaswamy Stadium,death,68,2,30,5.0,13.6
734049,2014-06-01,Kings XI Punjab,M Chinnaswamy Stadium,middle,99,0,54,9.0,11.0
734049,2014-06-01,Kings XI Punjab,M Chinnaswamy Stadium,powerplay,32,2,36,6.0,5.33
734049,2014-06-01,Kolkata Knight Riders,M Chinnaswamy Stadium,death,49,4,27,4.5,10.89
734049,2014-06-01,Kolkata Knight Riders,M Chinnaswamy Stadium,middle,92,2,54,9.0,10.22
734049,2014-06-01,Kolkata Knight Riders,M Chinnaswamy Stadium,powerplay,59,1,36,6.0,9.83
829705,2015-04-08,Kolkata Knight Riders,Eden Gardens,death,41,0,21,3.5,11.71
829705,2015-04-08,Kolkata Knight Riders,Eden Gardens,middle,91,2,54,9.0,10.11
829705,2015-04-08,Kolkata Knight Riders,Eden Gardens,powerplay,38,1,36,6.0,6.33
829705,2015-04-08,Mumbai Indians,Eden Gardens,death,67,0,30,5.0,13.4
829705,2015-04-08,Mumbai Indians,Eden Gardens,middle,64,0,54,9.0,7.11
829705,2015-04-08,Mumbai Indians,Eden Gardens,powerplay,37,3,36,6.0,6.17
829707,2015-04-09,Chennai Super Kings,"MA Chidambaram Stadium, Chepauk",death,34,3,30,5.0,6.8
829707,2015-04-09,Chennai Super Kings,"MA Chidambaram Stadium, Chepauk",middle,57,2,54,9.0,6.33
829707,2015-04-09,Chennai Super Kings,"MA Chidambaram Stadium, Chepauk",powerplay,59,2,36,6.0,9.83
829707,2015-04-09,Delhi Daredevils,"MA Chidambaram Stadium, Chepauk",death,47,4,30,5.0,9.4
829707,2015-04-09,Delhi Daredevils,"MA Chidambaram Stadium, Chepauk",middle,62,2,54,9.0,6.89
829707,2015-04-09,Delhi Daredevils,"MA Chidambaram Stadium, Chepauk",powerplay,40,3,36,6.0,6.67
829709,2015-04-10,Kings XI Punjab,Maharashtra Cricket Association Stadium,death,32,3,30,5.0,6.4
829709,2015-04-10,Kings XI Punjab,Maharashtra Cricket Association Stadium,middle,53,2,54,9.0,5.89
829709,2015-04-10,Kings XI Punjab,Maharashtra Cricket Association Stadium,powerplay,51,3,36,6.0,8.5
829709,2015-04-10,Rajasthan Royals,Maharashtra Cricket Association Stadium,death,52,2,30,5.0,10.4
829709,2015-04-10,Rajasthan Royals,Maharashtra Cricket Association Stadium,middle,75,2,54,9.0,8.33
829709,2015-04-10,Rajasthan Royals,Maharashtra Cricket Association Stadium,powerplay,35,3,36,6.0,5.83
829711,2015-04-11,Chennai Super Kings,"MA Chidambaram Stadium, Chepauk",death,66,2,30,5.0,13.2
829711,2015-04-11,Chennai Super Kings,"MA Chidambaram Stadium, Chepauk",middle,94,2,54,9.0,10.44
829711,2015-04-11,Chennai Super Kings,"MA Chidambaram Stadium, Chepauk",powerplay,49,0,36,6.0,8.17
829711,2015-04-11,Sunrisers Hyderabad,"MA Chidambaram Stadium, Chepauk",death,49,2,30,5.0,9.8
829711,2015-04-11,Sunrisers Hyderabad,"MA Chidambaram Stadium, Chepauk",middle,69,2,54,9.0,7.67
829711,2015-04-11,Sunrisers Hyderabad,"MA Chidambaram Stadium, Chepauk",powerplay,46,2,36,6.0,7.67
829713,2015-04-11,Kolkata Knight Riders,Eden Gardens,death,55,4,30,5.0,11.0
829713,2015-04-11,Kolkata Knight Riders,Eden Gardens,middle,69,2,54,9.0,7.67
829713,2015-04-11,Kolkata Knight Riders,Eden Gardens,powerplay,53,0,36,6.0,8.83
829713,2015-04-11,Royal Challengers Bangalore,Eden Gardens,death,60,2,24,4.0,15.0
829713,2015-04-11,Royal Challengers Bangalore,Eden Gardens,middle,78,4,54,9.0,8.67
829713,2015-04-11,Royal Challengers Bangalore,Eden Gardens,powerplay,41,1,36,6.0,6.83
829715,2015-04-12,Delhi Daredevils,Feroz Shah Kotla,death,65,1,30,5.0,13.0
829715,2015-04-12,Delhi Daredevils,Feroz Shah Kotla,middle,68,1,54,9.0,7.56
829715,2015-04-12,Delhi Daredevils,Feroz Shah Kotla,powerplay,51,1,36,6.0,8.5
829715,2015-04-12,Rajasthan Royals,Feroz Shah Kotla,death,56,3,30,5.0,11.2
829715,2015-04-12,Rajasthan Royals,Feroz Shah Kotla,middle,88,3,54,9.0,9.78
829715,2015-04-12,Rajasthan Royals,Feroz Shah Kotla,powerplay,42,1,36,6.0,7.0
829717,2015-04-12,Kings XI Punjab,Wankhede Stadium,death,50,2,30,5.0,10.0
829717,2015-04-12,Kings XI Punjab,Wankhede Stadium,middle,70,3,54,9.0,7.78
829717,2015-04-12,Kings XI Punjab,Wankhede Stadium,powerplay,57,0,36,6.0,9.5
829717,2015-04-12,Mumbai Indians,Wankhede Stadium,death,80,1,30,5.0,16.0
829717,2015-04-12,Mumbai Indians,Wankhede Stadium,middle,62,3,54,9.0,6.89
829717,2015-04-12,Mumbai Indians,Wankhede Stadium,powerplay,17,3,36,6.0,2.83
829719,2015-04-13,Royal Challengers Bangalore,M Chinnaswamy Stadium,death,52,6,29,4.83,10.77
829719,2015-04-13,Royal Challengers Bangalore,M Chinnaswamy Stadium,middle,67,3,54,9.0,7.44
829719,2015-04-13,Royal Challengers Bangalore,M Chinnaswamy Stadium,powerplay,47,1,36,6.0,7.83
829719,2015-04-13,Sunrisers Hyderabad,M Chinnaswamy Stadium,death,35,0,14,2.33,15.02
829719,2015-04-13,Sunrisers Hyderabad,M Chinnaswamy Stadium,middle,72,2,54,9.0,8.0
829719,2015-04-13,Sunrisers Hyderabad,M Chinnaswamy Stadium,powerplay,65,0,36,6.0,10.83
829721,2015-04-14,Mumbai Indians,"Sardar Patel Stadium, Motera",death,81,2,30,5.0,16.2
829721,2015-04-14,Mumbai Indians,"Sardar Patel Stadium, Motera",middle,52,2,54,9.0,5.78
829721,2015-04-14,Mumbai Indians,"Sardar Patel Stadium, Motera",powerplay,31,2,36,6.0,5.17
829721,2015-04-14,Rajasthan Royals,"Sardar Patel Stadium, Motera",death,52,0,25,4.17,12.47
829721,2015-04-14,Rajasthan Royals,"Sardar Patel Stadium, Motera",middle,71,2,54,9.0,7.89
829721,2015-04-14,Rajasthan Royals,"Sardar Patel Stadium, Motera",powerplay,42,1,36,6.0,7.0
829725,2015-04-15,Delhi Daredevils,Maharashtra Cricket Association Stadium,death,49,3,29,4.83,10.14
829725,2015-04-15,Delhi Daredevils,Maharashtra Cricket Association Stadium,middle,73,1,54,9.0,8.11
829725,2015-04-15,Delhi Daredevils,Maharashtra Cricket Association Stadium,powerplay,47,1,36,6.0,7.83
829725,2015-04-15,Kings XI Punjab,Maharashtra Cricket Association Stadium,death,50,4,30,5.0,10.0
829725,2015-04-15,Kings XI Punjab,Maharashtra Cricket Association Stadium,middle,74,2,54,9.0,8.22
829725,2015-04-15,Kings XI Punjab,Maharashtra Cricket Association Stadium,powerplay,41,1,36,6.0,6.83
829727,2015-04-16,Rajasthan Royals,Dr. Y.S. Rajasekhara Reddy ACA-VDCA Cricket Stadium,death,35,1,30,5.0,7.0
829727,2015-04-16,Rajasthan Royals,Dr. Y.S. Rajasekhara Reddy ACA-VDCA Cricket Stadium,middle,60,3,54,9.0,6.67
829727,2015-04-16,Rajasthan Royals,Dr. Y.S. Rajasekhara Reddy ACA-VDCA Cricket Stadium,powerplay,36,0,36,6.0,6.0
829727,2015-04-16,Sunrisers Hyderabad,Dr. Y.S. Rajasekhara Reddy ACA-VDCA Cricket Stadium,death,37,1,30,5.0,7.4
829727,2015-04-16,Sunrisers Hyderabad,Dr. Y.S. Rajasekhara Reddy ACA-VDCA Cricket Stadium,middle,55,1,54,9.0,6.11
829727,2015-04-16,Sunrisers Hyderabad,Dr. Y.S. Rajasekhara Reddy ACA-VDCA Cricket Stadium,powerplay,35,3,36,6.0,5.83
829729,2015-04-17,Chennai Super Kings,Wankhede Stadium,death,21,0,10,1.67,12.57
829729,2015-04-17,Chennai Super Kings,Wankhede Stadium,middle,78,4,54,9.0,8.67
829729,2015-04-17,Chennai Super Kings,Wankhede Stadium,powerplay,90,0,36,6.0,15.0
829729,2015-04-17,Mumbai Indians,Wankhede Stadium,death,51,2,30,5.0,10.2
829729,2015-04-17,Mumbai Indians,Wankhede Stadium,middle,101,2,54,9.0,11.22
829729,2015-04-17,Mumbai Indians,Wankhede Stadium,powerplay,31,3,36,6.0,5.17
829731,2015-04-18,Delhi Daredevils,Dr. Y.S. Rajasekhara Reddy ACA-VDCA Cricket Stadium,death,46,2,30,5.0,9.2
829731,2015-04-18,Delhi Daredevils,Dr. Y.S. Rajasekhara Reddy ACA-VDCA Cricket Stadium,middle,81,1,54,9.0,9.0
829731,2015-04-18,Delhi Daredevils,Dr. Y.S. Rajasekhara Reddy ACA-VDCA Cricket Stadium,powerplay,40,1,36,6.0,6.67
829731,2015-04-18,Sunrisers Hyderabad,Dr. Y.S. Rajasekhara Reddy ACA-VDCA Cricket Stadium,death,53,5,30,5.0,10.6
829731,2015-04-18,Sunrisers Hyderabad,Dr. Y.S. Rajasekhara Reddy ACA-VDCA Cricket Stadium,middle,60,3,54,9.0,6.67
829731,2015-04-18,Sunrisers Hyderabad,Dr. Y.S. Rajasekhara Reddy ACA-VDCA Cricket Stadium,powerplay,50,0,36,6.0,8.33
829733,2015-04-18,Kings XI Punjab,Maharashtra Cricket Association Stadium,death,43,4,30,5.0,8.6
829733,2015-04-18,Kings XI Punjab,Maharashtra Cricket Association Stadium,middle,64,2,54,9.0,7.11
829733,2015-04-18,Kings XI Punjab,Maharashtra Cricket Association Stadium,powerplay,48,3,36,6.0,8.0
829733,2015-04-18,Kolkata Knight Riders,Maharashtra Cricket Association Stadium,death,34,1,17,2.83,12.01
829733,2015-04-18,Kolkata Knight Riders,Maharashtra Cricket Association Stadium,middle,72,3,54,9.0,8.0
829733,2015-04-18,Kolkata Knight Riders,Maharashtra Cricket Association Stadium,powerplay,53,2,36,6.0,8.83
829735,2015-04-19,Chennai Super Kings,"Sardar Patel Stadium, Motera",death,50,0,30,5.0,10.0
829735,2015-04-19,Chennai Super Kings,"Sardar Patel Stadium, Motera",middle,67,2,54,9.0,7.44
829735,2015-04-19,Chennai Super Kings,"Sardar Patel Stadium, Motera",powerplay,39,2,36,6.0,6.5
829735,2015-04-19,Rajasthan Royals,"Sardar Patel Stadium, Motera",death,19,2,20,3.33,5.71
829735,2015-04-19,Rajasthan Royals,"Sardar Patel Stadium, Motera",middle,91,0,54,9.0,10.11
829735,2015-04-19,Rajasthan Royals,"Sardar Patel Stadium, Motera",powerplay,47,0,36,6.0,7.83
829737,2015-04-19,Mumbai Indians,M Chinnaswamy Stadium,death,76,5,30,5.0,15.2
829737,2015-04-19,Mumbai Indians,M Chinnaswamy Stadium,middle,85,1,54,9.0,9.44
829737,2015-04-19,Mumbai Indians,M Chinnaswamy Stadium,powerplay,48,1,36,6.0,8.0
829737,2015-04-19,Royal Challengers Bangalore,M Chinnaswamy Stadium,death,62,1,30,5.0,12.4
829737,2015-04-19,Royal Challengers Bangalore,M Chinnaswamy Stadium,middle,96,5,54,9.0,10.67
829737,2015-04-19,Royal Challengers Bangalore,M Chinnaswamy Stadium,powerplay,33,1,36,6.0,5.5
829739,2015-04-20,Delhi Daredevils,Feroz Shah Kotla,death,43,3,30,5.0,8.6
829739,2015-04-20,Delhi Daredevils,Feroz Shah Kotla,middle,69,3,54,9.0,7.67
829739,2015-04-20,Delhi Daredevils,Feroz Shah Kotla,powerplay,34,2,36,6.0,5.67
829739,2015-04-20,Kolkata Knight Riders,Feroz Shah Kotla,death,28,1,19,3.17,8.83
829739,2015-04-20,Kolkata Knight Riders,Feroz Shah Kotla,middle,71,1,54,9.0,7.89
829739,2015-04-20,Kolkata Knight Riders,Feroz Shah Kotla,powerplay,48,2,36,6.0,8.0
829741,2015-04-21,Kings XI Punjab,"Sardar Patel Stadium, Motera",death,71,2,30,5.0,14.2
829741,2015-04-21,Kings XI Punjab,"Sardar Patel Stadium, Motera",death,0,0,0,0.0,0.0
829741,2015-04-21,Kings XI Punjab,"Sardar Patel Stadium, Motera",middle,80,3,54,9.0,8.89
829741,2015-04-21,Kings XI Punjab,"Sardar Patel Stadium, Motera",middle,0,0,0,0.0,0.0
829741,2015-04-21,Kings XI Punjab,"Sardar Patel Stadium, Motera",powerplay,40,1,36,6.0,6.67
829741,2015-04-21,Kings XI Punjab,"Sardar Patel Stadium, Motera",powerplay,15,2,6,1.0,15.0
829741,2015-04-21,Rajasthan Royals,"Sardar Patel Stadium, Motera",death,55,4,30,5.0,11.0
829741,2015-04-21,Rajasthan Royals,"Sardar Patel Stadium, Motera",death,0,0,0,0.0,0.0
829741,2015-04-21,Rajasthan Royals,"Sardar Patel Stadium, Motera",middle,93,2,54,9.0,10.33
829741,2015-04-21,Rajasthan Royals,"Sardar Patel Stadium, Motera",middle,0,0,0,0.0,0.0
829741,2015-04-21,Rajasthan Royals,"Sardar Patel Stadium, Motera",powerplay,43,0,36,6.0,7.17
829741,2015-04-21,Rajasthan Royals,"Sardar Patel Stadium, Motera",powerplay,6,2,3,0.5,12.0
829743,2015-04-22,Kolkata Knight Riders,Dr. Y.S. Rajasekhara Reddy ACA-VDCA Cricket Stadium,death,0,0,0,0.0,0.0
829743,2015-04-22,Kolkata Knight Riders,Dr. Y.S. Rajasekhara Reddy ACA-VDCA Cricket Stadium,middle,52,2,36,6.0,8.67
829743,2015-04-22,Kolkata Knight Riders,Dr. Y.S. Rajasekhara Reddy ACA-VDCA Cricket Stadium,powerplay,49,2,36,6.0,8.17
829743,2015-04-22,Sunrisers Hyderabad,Dr. Y.S. Rajasekhara Reddy ACA-VDCA Cricket Stadium,death,43,3,30,5.0,8.6
829743,2015-04-22,Sunrisers Hyderabad,Dr. Y.S. Rajasekhara Reddy ACA-VDCA Cricket Stadium,middle,90,1,54,9.0,10.0
829743,2015-04-22,Sunrisers Hyderabad,Dr. Y.S. Rajasekhara Reddy ACA-VDCA Cricket Stadium,powerplay,43,0,36,6.0,7.17
829745,2015-04-22,Chennai Super Kings,M Chinnaswamy Stadium,death,47,4,30,5.0,9.4
829745,2015-04-22,Chennai Super Kings,M Chinnaswamy Stadium,middle,89,3,54,9.0,9.89
829745,2015-04-22,Chennai Super Kings,M Chinnaswamy Stadium,powerplay,45,1,36,6.0,7.5
829745,2015-04-22,Royal Challengers Bangalore,M Chinnaswamy Stadium,death,43,3,30,5.0,8.6
829745,2015-04-22,Royal Challengers Bangalore,M Chinnaswamy Stadium,middle,73,3,54,9.0,8.11
829745,2015-04-22,Royal Challengers Bangalore,M Chinnaswamy Stadium,powerplay,38,2,36,6.0,6.33
829747,2015-04-23,Delhi Daredevils,Feroz Shah Kotla,death,53,3,30,5.0,10.6
829747,2015-04-23,Delhi Daredevils,Feroz Shah Kotla,middle,92,0,54,9.0,10.22
829747,2015-04-23,Delhi Daredevils,Feroz Shah Kotla,powerplay,45,1,36,6.0,7.5
829747,2015-04-23,Mumbai Indians,Feroz Shah Kotla,death,33,5,30,5.0,6.6
829747,2015-04-23,Mumbai Indians,Feroz Shah Kotla,middle,72,2,54,9.0,8.0
829747,2015-04-23,Mumbai Indians,Feroz Shah Kotla,powerplay,48,2,36,6.0,8.0
829749,2015-04-24,Rajasthan Royals,"Sardar Patel Stadium, Motera",death,30,4,30,5.0,6.0
829749,2015-04-24,Rajasthan Royals,"Sardar Patel Stadium, Motera",middle,52,3,54,9.0,5.78
829749,2015-04-24,Rajasthan Royals,"Sardar Patel Stadium, Motera",powerplay,48,2,36,6.0,8.0
829749,2015-04-24,Royal Challengers Bangalore,"Sardar Patel Stadium, Motera",death,10,0,7,1.17,8.55
829749,2015-04-24,Royal Challengers Bangalore,"Sardar Patel Stadium, Motera",middle,75,0,54,9.0,8.33
829749,2015-04-24,Royal Challengers Bangalore,"Sardar Patel Stadium, Motera",powerplay,49,1,36,6.0,8.17
829751,2015-04-25,Mumbai Indians,Wankhede Stadium,death,45,4,30,5.0,9.0
829751,2015-04-25,Mumbai Indians,Wankhede Stadium,middle,66,3,54,9.0,7.33
829751,2015-04-25,Mumbai Indians,Wankhede Stadium,powerplay,46,1,36,6.0,7.67
829751,2015-04-25,Sunrisers Hyderabad,Wankhede Stadium,death,33,4,30,5.0,6.6
829751,2015-04-25,Sunrisers Hyderabad,Wankhede Stadium,middle,52,2,54,9.0,5.78
829751,2015-04-25,Sunrisers Hyderabad,Wankhede Stadium,powerplay,52,2,36,6.0,8.67
829753,2015-04-25,Chennai Super Kings,"MA Chidambaram Stadium, Chepauk",death,54,1,30,5.0,10.8
829753,2015-04-25,Chennai Super Kings,"MA Chidambaram Stadium, Chepauk",middle,84,1,54,9.0,9.33
829753,2015-04-25,Chennai Super Kings,"MA Chidambaram Stadium, Chepauk",powerplay,54,1,36,6.0,9.0
829753,2015-04-25,Kings XI Punjab,"MA Chidambaram Stadium, Chepauk",death,16,2,30,5.0,3.2
829753,2015-04-25,Kings XI Punjab,"MA Chidambaram Stadium, Chepauk",middle,40,5,54,9.0,4.44
829753,2015-04-25,Kings XI Punjab,"MA Chidambaram Stadium, Chepauk",powerplay,39,2,36,6.0,6.5
829757,2015-04-26,Delhi Daredevils,Feroz Shah Kotla,death,10,3,20,3.33,3.0
829757,2015-04-26,Delhi Daredevils,Feroz Shah Kotla,middle,47,5,54,9.0,5.22
829757,2015-04-26,Delhi Daredevils,Feroz Shah Kotla,powerplay,38,2,36,6.0,6.33
829757,2015-04-26,Royal Challengers Bangalore,Feroz Shah Kotla,death,0,0,0,0.0,0.0
829757,2015-04-26,Royal Challengers Bangalore,Feroz Shah Kotla,middle,49,0,27,4.5,10.89
829757,2015-04-26,Royal Challengers Bangalore,Feroz Shah Kotla,powerplay,50,0,36,6.0,8.33
829759,2015-04-27,Kings XI Punjab,"Punjab Cricket Association Stadium, Mohali",death,37,4,30,5.0,7.4
829759,2015-04-27,Kings XI Punjab,"Punjab Cricket Association Stadium, Mohali",middle,57,3,54,9.0,6.33
829759,2015-04-27,Kings XI Punjab,"Punjab Cricket Association Stadium, Mohali",powerplay,36,2,36,6.0,6.0
829759,2015-04-27,Sunrisers Hyderabad,"Punjab Cricket Association Stadium, Mohali",death,46,3,30,5.0,9.2
829759,2015-04-27,Sunrisers Hyderabad,"Punjab Cricket Association Stadium, Mohali",middle,48,1,54,9.0,5.33
829759,2015-04-27,Sunrisers Hyderabad,"Punjab Cricket Association Stadium, Mohali",powerplay,56,2,36,6.0,9.33
829765,2015-04-28,Chennai Super Kings,"MA Chidambaram Stadium, Chepauk",death,35,1,30,5.0,7.0
829765,2015-04-28,Chennai Super Kings,"MA Chidambaram Stadium, Chepauk",middle,46,4,54,9.0,5.11
829765,2015-04-28,Chennai Super Kings,"MA Chidambaram Stadium, Chepauk",powerplay,53,1,36,6.0,8.83
829765,2015-04-28,Kolkata Knight Riders,"MA Chidambaram Stadium, Chepauk",death,42,5,30,5.0,8.4
829765,2015-04-28,Kolkata Knight Riders,"MA Chidambaram Stadium, Chepauk",middle,36,2,54,9.0,4.0
829765,2015-04-28,Kolkata Knight Riders,"MA Chidambaram Stadium, Chepauk",powerplay,54,2,36,6.0,9.0
829723,2015-04-30,Chennai Super Kings,Eden Gardens,death,44,4,30,5.0,8.8
829723,2015-04-30,Chennai Super Kings,Eden Gardens,middle,52,1,54,9.0,5.78
829723,2015-04-30,Chennai Super Kings,Eden Gardens,powerplay,69,4,36,6.0,11.5
829723,2015-04-30,Kolkata Knight Riders,Eden Gardens,death,51,0,29,4.83,10.56
829723,2015-04-30,Kolkata Knight Riders,Eden Gardens,middle,80,2,54,9.0,8.89
829723,2015-04-30,Kolkata Knight Riders,Eden Gardens,powerplay,38,1,36,6.0,6.33
829767,2015-05-01,Delhi Daredevils,Feroz Shah Kotla,death,0,0,0,0.0,0.0
829767,2015-05-01,Delhi Daredevils,Feroz Shah Kotla,middle,78,1,47,7.83,9.96
829767,2015-05-01,Delhi Daredevils,Feroz Shah Kotla,powerplay,41,0,36,6.0,6.83
829767,2015-05-01,Kings XI Punjab,Feroz Shah Kotla,death,44,2,30,5.0,8.8
829767,2015-05-01,Kings XI Punjab,Feroz Shah Kotla,middle,47,2,54,9.0,5.22
829767,2015-05-01,Kings XI Punjab,Feroz Shah Kotla,powerplay,27,4,36,6.0,4.5
829769,2015-05-01,Mumbai Indians,Wankhede Stadium,death,67,1,30,5.0,13.4
829769,2015-05-01,Mumbai Indians,Wankhede Stadium,middle,73,3,54,9.0,8.11
829769,2015-05-01,Mumbai Indians,Wankhede Stadium,powerplay,47,1,36,6.0,7.83
829769,2015-05-01,Rajasthan Royals,Wankhede Stadium,death,52,4,30,5.0,10.4
829769,2015-05-01,Rajasthan Royals,Wankhede Stadium,middle,72,2,54,9.0,8.0
829769,2015-05-01,Rajasthan Royals,Wankhede Stadium,powerplay,55,1,36,6.0,9.17
829771,2015-05-02,Kolkata Knight Riders,M Chinnaswamy Stadium,death,0,0,0,0.0,0.0
829771,2015-05-02,Kolkata Knight Riders,M Chinnaswamy Stadium,middle,50,3,24,4.0,12.5
829771,2015-05-02,Kolkata Knight Riders,M Chinnaswamy Stadium,powerplay,61,1,36,6.0,10.17
829771,2015-05-02,Royal Challengers Bangalore,M Chinnaswamy Stadium,death,0,0,0,0.0,0.0
829771,2015-05-02,Royal Challengers Bangalore,M Chinnaswamy Stadium,middle,53,1,22,3.67,14.44
829771,2015-05-02,Royal Challengers Bangalore,M Chinnaswamy Stadium,powerplay,62,2,36,6.0,10.33
829773,2015-05-02,Chennai Super Kings,"Rajiv Gandhi International Stadium, Uppal",death,40,1,30,5.0,8.0
829773,2015-05-02,Chennai Super Kings,"Rajiv Gandhi International Stadium, Uppal",middle,76,3,54,9.0,8.44
829773,2015-05-02,Chennai Super Kings,"Rajiv Gandhi International Stadium, Uppal",powerplay,54,2,36,6.0,9.0
829773,2015-05-02,Sunrisers Hyderabad,"Rajiv Gandhi International Stadium, Uppal",death,49,4,30,5.0,9.8
829773,2015-05-02,Sunrisers Hyderabad,"Rajiv Gandhi International Stadium, Uppal",middle,67,3,54,9.0,7.44
829773,2015-05-02,Sunrisers Hyderabad,"Rajiv Gandhi International Stadium, Uppal",powerplay,76,0,36,6.0,12.67
829775,2015-05-03,Kings XI Punjab,"Punjab Cricket Association Stadium, Mohali",death,36,4,30,5.0,7.2
829775,2015-05-03,Kings XI Punjab,"Punjab Cricket Association Stadium, Mohali",middle,68,1,54,9.0,7.56
829775,2015-05-03,Kings XI Punjab,"Punjab Cricket Association Stadium, Mohali",powerplay,45,2,36,6.0,7.5
829775,2015-05-03,Mumbai Indians,"Punjab Cricket Association Stadium, Mohali",death,49,2,30,5.0,9.8
829775,2015-05-03,Mumbai Indians,"Punjab Cricket Association Stadium, Mohali",middle,72,1,54,9.0,8.0
829775,2015-05-03,Mumbai Indians,"Punjab Cricket Association Stadium, Mohali",powerplay,51,0,36,6.0,8.5
829777,2015-05-03,Delhi Daredevils,Brabourne Stadium,death,55,3,30,5.0,11.0
829777,2015-05-03,Delhi Daredevils,Brabourne Stadium,middle,65,2,54,9.0,7.22
829777,2015-05-03,Delhi Daredevils,Brabourne Stadium,powerplay,55,2,36,6.0,9.17
829777,2015-05-03,Rajasthan Royals,Brabourne Stadium,death,75,1,30,5.0,15.0
829777,2015-05-03,Rajasthan Royals,Brabourne Stadium,middle,71,1,54,9.0,7.89
829777,2015-05-03,Rajasthan Royals,Brabourne Stadium,powerplay,43,0,36,6.0,7.17
829779,2015-05-04,Chennai Super Kings,"MA Chidambaram Stadium, Chepauk",death,47,5,30,5.0,9.4
829779,2015-05-04,Chennai Super Kings,"MA Chidambaram Stadium, Chepauk",middle,64,2,54,9.0,7.11
829779,2015-05-04,Chennai Super Kings,"MA Chidambaram Stadium, Chepauk",powerplay,37,2,36,6.0,6.17
829779,2015-05-04,Royal Challengers Bangalore,"MA Chidambaram Stadium, Chepauk",death,24,5,28,4.67,5.14
829779,2015-05-04,Royal Challengers Bangalore,"MA Chidambaram Stadium, Chepauk",middle,58,2,54,9.0,6.44
829779,2015-05-04,Royal Challengers Bangalore,"MA Chidambaram Stadium, Chepauk",powerplay,42,3,36,6.0,7.0
829781,2015-05-04,Kolkata Knight Riders,Eden Gardens,death,56,2,30,5.0,11.2
829781,2015-05-04,Kolkata Knight Riders,Eden Gardens,middle,56,5,54,9.0,6.22
829781,2015-05-04,Kolkata Knight Riders,Eden Gardens,powerplay,55,0,36,6.0,9.17
829781,2015-05-04,Sunrisers Hyderabad,Eden Gardens,death,44,2,30,5.0,8.8
829781,2015-05-04,Sunrisers Hyderabad,Eden Gardens,middle,55,4,54,9.0,6.11
829781,2015-05-04,Sunrisers Hyderabad,Eden Gardens,powerplay,33,3,36,6.0,5.5
829783,2015-05-05,Delhi Daredevils,Wankhede Stadium,death,57,2,30,5.0,11.4
829783,2015-05-05,Delhi Daredevils,Wankhede Stadium,middle,51,2,54,9.0,5.67
829783,2015-05-05,Delhi Daredevils,Wankhede Stadium,powerplay,44,2,36,6.0,7.33
829783,2015-05-05,Mumbai Indians,Wankhede Stadium,death,54,1,27,4.5,12.0
829783,2015-05-05,Mumbai Indians,Wankhede Stadium,middle,58,0,54,9.0,6.44
829783,2015-05-05,Mumbai Indians,Wankhede Stadium,powerplay,41,4,36,6.0,6.83
829785,2015-05-06,Kings XI Punjab,M Chinnaswamy Stadium,death,0,0,0,0.0,0.0
829785,2015-05-06,Kings XI Punjab,M Chinnaswamy Stadium,middle,54,5,46,7.67,7.04
829785,2015-05-06,Kings XI Punjab,M Chinnaswamy Stadium,powerplay,34,5,36,6.0,5.67
829785,2015-05-06,Royal Challengers Bangalore,M Chinnaswamy Stadium,death,55,2,30,5.0,11.0
829785,2015-05-06,Royal Challengers Bangalore,M Chinnaswamy Stadium,middle,103,1,54,9.0,11.44
829785,2015-05-06,Royal Challengers Bangalore,M Chinnaswamy Stadium,powerplay,68,0,36,6.0,11.33
829761,2015-05-07,Delhi Daredevils,Eden Gardens,death,52,2,30,5.0,10.4
829761,2015-05-07,Delhi Daredevils,Eden Gardens,middle,70,4,54,9.0,7.78
829761,2015-05-07,Delhi Daredevils,Eden Gardens,powerplay,36,0,36,6.0,6.0
829761,2015-05-07,Kolkata Knight Riders,Eden Gardens,death,62,3,30,5.0,12.4
829761,2015-05-07,Kolkata Knight Riders,Eden Gardens,middle,59,3,54,9.0,6.56
829761,2015-05-07,Kolkata Knight Riders,Eden Gardens,powerplay,50,1,36,6.0,8.33
829787,2015-05-07,Rajasthan Royals,Brabourne Stadium,death,68,2,30,5.0,13.6
829787,2015-05-07,Rajasthan Royals,Brabourne Stadium,middle,90,3,54,9.0,10.0
829787,2015-05-07,Rajasthan Royals,Brabourne Stadium,powerplay,36,2,36,6.0,6.0
829787,2015-05-07,Sunrisers Hyderabad,Brabourne Stadium,death,68,1,30,5.0,13.6
829787,2015-05-07,Sunrisers Hyderabad,Brabourne Stadium,middle,77,2,54,9.0,8.56
829787,2015-05-07,Sunrisers Hyderabad,Brabourne Stadium,powerplay,56,1,36,6.0,9.33
829789,2015-05-08,Chennai Super Kings,"MA Chidambaram Stadium, Chepauk",death,55,2,30,5.0,11.0
829789,2015-05-08,Chennai Super Kings,"MA Chidambaram Stadium, Chepauk",middle,59,2,54,9.0,6.56
829789,2015-05-08,Chennai Super Kings,"MA Chidambaram Stadium, Chepauk",powerplay,44,1,36,6.0,7.33
829789,2015-05-08,Mumbai Indians,"MA Chidambaram Stadium, Chepauk",death,58,1,26,4.33,13.39
829789,2015-05-08,Mumbai Indians,"MA Chidambaram Stadium, Chepauk",middle,40,3,54,9.0,4.44
829789,2015-05-08,Mumbai Indians,"MA Chidambaram Stadium, Chepauk",powerplay,61,0,36,6.0,10.17
829791,2015-05-09,Kings XI Punjab,Eden Gardens,death,49,3,30,5.0,9.8
829791,2015-05-09,Kings XI Punjab,Eden Gardens,middle,89,1,54,9.0,9.89
829791,2015-05-09,Kings XI Punjab,Eden Gardens,powerplay,45,1,36,6.0,7.5
829791,2015-05-09,Kolkata Knight Riders,Eden Gardens,death,48,4,29,4.83,9.94
829791,2015-05-09,Kolkata Knight Riders,Eden Gardens,middle,79,4,54,9.0,8.78
829791,2015-05-09,Kolkata Knight Riders,Eden Gardens,powerplay,57,1,36,6.0,9.5
829793,2015-05-09,Delhi Daredevils,Shaheed Veer Narayan Singh International Stadium,death,53,0,30,5.0,10.6
829793,2015-05-09,Delhi Daredevils,Shaheed Veer Narayan Singh International Stadium,middle,55,3,54,9.0,6.11
829793,2015-05-09,Delhi Daredevils,Shaheed Veer Narayan Singh International Stadium,powerplay,49,1,36,6.0,8.17
829793,2015-05-09,Sunrisers Hyderabad,Shaheed Veer Narayan Singh International Stadium,death,64,0,30,5.0,12.8
829793,2015-05-09,Sunrisers Hyderabad,Shaheed Veer Narayan Singh International Stadium,middle,58,2,54,9.0,6.44
829793,2015-05-09,Sunrisers Hyderabad,Shaheed Veer Narayan Singh International Stadium,powerplay,41,2,36,6.0,6.83
829795,2015-05-10,Mumbai Indians,Wankhede Stadium,death,61,4,30,5.0,12.2
829795,2015-05-10,Mumbai Indians,Wankhede Stadium,middle,90,2,54,9.0,10.0
829795,2015-05-10,Mumbai Indians,Wankhede Stadium,powerplay,45,1,36,6.0,7.5
829795,2015-05-10,Royal Challengers Bangalore,Wankhede Stadium,death,88,0,30,5.0,17.6
829795,2015-05-10,Royal Challengers Bangalore,Wankhede Stadium,middle,108,0,54,9.0,12.0
829795,2015-05-10,Royal Challengers Bangalore,Wankhede Stadium,powerplay,39,1,36,6.0,6.5
829797,2015-05-10,Chennai Super Kings,"MA Chidambaram Stadium, Chepauk",death,49,3,30,5.0,9.8
829797,2015-05-10,Chennai Super Kings,"MA Chidambaram Stadium, Chepauk",middle,72,0,54,9.0,8.0
829797,2015-05-10,Chennai Super Kings,"MA Chidambaram Stadium, Chepauk",powerplay,36,2,36,6.0,6.0
829797,2015-05-10,Rajasthan Royals,"MA Chidambaram Stadium, Chepauk",death,52,4,30,5.0,10.4
829797,2015-05-10,Rajasthan Royals,"MA Chidambaram Stadium, Chepauk",middle,53,4,54,9.0,5.89
829797,2015-05-10,Rajasthan Royals,"MA Chidambaram Stadium, Chepauk",powerplay,40,1,36,6.0,6.67
829799,2015-05-11,Kings XI Punjab,"Rajiv Gandhi International Stadium, Uppal",death,76,1,30,5.0,15.2
829799,2015-05-11,Kings XI Punjab,"Rajiv Gandhi International Stadium, Uppal",middle,57,5,54,9.0,6.33
829799,2015-05-11,Kings XI Punjab,"Rajiv Gandhi International Stadium, Uppal",powerplay,47,1,36,6.0,7.83
829799,2015-05-11,Sunrisers Hyderabad,"Rajiv Gandhi International Stadium, Uppal",death,45,3,30,5.0,9.0
829799,2015-05-11,Sunrisers Hyderabad,"Rajiv Gandhi International Stadium, Uppal",middle,84,2,54,9.0,9.33
829799,2015-05-11,Sunrisers Hyderabad,"Rajiv Gandhi International Stadium, Uppal",powerplay,56,0,36,6.0,9.33
829801,2015-05-12,Chennai Super Kings,Shaheed Veer Narayan Singh International Stadium,death,36,3,30,5.0,7.2
829801,2015-05-12,Chennai Super Kings,Shaheed Veer Narayan Singh International Stadium,middle,67,2,54,9.0,7.44
829801,2015-05-12,Chennai Super Kings,Shaheed Veer Narayan Singh International Stadium,powerplay,16,1,36,6.0,2.67
829801,2015-05-12,Delhi Daredevils,Shaheed Veer Narayan Singh International Stadium,death,23,1,10,1.67,13.77
829801,2015-05-12,Delhi Daredevils,Shaheed Veer Narayan Singh International Stadium,middle,69,1,54,9.0,7.67
829801,2015-05-12,Delhi Daredevils,Shaheed Veer Narayan Singh International Stadium,powerplay,28,2,36,6.0,4.67
829803,2015-05-13,Kings XI Punjab,"Punjab Cricket Association Stadium, Mohali",death,0,0,0,0.0,0.0
829803,2015-05-13,Kings XI Punjab,"Punjab Cricket Association Stadium, Mohali",middle,34,2,24,4.0,8.5
829803,2015-05-13,Kings XI Punjab,"Punjab Cricket Association Stadium, Mohali",powerplay,72,4,36,6.0,12.0
829803,2015-05-13,Royal Challengers Bangalore,"Punjab Cricket Association Stadium, Mohali",death,0,0,0,0.0,0.0
829803,2015-05-13,Royal Challengers Bangalore,"Punjab Cricket Association Stadium, Mohali",middle,23,4,24,4.0,5.75
829803,2015-05-13,Royal Challengers Bangalore,"Punjab Cricket Association Stadium, Mohali",powerplay,61,2,36,6.0,10.17
829805,2015-05-14,Kolkata Knight Riders,Wankhede Stadium,death,44,3,30,5.0,8.8
829805,2015-05-14,Kolkata Knight Riders,Wankhede Stadium,middle,72,2,54,9.0,8.0
829805,2015-05-14,Kolkata Knight Riders,Wankhede Stadium,powerplay,50,2,36,6.0,8.33
829805,2015-05-14,Mumbai Indians,Wankhede Stadium,death,72,0,30,5.0,14.4
829805,2015-05-14,Mumbai Indians,Wankhede Stadium,middle,53,2,54,9.0,5.89
829805,2015-05-14,Mumbai Indians,Wankhede Stadium,powerplay,46,2,36,6.0,7.67
829807,2015-05-15,Royal Challengers Bangalore,"Rajiv Gandhi International Stadium, Uppal",death,0,0,0,0.0,0.0
829807,2015-05-15,Royal Challengers Bangalore,"Rajiv Gandhi International Stadium, Uppal",middle,0,0,0,0.0,0.0
829807,2015-05-15,Royal Challengers Bangalore,"Rajiv Gandhi International Stadium, Uppal",powerplay,83,4,35,5.83,14.24
829807,2015-05-15,Sunrisers Hyderabad,"Rajiv Gandhi International Stadium, Uppal",death,0,0,0,0.0,0.0
829807,2015-05-15,Sunrisers Hyderabad,"Rajiv Gandhi International Stadium, Uppal",middle,67,2,30,5.0,13.4
829807,2015-05-15,Sunrisers Hyderabad,"Rajiv Gandhi International Stadium, Uppal",powerplay,68,1,36,6.0,11.33
829809,2015-05-16,Chennai Super Kings,"Punjab Cricket Association Stadium, Mohali",death,23,0,11,1.83,12.57
829809,2015-05-16,Chennai Super Kings,"Punjab Cricket Association Stadium, Mohali",middle,64,1,54,9.0,7.11
829809,2015-05-16,Chennai Super Kings,"Punjab Cricket Association Stadium, Mohali",powerplay,47,2,36,6.0,7.83
829809,2015-05-16,Kings XI Punjab,"Punjab Cricket Association Stadium, Mohali",death,44,1,30,5.0,8.8
829809,2015-05-16,Kings XI Punjab,"Punjab Cricket Association Stadium, Mohali",middle,45,3,54,9.0,5.0
829809,2015-05-16,Kings XI Punjab,"Punjab Cricket Association Stadium, Mohali",powerplay,41,3,36,6.0,6.83
829811,2015-05-16,Kolkata Knight Riders,Brabourne Stadium,death,46,4,30,5.0,9.2
829811,2015-05-16,Kolkata Knight Riders,Brabourne Stadium,middle,91,3,54,9.0,10.11
829811,2015-05-16,Kolkata Knight Riders,Brabourne Stadium,powerplay,53,2,36,6.0,8.83
829811,2015-05-16,Rajasthan Royals,Brabourne Stadium,death,53,2,30,5.0,10.6
829811,2015-05-16,Rajasthan Royals,Brabourne Stadium,middle,80,4,54,9.0,8.89
829811,2015-05-16,Rajasthan Royals,Brabourne Stadium,powerplay,66,0,36,6.0,11.0
829813,2015-05-17,Delhi Daredevils,M Chinnaswamy Stadium,death,46,1,30,5.0,9.2
829813,2015-05-17,Delhi Daredevils,M Chinnaswamy Stadium,middle,87,4,54,9.0,9.67
829813,2015-05-17,Delhi Daredevils,M Chinnaswamy Stadium,powerplay,54,0,36,6.0,9.0
829813,2015-05-17,Royal Challengers Bangalore,M Chinnaswamy Stadium,death,0,0,0,0.0,0.0
829813,2015-05-17,Royal Challengers Bangalore,M Chinnaswamy Stadium,middle,0,0,0,0.0,0.0
829813,2015-05-17,Royal Challengers Bangalore,M Chinnaswamy Stadium,powerplay,2,0,7,1.17,1.71
829815,2015-05-17,Mumbai Indians,"Rajiv Gandhi International Stadium, Uppal",death,0,0,0,0.0,0.0
829815,2015-05-17,Mumbai Indians,"Rajiv Gandhi International Stadium, Uppal",middle,76,1,47,7.83,9.71
829815,2015-05-17,Mumbai Indians,"Rajiv Gandhi International Stadium, Uppal",powerplay,38,0,36,6.0,6.33
829815,2015-05-17,Sunrisers Hyderabad,"Rajiv Gandhi International Stadium, Uppal",death,33,4,30,5.0,6.6
829815,2015-05-17,Sunrisers Hyderabad,"Rajiv Gandhi International Stadium, Uppal",middle,51,3,54,9.0,5.67
829815,2015-05-17,Sunrisers Hyderabad,"Rajiv Gandhi International Stadium, Uppal",powerplay,29,3,36,6.0,4.83
829817,2015-05-19,Chennai Super Kings,Wankhede Stadium,death,41,4,24,4.0,10.25
829817,2015-05-19,Chennai Super Kings,Wankhede Stadium,middle,67,4,54,9.0,7.44
829817,2015-05-19,Chennai Super Kings,Wankhede Stadium,powerplay,54,2,36,6.0,9.0
829817,2015-05-19,Mumbai Indians,Wankhede Stadium,death,52,4,30,5.0,10.4
829817,2015-05-19,Mumbai Indians,Wankhede Stadium,middle,87,2,54,9.0,9.67
829817,2015-05-19,Mumbai Indians,Wankhede Stadium,powerplay,48,0,36,6.0,8.0
829819,2015-05-20,Rajasthan Royals,Maharashtra Cricket Association Stadium,death,17,3,24,4.0,4.25
829819,2015-05-20,Rajasthan Royals,Maharashtra Cricket Association Stadium,middle,52,5,54,9.0,5.78
829819,2015-05-20,Rajasthan Royals,Maharashtra Cricket Association Stadium,powerplay,40,2,36,6.0,6.67
829819,2015-05-20,Royal Challengers Bangalore,Maharashtra Cricket Association Stadium,death,67,2,30,5.0,13.4
829819,2015-05-20,Royal Challengers Bangalore,Maharashtra Cricket Association Stadium,middle,72,1,54,9.0,8.0
829819,2015-05-20,Royal Challengers Bangalore,Maharashtra Cricket Association Stadium,powerplay,41,1,36,6.0,6.83
829821,2015-05-22,Chennai Super Kings,JSCA International Stadium Complex,death,49,4,29,4.83,10.14
829821,2015-05-22,Chennai Super Kings,JSCA International Stadium Complex,middle,57,2,54,9.0,6.33
829821,2015-05-22,Chennai Super Kings,JSCA International Stadium Complex,powerplay,34,1,36,6.0,5.67
829821,2015-05-22,Royal Challengers Bangalore,JSCA International Stadium Complex,death,49,4,30,5.0,9.8
829821,2015-05-22,Royal Challengers Bangalore,JSCA International Stadium Complex,middle,61,2,54,9.0,6.78
829821,2015-05-22,Royal Challengers Bangalore,JSCA International Stadium Complex,powerplay,29,2,36,6.0,4.83
829823,2015-05-24,Chennai Super Kings,Eden Gardens,death,49,4,30,5.0,9.8
829823,2015-05-24,Chennai Super Kings,Eden Gardens,middle,81,3,54,9.0,9.0
829823,2015-05-24,Chennai Super Kings,Eden Gardens,powerplay,31,1,36,6.0,5.17
829823,2015-05-24,Mumbai Indians,Eden Gardens,death,56,2,30,5.0,11.2
829823,2015-05-24,Mumbai Indians,Eden Gardens,middle,85,2,54,9.0,9.44
829823,2015-05-24,Mumbai Indians,Eden Gardens,powerplay,61,1,36,6.0,10.17
980901,2016-04-09,Mumbai Indians,Wankhede Stadium,death,53,2,30,5.0,10.6
980901,2016-04-09,Mumbai Indians,Wankhede Stadium,middle,31,2,54,9.0,3.44
980901,2016-04-09,Mumbai Indians,Wankhede Stadium,powerplay,37,4,36,6.0,6.17
980901,2016-04-09,Rising Pune Supergiants,Wankhede Stadium,death,0,0,0,0.0,0.0
980901,2016-04-09,Rising Pune Supergiants,Wankhede Stadium,middle,69,1,52,8.67,7.96
980901,2016-04-09,Rising Pune Supergiants,Wankhede Stadium,powerplay,57,0,36,6.0,9.5
980903,2016-04-10,Delhi Daredevils,Eden Gardens,death,6,2,16,2.67,2.25
980903,2016-04-10,Delhi Daredevils,Eden Gardens,middle,57,4,54,9.0,6.33
980903,2016-04-10,Delhi Daredevils,Eden Gardens,powerplay,35,4,36,6.0,5.83
980903,2016-04-10,Kolkata Knight Riders,Eden Gardens,death,0,0,0,0.0,0.0
980903,2016-04-10,Kolkata Knight Riders,Eden Gardens,middle,52,1,49,8.17,6.36
980903,2016-04-10,Kolkata Knight Riders,Eden Gardens,powerplay,47,0,36,6.0,7.83
980905,2016-04-11,Gujarat Lions,"Punjab Cricket Association IS Bindra Stadium, Mohali",death,28,1,16,2.67,10.49
980905,2016-04-11,Gujarat Lions,"Punjab Cricket Association IS Bindra Stadium, Mohali",middle,77,2,54,9.0,8.56
980905,2016-04-11,Gujarat Lions,"Punjab Cricket Association IS Bindra Stadium, Mohali",powerplay,57,2,36,6.0,9.5
980905,2016-04-11,Kings XI Punjab,"Punjab Cricket Association IS Bindra Stadium, Mohali",death,36,2,30,5.0,7.2
980905,2016-04-11,Kings XI Punjab,"Punjab Cricket Association IS Bindra Stadium, Mohali",middle,73,4,54,9.0,8.11
980905,2016-04-11,Kings XI Punjab,"Punjab Cricket Association IS Bindra Stadium, Mohali",powerplay,52,0,36,6.0,8.67
980907,2016-04-12,Royal Challengers Bangalore,M Chinnaswamy Stadium,death,71,3,30,5.0,14.2
980907,2016-04-12,Royal Challengers Bangalore,M Chinnaswamy Stadium,middle,107,0,54,9.0,11.89
980907,2016-04-12,Royal Challengers Bangalore,M Chinnaswamy Stadium,powerplay,49,1,36,6.0,8.17
980907,2016-04-12,Sunrisers Hyderabad,M Chinnaswamy Stadium,death,43,1,30,5.0,8.6
980907,2016-04-12,Sunrisers Hyderabad,M Chinnaswamy Stadium,middle,83,4,54,9.0,9.22
980907,2016-04-12,Sunrisers Hyderabad,M Chinnaswamy Stadium,powerplay,56,1,36,6.0,9.33
980909,2016-04-13,Kolkata Knight Riders,Eden Gardens,death,49,3,30,5.0,9.8
980909,2016-04-13,Kolkata Knight Riders,Eden Gardens,middle,98,1,54,9.0,10.89
980909,2016-04-13,Kolkata Knight Riders,Eden Gardens,powerplay,40,1,36,6.0,6.67
980909,2016-04-13,Mumbai Indians,Eden Gardens,death,49,1,25,4.17,11.75
980909,2016-04-13,Mumbai Indians,Eden Gardens,middle,86,2,54,9.0,9.56
980909,2016-04-13,Mumbai Indians,Eden Gardens,powerplay,53,1,36,6.0,8.83
980911,2016-04-14,Gujarat Lions,Saurashtra Cricket Association Stadium,death,32,1,18,3.0,10.67
980911,2016-04-14,Gujarat Lions,Saurashtra Cricket Association Stadium,middle,70,2,54,9.0,7.78
980911,2016-04-14,Gujarat Lions,Saurashtra Cricket Association Stadium,powerplay,62,0,36,6.0,10.33
980911,2016-04-14,Rising Pune Supergiants,Saurashtra Cricket Association Stadium,death,42,3,30,5.0,8.4
980911,2016-04-14,Rising Pune Supergiants,Saurashtra Cricket Association Stadium,middle,64,1,54,9.0,7.11
980911,2016-04-14,Rising Pune Supergiants,Saurashtra Cricket Association Stadium,powerplay,57,1,36,6.0,9.5
980913,2016-04-15,Delhi Daredevils,Feroz Shah Kotla,death,0,0,0,0.0,0.0
980913,2016-04-15,Delhi Daredevils,Feroz Shah Kotla,middle,85,1,45,7.5,11.33
980913,2016-04-15,Delhi Daredevils,Feroz Shah Kotla,powerplay,28,1,36,6.0,4.67
980913,2016-04-15,Kings XI Punjab,Feroz Shah Kotla,death,38,3,30,5.0,7.6
980913,2016-04-15,Kings XI Punjab,Feroz Shah Kotla,middle,36,5,54,9.0,4.0
980913,2016-04-15,Kings XI Punjab,Feroz Shah Kotla,powerplay,37,1,36,6.0,6.17
980915,2016-04-16,Kolkata Knight Riders,"Rajiv Gandhi International Stadium, Uppal",death,34,0,20,3.33,10.21
980915,2016-04-16,Kolkata Knight Riders,"Rajiv Gandhi International Stadium, Uppal",middle,76,2,54,9.0,8.44
980915,2016-04-16,Kolkata Knight Riders,"Rajiv Gandhi International Stadium, Uppal",powerplay,36,0,36,6.0,6.0
980915,2016-04-16,Sunrisers Hyderabad,"Rajiv Gandhi International Stadium, Uppal",death,48,3,30,5.0,9.6
980915,2016-04-16,Sunrisers Hyderabad,"Rajiv Gandhi International Stadium, Uppal",middle,58,1,54,9.0,6.44
980915,2016-04-16,Sunrisers Hyderabad,"Rajiv Gandhi International Stadium, Uppal",powerplay,36,3,36,6.0,6.0
980917,2016-04-16,Gujarat Lions,Wankhede Stadium,death,48,3,30,5.0,9.6
980917,2016-04-16,Gujarat Lions,Wankhede Stadium,middle,57,3,54,9.0,6.33
980917,2016-04-16,Gujarat Lions,Wankhede Stadium,powerplay,42,1,36,6.0,7.0
980917,2016-04-16,Mumbai Indians,Wankhede Stadium,death,61,3,30,5.0,12.2
980917,2016-04-16,Mumbai Indians,Wankhede Stadium,middle,51,3,54,9.0,5.67
980917,2016-04-16,Mumbai Indians,Wankhede Stadium,powerplay,31,2,36,6.0,5.17
980919,2016-04-17,Kings XI Punjab,"Punjab Cricket Association IS Bindra Stadium, Mohali",death,41,1,22,3.67,11.17
980919,2016-04-17,Kings XI Punjab,"Punjab Cricket Association IS Bindra Stadium, Mohali",middle,62,3,54,9.0,6.89
980919,2016-04-17,Kings XI Punjab,"Punjab Cricket Association IS Bindra Stadium, Mohali",powerplay,50,0,36,6.0,8.33
980919,2016-04-17,Rising Pune Supergiants,"Punjab Cricket Association IS Bindra Stadium, Mohali",death,43,4,30,5.0,8.6
980919,2016-04-17,Rising Pune Supergiants,"Punjab Cricket Association IS Bindra Stadium, Mohali",middle,60,2,54,9.0,6.67
980919,2016-04-17,Rising Pune Supergiants,"Punjab Cricket Association IS Bindra Stadium, Mohali",powerplay,49,1,36,6.0,8.17
980921,2016-04-17,Delhi Daredevils,M Chinnaswamy Stadium,death,46,1,25,4.17,11.03
980921,2016-04-17,Delhi Daredevils,M Chinnaswamy Stadium,middle,95,0,54,9.0,10.56
980921,2016-04-17,Delhi Daredevils,M Chinnaswamy Stadium,powerplay,51,2,36,6.0,8.5
980921,2016-04-17,Royal Challengers Bangalore,M Chinnaswamy Stadium,death,48,3,30,5.0,9.6
980921,2016-04-17,Royal Challengers Bangalore,M Chinnaswamy Stadium,middle,80,1,54,9.0,8.89
980921,2016-04-17,Royal Challengers Bangalore,M Chinnaswamy Stadium,powerplay,63,1,36,6.0,10.5
980923,2016-04-18,Mumbai Indians,"Rajiv Gandhi International Stadium, Uppal",death,31,2,30,5.0,6.2
980923,2016-04-18,Mumbai Indians,"Rajiv Gandhi International Stadium, Uppal",middle,71,2,54,9.0,7.89
980923,2016-04-18,Mumbai Indians,"Rajiv Gandhi International Stadium, Uppal",powerplay,40,2,36,6.0,6.67
980923,2016-04-18,Sunrisers Hyderabad,"Rajiv Gandhi International Stadium, Uppal",death,37,0,15,2.5,14.8
980923,2016-04-18,Sunrisers Hyderabad,"Rajiv Gandhi International Stadium, Uppal",middle,75,2,54,9.0,8.33
980923,2016-04-18,Sunrisers Hyderabad,"Rajiv Gandhi International Stadium, Uppal",powerplay,33,1,36,6.0,5.5
980925,2016-04-19,Kings XI Punjab,"Punjab Cricket Association IS Bindra Stadium, Mohali",death,43,3,30,5.0,8.6
980925,2016-04-19,Kings XI Punjab,"Punjab Cricket Association IS Bindra Stadium, Mohali",middle,54,4,54,9.0,6.0
980925,2016-04-19,Kings XI Punjab,"Punjab Cricket Association IS Bindra Stadium, Mohali",powerplay,41,1,36,6.0,6.83
980925,2016-04-19,Kolkata Knight Riders,"Punjab Cricket Association IS Bindra Stadium, Mohali",death,24,1,13,2.17,11.06
980925,2016-04-19,Kolkata Knight Riders,"Punjab Cricket Association IS Bindra Stadium, Mohali",middle,52,3,54,9.0,5.78
980925,2016-04-19,Kolkata Knight Riders,"Punjab Cricket Association IS Bindra Stadium, Mohali",powerplay,65,0,36,6.0,10.83
980927,2016-04-20,Mumbai Indians,Wankhede Stadium,death,43,1,18,3.0,14.33
980927,2016-04-20,Mumbai Indians,Wankhede Stadium,middle,77,2,54,9.0,8.56
980927,2016-04-20,Mumbai Indians,Wankhede Stadium,powerplay,51,1,36,6.0,8.5
980927,2016-04-20,Royal Challengers Bangalore,Wankhede Stadium,death,58,3,30,5.0,11.6
980927,2016-04-20,Royal Challengers Bangalore,Wankhede Stadium,middle,63,3,54,9.0,7.0
980927,2016-04-20,Royal Challengers Bangalore,Wankhede Stadium,powerplay,49,1,36,6.0,8.17
980929,2016-04-21,Gujarat Lions,Saurashtra Cricket Association Stadium,death,31,4,30,5.0,6.2
980929,2016-04-21,Gujarat Lions,Saurashtra Cricket Association Stadium,middle,54,3,54,9.0,6.0
980929,2016-04-21,Gujarat Lions,Saurashtra Cricket Association Stadium,powerplay,50,1,36,6.0,8.33
980929,2016-04-21,Sunrisers Hyderabad,Saurashtra Cricket Association Stadium,death,0,0,0,0.0,0.0
980929,2016-04-21,Sunrisers Hyderabad,Saurashtra Cricket Association Stadium,middle,74,0,53,8.83,8.38
980929,2016-04-21,Sunrisers Hyderabad,Saurashtra Cricket Association Stadium,powerplay,63,0,36,6.0,10.5
980931,2016-04-22,Rising Pune Supergiants,Maharashtra Cricket Association Stadium,death,57,5,30,5.0,11.4
980931,2016-04-22,Rising Pune Supergiants,Maharashtra Cricket Association Stadium,middle,79,1,54,9.0,8.78
980931,2016-04-22,Rising Pune Supergiants,Maharashtra Cricket Association Stadium,powerplay,36,3,36,6.0,6.0
980931,2016-04-22,Royal Challengers Bangalore,Maharashtra Cricket Association Stadium,death,57,2,30,5.0,11.4
980931,2016-04-22,Royal Challengers Bangalore,Maharashtra Cricket Association Stadium,middle,80,0,54,9.0,8.89
980931,2016-04-22,Royal Challengers Bangalore,Maharashtra Cricket Association Stadium,powerplay,48,1,36,6.0,8.0
980933,2016-04-23,Delhi Daredevils,Feroz Shah Kotla,death,54,1,30,5.0,10.8
980933,2016-04-23,Delhi Daredevils,Feroz Shah Kotla,middle,69,2,54,9.0,7.67
980933,2016-04-23,Delhi Daredevils,Feroz Shah Kotla,powerplay,41,1,36,6.0,6.83
980933,2016-04-23,Mumbai Indians,Feroz Shah Kotla,death,40,3,30,5.0,8.0
980933,2016-04-23,Mumbai Indians,Feroz Shah Kotla,middle,62,3,54,9.0,6.89
980933,2016-04-23,Mumbai Indians,Feroz Shah Kotla,powerplay,52,1,36,6.0,8.67
980935,2016-04-23,Kings XI Punjab,"Rajiv Gandhi International Stadium, Uppal",death,40,1,30,5.0,8.0
980935,2016-04-23,Kings XI Punjab,"Rajiv Gandhi International Stadium, Uppal",middle,68,3,54,9.0,7.56
980935,2016-04-23,Kings XI Punjab,"Rajiv Gandhi International Stadium, Uppal",powerplay,35,2,36,6.0,5.83
980935,2016-04-23,Sunrisers Hyderabad,"Rajiv Gandhi International Stadium, Uppal",death,27,2,17,2.83,9.54
980935,2016-04-23,Sunrisers Hyderabad,"Rajiv Gandhi International Stadium, Uppal",middle,54,3,54,9.0,6.0
980935,2016-04-23,Sunrisers Hyderabad,"Rajiv Gandhi International Stadium, Uppal",powerplay,65,0,36,6.0,10.83
980937,2016-04-24,Gujarat Lions,Saurashtra Cricket Association Stadium,death,46,2,27,4.5,10.22
980937,2016-04-24,Gujarat Lions,Saurashtra Cricket Association Stadium,middle,64,1,54,9.0,7.11
980937,2016-04-24,Gujarat Lions,Saurashtra Cricket Association Stadium,powerplay,72,1,36,6.0,12.0
980937,2016-04-24,Royal Challengers Bangalore,Saurashtra Cricket Association Stadium,death,65,0,30,5.0,13.0
980937,2016-04-24,Royal Challengers Bangalore,Saurashtra Cricket Association Stadium,middle,65,1,54,9.0,7.22
980937,2016-04-24,Royal Challengers Bangalore,Saurashtra Cricket Association Stadium,powerplay,50,1,36,6.0,8.33
980939,2016-04-24,Kolkata Knight Riders,Maharashtra Cricket Association Stadium,death,48,4,27,4.5,10.67
980939,2016-04-24,Kolkata Knight Riders,Maharashtra Cricket Association Stadium,middle,55,2,54,9.0,6.11
980939,2016-04-24,Kolkata Knight Riders,Maharashtra Cricket Association Stadium,powerplay,59,2,36,6.0,9.83
980939,2016-04-24,Rising Pune Supergiants,Maharashtra Cricket Association Stadium,death,60,2,30,5.0,12.0
980939,2016-04-24,Rising Pune Supergiants,Maharashtra Cricket Association Stadium,middle,69,2,54,9.0,7.67
980939,2016-04-24,Rising Pune Supergiants,Maharashtra Cricket Association Stadium,powerplay,31,1,36,6.0,5.17
980941,2016-04-25,Kings XI Punjab,"Punjab Cricket Association IS Bindra Stadium, Mohali",death,43,4,30,5.0,8.6
980941,2016-04-25,Kings XI Punjab,"Punjab Cricket Association IS Bindra Stadium, Mohali",middle,81,1,54,9.0,9.0
980941,2016-04-25,Kings XI Punjab,"Punjab Cricket Association IS Bindra Stadium, Mohali",powerplay,40,2,36,6.0,6.67
980941,2016-04-25,Mumbai Indians,"Punjab Cricket Association IS Bindra Stadium, Mohali",death,49,4,30,5.0,9.8
980941,2016-04-25,Mumbai Indians,"Punjab Cricket Association IS Bindra Stadium, Mohali",middle,101,1,54,9.0,11.22
980941,2016-04-25,Mumbai Indians,"Punjab Cricket Association IS Bindra Stadium, Mohali",powerplay,39,1,36,6.0,6.5
980943,2016-04-26,Rising Pune Supergiants,"Rajiv Gandhi International Stadium, Uppal",death,0,0,0,0.0,0.0
980943,2016-04-26,Rising Pune Supergiants,"Rajiv Gandhi International Stadium, Uppal",middle,48,2,30,5.0,9.6
980943,2016-04-26,Rising Pune Supergiants,"Rajiv Gandhi International Stadium, Uppal",powerplay,46,1,36,6.0,7.67
980943,2016-04-26,Sunrisers Hyderabad,"Rajiv Gandhi International Stadium, Uppal",death,46,3,30,5.0,9.2
980943,2016-04-26,Sunrisers Hyderabad,"Rajiv Gandhi International Stadium, Uppal",middle,45,2,54,9.0,5.0
980943,2016-04-26,Sunrisers Hyderabad,"Rajiv Gandhi International Stadium, Uppal",powerplay,27,3,36,6.0,4.5
980945,2016-04-27,Delhi Daredevils,Feroz Shah Kotla,death,55,1,30,5.0,11.0
980945,2016-04-27,Delhi Daredevils,Feroz Shah Kotla,middle,94,1,54,9.0,10.44
980945,2016-04-27,Delhi Daredevils,Feroz Shah Kotla,powerplay,22,3,36,6.0,3.67
980945,2016-04-27,Gujarat Lions,Feroz Shah Kotla,death,40,2,30,5.0,8.0
980945,2016-04-27,Gujarat Lions,Feroz Shah Kotla,middle,61,4,54,9.0,6.78
980945,2016-04-27,Gujarat Lions,Feroz Shah Kotla,powerplay,71,0,36,6.0,11.83
980947,2016-04-28,Kolkata Knight Riders,Wankhede Stadium,death,48,2,30,5.0,9.6
980947,2016-04-28,Kolkata Knight Riders,Wankhede Stadium,middle,67,3,54,9.0,7.44
980947,2016-04-28,Kolkata Knight Riders,Wankhede Stadium,powerplay,59,0,36,6.0,9.83
980947,2016-04-28,Mumbai Indians,Wankhede Stadium,death,52,0,18,3.0,17.33
980947,2016-04-28,Mumbai Indians,Wankhede Stadium,middle,62,3,54,9.0,6.89
980947,2016-04-28,Mumbai Indians,Wankhede Stadium,powerplay,64,1,36,6.0,10.67
980949,2016-04-29,Gujarat Lions,Maharashtra Cricket Association Stadium,death,49,5,30,5.0,9.8
980949,2016-04-29,Gujarat Lions,Maharashtra Cricket Association Stadium,middle,75,2,54,9.0,8.33
980949,2016-04-29,Gujarat Lions,Maharashtra Cricket Association Stadium,powerplay,72,0,36,6.0,12.0
980949,2016-04-29,Rising Pune Supergiants,Maharashtra Cricket Association Stadium,death,60,1,30,5.0,12.0
980949,2016-04-29,Rising Pune Supergiants,Maharashtra Cricket Association Stadium,middle,87,1,54,9.0,9.67
980949,2016-04-29,Rising Pune Supergiants,Maharashtra Cricket Association Stadium,powerplay,48,1,36,6.0,8.0
980951,2016-04-30,Delhi Daredevils,Feroz Shah Kotla,death,66,5,30,5.0,13.2
980951,2016-04-30,Delhi Daredevils,Feroz Shah Kotla,middle,83,0,54,9.0,9.22
980951,2016-04-30,Delhi Daredevils,Feroz Shah Kotla,powerplay,37,3,36,6.0,6.17
980951,2016-04-30,Kolkata Knight Riders,Feroz Shah Kotla,death,32,5,21,3.5,9.14
980951,2016-04-30,Kolkata Knight Riders,Feroz Shah Kotla,middle,84,3,54,9.0,9.33
980951,2016-04-30,Kolkata Knight Riders,Feroz Shah Kotla,powerplay,43,2,36,6.0,7.17
980953,2016-04-30,Royal Challengers Bangalore,"Rajiv Gandhi International Stadium, Uppal",death,47,2,30,5.0,9.4
980953,2016-04-30,Royal Challengers Bangalore,"Rajiv Gandhi International Stadium, Uppal",middle,87,3,54,9.0,9.67
980953,2016-04-30,Royal Challengers Bangalore,"Rajiv Gandhi International Stadium, Uppal",powerplay,45,1,36,6.0,7.5
980953,2016-04-30,Sunrisers Hyderabad,"Rajiv Gandhi International Stadium, Uppal",death,53,4,30,5.0,10.6
980953,2016-04-30,Sunrisers Hyderabad,"Rajiv Gandhi International Stadium, Uppal",middle,92,0,54,9.0,10.22
980953,2016-04-30,Sunrisers Hyderabad,"Rajiv Gandhi International Stadium, Uppal",powerplay,49,1,36,6.0,8.17
980955,2016-05-01,Gujarat Lions,Saurashtra Cricket Association Stadium,death,44,2,30,5.0,8.8
980955,2016-05-01,Gujarat Lions,Saurashtra Cricket Association Stadium,middle,51,5,54,9.0,5.67
980955,2016-05-01,Gujarat Lions,Saurashtra Cricket Association Stadium,powerplay,36,2,36,6.0,6.0
980955,2016-05-01,Kings XI Punjab,Saurashtra Cricket Association Stadium,death,44,5,29,4.83,9.11
980955,2016-05-01,Kings XI Punjab,Saurashtra Cricket Association Stadium,middle,51,5,54,9.0,5.67
980955,2016-05-01,Kings XI Punjab,Saurashtra Cricket Association Stadium,powerplay,59,0,36,6.0,9.83
980957,2016-05-01,Mumbai Indians,Maharashtra Cricket Association Stadium,death,46,0,21,3.5,13.14
980957,2016-05-01,Mumbai Indians,Maharashtra Cricket Association Stadium,middle,68,1,54,9.0,7.56
980957,2016-05-01,Mumbai Indians,Maharashtra Cricket Association Stadium,powerplay,47,1,36,6.0,7.83
980957,2016-05-01,Rising Pune Supergiants,Maharashtra Cricket Association Stadium,death,39,2,30,5.0,7.8
980957,2016-05-01,Rising Pune Supergiants,Maharashtra Cricket Association Stadium,middle,66,2,54,9.0,7.33
980957,2016-05-01,Rising Pune Supergiants,Maharashtra Cricket Association Stadium,powerplay,54,1,36,6.0,9.0
980959,2016-05-02,Kolkata Knight Riders,M Chinnaswamy Stadium,death,66,1,25,4.17,15.83
980959,2016-05-02,Kolkata Knight Riders,M Chinnaswamy Stadium,middle,86,2,54,9.0,9.56
980959,2016-05-02,Kolkata Knight Riders,M Chinnaswamy Stadium,powerplay,37,2,36,6.0,6.17
980959,2016-05-02,Royal Challengers Bangalore,M Chinnaswamy Stadium,death,73,4,30,5.0,14.6
980959,2016-05-02,Royal Challengers Bangalore,M Chinnaswamy Stadium,middle,72,2,54,9.0,8.0
980959,2016-05-02,Royal Challengers Bangalore,M Chinnaswamy Stadium,powerplay,40,1,36,6.0,6.67
980961,2016-05-03,Delhi Daredevils,Saurashtra Cricket Association Stadium,death,29,0,14,2.33,12.45
980961,2016-05-03,Delhi Daredevils,Saurashtra Cricket Association Stadium,middle,60,2,54,9.0,6.67
980961,2016-05-03,Delhi Daredevils,Saurashtra Cricket Association Stadium,powerplay,61,0,36,6.0,10.17
980961,2016-05-03,Gujarat Lions,Saurashtra Cricket Association Stadium,death,50,3,30,5.0,10.0
980961,2016-05-03,Gujarat Lions,Saurashtra Cricket Association Stadium,middle,64,1,54,9.0,7.11
980961,2016-05-03,Gujarat Lions,Saurashtra Cricket Association Stadium,powerplay,35,3,36,6.0,5.83
980963,2016-05-04,Kings XI Punjab,Eden Gardens,death,40,5,30,5.0,8.0
980963,2016-05-04,Kings XI Punjab,Eden Gardens,middle,80,1,54,9.0,8.89
980963,2016-05-04,Kings XI Punjab,Eden Gardens,powerplay,37,3,36,6.0,6.17
980963,2016-05-04,Kolkata Knight Riders,Eden Gardens,death,43,2,30,5.0,8.6
980963,2016-05-04,Kolkata Knight Riders,Eden Gardens,middle,81,1,54,9.0,9.0
980963,2016-05-04,Kolkata Knight Riders,Eden Gardens,powerplay,40,0,36,6.0,6.67
980965,2016-05-05,Delhi Daredevils,Feroz Shah Kotla,death,50,3,30,5.0,10.0
980965,2016-05-05,Delhi Daredevils,Feroz Shah Kotla,middle,64,2,54,9.0,7.11
980965,2016-05-05,Delhi Daredevils,Feroz Shah Kotla,powerplay,48,2,36,6.0,8.0
980965,2016-05-05,Rising Pune Supergiants,Feroz Shah Kotla,death,50,1,25,4.17,11.99
980965,2016-05-05,Rising Pune Supergiants,Feroz Shah Kotla,middle,66,2,54,9.0,7.33
980965,2016-05-05,Rising Pune Supergiants,Feroz Shah Kotla,powerplay,50,0,36,6.0,8.33
980967,2016-05-06,Gujarat Lions,"Rajiv Gandhi International Stadium, Uppal",death,41,1,30,5.0,8.2
980967,2016-05-06,Gujarat Lions,"Rajiv Gandhi International Stadium, Uppal",middle,59,2,54,9.0,6.56
980967,2016-05-06,Gujarat Lions,"Rajiv Gandhi International Stadium, Uppal",powerplay,26,3,36,6.0,4.33
980967,2016-05-06,Sunrisers Hyderabad,"Rajiv Gandhi International Stadium, Uppal",death,38,1,24,4.0,9.5
980967,2016-05-06,Sunrisers Hyderabad,"Rajiv Gandhi International Stadium, Uppal",middle,53,2,54,9.0,5.89
980967,2016-05-06,Sunrisers Hyderabad,"Rajiv Gandhi International Stadium, Uppal",powerplay,38,2,36,6.0,6.33
980969,2016-05-07,Rising Pune Supergiants,M Chinnaswamy Stadium,death,53,4,30,5.0,10.6
980969,2016-05-07,Rising Pune Supergiants,M Chinnaswamy Stadium,middle,78,1,54,9.0,8.67
980969,2016-05-07,Rising Pune Supergiants,M Chinnaswamy Stadium,powerplay,60,1,36,6.0,10.0
980969,2016-05-07,Royal Challengers Bangalore,M Chinnaswamy Stadium,death,53,1,27,4.5,11.78
980969,2016-05-07,Royal Challengers Bangalore,M Chinnaswamy Stadium,middle,96,2,54,9.0,10.67
980969,2016-05-07,Royal Challengers Bangalore,M Chinnaswamy Stadium,powerplay,46,0,36,6.0,7.67
980971,2016-05-07,Delhi Daredevils,"Punjab Cricket Association IS Bindra Stadium, Mohali",death,40,3,30,5.0,8.0
980971,2016-05-07,Delhi Daredevils,"Punjab Cricket Association IS Bindra Stadium, Mohali",middle,81,2,54,9.0,9.0
980971,2016-05-07,Delhi Daredevils,"Punjab Cricket Association IS Bindra Stadium, Mohali",powerplay,51,0,36,6.0,8.5
980971,2016-05-07,Kings XI Punjab,"Punjab Cricket Association IS Bindra Stadium, Mohali",death,62,2,30,5.0,12.4
980971,2016-05-07,Kings XI Punjab,"Punjab Cricket Association IS Bindra Stadium, Mohali",middle,74,2,54,9.0,8.22
980971,2016-05-07,Kings XI Punjab,"Punjab Cricket Association IS Bindra Stadium, Mohali",powerplay,45,1,36,6.0,7.5
980973,2016-05-08,Mumbai Indians,Dr. Y.S. Rajasekhara Reddy ACA-VDCA Cricket Stadium,death,7,1,9,1.5,4.67
980973,2016-05-08,Mumbai Indians,Dr. Y.S. Rajasekhara Reddy ACA-VDCA Cricket Stadium,middle,53,4,54,9.0,5.89
980973,2016-05-08,Mumbai Indians,Dr. Y.S. Rajasekhara Reddy ACA-VDCA Cricket Stadium,powerplay,32,5,36,6.0,5.33
980973,2016-05-08,Sunrisers Hyderabad,Dr. Y.S. Rajasekhara Reddy ACA-VDCA Cricket Stadium,death,61,1,30,5.0,12.2
980973,2016-05-08,Sunrisers Hyderabad,Dr. Y.S. Rajasekhara Reddy ACA-VDCA Cricket Stadium,middle,65,2,54,9.0,7.22
980973,2016-05-08,Sunrisers Hyderabad,Dr. Y.S. Rajasekhara Reddy ACA-VDCA Cricket Stadium,powerplay,51,0,36,6.0,8.5
980975,2016-05-08,Gujarat Lions,Eden Gardens,death,29,2,18,3.0,9.67
980975,2016-05-08,Gujarat Lions,Eden Gardens,middle,89,2,54,9.0,9.89
980975,2016-05-08,Gujarat Lions,Eden Gardens,powerplay,46,1,36,6.0,7.67
980975,2016-05-08,Kolkata Knight Riders,Eden Gardens,death,60,0,30,5.0,12.0
980975,2016-05-08,Kolkata Knight Riders,Eden Gardens,middle,70,0,54,9.0,7.78
980975,2016-05-08,Kolkata Knight Riders,Eden Gardens,powerplay,28,4,36,6.0,4.67
980977,2016-05-09,Kings XI Punjab,"Punjab Cricket Association IS Bindra Stadium, Mohali",death,51,1,30,5.0,10.2
980977,2016-05-09,Kings XI Punjab,"Punjab Cricket Association IS Bindra Stadium, Mohali",middle,73,2,54,9.0,8.11
980977,2016-05-09,Kings XI Punjab,"Punjab Cricket Association IS Bindra Stadium, Mohali",powerplay,50,1,36,6.0,8.33
980977,2016-05-09,Royal Challengers Bangalore,"Punjab Cricket Association IS Bindra Stadium, Mohali",death,62,3,30,5.0,12.4
980977,2016-05-09,Royal Challengers Bangalore,"Punjab Cricket Association IS Bindra Stadium, Mohali",middle,57,3,54,9.0,6.33
980977,2016-05-09,Royal Challengers Bangalore,"Punjab Cricket Association IS Bindra Stadium, Mohali",powerplay,56,0,36,6.0,9.33
980979,2016-05-10,Rising Pune Supergiants,Dr. Y.S. Rajasekhara Reddy ACA-VDCA Cricket Stadium,death,47,3,30,5.0,9.4
980979,2016-05-10,Rising Pune Supergiants,Dr. Y.S. Rajasekhara Reddy ACA-VDCA Cricket Stadium,middle,61,3,54,9.0,6.78
980979,2016-05-10,Rising Pune Supergiants,Dr. Y.S. Rajasekhara Reddy ACA-VDCA Cricket Stadium,powerplay,25,2,36,6.0,4.17
980979,2016-05-10,Sunrisers Hyderabad,Dr. Y.S. Rajasekhara Reddy ACA-VDCA Cricket Stadium,death,41,6,30,5.0,8.2
980979,2016-05-10,Sunrisers Hyderabad,Dr. Y.S. Rajasekhara Reddy ACA-VDCA Cricket Stadium,middle,62,1,54,9.0,6.89
980979,2016-05-10,Sunrisers Hyderabad,Dr. Y.S. Rajasekhara Reddy ACA-VDCA Cricket Stadium,powerplay,34,1,36,6.0,5.67
980981,2016-05-11,Mumbai Indians,M Chinnaswamy Stadium,death,56,1,22,3.67,15.26
980981,2016-05-11,Mumbai Indians,M Chinnaswamy Stadium,middle,58,2,54,9.0,6.44
980981,2016-05-11,Mumbai Indians,M Chinnaswamy Stadium,powerplay,39,1,36,6.0,6.5
980981,2016-05-11,Royal Challengers Bangalore,M Chinnaswamy Stadium,death,60,1,30,5.0,12.0
980981,2016-05-11,Royal Challengers Bangalore,M Chinnaswamy Stadium,middle,66,1,54,9.0,7.33
980981,2016-05-11,Royal Challengers Bangalore,M Chinnaswamy Stadium,powerplay,25,2,36,6.0,4.17
980983,2016-05-12,Delhi Daredevils,"Rajiv Gandhi International Stadium, Uppal",death,36,0,19,3.17,11.36
980983,2016-05-12,Delhi Daredevils,"Rajiv Gandhi International Stadium, Uppal",middle,64,2,54,9.0,7.11
980983,2016-05-12,Delhi Daredevils,"Rajiv Gandhi International Stadium, Uppal",powerplay,50,1,36,6.0,8.33
980983,2016-05-12,Sunrisers Hyderabad,"Rajiv Gandhi International Stadium, Uppal",death,33,5,30,5.0,6.6
980983,2016-05-12,Sunrisers Hyderabad,"Rajiv Gandhi International Stadium, Uppal",middle,62,3,54,9.0,6.89
980983,2016-05-12,Sunrisers Hyderabad,"Rajiv Gandhi International Stadium, Uppal",powerplay,51,0,36,6.0,8.5
980985,2016-05-13,Kings XI Punjab,Dr. Y.S. Rajasekhara Reddy ACA-VDCA Cricket Stadium,death,17,2,12,2.0,8.5
980985,2016-05-13,Kings XI Punjab,Dr. Y.S. Rajasekhara Reddy ACA-VDCA Cricket Stadium,middle,78,0,54,9.0,8.67
980985,2016-05-13,Kings XI Punjab,Dr. Y.S. Rajasekhara Reddy ACA-VDCA Cricket Stadium,powerplay,32,1,36,6.0,5.33
980985,2016-05-13,Mumbai Indians,Dr. Y.S. Rajasekhara Reddy ACA-VDCA Cricket Stadium,death,44,4,30,5.0,8.8
980985,2016-05-13,Mumbai Indians,Dr. Y.S. Rajasekhara Reddy ACA-VDCA Cricket Stadium,middle,59,3,54,9.0,6.56
980985,2016-05-13,Mumbai Indians,Dr. Y.S. Rajasekhara Reddy ACA-VDCA Cricket Stadium,powerplay,21,2,36,6.0,3.5
980987,2016-05-14,Gujarat Lions,M Chinnaswamy Stadium,death,10,2,22,3.67,2.72
980987,2016-05-14,Gujarat Lions,M Chinnaswamy Stadium,middle,53,6,54,9.0,5.89
980987,2016-05-14,Gujarat Lions,M Chinnaswamy Stadium,powerplay,41,2,36,6.0,6.83
980987,2016-05-14,Royal Challengers Bangalore,M Chinnaswamy Stadium,death,112,2,30,5.0,22.4
980987,2016-05-14,Royal Challengers Bangalore,M Chinnaswamy Stadium,middle,94,0,54,9.0,10.44
980987,2016-05-14,Royal Challengers Bangalore,M Chinnaswamy Stadium,powerplay,42,1,36,6.0,7.0
980989,2016-05-14,Kolkata Knight Riders,Eden Gardens,death,0,0,0,0.0,0.0
980989,2016-05-14,Kolkata Knight Riders,Eden Gardens,middle,0,0,0,0.0,0.0
980989,2016-05-14,Kolkata Knight Riders,Eden Gardens,powerplay,66,2,30,5.0,13.2
980989,2016-05-14,Rising Pune Supergiants,Eden Gardens,death,9,1,16,2.67,3.37
980989,2016-05-14,Rising Pune Supergiants,Eden Gardens,middle,57,3,54,9.0,6.33
980989,2016-05-14,Rising Pune Supergiants,Eden Gardens,powerplay,37,2,36,6.0,6.17
980991,2016-05-15,Kings XI Punjab,"Punjab Cricket Association IS Bindra Stadium, Mohali",death,58,2,30,5.0,11.6
980991,2016-05-15,Kings XI Punjab,"Punjab Cricket Association IS Bindra Stadium, Mohali",middle,74,1,54,9.0,8.22
980991,2016-05-15,Kings XI Punjab,"Punjab Cricket Association IS Bindra Stadium, Mohali",powerplay,47,1,36,6.0,7.83
980991,2016-05-15,Sunrisers Hyderabad,"Punjab Cricket Association IS Bindra Stadium, Mohali",death,50,1,28,4.67,10.71
980991,2016-05-15,Sunrisers Hyderabad,"Punjab Cricket Association IS Bindra Stadium, Mohali",middle,75,2,54,9.0,8.33
980991,2016-05-15,Sunrisers Hyderabad,"Punjab Cricket Association IS Bindra Stadium, Mohali",powerplay,55,0,36,6.0,9.17
980993,2016-05-15,Delhi Daredevils,Dr. Y.S. Rajasekhara Reddy ACA-VDCA Cricket Stadium,death,18,4,25,4.17,4.32
980993,2016-05-15,Delhi Daredevils,Dr. Y.S. Rajasekhara Reddy ACA-VDCA Cricket Stadium,middle,59,4,54,9.0,6.56
980993,2016-05-15,Delhi Daredevils,Dr. Y.S. Rajasekhara Reddy ACA-VDCA Cricket Stadium,powerplay,49,2,36,6.0,8.17
980993,2016-05-15,Mumbai Indians,Dr. Y.S. Rajasekhara Reddy ACA-VDCA Cricket Stadium,death,62,2,30,5.0,12.4
980993,2016-05-15,Mumbai Indians,Dr. Y.S. Rajasekhara Reddy ACA-VDCA Cricket Stadium,middle,99,2,54,9.0,11.0
980993,2016-05-15,Mumbai Indians,Dr. Y.S. Rajasekhara Reddy ACA-VDCA Cricket Stadium,powerplay,45,0,36,6.0,7.5
980995,2016-05-16,Kolkata Knight Riders,Eden Gardens,death,59,1,30,5.0,11.8
980995,2016-05-16,Kolkata Knight Riders,Eden Gardens,middle,73,3,54,9.0,8.11
980995,2016-05-16,Kolkata Knight Riders,Eden Gardens,powerplay,51,1,36,6.0,8.5
980995,2016-05-16,Royal Challengers Bangalore,Eden Gardens,death,51,0,22,3.67,13.9
980995,2016-05-16,Royal Challengers Bangalore,Eden Gardens,middle,72,1,54,9.0,8.0
980995,2016-05-16,Royal Challengers Bangalore,Eden Gardens,powerplay,63,0,36,6.0,10.5
980997,2016-05-17,Delhi Daredevils,Dr. Y.S. Rajasekhara Reddy ACA-VDCA Cricket Stadium,death,48,1,30,5.0,9.6
980997,2016-05-17,Delhi Daredevils,Dr. Y.S. Rajasekhara Reddy ACA-VDCA Cricket Stadium,middle,45,3,54,9.0,5.0
980997,2016-05-17,Delhi Daredevils,Dr. Y.S. Rajasekhara Reddy ACA-VDCA Cricket Stadium,powerplay,28,2,36,6.0,4.67
980997,2016-05-17,Rising Pune Supergiants,Dr. Y.S. Rajasekhara Reddy ACA-VDCA Cricket Stadium,death,0,0,0,0.0,0.0
980997,2016-05-17,Rising Pune Supergiants,Dr. Y.S. Rajasekhara Reddy ACA-VDCA Cricket Stadium,middle,32,0,30,5.0,6.4
980997,2016-05-17,Rising Pune Supergiants,Dr. Y.S. Rajasekhara Reddy ACA-VDCA Cricket Stadium,powerplay,44,1,36,6.0,7.33
980999,2016-05-18,Kings XI Punjab,M Chinnaswamy Stadium,death,0,0,0,0.0,0.0
980999,2016-05-18,Kings XI Punjab,M Chinnaswamy Stadium,middle,61,5,48,8.0,7.62
980999,2016-05-18,Kings XI Punjab,M Chinnaswamy Stadium,powerplay,59,4,36,6.0,9.83
980999,2016-05-18,Royal Challengers Bangalore,M Chinnaswamy Stadium,death,0,0,0,0.0,0.0
980999,2016-05-18,Royal Challengers Bangalore,M Chinnaswamy Stadium,middle,148,3,54,9.0,16.44
980999,2016-05-18,Royal Challengers Bangalore,M Chinnaswamy Stadium,powerplay,63,0,36,6.0,10.5
981001,2016-05-19,Gujarat Lions,Green Park,death,0,0,0,0.0,0.0
981001,2016-05-19,Gujarat Lions,Green Park,middle,70,1,45,7.5,9.33
981001,2016-05-19,Gujarat Lions,Green Park,powerplay,55,3,36,6.0,9.17
981001,2016-05-19,Kolkata Knight Riders,Green Park,death,41,3,30,5.0,8.2
981001,2016-05-19,Kolkata Knight Riders,Green Park,middle,39,3,54,9.0,4.33
981001,2016-05-19,Kolkata Knight Riders,Green Park,powerplay,44,2,36,6.0,7.33
981003,2016-05-20,Delhi Daredevils,Shaheed Veer Narayan Singh International Stadium,death,54,2,30,5.0,10.8
981003,2016-05-20,Delhi Daredevils,Shaheed Veer Narayan Singh International Stadium,middle,70,1,54,9.0,7.78
981003,2016-05-20,Delhi Daredevils,Shaheed Veer Narayan Singh International Stadium,powerplay,37,1,36,6.0,6.17
981003,2016-05-20,Sunrisers Hyderabad,Shaheed Veer Narayan Singh International Stadium,death,43,3,30,5.0,8.6
981003,2016-05-20,Sunrisers Hyderabad,Shaheed Veer Narayan Singh International Stadium,middle,69,3,54,9.0,7.67
981003,2016-05-20,Sunrisers Hyderabad,Shaheed Veer Narayan Singh International Stadium,powerplay,46,1,36,6.0,7.67
981005,2016-05-21,Kings XI Punjab,Dr. Y.S. Rajasekhara Reddy ACA-VDCA Cricket Stadium,death,52,5,30,5.0,10.4
981005,2016-05-21,Kings XI Punjab,Dr. Y.S. Rajasekhara Reddy ACA-VDCA Cricket Stadium,middle,68,2,54,9.0,7.56
981005,2016-05-21,Kings XI Punjab,Dr. Y.S. Rajasekhara Reddy ACA-VDCA Cricket Stadium,powerplay,52,0,36,6.0,8.67
981005,2016-05-21,Rising Pune Supergiants,Dr. Y.S. Rajasekhara Reddy ACA-VDCA Cricket Stadium,death,70,1,30,5.0,14.0
981005,2016-05-21,Rising Pune Supergiants,Dr. Y.S. Rajasekhara Reddy ACA-VDCA Cricket Stadium,middle,59,4,54,9.0,6.56
981005,2016-05-21,Rising Pune Supergiants,Dr. Y.S. Rajasekhara Reddy ACA-VDCA Cricket Stadium,powerplay,44,1,36,6.0,7.33
981007,2016-05-21,Gujarat Lions,Green Park,death,26,0,17,2.83,9.19
981007,2016-05-21,Gujarat Lions,Green Park,middle,77,3,54,9.0,8.56
981007,2016-05-21,Gujarat Lions,Green Park,powerplay,70,1,36,6.0,11.67
981007,2016-05-21,Mumbai Indians,Green Park,death,38,4,30,5.0,7.6
981007,2016-05-21,Mumbai Indians,Green Park,middle,85,1,54,9.0,9.44
981007,2016-05-21,Mumbai Indians,Green Park,powerplay,49,3,36,6.0,8.17
981009,2016-05-22,Kolkata Knight Riders,Eden Gardens,death,30,3,30,5.0,6.0
981009,2016-05-22,Kolkata Knight Riders,Eden Gardens,middle,93,1,54,9.0,10.33
981009,2016-05-22,Kolkata Knight Riders,Eden Gardens,powerplay,48,2,36,6.0,8.0
981009,2016-05-22,Sunrisers Hyderabad,Eden Gardens,death,35,4,30,5.0,7.0
981009,2016-05-22,Sunrisers Hyderabad,Eden Gardens,middle,66,3,54,9.0,7.33
981009,2016-05-22,Sunrisers Hyderabad,Eden Gardens,powerplay,48,1,36,6.0,8.0
981011,2016-05-22,Delhi Daredevils,Shaheed Veer Narayan Singh International Stadium,death,40,2,30,5.0,8.0
981011,2016-05-22,Delhi Daredevils,Shaheed Veer Narayan Singh International Stadium,middle,55,4,54,9.0,6.11
981011,2016-05-22,Delhi Daredevils,Shaheed Veer Narayan Singh International Stadium,powerplay,43,2,36,6.0,7.17
981011,2016-05-22,Royal Challengers Bangalore,Shaheed Veer Narayan Singh International Stadium,death,28,0,19,3.17,8.83
981011,2016-05-22,Royal Challengers Bangalore,Shaheed Veer Narayan Singh International Stadium,middle,62,2,54,9.0,6.89
981011,2016-05-22,Royal Challengers Bangalore,Shaheed Veer Narayan Singh International Stadium,powerplay,49,2,36,6.0,8.17
981013,2016-05-24,Gujarat Lions,M Chinnaswamy Stadium,death,54,6,30,5.0,10.8
981013,2016-05-24,Gujarat Lions,M Chinnaswamy Stadium,middle,81,1,54,9.0,9.0
981013,2016-05-24,Gujarat Lions,M Chinnaswamy Stadium,powerplay,23,3,36,6.0,3.83
981013,2016-05-24,Royal Challengers Bangalore,M Chinnaswamy Stadium,death,49,0,20,3.33,14.71
981013,2016-05-24,Royal Challengers Bangalore,M Chinnaswamy Stadium,middle,79,1,54,9.0,8.78
981013,2016-05-24,Royal Challengers Bangalore,M Chinnaswamy Stadium,powerplay,31,5,36,6.0,5.17
981015,2016-05-25,Kolkata Knight Riders,Feroz Shah Kotla,death,30,4,30,5.0,6.0
981015,2016-05-25,Kolkata Knight Riders,Feroz Shah Kotla,middle,64,3,54,9.0,7.11
981015,2016-05-25,Kolkata Knight Riders,Feroz Shah Kotla,powerplay,46,1,36,6.0,7.67
981015,2016-05-25,Sunrisers Hyderabad,Feroz Shah Kotla,death,53,5,30,5.0,10.6
981015,2016-05-25,Sunrisers Hyderabad,Feroz Shah Kotla,middle,66,2,54,9.0,7.33
981015,2016-05-25,Sunrisers Hyderabad,Feroz Shah Kotla,powerplay,43,1,36,6.0,7.17
981017,2016-05-27,Gujarat Lions,Feroz Shah Kotla,death,53,2,30,5.0,10.6
981017,2016-05-27,Gujarat Lions,Feroz Shah Kotla,middle,71,3,54,9.0,7.89
981017,2016-05-27,Gujarat Lions,Feroz Shah Kotla,powerplay,38,2,36,6.0,6.33
981017,2016-05-27,Sunrisers Hyderabad,Feroz Shah Kotla,death,47,1,26,4.33,10.85
981017,2016-05-27,Sunrisers Hyderabad,Feroz Shah Kotla,middle,70,3,54,9.0,7.78
981017,2016-05-27,Sunrisers Hyderabad,Feroz Shah Kotla,powerplay,46,2,36,6.0,7.67
981019,2016-05-29,Royal Challengers Bangalore,M Chinnaswamy Stadium,death,42,4,30,5.0,8.4
981019,2016-05-29,Royal Challengers Bangalore,M Chinnaswamy Stadium,middle,99,3,54,9.0,11.0
981019,2016-05-29,Royal Challengers Bangalore,M Chinnaswamy Stadium,powerplay,59,0,36,6.0,9.83
981019,2016-05-29,Sunrisers Hyderabad,M Chinnaswamy Stadium,death,68,4,30,5.0,13.6
981019,2016-05-29,Sunrisers Hyderabad,M Chinnaswamy Stadium,middle,81,3,54,9.0,9.0
981019,2016-05-29,Sunrisers Hyderabad,M Chinnaswamy Stadium,powerplay,59,0,36,6.0,9.83
1082591,2017-04-05,Royal Challengers Bangalore,"Rajiv Gandhi International Stadium, Uppal",death,33,5,28,4.67,7.07
1082591,2017-04-05,Royal Challengers Bangalore,"Rajiv Gandhi International Stadium, Uppal",middle,85,4,54,9.0,9.44
1082591,2017-04-05,Royal Challengers Bangalore,"Rajiv Gandhi International Stadium, Uppal",powerplay,54,1,36,6.0,9.0
1082591,2017-04-05,Sunrisers Hyderabad,"Rajiv Gandhi International Stadium, Uppal",death,56,2,30,5.0,11.2
1082591,2017-04-05,Sunrisers Hyderabad,"Rajiv Gandhi International Stadium, Uppal",middle,92,1,54,9.0,10.22
1082591,2017-04-05,Sunrisers Hyderabad,"Rajiv Gandhi International Stadium, Uppal",powerplay,59,1,36,6.0,9.83
1082592,2017-04-06,Mumbai Indians,Maharashtra Cricket Association Stadium,death,64,3,30,5.0,12.8
1082592,2017-04-06,Mumbai Indians,Maharashtra Cricket Association Stadium,middle,59,4,54,9.0,6.56
1082592,2017-04-06,Mumbai Indians,Maharashtra Cricket Association Stadium,powerplay,61,1,36,6.0,10.17
1082592,2017-04-06,Rising Pune Supergiant,Maharashtra Cricket Association Stadium,death,48,1,29,4.83,9.94
1082592,2017-04-06,Rising Pune Supergiant,Maharashtra Cricket Association Stadium,middle,80,1,54,9.0,8.89
1082592,2017-04-06,Rising Pune Supergiant,Maharashtra Cricket Association Stadium,powerplay,59,1,36,6.0,9.83
1082593,2017-04-07,Gujarat Lions,Saurashtra Cricket Association Stadium,death,58,1,30,5.0,11.6
1082593,2017-04-07,Gujarat Lions,Saurashtra Cricket Association Stadium,middle,73,2,54,9.0,8.11
1082593,2017-04-07,Gujarat Lions,Saurashtra Cricket Association Stadium,powerplay,52,1,36,6.0,8.67
1082593,2017-04-07,Kolkata Knight Riders,Saurashtra Cricket Association Stadium,death,0,0,0,0.0,0.0
1082593,2017-04-07,Kolkata Knight Riders,Saurashtra Cricket Association Stadium,middle,111,0,53,8.83,12.57
1082593,2017-04-07,Kolkata Knight Riders,Saurashtra Cricket Association Stadium,powerplay,73,0,36,6.0,12.17
1082594,2017-04-08,Kings XI Punjab,Holkar Cricket Stadium,death,36,0,24,4.0,9.0
1082594,2017-04-08,Kings XI Punjab,Holkar Cricket Stadium,middle,72,2,54,9.0,8.0
1082594,2017-04-08,Kings XI Punjab,Holkar Cricket Stadium,powerplay,56,2,36,6.0,9.33
1082594,2017-04-08,Rising Pune Supergiant,Holkar Cricket Stadium,death,55,2,30,5.0,11.0
1082594,2017-04-08,Rising Pune Supergiant,Holkar Cricket Stadium,middle,73,3,54,9.0,8.11
1082594,2017-04-08,Rising Pune Supergiant,Holkar Cricket Stadium,powerplay,35,1,36,6.0,5.83
1082595,2017-04-08,Delhi Daredevils,M.Chinnaswamy Stadium,death,29,3,30,5.0,5.8
1082595,2017-04-08,Delhi Daredevils,M.Chinnaswamy Stadium,middle,70,4,54,9.0,7.78
1082595,2017-04-08,Delhi Daredevils,M.Chinnaswamy Stadium,powerplay,43,2,36,6.0,7.17
1082595,2017-04-08,Royal Challengers Bangalore,M.Chinnaswamy Stadium,death,36,4,30,5.0,7.2
1082595,2017-04-08,Royal Challengers Bangalore,M.Chinnaswamy Stadium,middle,80,2,54,9.0,8.89
1082595,2017-04-08,Royal Challengers Bangalore,M.Chinnaswamy Stadium,powerplay,41,2,36,6.0,6.83
1082596,2017-04-09,Gujarat Lions,"Rajiv Gandhi International Stadium, Uppal",death,33,3,30,5.0,6.6
1082596,2017-04-09,Gujarat Lions,"Rajiv Gandhi International Stadium, Uppal",middle,62,2,54,9.0,6.89
1082596,2017-04-09,Gujarat Lions,"Rajiv Gandhi International Stadium, Uppal",powerplay,40,2,36,6.0,6.67
1082596,2017-04-09,Sunrisers Hyderabad,"Rajiv Gandhi International Stadium, Uppal",death,9,0,3,0.5,18.0
1082596,2017-04-09,Sunrisers Hyderabad,"Rajiv Gandhi International Stadium, Uppal",middle,72,0,54,9.0,8.0
1082596,2017-04-09,Sunrisers Hyderabad,"Rajiv Gandhi International Stadium, Uppal",powerplay,59,1,36,6.0,9.83
1082597,2017-04-09,Kolkata Knight Riders,Wankhede Stadium,death,61,3,30,5.0,12.2
1082597,2017-04-09,Kolkata Knight Riders,Wankhede Stadium,middle,58,2,54,9.0,6.44
1082597,2017-04-09,Kolkata Knight Riders,Wankhede Stadium,powerplay,59,2,36,6.0,9.83
1082597,2017-04-09,Mumbai Indians,Wankhede Stadium,death,65,2,29,4.83,13.46
1082597,2017-04-09,Mumbai Indians,Wankhede Stadium,middle,66,4,54,9.0,7.33
1082597,2017-04-09,Mumbai Indians,Wankhede Stadium,powerplay,49,0,36,6.0,8.17
1082598,2017-04-10,Kings XI Punjab,Holkar Cricket Stadium,death,0,0,0,0.0,0.0
1082598,2017-04-10,Kings XI Punjab,Holkar Cricket Stadium,middle,88,1,51,8.5,10.35
1082598,2017-04-10,Kings XI Punjab,Holkar Cricket Stadium,powerplay,62,1,36,6.0,10.33
1082598,2017-04-10,Royal Challengers Bangalore,Holkar Cricket Stadium,death,77,0,30,5.0,15.4
1082598,2017-04-10,Royal Challengers Bangalore,Holkar Cricket Stadium,middle,48,1,54,9.0,5.33
1082598,2017-04-10,Royal Challengers Bangalore,Holkar Cricket Stadium,powerplay,23,3,36,6.0,3.83
1082599,2017-04-11,Delhi Daredevils,Maharashtra Cricket Association Stadium,death,82,2,30,5.0,16.4
1082599,2017-04-11,Delhi Daredevils,Maharashtra Cricket Association Stadium,middle,61,1,54,9.0,6.78
1082599,2017-04-11,Delhi Daredevils,Maharashtra Cricket Association Stadium,powerplay,62,1,36,6.0,10.33
1082599,2017-04-11,Rising Pune Supergiant,Maharashtra Cricket Association Stadium,death,2,2,7,1.17,1.71
1082599,2017-04-11,Rising Pune Supergiant,Maharashtra Cricket Association Stadium,middle,56,5,54,9.0,6.22
1082599,2017-04-11,Rising Pune Supergiant,Maharashtra Cricket Association Stadium,powerplay,50,3,36,6.0,8.33
1082600,2017-04-12,Mumbai Indians,Wankhede Stadium,death,38,2,22,3.67,10.35
1082600,2017-04-12,Mumbai Indians,Wankhede Stadium,middle,60,2,54,9.0,6.67
1082600,2017-04-12,Mumbai Indians,Wankhede Stadium,powerplay,61,2,36,6.0,10.17
1082600,2017-04-12,Sunrisers Hyderabad,Wankhede Stadium,death,40,5,30,5.0,8.0
1082600,2017-04-12,Sunrisers Hyderabad,Wankhede Stadium,middle,84,3,54,9.0,9.33
1082600,2017-04-12,Sunrisers Hyderabad,Wankhede Stadium,powerplay,34,0,36,6.0,5.67
1082601,2017-04-13,Kings XI Punjab,Eden Gardens,death,36,5,30,5.0,7.2
1082601,2017-04-13,Kings XI Punjab,Eden Gardens,middle,77,3,54,9.0,8.56
1082601,2017-04-13,Kings XI Punjab,Eden Gardens,powerplay,57,1,36,6.0,9.5
1082601,2017-04-13,Kolkata Knight Riders,Eden Gardens,death,14,0,9,1.5,9.33
1082601,2017-04-13,Kolkata Knight Riders,Eden Gardens,middle,81,1,54,9.0,9.0
1082601,2017-04-13,Kolkata Knight Riders,Eden Gardens,powerplay,76,1,36,6.0,12.67
1082602,2017-04-14,Mumbai Indians,M Chinnaswamy Stadium,death,54,1,23,3.83,14.1
1082602,2017-04-14,Mumbai Indians,M Chinnaswamy Stadium,middle,70,1,54,9.0,7.78
1082602,2017-04-14,Mumbai Indians,M Chinnaswamy Stadium,powerplay,21,4,36,6.0,3.5
1082602,2017-04-14,Royal Challengers Bangalore,M Chinnaswamy Stadium,death,32,4,30,5.0,6.4
1082602,2017-04-14,Royal Challengers Bangalore,M Chinnaswamy Stadium,middle,69,1,54,9.0,7.67
1082602,2017-04-14,Royal Challengers Bangalore,M Chinnaswamy Stadium,powerplay,41,0,36,6.0,6.83
1082603,2017-04-14,Gujarat Lions,Saurashtra Cricket Association Stadium,death,39,0,18,3.0,13.0
1082603,2017-04-14,Gujarat Lions,Saurashtra Cricket Association Stadium,middle,72,3,54,9.0,8.0
1082603,2017-04-14,Gujarat Lions,Saurashtra Cricket Association Stadium,powerplay,61,0,36,6.0,10.17
1082603,2017-04-14,Rising Pune Supergiant,Saurashtra Cricket Association Stadium,death,45,3,30,5.0,9.0
1082603,2017-04-14,Rising Pune Supergiant,Saurashtra Cricket Association Stadium,middle,62,3,54,9.0,6.89
1082603,2017-04-14,Rising Pune Supergiant,Saurashtra Cricket Association Stadium,powerplay,64,2,36,6.0,10.67
1082604,2017-04-15,Kolkata Knight Riders,Eden Gardens,death,48,3,30,5.0,9.6
1082604,2017-04-15,Kolkata Knight Riders,Eden Gardens,middle,84,1,54,9.0,9.33
1082604,2017-04-15,Kolkata Knight Riders,Eden Gardens,powerplay,40,2,36,6.0,6.67
1082604,2017-04-15,Sunrisers Hyderabad,Eden Gardens,death,42,1,30,5.0,8.4
1082604,2017-04-15,Sunrisers Hyderabad,Eden Gardens,middle,68,5,54,9.0,7.56
1082604,2017-04-15,Sunrisers Hyderabad,Eden Gardens,powerplay,45,0,36,6.0,7.5
1082605,2017-04-15,Delhi Daredevils,Feroz Shah Kotla,death,68,2,30,5.0,13.6
1082605,2017-04-15,Delhi Daredevils,Feroz Shah Kotla,middle,71,4,54,9.0,7.89
1082605,2017-04-15,Delhi Daredevils,Feroz Shah Kotla,powerplay,49,0,36,6.0,8.17
1082605,2017-04-15,Kings XI Punjab,Feroz Shah Kotla,death,34,3,30,5.0,6.8
1082605,2017-04-15,Kings XI Punjab,Feroz Shah Kotla,middle,63,3,54,9.0,7.0
1082605,2017-04-15,Kings XI Punjab,Feroz Shah Kotla,powerplay,40,3,36,6.0,6.67
1082606,2017-04-16,Gujarat Lions,Wankhede Stadium,death,56,1,30,5.0,11.2
1082606,2017-04-16,Gujarat Lions,Wankhede Stadium,middle,74,2,54,9.0,8.22
1082606,2017-04-16,Gujarat Lions,Wankhede Stadium,powerplay,46,1,36,6.0,7.67
1082606,2017-04-16,Mumbai Indians,Wankhede Stadium,death,45,1,27,4.5,10.0
1082606,2017-04-16,Mumbai Indians,Wankhede Stadium,middle,76,2,54,9.0,8.44
1082606,2017-04-16,Mumbai Indians,Wankhede Stadium,powerplay,56,1,36,6.0,9.33
1082607,2017-04-16,Rising Pune Supergiant,M Chinnaswamy Stadium,death,44,6,30,5.0,8.8
1082607,2017-04-16,Rising Pune Supergiant,M Chinnaswamy Stadium,middle,62,2,54,9.0,6.89
1082607,2017-04-16,Rising Pune Supergiant,M Chinnaswamy Stadium,powerplay,55,0,36,6.0,9.17
1082607,2017-04-16,Royal Challengers Bangalore,M Chinnaswamy Stadium,death,42,5,30,5.0,8.4
1082607,2017-04-16,Royal Challengers Bangalore,M Chinnaswamy Stadium,middle,50,2,54,9.0,5.56
1082607,2017-04-16,Royal Challengers Bangalore,M Chinnaswamy Stadium,powerplay,42,2,36,6.0,7.0
1082608,2017-04-17,Delhi Daredevils,Feroz Shah Kotla,death,58,3,30,5.0,11.6
1082608,2017-04-17,Delhi Daredevils,Feroz Shah Kotla,middle,57,4,54,9.0,6.33
1082608,2017-04-17,Delhi Daredevils,Feroz Shah Kotla,powerplay,53,0,36,6.0,8.83
1082608,2017-04-17,Kolkata Knight Riders,Feroz Shah Kotla,death,34,2,29,4.83,7.04
1082608,2017-04-17,Kolkata Knight Riders,Feroz Shah Kotla,middle,86,1,54,9.0,9.56
1082608,2017-04-17,Kolkata Knight Riders,Feroz Shah Kotla,powerplay,49,3,36,6.0,8.17
1082609,2017-04-17,Kings XI Punjab,"Rajiv Gandhi International Stadium, Uppal",death,50,4,28,4.67,10.71
1082609,2017-04-17,Kings XI Punjab,"Rajiv Gandhi International Stadium, Uppal",middle,53,4,54,9.0,5.89
1082609,2017-04-17,Kings XI Punjab,"Rajiv Gandhi International Stadium, Uppal",powerplay,51,2,36,6.0,8.5
1082609,2017-04-17,Sunrisers Hyderabad,"Rajiv Gandhi International Stadium, Uppal",death,51,3,30,5.0,10.2
1082609,2017-04-17,Sunrisers Hyderabad,"Rajiv Gandhi International Stadium, Uppal",middle,79,2,54,9.0,8.78
1082609,2017-04-17,Sunrisers Hyderabad,"Rajiv Gandhi International Stadium, Uppal",powerplay,29,1,36,6.0,4.83
1082610,2017-04-18,Gujarat Lions,Saurashtra Cricket Association Stadium,death,53,2,30,5.0,10.6
1082610,2017-04-18,Gujarat Lions,Saurashtra Cricket Association Stadium,middle,82,3,54,9.0,9.11
1082610,2017-04-18,Gujarat Lions,Saurashtra Cricket Association Stadium,powerplay,57,2,36,6.0,9.5
1082610,2017-04-18,Royal Challengers Bangalore,Saurashtra Cricket Association Stadium,death,60,1,30,5.0,12.0
1082610,2017-04-18,Royal Challengers Bangalore,Saurashtra Cricket Association Stadium,middle,108,1,54,9.0,12.0
1082610,2017-04-18,Royal Challengers Bangalore,Saurashtra Cricket Association Stadium,powerplay,45,0,36,6.0,7.5
1082611,2017-04-19,Delhi Daredevils,"Rajiv Gandhi International Stadium, Uppal",death,49,1,30,5.0,9.8
1082611,2017-04-19,Delhi Daredevils,"Rajiv Gandhi International Stadium, Uppal",middle,71,3,54,9.0,7.89
1082611,2017-04-19,Delhi Daredevils,"Rajiv Gandhi International Stadium, Uppal",powerplay,56,1,36,6.0,9.33
1082611,2017-04-19,Sunrisers Hyderabad,"Rajiv Gandhi International Stadium, Uppal",death,56,3,30,5.0,11.2
1082611,2017-04-19,Sunrisers Hyderabad,"Rajiv Gandhi International Stadium, Uppal",middle,96,0,54,9.0,10.67
1082611,2017-04-19,Sunrisers Hyderabad,"Rajiv Gandhi International Stadium, Uppal",powerplay,39,1,36,6.0,6.5
1082612,2017-04-20,Kings XI Punjab,Holkar Cricket Stadium,death,59,2,30,5.0,11.8
1082612,2017-04-20,Kings XI Punjab,Holkar Cricket Stadium,middle,93,1,54,9.0,10.33
1082612,2017-04-20,Kings XI Punjab,Holkar Cricket Stadium,powerplay,46,1,36,6.0,7.67
1082612,2017-04-20,Mumbai Indians,Holkar Cricket Stadium,death,8,0,3,0.5,16.0
1082612,2017-04-20,Mumbai Indians,Holkar Cricket Stadium,middle,109,1,54,9.0,12.11
1082612,2017-04-20,Mumbai Indians,Holkar Cricket Stadium,powerplay,82,1,36,6.0,13.67
1082613,2017-04-21,Gujarat Lions,Eden Gardens,death,42,1,20,3.33,12.61
1082613,2017-04-21,Gujarat Lions,Eden Gardens,middle,74,4,54,9.0,8.22
1082613,2017-04-21,Gujarat Lions,Eden Gardens,powerplay,72,1,36,6.0,12.0
1082613,2017-04-21,Kolkata Knight Riders,Eden Gardens,death,46,3,30,5.0,9.2
1082613,2017-04-21,Kolkata Knight Riders,Eden Gardens,middle,76,1,54,9.0,8.44
1082613,2017-04-21,Kolkata Knight Riders,Eden Gardens,powerplay,65,1,36,6.0,10.83
1082614,2017-04-22,Delhi Daredevils,Wankhede Stadium,death,37,1,30,5.0,7.4
1082614,2017-04-22,Delhi Daredevils,Wankhede Stadium,middle,68,1,54,9.0,7.56
1082614,2017-04-22,Delhi Daredevils,Wankhede Stadium,powerplay,23,5,36,6.0,3.83
1082614,2017-04-22,Mumbai Indians,Wankhede Stadium,death,40,3,30,5.0,8.0
1082614,2017-04-22,Mumbai Indians,Wankhede Stadium,middle,54,3,54,9.0,6.0
1082614,2017-04-22,Mumbai Indians,Wankhede Stadium,powerplay,48,2,36,6.0,8.0
1082615,2017-04-22,Rising Pune Supergiant,Maharashtra Cricket Association Stadium,death,64,1,30,5.0,12.8
1082615,2017-04-22,Rising Pune Supergiant,Maharashtra Cricket Association Stadium,middle,60,2,54,9.0,6.67
1082615,2017-04-22,Rising Pune Supergiant,Maharashtra Cricket Association Stadium,powerplay,55,1,36,6.0,9.17
1082615,2017-04-22,Sunrisers Hyderabad,Maharashtra Cricket Association Stadium,death,63,1,30,5.0,12.6
1082615,2017-04-22,Sunrisers Hyderabad,Maharashtra Cricket Association Stadium,middle,68,2,54,9.0,7.56
1082615,2017-04-22,Sunrisers Hyderabad,Maharashtra Cricket Association Stadium,powerplay,45,0,36,6.0,7.5
1082616,2017-04-23,Gujarat Lions,Saurashtra Cricket Association Stadium,death,41,1,30,5.0,8.2
1082616,2017-04-23,Gujarat Lions,Saurashtra Cricket Association Stadium,middle,71,4,54,9.0,7.89
1082616,2017-04-23,Gujarat Lions,Saurashtra Cricket Association Stadium,powerplay,50,2,36,6.0,8.33
1082616,2017-04-23,Kings XI Punjab,Saurashtra Cricket Association Stadium,death,53,3,30,5.0,10.6
1082616,2017-04-23,Kings XI Punjab,Saurashtra Cricket Association Stadium,middle,85,3,54,9.0,9.44
1082616,2017-04-23,Kings XI Punjab,Saurashtra Cricket Association Stadium,powerplay,50,1,36,6.0,8.33
1082617,2017-04-23,Kolkata Knight Riders,Eden Gardens,death,24,4,27,4.5,5.33
1082617,2017-04-23,Kolkata Knight Riders,Eden Gardens,middle,42,4,54,9.0,4.67
1082617,2017-04-23,Kolkata Knight Riders,Eden Gardens,powerplay,65,2,36,6.0,10.83
1082617,2017-04-23,Royal Challengers Bangalore,Eden Gardens,death,0,0,0,0.0,0.0
1082617,2017-04-23,Royal Challengers Bangalore,Eden Gardens,middle,10,6,22,3.67,2.72
1082617,2017-04-23,Royal Challengers Bangalore,Eden Gardens,powerplay,39,4,36,6.0,6.5
1082618,2017-04-24,Mumbai Indians,Wankhede Stadium,death,44,4,30,5.0,8.8
1082618,2017-04-24,Mumbai Indians,Wankhede Stadium,middle,69,3,54,9.0,7.67
1082618,2017-04-24,Mumbai Indians,Wankhede Stadium,powerplay,44,1,36,6.0,7.33
1082618,2017-04-24,Rising Pune Supergiant,Wankhede Stadium,death,40,3,30,5.0,8.0
1082618,2017-04-24,Rising Pune Supergiant,Wankhede Stadium,middle,72,3,54,9.0,8.0
1082618,2017-04-24,Rising Pune Supergiant,Wankhede Stadium,powerplay,48,0,36,6.0,8.0
1082620,2017-04-26,Kolkata Knight Riders,Maharashtra Cricket Association Stadium,death,25,2,19,3.17,7.89
1082620,2017-04-26,Kolkata Knight Riders,Maharashtra Cricket Association Stadium,middle,114,0,54,9.0,12.67
1082620,2017-04-26,Kolkata Knight Riders,Maharashtra Cricket Association Stadium,powerplay,45,1,36,6.0,7.5
1082620,2017-04-26,Rising Pune Supergiant,Maharashtra Cricket Association Stadium,death,53,3,30,5.0,10.6
1082620,2017-04-26,Rising Pune Supergiant,Maharashtra Cricket Association Stadium,middle,72,2,54,9.0,8.0
1082620,2017-04-26,Rising Pune Supergiant,Maharashtra Cricket Association Stadium,powerplay,57,0,36,6.0,9.5
1082621,2017-04-27,Gujarat Lions,M Chinnaswamy Stadium,death,0,0,0,0.0,0.0
1082621,2017-04-27,Gujarat Lions,M Chinnaswamy Stadium,middle,86,1,47,7.83,10.98
1082621,2017-04-27,Gujarat Lions,M Chinnaswamy Stadium,powerplay,49,2,36,6.0,8.17
1082621,2017-04-27,Royal Challengers Bangalore,M Chinnaswamy Stadium,death,27,3,30,5.0,5.4
1082621,2017-04-27,Royal Challengers Bangalore,M Chinnaswamy Stadium,middle,72,4,54,9.0,8.0
1082621,2017-04-27,Royal Challengers Bangalore,M Chinnaswamy Stadium,powerplay,35,3,36,6.0,5.83
1082622,2017-04-28,Delhi Daredevils,Eden Gardens,death,29,4,30,5.0,5.8
1082622,2017-04-28,Delhi Daredevils,Eden Gardens,middle,78,1,54,9.0,8.67
1082622,2017-04-28,Delhi Daredevils,Eden Gardens,powerplay,53,1,36,6.0,8.83
1082622,2017-04-28,Kolkata Knight Riders,Eden Gardens,death,21,0,8,1.33,15.79
1082622,2017-04-28,Kolkata Knight Riders,Eden Gardens,middle,93,2,54,9.0,10.33
1082622,2017-04-28,Kolkata Knight Riders,Eden Gardens,powerplay,47,1,36,6.0,7.83
1082623,2017-04-28,Kings XI Punjab,"Punjab Cricket Association IS Bindra Stadium, Mohali",death,43,4,30,5.0,8.6
1082623,2017-04-28,Kings XI Punjab,"Punjab Cricket Association IS Bindra Stadium, Mohali",middle,79,2,54,9.0,8.78
1082623,2017-04-28,Kings XI Punjab,"Punjab Cricket Association IS Bindra Stadium, Mohali",powerplay,59,3,36,6.0,9.83
1082623,2017-04-28,Sunrisers Hyderabad,"Punjab Cricket Association IS Bindra Stadium, Mohali",death,52,1,30,5.0,10.4
1082623,2017-04-28,Sunrisers Hyderabad,"Punjab Cricket Association IS Bindra Stadium, Mohali",middle,95,2,54,9.0,10.56
1082623,2017-04-28,Sunrisers Hyderabad,"Punjab Cricket Association IS Bindra Stadium, Mohali",powerplay,60,0,36,6.0,10.0
1082624,2017-04-29,Rising Pune Supergiant,Maharashtra Cricket Association Stadium,death,46,0,30,5.0,9.2
1082624,2017-04-29,Rising Pune Supergiant,Maharashtra Cricket Association Stadium,middle,68,2,54,9.0,7.56
1082624,2017-04-29,Rising Pune Supergiant,Maharashtra Cricket Association Stadium,powerplay,43,1,36,6.0,7.17
1082624,2017-04-29,Royal Challengers Bangalore,Maharashtra Cricket Association Stadium,death,25,2,30,5.0,5.0
1082624,2017-04-29,Royal Challengers Bangalore,Maharashtra Cricket Association Stadium,middle,32,5,54,9.0,3.56
1082624,2017-04-29,Royal Challengers Bangalore,Maharashtra Cricket Association Stadium,powerplay,39,2,36,6.0,6.5
1082625,2017-04-29,Gujarat Lions,Saurashtra Cricket Association Stadium,death,53,3,30,5.0,10.6
1082625,2017-04-29,Gujarat Lions,Saurashtra Cricket Association Stadium,death,0,0,0,0.0,0.0
1082625,2017-04-29,Gujarat Lions,Saurashtra Cricket Association Stadium,middle,52,3,54,9.0,5.78
1082625,2017-04-29,Gujarat Lions,Saurashtra Cricket Association Stadium,middle,0,0,0,0.0,0.0
1082625,2017-04-29,Gujarat Lions,Saurashtra Cricket Association Stadium,powerplay,48,3,36,6.0,8.0
1082625,2017-04-29,Gujarat Lions,Saurashtra Cricket Association Stadium,powerplay,6,0,6,1.0,6.0
1082625,2017-04-29,Mumbai Indians,Saurashtra Cricket Association Stadium,death,39,6,30,5.0,7.8
1082625,2017-04-29,Mumbai Indians,Saurashtra Cricket Association Stadium,death,0,0,0,0.0,0.0
1082625,2017-04-29,Mumbai Indians,Saurashtra Cricket Association Stadium,middle,53,3,54,9.0,5.89
1082625,2017-04-29,Mumbai Indians,Saurashtra Cricket Association Stadium,middle,0,0,0,0.0,0.0
1082625,2017-04-29,Mumbai Indians,Saurashtra Cricket Association Stadium,powerplay,61,1,36,6.0,10.17
1082625,2017-04-29,Mumbai Indians,Saurashtra Cricket Association Stadium,powerplay,11,2,5,0.83,13.25
1082626,2017-04-30,Delhi Daredevils,"Punjab Cricket Association IS Bindra Stadium, Mohali",death,7,3,13,2.17,3.23
1082626,2017-04-30,Delhi Daredevils,"Punjab Cricket Association IS Bindra Stadium, Mohali",middle,35,4,54,9.0,3.89
1082626,2017-04-30,Delhi Daredevils,"Punjab Cricket Association IS Bindra Stadium, Mohali",powerplay,25,3,36,6.0,4.17
1082626,2017-04-30,Kings XI Punjab,"Punjab Cricket Association IS Bindra Stadium, Mohali",death,0,0,0,0.0,0.0
1082626,2017-04-30,Kings XI Punjab,"Punjab Cricket Association IS Bindra Stadium, Mohali",middle,18,0,11,1.83,9.84
1082626,2017-04-30,Kings XI Punjab,"Punjab Cricket Association IS Bindra Stadium, Mohali",powerplay,50,0,36,6.0,8.33
1082627,2017-04-30,Kolkata Knight Riders,"Rajiv Gandhi International Stadium, Uppal",death,39,3,30,5.0,7.8
1082627,2017-04-30,Kolkata Knight Riders,"Rajiv Gandhi International Stadium, Uppal",middle,78,2,54,9.0,8.67
1082627,2017-04-30,Kolkata Knight Riders,"Rajiv Gandhi International Stadium, Uppal",powerplay,44,2,36,6.0,7.33
1082627,2017-04-30,Sunrisers Hyderabad,"Rajiv Gandhi International Stadium, Uppal",death,55,2,30,5.0,11.0
1082627,2017-04-30,Sunrisers Hyderabad,"Rajiv Gandhi International Stadium, Uppal",middle,75,1,54,9.0,8.33
1082627,2017-04-30,Sunrisers Hyderabad,"Rajiv Gandhi International Stadium, Uppal",powerplay,79,0,36,6.0,13.17
1082628,2017-05-01,Mumbai Indians,Wankhede Stadium,death,51,1,29,4.83,10.56
1082628,2017-05-01,Mumbai Indians,Wankhede Stadium,middle,59,4,54,9.0,6.56
1082628,2017-05-01,Mumbai Indians,Wankhede Stadium,powerplay,55,1,36,6.0,9.17
1082628,2017-05-01,Royal Challengers Bangalore,Wankhede Stadium,death,47,3,30,5.0,9.4
1082628,2017-05-01,Royal Challengers Bangalore,Wankhede Stadium,middle,63,3,54,9.0,7.0
1082628,2017-05-01,Royal Challengers Bangalore,Wankhede Stadium,powerplay,52,2,36,6.0,8.67
1082629,2017-05-01,Gujarat Lions,Maharashtra Cricket Association Stadium,death,26,4,29,4.83,5.38
1082629,2017-05-01,Gujarat Lions,Maharashtra Cricket Association Stadium,middle,80,5,54,9.0,8.89
1082629,2017-05-01,Gujarat Lions,Maharashtra Cricket Association Stadium,powerplay,55,1,36,6.0,9.17
1082629,2017-05-01,Rising Pune Supergiant,Maharashtra Cricket Association Stadium,death,65,1,29,4.83,13.46
1082629,2017-05-01,Rising Pune Supergiant,Maharashtra Cricket Association Stadium,middle,59,0,54,9.0,6.56
1082629,2017-05-01,Rising Pune Supergiant,Maharashtra Cricket Association Stadium,powerplay,43,4,36,6.0,7.17
1082630,2017-05-02,Delhi Daredevils,Feroz Shah Kotla,death,47,1,25,4.17,11.27
1082630,2017-05-02,Delhi Daredevils,Feroz Shah Kotla,middle,80,2,54,9.0,8.89
1082630,2017-05-02,Delhi Daredevils,Feroz Shah Kotla,powerplay,62,1,36,6.0,10.33
1082630,2017-05-02,Sunrisers Hyderabad,Feroz Shah Kotla,death,71,0,30,5.0,14.2
1082630,2017-05-02,Sunrisers Hyderabad,Feroz Shah Kotla,middle,48,2,54,9.0,5.33
1082630,2017-05-02,Sunrisers Hyderabad,Feroz Shah Kotla,powerplay,66,1,36,6.0,11.0
1082631,2017-05-03,Kolkata Knight Riders,Eden Gardens,death,45,3,30,5.0,9.0
1082631,2017-05-03,Kolkata Knight Riders,Eden Gardens,middle,69,2,54,9.0,7.67
1082631,2017-05-03,Kolkata Knight Riders,Eden Gardens,powerplay,41,3,36,6.0,6.83
1082631,2017-05-03,Rising Pune Supergiant,Eden Gardens,death,24,2,26,4.33,5.54
1082631,2017-05-03,Rising Pune Supergiant,Eden Gardens,middle,60,2,54,9.0,6.67
1082631,2017-05-03,Rising Pune Supergiant,Eden Gardens,powerplay,74,2,36,6.0,12.33
1082632,2017-05-04,Delhi Daredevils,Feroz Shah Kotla,death,32,0,15,2.5,12.8
1082632,2017-05-04,Delhi Daredevils,Feroz Shah Kotla,middle,119,2,54,9.0,13.22
1082632,2017-05-04,Delhi Daredevils,Feroz Shah Kotla,powerplay,63,1,36,6.0,10.5
1082632,2017-05-04,Gujarat Lions,Feroz Shah Kotla,death,44,3,30,5.0,8.8
1082632,2017-05-04,Gujarat Lions,Feroz Shah Kotla,middle,106,2,54,9.0,11.78
1082632,2017-05-04,Gujarat Lions,Feroz Shah Kotla,powerplay,58,2,36,6.0,9.67
1082633,2017-05-05,Kings XI Punjab,M Chinnaswamy Stadium,death,54,2,30,5.0,10.8
1082633,2017-05-05,Kings XI Punjab,M Chinnaswamy Stadium,middle,49,3,54,9.0,5.44
1082633,2017-05-05,Kings XI Punjab,M Chinnaswamy Stadium,powerplay,35,2,36,6.0,5.83
1082633,2017-05-05,Royal Challengers Bangalore,M Chinnaswamy Stadium,death,21,3,24,4.0,5.25
1082633,2017-05-05,Royal Challengers Bangalore,M Chinnaswamy Stadium,middle,52,4,54,9.0,5.78
1082633,2017-05-05,Royal Challengers Bangalore,M Chinnaswamy Stadium,powerplay,46,3,36,6.0,7.67
1082634,2017-05-06,Rising Pune Supergiant,"Rajiv Gandhi International Stadium, Uppal",death,48,5,30,5.0,9.6
1082634,2017-05-06,Rising Pune Supergiant,"Rajiv Gandhi International Stadium, Uppal",middle,65,2,54,9.0,7.22
1082634,2017-05-06,Rising Pune Supergiant,"Rajiv Gandhi International Stadium, Uppal",powerplay,35,1,36,6.0,5.83
1082634,2017-05-06,Sunrisers Hyderabad,"Rajiv Gandhi International Stadium, Uppal",death,35,5,30,5.0,7.0
1082634,2017-05-06,Sunrisers Hyderabad,"Rajiv Gandhi International Stadium, Uppal",middle,54,2,54,9.0,6.0
1082634,2017-05-06,Sunrisers Hyderabad,"Rajiv Gandhi International Stadium, Uppal",powerplay,47,2,36,6.0,7.83
1082635,2017-05-06,Delhi Daredevils,Feroz Shah Kotla,death,0,0,0,0.0,0.0
1082635,2017-05-06,Delhi Daredevils,Feroz Shah Kotla,middle,31,5,46,7.67,4.04
1082635,2017-05-06,Delhi Daredevils,Feroz Shah Kotla,powerplay,35,5,36,6.0,5.83
1082635,2017-05-06,Mumbai Indians,Feroz Shah Kotla,death,64,1,30,5.0,12.8
1082635,2017-05-06,Mumbai Indians,Feroz Shah Kotla,middle,88,2,54,9.0,9.78
1082635,2017-05-06,Mumbai Indians,Feroz Shah Kotla,powerplay,60,0,36,6.0,10.0
1082636,2017-05-07,Kolkata Knight Riders,M Chinnaswamy Stadium,death,2,0,1,0.17,11.76
1082636,2017-05-07,Kolkata Knight Riders,M Chinnaswamy Stadium,middle,52,4,54,9.0,5.78
1082636,2017-05-07,Kolkata Knight Riders,M Chinnaswamy Stadium,powerplay,105,0,36,6.0,17.5
1082636,2017-05-07,Royal Challengers Bangalore,M Chinnaswamy Stadium,death,53,3,30,5.0,10.6
1082636,2017-05-07,Royal Challengers Bangalore,M Chinnaswamy Stadium,middle,65,0,54,9.0,7.22
1082636,2017-05-07,Royal Challengers Bangalore,M Chinnaswamy Stadium,powerplay,40,3,36,6.0,6.67
1082637,2017-05-07,Gujarat Lions,"Punjab Cricket Association IS Bindra Stadium, Mohali",death,44,2,28,4.67,9.42
1082637,2017-05-07,Gujarat Lions,"Punjab Cricket Association IS Bindra Stadium, Mohali",middle,90,2,54,9.0,10.0
1082637,2017-05-07,Gujarat Lions,"Punjab Cricket Association IS Bindra Stadium, Mohali",powerplay,58,0,36,6.0,9.67
1082637,2017-05-07,Kings XI Punjab,"Punjab Cricket Association IS Bindra Stadium, Mohali",death,66,2,30,5.0,13.2
1082637,2017-05-07,Kings XI Punjab,"Punjab Cricket Association IS Bindra Stadium, Mohali",middle,79,0,54,9.0,8.78
1082637,2017-05-07,Kings XI Punjab,"Punjab Cricket Association IS Bindra Stadium, Mohali",powerplay,44,1,36,6.0,7.33
1082638,2017-05-08,Mumbai Indians,"Rajiv Gandhi International Stadium, Uppal",death,39,3,30,5.0,7.8
1082638,2017-05-08,Mumbai Indians,"Rajiv Gandhi International Stadium, Uppal",middle,63,2,54,9.0,7.0
1082638,2017-05-08,Mumbai Indians,"Rajiv Gandhi International Stadium, Uppal",powerplay,36,2,36,6.0,6.0
1082638,2017-05-08,Sunrisers Hyderabad,"Rajiv Gandhi International Stadium, Uppal",death,27,0,20,3.33,8.11
1082638,2017-05-08,Sunrisers Hyderabad,"Rajiv Gandhi International Stadium, Uppal",middle,70,2,54,9.0,7.78
1082638,2017-05-08,Sunrisers Hyderabad,"Rajiv Gandhi International Stadium, Uppal",powerplay,43,1,36,6.0,7.17
1082639,2017-05-09,Kings XI Punjab,"Punjab Cricket Association IS Bindra Stadium, Mohali",death,52,3,30,5.0,10.4
1082639,2017-05-09,Kings XI Punjab,"Punjab Cricket Association IS Bindra Stadium, Mohali",middle,74,1,54,9.0,8.22
1082639,2017-05-09,Kings XI Punjab,"Punjab Cricket Association IS Bindra Stadium, Mohali",powerplay,41,2,36,6.0,6.83
1082639,2017-05-09,Kolkata Knight Riders,"Punjab Cricket Association IS Bindra Stadium, Mohali",death,35,3,30,5.0,7.0
1082639,2017-05-09,Kolkata Knight Riders,"Punjab Cricket Association IS Bindra Stadium, Mohali",middle,57,2,54,9.0,6.33
1082639,2017-05-09,Kolkata Knight Riders,"Punjab Cricket Association IS Bindra Stadium, Mohali",powerplay,61,1,36,6.0,10.17
1082640,2017-05-10,Delhi Daredevils,Green Park,death,59,2,28,4.67,12.63
1082640,2017-05-10,Delhi Daredevils,Green Park,middle,74,4,54,9.0,8.22
1082640,2017-05-10,Delhi Daredevils,Green Park,powerplay,64,2,36,6.0,10.67
1082640,2017-05-10,Gujarat Lions,Green Park,death,61,2,30,5.0,12.2
1082640,2017-05-10,Gujarat Lions,Green Park,middle,84,1,54,9.0,9.33
1082640,2017-05-10,Gujarat Lions,Green Park,powerplay,50,2,36,6.0,8.33
1082641,2017-05-11,Kings XI Punjab,Wankhede Stadium,death,57,1,30,5.0,11.4
1082641,2017-05-11,Kings XI Punjab,Wankhede Stadium,middle,102,1,54,9.0,11.33
1082641,2017-05-11,Kings XI Punjab,Wankhede Stadium,powerplay,71,1,36,6.0,11.83
1082641,2017-05-11,Mumbai Indians,Wankhede Stadium,death,75,2,30,5.0,15.0
1082641,2017-05-11,Mumbai Indians,Wankhede Stadium,middle,80,4,54,9.0,8.89
1082641,2017-05-11,Mumbai Indians,Wankhede Stadium,powerplay,68,0,36,6.0,11.33
1082642,2017-05-12,Delhi Daredevils,Feroz Shah Kotla,death,45,4,30,5.0,9.0
1082642,2017-05-12,Delhi Daredevils,Feroz Shah Kotla,middle,69,2,54,9.0,7.67
1082642,2017-05-12,Delhi Daredevils,Feroz Shah Kotla,powerplay,54,2,36,6.0,9.0
1082642,2017-05-12,Rising Pune Supergiant,Feroz Shah Kotla,death,44,4,30,5.0,8.8
1082642,2017-05-12,Rising Pune Supergiant,Feroz Shah Kotla,middle,64,1,54,9.0,7.11
1082642,2017-05-12,Rising Pune Supergiant,Feroz Shah Kotla,powerplay,53,2,36,6.0,8.83
1082643,2017-05-13,Gujarat Lions,Green Park,death,28,5,26,4.33,6.47
1082643,2017-05-13,Gujarat Lions,Green Park,middle,65,5,54,9.0,7.22
1082643,2017-05-13,Gujarat Lions,Green Park,powerplay,61,0,36,6.0,10.17
1082643,2017-05-13,Sunrisers Hyderabad,Green Park,death,31,0,19,3.17,9.78
1082643,2017-05-13,Sunrisers Hyderabad,Green Park,middle,80,0,54,9.0,8.89
1082643,2017-05-13,Sunrisers Hyderabad,Green Park,powerplay,47,2,36,6.0,7.83
1082644,2017-05-13,Kolkata Knight Riders,Eden Gardens,death,33,2,30,5.0,6.6
1082644,2017-05-13,Kolkata Knight Riders,Eden Gardens,middle,78,3,54,9.0,8.67
1082644,2017-05-13,Kolkata Knight Riders,Eden Gardens,powerplay,53,3,36,6.0,8.83
1082644,2017-05-13,Mumbai Indians,Eden Gardens,death,55,3,30,5.0,11.0
1082644,2017-05-13,Mumbai Indians,Eden Gardens,middle,67,1,54,9.0,7.44
1082644,2017-05-13,Mumbai Indians,Eden Gardens,powerplay,51,1,36,6.0,8.5
1082645,2017-05-14,Kings XI Punjab,Maharashtra Cricket Association Stadium,death,2,2,5,0.83,2.41
1082645,2017-05-14,Kings XI Punjab,Maharashtra Cricket Association Stadium,middle,39,3,54,9.0,4.33
1082645,2017-05-14,Kings XI Punjab,Maharashtra Cricket Association Stadium,powerplay,32,5,36,6.0,5.33
1082645,2017-05-14,Rising Pune Supergiant,Maharashtra Cricket Association Stadium,death,0,0,0,0.0,0.0
1082645,2017-05-14,Rising Pune Supergiant,Maharashtra Cricket Association Stadium,middle,35,0,36,6.0,5.83
1082645,2017-05-14,Rising Pune Supergiant,Maharashtra Cricket Association Stadium,powerplay,43,1,36,6.0,7.17
1082646,2017-05-14,Delhi Daredevils,Feroz Shah Kotla,death,47,6,30,5.0,9.4
1082646,2017-05-14,Delhi Daredevils,Feroz Shah Kotla,middle,62,2,54,9.0,6.89
1082646,2017-05-14,Delhi Daredevils,Feroz Shah Kotla,powerplay,42,2,36,6.0,7.0
1082646,2017-05-14,Royal Challengers Bangalore,Feroz Shah Kotla,death,54,3,30,5.0,10.8
1082646,2017-05-14,Royal Challengers Bangalore,Feroz Shah Kotla,middle,70,2,54,9.0,7.78
1082646,2017-05-14,Royal Challengers Bangalore,Feroz Shah Kotla,powerplay,37,1,36,6.0,6.17
1082647,2017-05-16,Mumbai Indians,Wankhede Stadium,death,39,2,30,5.0,7.8
1082647,2017-05-16,Mumbai Indians,Wankhede Stadium,middle,61,4,54,9.0,6.78
1082647,2017-05-16,Mumbai Indians,Wankhede Stadium,powerplay,42,3,36,6.0,7.0
1082647,2017-05-16,Rising Pune Supergiant,Wankhede Stadium,death,58,1,30,5.0,11.6
1082647,2017-05-16,Rising Pune Supergiant,Wankhede Stadium,middle,71,1,54,9.0,7.89
1082647,2017-05-16,Rising Pune Supergiant,Wankhede Stadium,powerplay,33,2,36,6.0,5.5
1082648,2017-05-17,Kolkata Knight Riders,M Chinnaswamy Stadium,death,0,0,0,0.0,0.0
1082648,2017-05-17,Kolkata Knight Riders,M Chinnaswamy Stadium,middle,0,0,0,0.0,0.0
1082648,2017-05-17,Kolkata Knight Riders,M Chinnaswamy Stadium,powerplay,48,3,32,5.33,9.01
1082648,2017-05-17,Sunrisers Hyderabad,M Chinnaswamy Stadium,death,30,4,30,5.0,6.0
1082648,2017-05-17,Sunrisers Hyderabad,M Chinnaswamy Stadium,middle,68,2,54,9.0,7.56
1082648,2017-05-17,Sunrisers Hyderabad,M Chinnaswamy Stadium,powerplay,30,1,36,6.0,5.0
1082649,2017-05-19,Kolkata Knight Riders,M Chinnaswamy Stadium,death,19,4,23,3.83,4.96
1082649,2017-05-19,Kolkata Knight Riders,M Chinnaswamy Stadium,middle,63,3,54,9.0,7.0
1082649,2017-05-19,Kolkata Knight Riders,M Chinnaswamy Stadium,powerplay,25,3,36,6.0,4.17
1082649,2017-05-19,Mumbai Indians,M Chinnaswamy Stadium,death,0,0,0,0.0,0.0
1082649,2017-05-19,Mumbai Indians,M Chinnaswamy Stadium,middle,75,1,51,8.5,8.82
1082649,2017-05-19,Mumbai Indians,M Chinnaswamy Stadium,powerplay,36,3,36,6.0,6.0
1082650,2017-05-21,Mumbai Indians,"Rajiv Gandhi International Stadium, Uppal",death,48,1,30,5.0,9.6
1082650,2017-05-21,Mumbai Indians,"Rajiv Gandhi International Stadium, Uppal",middle,49,5,54,9.0,5.44
1082650,2017-05-21,Mumbai Indians,"Rajiv Gandhi International Stadium, Uppal",powerplay,32,2,36,6.0,5.33
1082650,2017-05-21,Rising Pune Supergiant,"Rajiv Gandhi International Stadium, Uppal",death,45,4,30,5.0,9.0
1082650,2017-05-21,Rising Pune Supergiant,"Rajiv Gandhi International Stadium, Uppal",middle,45,1,54,9.0,5.0
1082650,2017-05-21,Rising Pune Supergiant,"Rajiv Gandhi International Stadium, Uppal",powerplay,38,1,36,6.0,6.33
1136561,2018-04-07,Chennai Super Kings,Wankhede Stadium,death,63,2,29,4.83,13.04
1136561,2018-04-07,Chennai Super Kings,Wankhede Stadium,middle,64,5,54,9.0,7.11
1136561,2018-04-07,Chennai Super Kings,Wankhede Stadium,powerplay,42,2,36,6.0,7.0
1136561,2018-04-07,Mumbai Indians,Wankhede Stadium,death,48,0,30,5.0,9.6
1136561,2018-04-07,Mumbai Indians,Wankhede Stadium,middle,78,2,54,9.0,8.67
1136561,2018-04-07,Mumbai Indians,Wankhede Stadium,powerplay,39,2,36,6.0,6.5
1136562,2018-04-08,Delhi Daredevils,Punjab Cricket Association IS Bindra Stadium,death,43,2,30,5.0,8.6
1136562,2018-04-08,Delhi Daredevils,Punjab Cricket Association IS Bindra Stadium,middle,78,4,54,9.0,8.67
1136562,2018-04-08,Delhi Daredevils,Punjab Cricket Association IS Bindra Stadium,powerplay,45,1,36,6.0,7.5
1136562,2018-04-08,Kings XI Punjab,Punjab Cricket Association IS Bindra Stadium,death,35,1,23,3.83,9.14
1136562,2018-04-08,Kings XI Punjab,Punjab Cricket Association IS Bindra Stadium,middle,59,1,54,9.0,6.56
1136562,2018-04-08,Kings XI Punjab,Punjab Cricket Association IS Bindra Stadium,powerplay,73,2,36,6.0,12.17
1136563,2018-04-08,Kolkata Knight Riders,Eden Gardens,death,36,2,23,3.83,9.4
1136563,2018-04-08,Kolkata Knight Riders,Eden Gardens,middle,73,2,54,9.0,8.11
1136563,2018-04-08,Kolkata Knight Riders,Eden Gardens,powerplay,68,2,36,6.0,11.33
1136563,2018-04-08,Royal Challengers Bangalore,Eden Gardens,death,44,3,30,5.0,8.8
1136563,2018-04-08,Royal Challengers Bangalore,Eden Gardens,middle,80,3,54,9.0,8.89
1136563,2018-04-08,Royal Challengers Bangalore,Eden Gardens,powerplay,52,1,36,6.0,8.67
1136564,2018-04-09,Rajasthan Royals,Rajiv Gandhi International Stadium,death,28,3,30,5.0,5.6
1136564,2018-04-09,Rajasthan Royals,Rajiv Gandhi International Stadium,middle,49,5,54,9.0,5.44
1136564,2018-04-09,Rajasthan Royals,Rajiv Gandhi International Stadium,powerplay,48,1,36,6.0,8.0
1136564,2018-04-09,Sunrisers Hyderabad,Rajiv Gandhi International Stadium,death,4,0,5,0.83,4.82
1136564,2018-04-09,Sunrisers Hyderabad,Rajiv Gandhi International Stadium,middle,66,0,55,9.17,7.2
1136564,2018-04-09,Sunrisers Hyderabad,Rajiv Gandhi International Stadium,powerplay,57,1,36,6.0,9.5
1136565,2018-04-10,Chennai Super Kings,MA Chidambaram Stadium,death,60,2,29,4.83,12.42
1136565,2018-04-10,Chennai Super Kings,MA Chidambaram Stadium,middle,70,2,54,9.0,7.78
1136565,2018-04-10,Chennai Super Kings,MA Chidambaram Stadium,powerplay,75,1,36,6.0,12.5
1136565,2018-04-10,Kolkata Knight Riders,MA Chidambaram Stadium,death,79,1,30,5.0,15.8
1136565,2018-04-10,Kolkata Knight Riders,MA Chidambaram Stadium,middle,59,3,54,9.0,6.56
1136565,2018-04-10,Kolkata Knight Riders,MA Chidambaram Stadium,powerplay,64,2,36,6.0,10.67
1136566,2018-04-11,Delhi Daredevils,Sawai Mansingh Stadium,death,0,0,0,0.0,0.0
1136566,2018-04-11,Delhi Daredevils,Sawai Mansingh Stadium,middle,0,0,0,0.0,0.0
1136566,2018-04-11,Delhi Daredevils,Sawai Mansingh Stadium,powerplay,60,4,36,6.0,10.0
1136566,2018-04-11,Rajasthan Royals,Sawai Mansingh Stadium,death,36,1,17,2.83,12.72
1136566,2018-04-11,Rajasthan Royals,Sawai Mansingh Stadium,middle,66,2,54,9.0,7.33
1136566,2018-04-11,Rajasthan Royals,Sawai Mansingh Stadium,powerplay,51,2,36,6.0,8.5
1136567,2018-04-12,Mumbai Indians,Rajiv Gandhi International Stadium,death,36,3,30,5.0,7.2
1136567,2018-04-12,Mumbai Indians,Rajiv Gandhi International Stadium,middle,57,2,54,9.0,6.33
1136567,2018-04-12,Mumbai Indians,Rajiv Gandhi International Stadium,powerplay,54,3,36,6.0,9.0
1136567,2018-04-12,Sunrisers Hyderabad,Rajiv Gandhi International Stadium,death,30,4,30,5.0,6.0
1136567,2018-04-12,Sunrisers Hyderabad,Rajiv Gandhi International Stadium,middle,65,5,54,9.0,7.22
1136567,2018-04-12,Sunrisers Hyderabad,Rajiv Gandhi International Stadium,powerplay,56,0,36,6.0,9.33
1136568,2018-04-13,Kings XI Punjab,M.Chinnaswamy Stadium,death,33,3,26,4.33,7.62
1136568,2018-04-13,Kings XI Punjab,M.Chinnaswamy Stadium,middle,72,4,54,9.0,8.0
1136568,2018-04-13,Kings XI Punjab,M.Chinnaswamy Stadium,powerplay,50,3,36,6.0,8.33
1136568,2018-04-13,Royal Challengers Bangalore,M.Chinnaswamy Stadium,death,50,2,27,4.5,11.11
1136568,2018-04-13,Royal Challengers Bangalore,M.Chinnaswamy Stadium,middle,68,2,54,9.0,7.56
1136568,2018-04-13,Royal Challengers Bangalore,M.Chinnaswamy Stadium,powerplay,41,2,36,6.0,6.83
1136569,2018-04-14,Delhi Daredevils,Wankhede Stadium,death,47,0,30,5.0,9.4
1136569,2018-04-14,Delhi Daredevils,Wankhede Stadium,middle,95,2,54,9.0,10.56
1136569,2018-04-14,Delhi Daredevils,Wankhede Stadium,powerplay,53,1,36,6.0,8.83
1136569,2018-04-14,Mumbai Indians,Wankhede Stadium,death,36,5,30,5.0,7.2
1136569,2018-04-14,Mumbai Indians,Wankhede Stadium,middle,74,2,54,9.0,8.22
1136569,2018-04-14,Mumbai Indians,Wankhede Stadium,powerplay,84,0,36,6.0,14.0
1136570,2018-04-14,Kolkata Knight Riders,Eden Gardens,death,32,3,30,5.0,6.4
1136570,2018-04-14,Kolkata Knight Riders,Eden Gardens,middle,57,4,54,9.0,6.33
1136570,2018-04-14,Kolkata Knight Riders,Eden Gardens,powerplay,49,1,36,6.0,8.17
1136570,2018-04-14,Sunrisers Hyderabad,Eden Gardens,death,27,2,24,4.0,6.75
1136570,2018-04-14,Sunrisers Hyderabad,Eden Gardens,middle,66,1,54,9.0,7.33
1136570,2018-04-14,Sunrisers Hyderabad,Eden Gardens,powerplay,46,2,36,6.0,7.67
1136571,2018-04-15,Rajasthan Royals,M.Chinnaswamy Stadium,death,88,1,30,5.0,17.6
1136571,2018-04-15,Rajasthan Royals,M.Chinnaswamy Stadium,middle,77,2,54,9.0,8.56
1136571,2018-04-15,Rajasthan Royals,M.Chinnaswamy Stadium,powerplay,52,1,36,6.0,8.67
1136571,2018-04-15,Royal Challengers Bangalore,M.Chinnaswamy Stadium,death,64,1,30,5.0,12.8
1136571,2018-04-15,Royal Challengers Bangalore,M.Chinnaswamy Stadium,middle,70,4,54,9.0,7.78
1136571,2018-04-15,Royal Challengers Bangalore,M.Chinnaswamy Stadium,powerplay,64,1,36,6.0,10.67
1136572,2018-04-15,Chennai Super Kings,Punjab Cricket Association IS Bindra Stadium,death,71,1,30,5.0,14.2
1136572,2018-04-15,Chennai Super Kings,Punjab Cricket Association IS Bindra Stadium,middle,69,2,54,9.0,7.67
1136572,2018-04-15,Chennai Super Kings,Punjab Cricket Association IS Bindra Stadium,powerplay,53,2,36,6.0,8.83
1136572,2018-04-15,Kings XI Punjab,Punjab Cricket Association IS Bindra Stadium,death,43,3,30,5.0,8.6
1136572,2018-04-15,Kings XI Punjab,Punjab Cricket Association IS Bindra Stadium,middle,79,4,54,9.0,8.78
1136572,2018-04-15,Kings XI Punjab,Punjab Cricket Association IS Bindra Stadium,powerplay,75,0,36,6.0,12.5
1136573,2018-04-16,Delhi Daredevils,Eden Gardens,death,0,0,0,0.0,0.0
1136573,2018-04-16,Delhi Daredevils,Eden Gardens,middle,73,7,50,8.33,8.76
1136573,2018-04-16,Delhi Daredevils,Eden Gardens,powerplay,56,3,36,6.0,9.33
1136573,2018-04-16,Kolkata Knight Riders,Eden Gardens,death,55,5,30,5.0,11.0
1136573,2018-04-16,Kolkata Knight Riders,Eden Gardens,middle,95,3,54,9.0,10.56
1136573,2018-04-16,Kolkata Knight Riders,Eden Gardens,powerplay,50,1,36,6.0,8.33
1136574,2018-04-17,Mumbai Indians,Wankhede Stadium,death,70,3,30,5.0,14.0
1136574,2018-04-17,Mumbai Indians,Wankhede Stadium,middle,83,1,54,9.0,9.22
1136574,2018-04-17,Mumbai Indians,Wankhede Stadium,powerplay,60,2,36,6.0,10.0
1136574,2018-04-17,Royal Challengers Bangalore,Wankhede Stadium,death,59,2,30,5.0,11.8
1136574,2018-04-17,Royal Challengers Bangalore,Wankhede Stadium,middle,53,4,54,9.0,5.89
1136574,2018-04-17,Royal Challengers Bangalore,Wankhede Stadium,powerplay,55,2,36,6.0,9.17
1136575,2018-04-18,Kolkata Knight Riders,Sawai Mansingh Stadium,death,42,0,23,3.83,10.97
1136575,2018-04-18,Kolkata Knight Riders,Sawai Mansingh Stadium,middle,68,2,54,9.0,7.56
1136575,2018-04-18,Kolkata Knight Riders,Sawai Mansingh Stadium,powerplay,53,1,36,6.0,8.83
1136575,2018-04-18,Rajasthan Royals,Sawai Mansingh Stadium,death,48,4,30,5.0,9.6
1136575,2018-04-18,Rajasthan Royals,Sawai Mansingh Stadium,middle,64,4,54,9.0,7.11
1136575,2018-04-18,Rajasthan Royals,Sawai Mansingh Stadium,powerplay,48,0,36,6.0,8.0
1136576,2018-04-19,Kings XI Punjab,Punjab Cricket Association IS Bindra Stadium,death,50,1,30,5.0,10.0
1136576,2018-04-19,Kings XI Punjab,Punjab Cricket Association IS Bindra Stadium,middle,94,2,54,9.0,10.44
1136576,2018-04-19,Kings XI Punjab,Punjab Cricket Association IS Bindra Stadium,powerplay,49,0,36,6.0,8.17
1136576,2018-04-19,Sunrisers Hyderabad,Punjab Cricket Association IS Bindra Stadium,death,60,1,30,5.0,12.0
1136576,2018-04-19,Sunrisers Hyderabad,Punjab Cricket Association IS Bindra Stadium,middle,78,1,54,9.0,8.67
1136576,2018-04-19,Sunrisers Hyderabad,Punjab Cricket Association IS Bindra Stadium,powerplay,40,3,36,6.0,6.67
1136577,2018-04-20,Chennai Super Kings,Maharashtra Cricket Association Stadium,death,43,2,30,5.0,8.6
1136577,2018-04-20,Chennai Super Kings,Maharashtra Cricket Association Stadium,middle,92,2,54,9.0,10.22
1136577,2018-04-20,Chennai Super Kings,Maharashtra Cricket Association Stadium,powerplay,69,1,36,6.0,11.5
1136577,2018-04-20,Rajasthan Royals,Maharashtra Cricket Association Stadium,death,25,3,21,3.5,7.14
1136577,2018-04-20,Rajasthan Royals,Maharashtra Cricket Association Stadium,middle,80,4,54,9.0,8.89
1136577,2018-04-20,Rajasthan Royals,Maharashtra Cricket Association Stadium,powerplay,35,3,36,6.0,5.83
1136578,2018-04-21,Kings XI Punjab,Eden Gardens,death,0,0,0,0.0,0.0
1136578,2018-04-21,Kings XI Punjab,Eden Gardens,middle,53,1,31,5.17,10.25
1136578,2018-04-21,Kings XI Punjab,Eden Gardens,powerplay,73,0,36,6.0,12.17
1136578,2018-04-21,Kolkata Knight Riders,Eden Gardens,death,45,4,30,5.0,9.0
1136578,2018-04-21,Kolkata Knight Riders,Eden Gardens,middle,96,2,54,9.0,10.67
1136578,2018-04-21,Kolkata Knight Riders,Eden Gardens,powerplay,50,1,36,6.0,8.33
1136579,2018-04-21,Delhi Daredevils,M.Chinnaswamy Stadium,death,71,2,30,5.0,14.2
1136579,2018-04-21,Delhi Daredevils,M.Chinnaswamy Stadium,middle,75,1,54,9.0,8.33
1136579,2018-04-21,Delhi Daredevils,M.Chinnaswamy Stadium,powerplay,28,2,36,6.0,4.67
1136579,2018-04-21,Royal Challengers Bangalore,M.Chinnaswamy Stadium,death,36,1,18,3.0,12.0
1136579,2018-04-21,Royal Challengers Bangalore,M.Chinnaswamy Stadium,middle,97,1,54,9.0,10.78
1136579,2018-04-21,Royal Challengers Bangalore,M.Chinnaswamy Stadium,powerplay,43,2,36,6.0,7.17
1136580,2018-04-22,Chennai Super Kings,Rajiv Gandhi International Stadium,death,62,1,30,5.0,12.4
1136580,2018-04-22,Chennai Super Kings,Rajiv Gandhi International Stadium,middle,93,1,54,9.0,10.33
1136580,2018-04-22,Chennai Super Kings,Rajiv Gandhi International Stadium,powerplay,27,1,36,6.0,4.5
1136580,2018-04-22,Sunrisers Hyderabad,Rajiv Gandhi International Stadium,death,61,2,30,5.0,12.2
1136580,2018-04-22,Sunrisers Hyderabad,Rajiv Gandhi International Stadium,middle,77,1,54,9.0,8.56
1136580,2018-04-22,Sunrisers Hyderabad,Rajiv Gandhi International Stadium,powerplay,40,3,36,6.0,6.67
1136581,2018-04-22,Mumbai Indians,Sawai Mansingh Stadium,death,32,5,30,5.0,6.4
1136581,2018-04-22,Mumbai Indians,Sawai Mansingh Stadium,middle,92,1,54,9.0,10.22
1136581,2018-04-22,Mumbai Indians,Sawai Mansingh Stadium,powerplay,43,1,36,6.0,7.17
1136581,2018-04-22,Rajasthan Royals,Sawai Mansingh Stadium,death,50,4,28,4.67,10.71
1136581,2018-04-22,Rajasthan Royals,Sawai Mansingh Stadium,middle,75,1,54,9.0,8.33
1136581,2018-04-22,Rajasthan Royals,Sawai Mansingh Stadium,powerplay,43,2,36,6.0,7.17
1136582,2018-04-23,Delhi Daredevils,Arun Jaitley Stadium,death,43,3,30,5.0,8.6
1136582,2018-04-23,Delhi Daredevils,Arun Jaitley Stadium,middle,48,2,54,9.0,5.33
1136582,2018-04-23,Delhi Daredevils,Arun Jaitley Stadium,powerplay,48,3,36,6.0,8.0
1136582,2018-04-23,Kings XI Punjab,Arun Jaitley Stadium,death,43,4,30,5.0,8.6
1136582,2018-04-23,Kings XI Punjab,Arun Jaitley Stadium,middle,49,2,54,9.0,5.44
1136582,2018-04-23,Kings XI Punjab,Arun Jaitley Stadium,powerplay,51,2,36,6.0,8.5
1136583,2018-04-24,Mumbai Indians,Wankhede Stadium,death,10,4,23,3.83,2.61
1136583,2018-04-24,Mumbai Indians,Wankhede Stadium,middle,55,3,54,9.0,6.11
1136583,2018-04-24,Mumbai Indians,Wankhede Stadium,powerplay,22,3,36,6.0,3.67
1136583,2018-04-24,Sunrisers Hyderabad,Wankhede Stadium,death,12,3,22,3.67,3.27
1136583,2018-04-24,Sunrisers Hyderabad,Wankhede Stadium,middle,55,3,54,9.0,6.11
1136583,2018-04-24,Sunrisers Hyderabad,Wankhede Stadium,powerplay,51,4,36,6.0,8.5
1136584,2018-04-25,Chennai Super Kings,M.Chinnaswamy Stadium,death,72,1,28,4.67,15.42
1136584,2018-04-25,Chennai Super Kings,M.Chinnaswamy Stadium,middle,80,2,54,9.0,8.89
1136584,2018-04-25,Chennai Super Kings,M.Chinnaswamy Stadium,powerplay,55,2,36,6.0,9.17
1136584,2018-04-25,Royal Challengers Bangalore,M.Chinnaswamy Stadium,death,63,4,30,5.0,12.6
1136584,2018-04-25,Royal Challengers Bangalore,M.Chinnaswamy Stadium,middle,90,3,54,9.0,10.0
1136584,2018-04-25,Royal Challengers Bangalore,M.Chinnaswamy Stadium,powerplay,52,1,36,6.0,8.67
1136585,2018-04-26,Kings XI Punjab,Rajiv Gandhi International Stadium,death,28,5,26,4.33,6.47
1136585,2018-04-26,Kings XI Punjab,Rajiv Gandhi International Stadium,middle,47,5,54,9.0,5.22
1136585,2018-04-26,Kings XI Punjab,Rajiv Gandhi International Stadium,powerplay,44,0,36,6.0,7.33
1136585,2018-04-26,Sunrisers Hyderabad,Rajiv Gandhi International Stadium,death,35,2,30,5.0,7.0
1136585,2018-04-26,Sunrisers Hyderabad,Rajiv Gandhi International Stadium,middle,60,1,54,9.0,6.67
1136585,2018-04-26,Sunrisers Hyderabad,Rajiv Gandhi International Stadium,powerplay,37,3,36,6.0,6.17
1136586,2018-04-27,Delhi Daredevils,Arun Jaitley Stadium,death,79,1,30,5.0,15.8
1136586,2018-04-27,Delhi Daredevils,Arun Jaitley Stadium,middle,83,3,54,9.0,9.22
1136586,2018-04-27,Delhi Daredevils,Arun Jaitley Stadium,powerplay,57,0,36,6.0,9.5
1136586,2018-04-27,Kolkata Knight Riders,Arun Jaitley Stadium,death,24,4,30,5.0,4.8
1136586,2018-04-27,Kolkata Knight Riders,Arun Jaitley Stadium,middle,89,1,54,9.0,9.89
1136586,2018-04-27,Kolkata Knight Riders,Arun Jaitley Stadium,powerplay,51,4,36,6.0,8.5
1136587,2018-04-28,Chennai Super Kings,Maharashtra Cricket Association Stadium,death,52,3,30,5.0,10.4
1136587,2018-04-28,Chennai Super Kings,Maharashtra Cricket Association Stadium,middle,66,1,54,9.0,7.33
1136587,2018-04-28,Chennai Super Kings,Maharashtra Cricket Association Stadium,powerplay,51,1,36,6.0,8.5
1136587,2018-04-28,Mumbai Indians,Maharashtra Cricket Association Stadium,death,47,1,28,4.67,10.06
1136587,2018-04-28,Mumbai Indians,Maharashtra Cricket Association Stadium,middle,73,1,54,9.0,8.11
1136587,2018-04-28,Mumbai Indians,Maharashtra Cricket Association Stadium,powerplay,50,0,36,6.0,8.33
1136588,2018-04-29,Rajasthan Royals,Sawai Mansingh Stadium,death,38,2,30,5.0,7.6
1136588,2018-04-29,Rajasthan Royals,Sawai Mansingh Stadium,middle,59,3,54,9.0,6.56
1136588,2018-04-29,Rajasthan Royals,Sawai Mansingh Stadium,powerplay,43,1,36,6.0,7.17
1136588,2018-04-29,Sunrisers Hyderabad,Sawai Mansingh Stadium,death,31,4,30,5.0,6.2
1136588,2018-04-29,Sunrisers Hyderabad,Sawai Mansingh Stadium,middle,81,2,54,9.0,9.0
1136588,2018-04-29,Sunrisers Hyderabad,Sawai Mansingh Stadium,powerplay,39,1,36,6.0,6.5
1136589,2018-04-29,Kolkata Knight Riders,M.Chinnaswamy Stadium,death,52,3,25,4.17,12.47
1136589,2018-04-29,Kolkata Knight Riders,M.Chinnaswamy Stadium,middle,73,2,54,9.0,8.11
1136589,2018-04-29,Kolkata Knight Riders,M.Chinnaswamy Stadium,powerplay,51,0,36,6.0,8.5
1136589,2018-04-29,Royal Challengers Bangalore,M.Chinnaswamy Stadium,death,66,1,30,5.0,13.2
1136589,2018-04-29,Royal Challengers Bangalore,M.Chinnaswamy Stadium,middle,69,3,54,9.0,7.67
1136589,2018-04-29,Royal Challengers Bangalore,M.Chinnaswamy Stadium,powerplay,40,0,36,6.0,6.67
1136590,2018-04-30,Chennai Super Kings,Maharashtra Cricket Association Stadium,death,74,1,30,5.0,14.8
1136590,2018-04-30,Chennai Super Kings,Maharashtra Cricket Association Stadium,middle,81,3,54,9.0,9.0
1136590,2018-04-30,Chennai Super Kings,Maharashtra Cricket Association Stadium,powerplay,56,0,36,6.0,9.33
1136590,2018-04-30,Delhi Daredevils,Maharashtra Cricket Association Stadium,death,70,1,30,5.0,14.0
1136590,2018-04-30,Delhi Daredevils,Maharashtra Cricket Association Stadium,middle,69,2,54,9.0,7.67
1136590,2018-04-30,Delhi Daredevils,Maharashtra Cricket Association Stadium,powerplay,59,2,36,6.0,9.83
1136591,2018-05-01,Mumbai Indians,M.Chinnaswamy Stadium,death,47,2,30,5.0,9.4
1136591,2018-05-01,Mumbai Indians,M.Chinnaswamy Stadium,middle,66,2,54,9.0,7.33
1136591,2018-05-01,Mumbai Indians,M.Chinnaswamy Stadium,powerplay,40,3,36,6.0,6.67
1136591,2018-05-01,Royal Challengers Bangalore,M.Chinnaswamy Stadium,death,44,4,30,5.0,8.8
1136591,2018-05-01,Royal Challengers Bangalore,M.Chinnaswamy Stadium,middle,80,2,54,9.0,8.89
1136591,2018-05-01,Royal Challengers Bangalore,M.Chinnaswamy Stadium,powerplay,43,1,36,6.0,7.17
1136592,2018-05-02,Delhi Daredevils,Arun Jaitley Stadium,death,24,2,13,2.17,11.06
1136592,2018-05-02,Delhi Daredevils,Arun Jaitley Stadium,middle,110,3,54,9.0,12.22
1136592,2018-05-02,Delhi Daredevils,Arun Jaitley Stadium,powerplay,62,1,36,6.0,10.33
1136592,2018-05-02,Rajasthan Royals,Arun Jaitley Stadium,death,0,0,0,0.0,0.0
1136592,2018-05-02,Rajasthan Royals,Arun Jaitley Stadium,middle,67,5,36,6.0,11.17
1136592,2018-05-02,Rajasthan Royals,Arun Jaitley Stadium,powerplay,79,0,36,6.0,13.17
1136593,2018-05-03,Chennai Super Kings,Eden Gardens,death,56,1,30,5.0,11.2
1136593,2018-05-03,Chennai Super Kings,Eden Gardens,middle,64,3,54,9.0,7.11
1136593,2018-05-03,Chennai Super Kings,Eden Gardens,powerplay,57,1,36,6.0,9.5
1136593,2018-05-03,Kolkata Knight Riders,Eden Gardens,death,39,0,16,2.67,14.61
1136593,2018-05-03,Kolkata Knight Riders,Eden Gardens,middle,85,2,54,9.0,9.44
1136593,2018-05-03,Kolkata Knight Riders,Eden Gardens,powerplay,56,2,36,6.0,9.33
1136594,2018-05-04,Kings XI Punjab,Holkar Cricket Stadium,death,51,3,30,5.0,10.2
1136594,2018-05-04,Kings XI Punjab,Holkar Cricket Stadium,middle,74,3,54,9.0,8.22
1136594,2018-05-04,Kings XI Punjab,Holkar Cricket Stadium,powerplay,49,0,36,6.0,8.17
1136594,2018-05-04,Mumbai Indians,Holkar Cricket Stadium,death,58,1,24,4.0,14.5
1136594,2018-05-04,Mumbai Indians,Holkar Cricket Stadium,middle,79,2,54,9.0,8.78
1136594,2018-05-04,Mumbai Indians,Holkar Cricket Stadium,powerplay,39,1,36,6.0,6.5
1136595,2018-05-05,Chennai Super Kings,Maharashtra Cricket Association Stadium,death,39,0,18,3.0,13.0
1136595,2018-05-05,Chennai Super Kings,Maharashtra Cricket Association Stadium,middle,47,3,54,9.0,5.22
1136595,2018-05-05,Chennai Super Kings,Maharashtra Cricket Association Stadium,powerplay,42,1,36,6.0,7.0
1136595,2018-05-05,Royal Challengers Bangalore,Maharashtra Cricket Association Stadium,death,38,2,30,5.0,7.6
1136595,2018-05-05,Royal Challengers Bangalore,Maharashtra Cricket Association Stadium,middle,42,6,54,9.0,4.67
1136595,2018-05-05,Royal Challengers Bangalore,Maharashtra Cricket Association Stadium,powerplay,47,1,36,6.0,7.83
1136596,2018-05-05,Delhi Daredevils,Rajiv Gandhi International Stadium,death,38,3,30,5.0,7.6
1136596,2018-05-05,Delhi Daredevils,Rajiv Gandhi International Stadium,middle,65,1,54,9.0,7.22
1136596,2018-05-05,Delhi Daredevils,Rajiv Gandhi International Stadium,powerplay,60,1,36,6.0,10.0
1136596,2018-05-05,Sunrisers Hyderabad,Rajiv Gandhi International Stadium,death,49,1,29,4.83,10.14
1136596,2018-05-05,Sunrisers Hyderabad,Rajiv Gandhi International Stadium,middle,54,2,54,9.0,6.0
1136596,2018-05-05,Sunrisers Hyderabad,Rajiv Gandhi International Stadium,powerplay,61,0,36,6.0,10.17
1136597,2018-05-06,Kolkata Knight Riders,Wankhede Stadium,death,46,2,30,5.0,9.2
1136597,2018-05-06,Kolkata Knight Riders,Wankhede Stadium,middle,75,2,54,9.0,8.33
1136597,2018-05-06,Kolkata Knight Riders,Wankhede Stadium,powerplay,47,2,36,6.0,7.83
1136597,2018-05-06,Mumbai Indians,Wankhede Stadium,death,49,1,30,5.0,9.8
1136597,2018-05-06,Mumbai Indians,Wankhede Stadium,middle,76,3,54,9.0,8.44
1136597,2018-05-06,Mumbai Indians,Wankhede Stadium,powerplay,56,0,36,6.0,9.33
1136598,2018-05-06,Kings XI Punjab,Holkar Cricket Stadium,death,53,0,22,3.67,14.44
1136598,2018-05-06,Kings XI Punjab,Holkar Cricket Stadium,middle,68,2,54,9.0,7.56
1136598,2018-05-06,Kings XI Punjab,Holkar Cricket Stadium,powerplay,34,2,36,6.0,5.67
1136598,2018-05-06,Rajasthan Royals,Holkar Cricket Stadium,death,42,3,30,5.0,8.4
1136598,2018-05-06,Rajasthan Royals,Holkar Cricket Stadium,middle,65,4,54,9.0,7.22
1136598,2018-05-06,Rajasthan Royals,Holkar Cricket Stadium,powerplay,45,2,36,6.0,7.5
1136599,2018-05-07,Royal Challengers Bangalore,Rajiv Gandhi International Stadium,death,39,1,30,5.0,7.8
1136599,2018-05-07,Royal Challengers Bangalore,Rajiv Gandhi International Stadium,middle,47,4,54,9.0,5.22
1136599,2018-05-07,Royal Challengers Bangalore,Rajiv Gandhi International Stadium,powerplay,55,1,36,6.0,9.17
1136599,2018-05-07,Sunrisers Hyderabad,Rajiv Gandhi International Stadium,death,41,7,30,5.0,8.2
1136599,2018-05-07,Sunrisers Hyderabad,Rajiv Gandhi International Stadium,middle,67,1,54,9.0,7.44
1136599,2018-05-07,Sunrisers Hyderabad,Rajiv Gandhi International Stadium,powerplay,38,2,36,6.0,6.33
1136600,2018-05-08,Kings XI Punjab,Sawai Mansingh Stadium,death,51,1,30,5.0,10.2
1136600,2018-05-08,Kings XI Punjab,Sawai Mansingh Stadium,middle,59,3,54,9.0,6.56
1136600,2018-05-08,Kings XI Punjab,Sawai Mansingh Stadium,powerplay,33,3,36,6.0,5.5
1136600,2018-05-08,Rajasthan Royals,Sawai Mansingh Stadium,death,38,5,30,5.0,7.6
1136600,2018-05-08,Rajasthan Royals,Sawai Mansingh Stadium,middle,57,2,54,9.0,6.33
1136600,2018-05-08,Rajasthan Royals,Sawai Mansingh Stadium,powerplay,63,1,36,6.0,10.5
1136601,2018-05-09,Kolkata Knight Riders,Eden Gardens,death,13,2,19,3.17,4.1
1136601,2018-05-09,Kolkata Knight Riders,Eden Gardens,middle,48,6,54,9.0,5.33
1136601,2018-05-09,Kolkata Knight Riders,Eden Gardens,powerplay,47,2,36,6.0,7.83
1136601,2018-05-09,Mumbai Indians,Eden Gardens,death,65,3,30,5.0,13.0
1136601,2018-05-09,Mumbai Indians,Eden Gardens,middle,98,2,54,9.0,10.89
1136601,2018-05-09,Mumbai Indians,Eden Gardens,powerplay,47,1,36,6.0,7.83
1136602,2018-05-10,Delhi Daredevils,Arun Jaitley Stadium,death,76,1,30,5.0,15.2
1136602,2018-05-10,Delhi Daredevils,Arun Jaitley Stadium,middle,73,2,54,9.0,8.11
1136602,2018-05-10,Delhi Daredevils,Arun Jaitley Stadium,powerplay,38,2,36,6.0,6.33
1136602,2018-05-10,Sunrisers Hyderabad,Arun Jaitley Stadium,death,39,0,23,3.83,10.18
1136602,2018-05-10,Sunrisers Hyderabad,Arun Jaitley Stadium,middle,101,0,54,9.0,11.22
1136602,2018-05-10,Sunrisers Hyderabad,Arun Jaitley Stadium,powerplay,51,1,36,6.0,8.5
1136603,2018-05-11,Chennai Super Kings,Sawai Mansingh Stadium,death,49,1,30,5.0,9.8
1136603,2018-05-11,Chennai Super Kings,Sawai Mansingh Stadium,middle,72,2,54,9.0,8.0
1136603,2018-05-11,Chennai Super Kings,Sawai Mansingh Stadium,powerplay,55,1,36,6.0,9.17
1136603,2018-05-11,Rajasthan Royals,Sawai Mansingh Stadium,death,55,2,29,4.83,11.39
1136603,2018-05-11,Rajasthan Royals,Sawai Mansingh Stadium,middle,65,2,54,9.0,7.22
1136603,2018-05-11,Rajasthan Royals,Sawai Mansingh Stadium,powerplay,57,2,36,6.0,9.5
1136604,2018-05-12,Kings XI Punjab,Holkar Cricket Stadium,death,64,3,30,5.0,12.8
1136604,2018-05-12,Kings XI Punjab,Holkar Cricket Stadium,middle,92,3,54,9.0,10.22
1136604,2018-05-12,Kings XI Punjab,Holkar Cricket Stadium,powerplay,58,2,36,6.0,9.67
1136604,2018-05-12,Kolkata Knight Riders,Holkar Cricket Stadium,death,76,3,30,5.0,15.2
1136604,2018-05-12,Kolkata Knight Riders,Holkar Cricket Stadium,middle,110,2,54,9.0,12.22
1136604,2018-05-12,Kolkata Knight Riders,Holkar Cricket Stadium,powerplay,59,1,36,6.0,9.83
1136605,2018-05-12,Delhi Daredevils,Arun Jaitley Stadium,death,61,1,30,5.0,12.2
1136605,2018-05-12,Delhi Daredevils,Arun Jaitley Stadium,middle,76,1,54,9.0,8.44
1136605,2018-05-12,Delhi Daredevils,Arun Jaitley Stadium,powerplay,44,2,36,6.0,7.33
1136605,2018-05-12,Royal Challengers Bangalore,Arun Jaitley Stadium,death,40,2,24,4.0,10.0
1136605,2018-05-12,Royal Challengers Bangalore,Arun Jaitley Stadium,middle,89,1,54,9.0,9.89
1136605,2018-05-12,Royal Challengers Bangalore,Arun Jaitley Stadium,powerplay,58,2,36,6.0,9.67
1136606,2018-05-13,Chennai Super Kings,Maharashtra Cricket Association Stadium,death,37,0,24,4.0,9.25
1136606,2018-05-13,Chennai Super Kings,Maharashtra Cricket Association Stadium,middle,90,2,54,9.0,10.0
1136606,2018-05-13,Chennai Super Kings,Maharashtra Cricket Association Stadium,powerplay,53,0,36,6.0,8.83
1136606,2018-05-13,Sunrisers Hyderabad,Maharashtra Cricket Association Stadium,death,49,3,30,5.0,9.8
1136606,2018-05-13,Sunrisers Hyderabad,Maharashtra Cricket Association Stadium,middle,101,0,54,9.0,11.22
1136606,2018-05-13,Sunrisers Hyderabad,Maharashtra Cricket Association Stadium,powerplay,29,1,36,6.0,4.83
1136607,2018-05-13,Mumbai Indians,Wankhede Stadium,death,45,2,30,5.0,9.0
1136607,2018-05-13,Mumbai Indians,Wankhede Stadium,middle,72,4,54,9.0,8.0
1136607,2018-05-13,Mumbai Indians,Wankhede Stadium,powerplay,51,0,36,6.0,8.5
1136607,2018-05-13,Rajasthan Royals,Wankhede Stadium,death,39,1,18,3.0,13.0
1136607,2018-05-13,Rajasthan Royals,Wankhede Stadium,middle,81,1,54,9.0,9.0
1136607,2018-05-13,Rajasthan Royals,Wankhede Stadium,powerplay,51,1,36,6.0,8.5
1136608,2018-05-14,Kings XI Punjab,Holkar Cricket Stadium,death,1,1,1,0.17,5.88
1136608,2018-05-14,Kings XI Punjab,Holkar Cricket Stadium,middle,40,6,54,9.0,4.44
1136608,2018-05-14,Kings XI Punjab,Holkar Cricket Stadium,powerplay,47,3,36,6.0,7.83
1136608,2018-05-14,Royal Challengers Bangalore,Holkar Cricket Stadium,death,0,0,0,0.0,0.0
1136608,2018-05-14,Royal Challengers Bangalore,Holkar Cricket Stadium,middle,26,0,13,2.17,11.98
1136608,2018-05-14,Royal Challengers Bangalore,Holkar Cricket Stadium,powerplay,66,0,36,6.0,11.0
1136609,2018-05-15,Kolkata Knight Riders,Eden Gardens,death,29,1,18,3.0,9.67
1136609,2018-05-15,Kolkata Knight Riders,Eden Gardens,middle,65,1,54,9.0,7.22
1136609,2018-05-15,Kolkata Knight Riders,Eden Gardens,powerplay,51,2,36,6.0,8.5
1136609,2018-05-15,Rajasthan Royals,Eden Gardens,death,24,3,24,4.0,6.0
1136609,2018-05-15,Rajasthan Royals,Eden Gardens,middle,50,6,54,9.0,5.56
1136609,2018-05-15,Rajasthan Royals,Eden Gardens,powerplay,68,1,36,6.0,11.33
1136610,2018-05-16,Kings XI Punjab,Wankhede Stadium,death,56,4,30,5.0,11.2
1136610,2018-05-16,Kings XI Punjab,Wankhede Stadium,middle,70,0,54,9.0,7.78
1136610,2018-05-16,Kings XI Punjab,Wankhede Stadium,powerplay,57,1,36,6.0,9.5
1136610,2018-05-16,Mumbai Indians,Wankhede Stadium,death,35,3,30,5.0,7.0
1136610,2018-05-16,Mumbai Indians,Wankhede Stadium,middle,91,2,54,9.0,10.11
1136610,2018-05-16,Mumbai Indians,Wankhede Stadium,powerplay,60,3,36,6.0,10.0
1136611,2018-05-17,Royal Challengers Bangalore,M.Chinnaswamy Stadium,death,69,2,30,5.0,13.8
1136611,2018-05-17,Royal Challengers Bangalore,M.Chinnaswamy Stadium,middle,105,2,54,9.0,11.67
1136611,2018-05-17,Royal Challengers Bangalore,M.Chinnaswamy Stadium,powerplay,44,2,36,6.0,7.33
1136611,2018-05-17,Sunrisers Hyderabad,M.Chinnaswamy Stadium,death,52,1,30,5.0,10.4
1136611,2018-05-17,Sunrisers Hyderabad,M.Chinnaswamy Stadium,middle,96,1,54,9.0,10.67
1136611,2018-05-17,Sunrisers Hyderabad,M.Chinnaswamy Stadium,powerplay,56,1,36,6.0,9.33
1136612,2018-05-18,Chennai Super Kings,Arun Jaitley Stadium,death,34,2,30,5.0,6.8
1136612,2018-05-18,Chennai Super Kings,Arun Jaitley Stadium,middle,50,4,54,9.0,5.56
1136612,2018-05-18,Chennai Super Kings,Arun Jaitley Stadium,powerplay,44,0,36,6.0,7.33
1136612,2018-05-18,Delhi Daredevils,Arun Jaitley Stadium,death,60,0,30,5.0,12.0
1136612,2018-05-18,Delhi Daredevils,Arun Jaitley Stadium,middle,63,4,54,9.0,7.0
1136612,2018-05-18,Delhi Daredevils,Arun Jaitley Stadium,powerplay,39,1,36,6.0,6.5
1136613,2018-05-19,Rajasthan Royals,Sawai Mansingh Stadium,death,51,2,30,5.0,10.2
1136613,2018-05-19,Rajasthan Royals,Sawai Mansingh Stadium,middle,68,2,54,9.0,7.56
1136613,2018-05-19,Rajasthan Royals,Sawai Mansingh Stadium,powerplay,45,1,36,6.0,7.5
1136613,2018-05-19,Royal Challengers Bangalore,Sawai Mansingh Stadium,death,26,4,26,4.33,6.0
1136613,2018-05-19,Royal Challengers Bangalore,Sawai Mansingh Stadium,middle,53,5,54,9.0,5.89
1136613,2018-05-19,Royal Challengers Bangalore,Sawai Mansingh Stadium,powerplay,55,1,36,6.0,9.17
1136614,2018-05-19,Kolkata Knight Riders,Rajiv Gandhi International Stadium,death,41,3,28,4.67,8.78
1136614,2018-05-19,Kolkata Knight Riders,Rajiv Gandhi International Stadium,middle,66,1,54,9.0,7.33
1136614,2018-05-19,Kolkata Knight Riders,Rajiv Gandhi International Stadium,powerplay,66,1,36,6.0,11.0
1136614,2018-05-19,Sunrisers Hyderabad,Rajiv Gandhi International Stadium,death,31,7,30,5.0,6.2
1136614,2018-05-19,Sunrisers Hyderabad,Rajiv Gandhi International Stadium,middle,81,2,54,9.0,9.0
1136614,2018-05-19,Sunrisers Hyderabad,Rajiv Gandhi International Stadium,powerplay,60,0,36,6.0,10.0
1136615,2018-05-20,Delhi Daredevils,Arun Jaitley Stadium,death,54,1,30,5.0,10.8
1136615,2018-05-20,Delhi Daredevils,Arun Jaitley Stadium,middle,74,1,54,9.0,8.22
1136615,2018-05-20,Delhi Daredevils,Arun Jaitley Stadium,powerplay,46,2,36,6.0,7.67
1136615,2018-05-20,Mumbai Indians,Arun Jaitley Stadium,death,41,3,27,4.5,9.11
1136615,2018-05-20,Mumbai Indians,Arun Jaitley Stadium,middle,65,6,54,9.0,7.22
1136615,2018-05-20,Mumbai Indians,Arun Jaitley Stadium,powerplay,57,1,36,6.0,9.5
1136616,2018-05-20,Chennai Super Kings,Maharashtra Cricket Association Stadium,death,57,1,25,4.17,13.67
1136616,2018-05-20,Chennai Super Kings,Maharashtra Cricket Association Stadium,middle,69,1,54,9.0,7.67
1136616,2018-05-20,Chennai Super Kings,Maharashtra Cricket Association Stadium,powerplay,33,3,36,6.0,5.5
1136616,2018-05-20,Kings XI Punjab,Maharashtra Cricket Association Stadium,death,51,5,28,4.67,10.92
1136616,2018-05-20,Kings XI Punjab,Maharashtra Cricket Association Stadium,middle,73,2,54,9.0,8.11
1136616,2018-05-20,Kings XI Punjab,Maharashtra Cricket Association Stadium,powerplay,29,3,36,6.0,4.83
1136617,2018-05-22,Chennai Super Kings,Wankhede Stadium,death,48,1,25,4.17,11.51
1136617,2018-05-22,Chennai Super Kings,Wankhede Stadium,middle,59,4,54,9.0,6.56
1136617,2018-05-22,Chennai Super Kings,Wankhede Stadium,powerplay,33,3,36,6.0,5.5
1136617,2018-05-22,Sunrisers Hyderabad,Wankhede Stadium,death,51,1,30,5.0,10.2
1136617,2018-05-22,Sunrisers Hyderabad,Wankhede Stadium,middle,41,3,54,9.0,4.56
1136617,2018-05-22,Sunrisers Hyderabad,Wankhede Stadium,powerplay,47,3,36,6.0,7.83
1136618,2018-05-23,Kolkata Knight Riders,Eden Gardens,death,55,2,30,5.0,11.0
1136618,2018-05-23,Kolkata Knight Riders,Eden Gardens,middle,68,2,54,9.0,7.56
1136618,2018-05-23,Kolkata Knight Riders,Eden Gardens,powerplay,46,3,36,6.0,7.67
1136618,2018-05-23,Rajasthan Royals,Eden Gardens,death,33,2,30,5.0,6.6
1136618,2018-05-23,Rajasthan Royals,Eden Gardens,middle,60,1,54,9.0,6.67
1136618,2018-05-23,Rajasthan Royals,Eden Gardens,powerplay,51,1,36,6.0,8.5
1136619,2018-05-25,Kolkata Knight Riders,Eden Gardens,death,42,3,30,5.0,8.4
1136619,2018-05-25,Kolkata Knight Riders,Eden Gardens,middle,51,5,54,9.0,5.67
1136619,2018-05-25,Kolkata Knight Riders,Eden Gardens,powerplay,67,1,36,6.0,11.17
1136619,2018-05-25,Sunrisers Hyderabad,Eden Gardens,death,61,4,30,5.0,12.2
1136619,2018-05-25,Sunrisers Hyderabad,Eden Gardens,middle,68,3,54,9.0,7.56
1136619,2018-05-25,Sunrisers Hyderabad,Eden Gardens,powerplay,45,0,36,6.0,7.5
1136620,2018-05-27,Chennai Super Kings,Wankhede Stadium,death,35,0,21,3.5,10.0
1136620,2018-05-27,Chennai Super Kings,Wankhede Stadium,middle,111,1,54,9.0,12.33
1136620,2018-05-27,Chennai Super Kings,Wankhede Stadium,powerplay,35,1,36,6.0,5.83
1136620,2018-05-27,Sunrisers Hyderabad,Wankhede Stadium,death,52,3,30,5.0,10.4
1136620,2018-05-27,Sunrisers Hyderabad,Wankhede Stadium,middle,84,2,54,9.0,9.33
1136620,2018-05-27,Sunrisers Hyderabad,Wankhede Stadium,powerplay,42,1,36,6.0,7.0
1175356,2019-03-23,Chennai Super Kings,MA Chidambaram Stadium,death,8,0,16,2.67,3.0
1175356,2019-03-23,Chennai Super Kings,MA Chidambaram Stadium,middle,47,2,54,9.0,5.22
1175356,2019-03-23,Chennai Super Kings,MA Chidambaram Stadium,powerplay,16,1,36,6.0,2.67
1175356,2019-03-23,Royal Challengers Bangalore,MA Chidambaram Stadium,death,4,2,13,2.17,1.84
1175356,2019-03-23,Royal Challengers Bangalore,MA Chidambaram Stadium,middle,33,6,54,9.0,3.67
1175356,2019-03-23,Royal Challengers Bangalore,MA Chidambaram Stadium,powerplay,33,2,36,6.0,5.5
1175357,2019-03-24,Kolkata Knight Riders,Eden Gardens,death,69,1,28,4.67,14.78
1175357,2019-03-24,Kolkata Knight Riders,Eden Gardens,middle,67,2,54,9.0,7.44
1175357,2019-03-24,Kolkata Knight Riders,Eden Gardens,powerplay,47,1,36,6.0,7.83
1175357,2019-03-24,Sunrisers Hyderabad,Eden Gardens,death,47,2,30,5.0,9.4
1175357,2019-03-24,Sunrisers Hyderabad,Eden Gardens,middle,80,1,54,9.0,8.89
1175357,2019-03-24,Sunrisers Hyderabad,Eden Gardens,powerplay,54,0,36,6.0,9.0
1175358,2019-03-24,Delhi Capitals,Wankhede Stadium,death,82,3,30,5.0,16.4
1175358,2019-03-24,Delhi Capitals,Wankhede Stadium,middle,86,1,54,9.0,9.56
1175358,2019-03-24,Delhi Capitals,Wankhede Stadium,powerplay,45,2,36,6.0,7.5
1175358,2019-03-24,Mumbai Indians,Wankhede Stadium,death,42,3,26,4.33,9.7
1175358,2019-03-24,Mumbai Indians,Wankhede Stadium,middle,88,3,54,9.0,9.78
1175358,2019-03-24,Mumbai Indians,Wankhede Stadium,powerplay,46,3,36,6.0,7.67
1175359,2019-03-25,Kings XI Punjab,Sawai Mansingh Stadium,death,59,2,30,5.0,11.8
1175359,2019-03-25,Kings XI Punjab,Sawai Mansingh Stadium,middle,93,1,54,9.0,10.33
1175359,2019-03-25,Kings XI Punjab,Sawai Mansingh Stadium,powerplay,32,1,36,6.0,5.33
1175359,2019-03-25,Rajasthan Royals,Sawai Mansingh Stadium,death,35,7,30,5.0,7.0
1175359,2019-03-25,Rajasthan Royals,Sawai Mansingh Stadium,middle,71,2,54,9.0,7.89
1175359,2019-03-25,Rajasthan Royals,Sawai Mansingh Stadium,powerplay,64,0,36,6.0,10.67
1175360,2019-03-26,Chennai Super Kings,Arun Jaitley Stadium,death,30,1,28,4.67,6.42
1175360,2019-03-26,Chennai Super Kings,Arun Jaitley Stadium,middle,62,2,54,9.0,6.89
1175360,2019-03-26,Chennai Super Kings,Arun Jaitley Stadium,powerplay,58,1,36,6.0,9.67
1175360,2019-03-26,Delhi Capitals,Arun Jaitley Stadium,death,29,4,30,5.0,5.8
1175360,2019-03-26,Delhi Capitals,Arun Jaitley Stadium,middle,75,1,54,9.0,8.33
1175360,2019-03-26,Delhi Capitals,Arun Jaitley Stadium,powerplay,43,1,36,6.0,7.17
1175361,2019-03-27,Kings XI Punjab,Eden Gardens,death,57,1,30,5.0,11.4
1175361,2019-03-27,Kings XI Punjab,Eden Gardens,middle,82,1,54,9.0,9.11
1175361,2019-03-27,Kings XI Punjab,Eden Gardens,powerplay,51,2,36,6.0,8.5
1175361,2019-03-27,Kolkata Knight Riders,Eden Gardens,death,71,1,30,5.0,14.2
1175361,2019-03-27,Kolkata Knight Riders,Eden Gardens,middle,94,1,54,9.0,10.44
1175361,2019-03-27,Kolkata Knight Riders,Eden Gardens,powerplay,53,2,36,6.0,8.83
1175362,2019-03-28,Mumbai Indians,M.Chinnaswamy Stadium,death,48,5,30,5.0,9.6
1175362,2019-03-28,Mumbai Indians,M.Chinnaswamy Stadium,middle,87,3,54,9.0,9.67
1175362,2019-03-28,Mumbai Indians,M.Chinnaswamy Stadium,powerplay,52,0,36,6.0,8.67
1175362,2019-03-28,Royal Challengers Bangalore,M.Chinnaswamy Stadium,death,54,2,30,5.0,10.8
1175362,2019-03-28,Royal Challengers Bangalore,M.Chinnaswamy Stadium,middle,67,2,54,9.0,7.44
1175362,2019-03-28,Royal Challengers Bangalore,M.Chinnaswamy Stadium,powerplay,60,1,36,6.0,10.0
1175363,2019-03-29,Rajasthan Royals,Rajiv Gandhi International Stadium,death,76,1,30,5.0,15.2
1175363,2019-03-29,Rajasthan Royals,Rajiv Gandhi International Stadium,middle,87,0,54,9.0,9.67
1175363,2019-03-29,Rajasthan Royals,Rajiv Gandhi International Stadium,powerplay,35,1,36,6.0,5.83
1175363,2019-03-29,Sunrisers Hyderabad,Rajiv Gandhi International Stadium,death,36,2,24,4.0,9.0
1175363,2019-03-29,Sunrisers Hyderabad,Rajiv Gandhi International Stadium,middle,96,3,54,9.0,10.67
1175363,2019-03-29,Sunrisers Hyderabad,Rajiv Gandhi International Stadium,powerplay,69,0,36,6.0,11.5
1175364,2019-03-30,Kings XI Punjab,Punjab Cricket Association IS Bindra Stadium,death,37,0,22,3.67,10.08
1175364,2019-03-30,Kings XI Punjab,Punjab Cricket Association IS Bindra Stadium,middle,102,2,54,9.0,11.33
1175364,2019-03-30,Kings XI Punjab,Punjab Cricket Association IS Bindra Stadium,powerplay,38,0,36,6.0,6.33
1175364,2019-03-30,Mumbai Indians,Punjab Cricket Association IS Bindra Stadium,death,45,3,30,5.0,9.0
1175364,2019-03-30,Mumbai Indians,Punjab Cricket Association IS Bindra Stadium,middle,69,3,54,9.0,7.67
1175364,2019-03-30,Mumbai Indians,Punjab Cricket Association IS Bindra Stadium,powerplay,62,1,36,6.0,10.33
1175365,2019-03-30,Delhi Capitals,Arun Jaitley Stadium,death,45,4,30,5.0,9.0
1175365,2019-03-30,Delhi Capitals,Arun Jaitley Stadium,death,0,0,0,0.0,0.0
1175365,2019-03-30,Delhi Capitals,Arun Jaitley Stadium,middle,95,1,54,9.0,10.56
1175365,2019-03-30,Delhi Capitals,Arun Jaitley Stadium,middle,0,0,0,0.0,0.0
1175365,2019-03-30,Delhi Capitals,Arun Jaitley Stadium,powerplay,45,1,36,6.0,7.5
1175365,2019-03-30,Delhi Capitals,Arun Jaitley Stadium,powerplay,10,1,6,1.0,10.0
1175365,2019-03-30,Kolkata Knight Riders,Arun Jaitley Stadium,death,67,3,30,5.0,13.4
1175365,2019-03-30,Kolkata Knight Riders,Arun Jaitley Stadium,death,0,0,0,0.0,0.0
1175365,2019-03-30,Kolkata Knight Riders,Arun Jaitley Stadium,middle,82,3,54,9.0,9.11
1175365,2019-03-30,Kolkata Knight Riders,Arun Jaitley Stadium,middle,0,0,0,0.0,0.0
1175365,2019-03-30,Kolkata Knight Riders,Arun Jaitley Stadium,powerplay,36,2,36,6.0,6.0
1175365,2019-03-30,Kolkata Knight Riders,Arun Jaitley Stadium,powerplay,7,1,6,1.0,7.0
1175366,2019-03-31,Royal Challengers Bangalore,Rajiv Gandhi International Stadium,death,27,4,29,4.83,5.59
1175366,2019-03-31,Royal Challengers Bangalore,Rajiv Gandhi International Stadium,middle,56,3,54,9.0,6.22
1175366,2019-03-31,Royal Challengers Bangalore,Rajiv Gandhi International Stadium,powerplay,30,3,36,6.0,5.0
1175366,2019-03-31,Sunrisers Hyderabad,Rajiv Gandhi International Stadium,death,67,2,30,5.0,13.4
1175366,2019-03-31,Sunrisers Hyderabad,Rajiv Gandhi International Stadium,middle,105,0,54,9.0,11.67
1175366,2019-03-31,Sunrisers Hyderabad,Rajiv Gandhi International Stadium,powerplay,59,0,36,6.0,9.83
1175367,2019-03-31,Chennai Super Kings,MA Chidambaram Stadium,death,76,1,30,5.0,15.2
1175367,2019-03-31,Chennai Super Kings,MA Chidambaram Stadium,middle,70,1,54,9.0,7.78
1175367,2019-03-31,Chennai Super Kings,MA Chidambaram Stadium,powerplay,29,3,36,6.0,4.83
1175367,2019-03-31,Rajasthan Royals,MA Chidambaram Stadium,death,56,3,30,5.0,11.2
1175367,2019-03-31,Rajasthan Royals,MA Chidambaram Stadium,middle,66,2,54,9.0,7.33
1175367,2019-03-31,Rajasthan Royals,MA Chidambaram Stadium,powerplay,45,3,36,6.0,7.5
1175368,2019-04-01,Delhi Capitals,Punjab Cricket Association IS Bindra Stadium,death,24,7,26,4.33,5.54
1175368,2019-04-01,Delhi Capitals,Punjab Cricket Association IS Bindra Stadium,middle,79,2,54,9.0,8.78
1175368,2019-04-01,Delhi Capitals,Punjab Cricket Association IS Bindra Stadium,powerplay,49,1,36,6.0,8.17
1175368,2019-04-01,Kings XI Punjab,Punjab Cricket Association IS Bindra Stadium,death,37,5,30,5.0,7.4
1175368,2019-04-01,Kings XI Punjab,Punjab Cricket Association IS Bindra Stadium,middle,75,2,54,9.0,8.33
1175368,2019-04-01,Kings XI Punjab,Punjab Cricket Association IS Bindra Stadium,powerplay,54,2,36,6.0,9.0
1175369,2019-04-02,Rajasthan Royals,Sawai Mansingh Stadium,death,43,1,29,4.83,8.9
1175369,2019-04-02,Rajasthan Royals,Sawai Mansingh Stadium,middle,66,2,54,9.0,7.33
1175369,2019-04-02,Rajasthan Royals,Sawai Mansingh Stadium,powerplay,55,0,36,6.0,9.17
1175369,2019-04-02,Royal Challengers Bangalore,Sawai Mansingh Stadium,death,51,1,30,5.0,10.2
1175369,2019-04-02,Royal Challengers Bangalore,Sawai Mansingh Stadium,middle,59,3,54,9.0,6.56
1175369,2019-04-02,Royal Challengers Bangalore,Sawai Mansingh Stadium,powerplay,48,0,36,6.0,8.0
1175370,2019-04-03,Chennai Super Kings,Wankhede Stadium,death,39,3,30,5.0,7.8
1175370,2019-04-03,Chennai Super Kings,Wankhede Stadium,middle,60,2,54,9.0,6.67
1175370,2019-04-03,Chennai Super Kings,Wankhede Stadium,powerplay,34,3,36,6.0,5.67
1175370,2019-04-03,Mumbai Indians,Wankhede Stadium,death,77,2,30,5.0,15.4
1175370,2019-04-03,Mumbai Indians,Wankhede Stadium,middle,53,2,54,9.0,5.89
1175370,2019-04-03,Mumbai Indians,Wankhede Stadium,powerplay,40,1,36,6.0,6.67
1175371,2019-04-04,Delhi Capitals,Arun Jaitley Stadium,death,44,3,30,5.0,8.8
1175371,2019-04-04,Delhi Capitals,Arun Jaitley Stadium,middle,49,3,54,9.0,5.44
1175371,2019-04-04,Delhi Capitals,Arun Jaitley Stadium,powerplay,36,2,36,6.0,6.0
1175371,2019-04-04,Sunrisers Hyderabad,Arun Jaitley Stadium,death,28,1,21,3.5,8.0
1175371,2019-04-04,Sunrisers Hyderabad,Arun Jaitley Stadium,middle,41,4,54,9.0,4.56
1175371,2019-04-04,Sunrisers Hyderabad,Arun Jaitley Stadium,powerplay,62,0,36,6.0,10.33
1175372,2019-04-05,Kolkata Knight Riders,M.Chinnaswamy Stadium,death,72,2,25,4.17,17.27
1175372,2019-04-05,Kolkata Knight Riders,M.Chinnaswamy Stadium,middle,75,2,54,9.0,8.33
1175372,2019-04-05,Kolkata Knight Riders,M.Chinnaswamy Stadium,powerplay,59,1,36,6.0,9.83
1175372,2019-04-05,Royal Challengers Bangalore,M.Chinnaswamy Stadium,death,63,2,30,5.0,12.6
1175372,2019-04-05,Royal Challengers Bangalore,M.Chinnaswamy Stadium,middle,89,1,54,9.0,9.89
1175372,2019-04-05,Royal Challengers Bangalore,M.Chinnaswamy Stadium,powerplay,53,0,36,6.0,8.83
1178393,2019-04-06,Chennai Super Kings,MA Chidambaram Stadium,death,52,0,30,5.0,10.4
1178393,2019-04-06,Chennai Super Kings,MA Chidambaram Stadium,middle,54,3,54,9.0,6.0
1178393,2019-04-06,Chennai Super Kings,MA Chidambaram Stadium,powerplay,54,0,36,6.0,9.0
1178393,2019-04-06,Kings XI Punjab,MA Chidambaram Stadium,death,33,3,30,5.0,6.6
1178393,2019-04-06,Kings XI Punjab,MA Chidambaram Stadium,middle,59,0,54,9.0,6.56
1178393,2019-04-06,Kings XI Punjab,MA Chidambaram Stadium,powerplay,46,2,36,6.0,7.67
1178394,2019-04-06,Mumbai Indians,Rajiv Gandhi International Stadium,death,61,2,30,5.0,12.2
1178394,2019-04-06,Mumbai Indians,Rajiv Gandhi International Stadium,middle,45,3,54,9.0,5.0
1178394,2019-04-06,Mumbai Indians,Rajiv Gandhi International Stadium,powerplay,30,2,36,6.0,5.0
1178394,2019-04-06,Sunrisers Hyderabad,Rajiv Gandhi International Stadium,death,12,5,16,2.67,4.49
1178394,2019-04-06,Sunrisers Hyderabad,Rajiv Gandhi International Stadium,middle,45,3,54,9.0,5.0
1178394,2019-04-06,Sunrisers Hyderabad,Rajiv Gandhi International Stadium,powerplay,39,2,36,6.0,6.5
1178395,2019-04-07,Delhi Capitals,M.Chinnaswamy Stadium,death,29,3,23,3.83,7.57
1178395,2019-04-07,Delhi Capitals,M.Chinnaswamy Stadium,middle,70,2,54,9.0,7.78
1178395,2019-04-07,Delhi Capitals,M.Chinnaswamy Stadium,powerplay,53,1,36,6.0,8.83
1178395,2019-04-07,Royal Challengers Bangalore,M.Chinnaswamy Stadium,death,41,4,30,5.0,8.2
1178395,2019-04-07,Royal Challengers Bangalore,M.Chinnaswamy Stadium,middle,68,2,54,9.0,7.56
1178395,2019-04-07,Royal Challengers Bangalore,M.Chinnaswamy Stadium,powerplay,40,2,36,6.0,6.67
1178396,2019-04-07,Kolkata Knight Riders,Sawai Mansingh Stadium,death,0,0,0,0.0,0.0
1178396,2019-04-07,Kolkata Knight Riders,Sawai Mansingh Stadium,middle,75,2,47,7.83,9.58
1178396,2019-04-07,Kolkata Knight Riders,Sawai Mansingh Stadium,powerplay,65,0,36,6.0,10.83
1178396,2019-04-07,Rajasthan Royals,Sawai Mansingh Stadium,death,36,1,30,5.0,7.2
1178396,2019-04-07,Rajasthan Royals,Sawai Mansingh Stadium,middle,75,1,54,9.0,8.33
1178396,2019-04-07,Rajasthan Royals,Sawai Mansingh Stadium,powerplay,28,1,36,6.0,4.67
1178397,2019-04-08,Kings XI Punjab,Punjab Cricket Association IS Bindra Stadium,death,40,3,29,4.83,8.28
1178397,2019-04-08,Kings XI Punjab,Punjab Cricket Association IS Bindra Stadium,middle,73,0,54,9.0,8.11
1178397,2019-04-08,Kings XI Punjab,Punjab Cricket Association IS Bindra Stadium,powerplay,38,1,36,6.0,6.33
1178397,2019-04-08,Sunrisers Hyderabad,Punjab Cricket Association IS Bindra Stadium,death,58,1,30,5.0,11.6
1178397,2019-04-08,Sunrisers Hyderabad,Punjab Cricket Association IS Bindra Stadium,middle,65,2,54,9.0,7.22
1178397,2019-04-08,Sunrisers Hyderabad,Punjab Cricket Association IS Bindra Stadium,powerplay,27,1,36,6.0,4.5
1178398,2019-04-09,Chennai Super Kings,MA Chidambaram Stadium,death,26,0,14,2.33,11.16
1178398,2019-04-09,Chennai Super Kings,MA Chidambaram Stadium,middle,45,1,54,9.0,5.0
1178398,2019-04-09,Chennai Super Kings,MA Chidambaram Stadium,powerplay,40,2,36,6.0,6.67
1178398,2019-04-09,Kolkata Knight Riders,MA Chidambaram Stadium,death,33,3,30,5.0,6.6
1178398,2019-04-09,Kolkata Knight Riders,MA Chidambaram Stadium,middle,46,2,54,9.0,5.11
1178398,2019-04-09,Kolkata Knight Riders,MA Chidambaram Stadium,powerplay,29,4,36,6.0,4.83
1178399,2019-04-10,Kings XI Punjab,Wankhede Stadium,death,66,2,30,5.0,13.2
1178399,2019-04-10,Kings XI Punjab,Wankhede Stadium,middle,81,2,54,9.0,9.0
1178399,2019-04-10,Kings XI Punjab,Wankhede Stadium,powerplay,50,0,36,6.0,8.33
1178399,2019-04-10,Mumbai Indians,Wankhede Stadium,death,63,3,30,5.0,12.6
1178399,2019-04-10,Mumbai Indians,Wankhede Stadium,middle,85,3,54,9.0,9.44
1178399,2019-04-10,Mumbai Indians,Wankhede Stadium,powerplay,50,1,36,6.0,8.33
1178400,2019-04-11,Chennai Super Kings,Sawai Mansingh Stadium,death,54,2,30,5.0,10.8
1178400,2019-04-11,Chennai Super Kings,Sawai Mansingh Stadium,middle,77,0,54,9.0,8.56
1178400,2019-04-11,Chennai Super Kings,Sawai Mansingh Stadium,powerplay,24,4,36,6.0,4.0
1178400,2019-04-11,Rajasthan Royals,Sawai Mansingh Stadium,death,48,1,30,5.0,9.6
1178400,2019-04-11,Rajasthan Royals,Sawai Mansingh Stadium,middle,49,3,54,9.0,5.44
1178400,2019-04-11,Rajasthan Royals,Sawai Mansingh Stadium,powerplay,54,3,36,6.0,9.0
1178401,2019-04-12,Delhi Capitals,Eden Gardens,death,42,1,23,3.83,10.97
1178401,2019-04-12,Delhi Capitals,Eden Gardens,middle,81,0,54,9.0,9.0
1178401,2019-04-12,Delhi Capitals,Eden Gardens,powerplay,57,2,36,6.0,9.5
1178401,2019-04-12,Kolkata Knight Riders,Eden Gardens,death,56,3,30,5.0,11.2
1178401,2019-04-12,Kolkata Knight Riders,Eden Gardens,middle,81,3,54,9.0,9.0
1178401,2019-04-12,Kolkata Knight Riders,Eden Gardens,powerplay,41,1,36,6.0,6.83
1178402,2019-04-13,Mumbai Indians,Wankhede Stadium,death,61,3,30,5.0,12.2
1178402,2019-04-13,Mumbai Indians,Wankhede Stadium,middle,69,2,54,9.0,7.67
1178402,2019-04-13,Mumbai Indians,Wankhede Stadium,powerplay,57,0,36,6.0,9.5
1178402,2019-04-13,Rajasthan Royals,Wankhede Stadium,death,30,4,27,4.5,6.67
1178402,2019-04-13,Rajasthan Royals,Wankhede Stadium,middle,99,2,54,9.0,11.0
1178402,2019-04-13,Rajasthan Royals,Wankhede Stadium,powerplay,59,0,36,6.0,9.83
1178403,2019-04-13,Kings XI Punjab,Punjab Cricket Association IS Bindra Stadium,death,51,0,30,5.0,10.2
1178403,2019-04-13,Kings XI Punjab,Punjab Cricket Association IS Bindra Stadium,middle,62,4,54,9.0,6.89
1178403,2019-04-13,Kings XI Punjab,Punjab Cricket Association IS Bindra Stadium,powerplay,60,0,36,6.0,10.0
1178403,2019-04-13,Royal Challengers Bangalore,Punjab Cricket Association IS Bindra Stadium,death,48,1,26,4.33,11.09
1178403,2019-04-13,Royal Challengers Bangalore,Punjab Cricket Association IS Bindra Stadium,middle,63,0,54,9.0,7.0
1178403,2019-04-13,Royal Challengers Bangalore,Punjab Cricket Association IS Bindra Stadium,powerplay,63,1,36,6.0,10.5
1178404,2019-04-14,Chennai Super Kings,Eden Gardens,death,42,1,28,4.67,8.99
1178404,2019-04-14,Chennai Super Kings,Eden Gardens,middle,76,2,54,9.0,8.44
1178404,2019-04-14,Chennai Super Kings,Eden Gardens,powerplay,44,2,36,6.0,7.33
1178404,2019-04-14,Kolkata Knight Riders,Eden Gardens,death,28,3,30,5.0,5.6
1178404,2019-04-14,Kolkata Knight Riders,Eden Gardens,middle,84,4,54,9.0,9.33
1178404,2019-04-14,Kolkata Knight Riders,Eden Gardens,powerplay,49,1,36,6.0,8.17
1178405,2019-04-14,Delhi Capitals,Rajiv Gandhi International Stadium,death,34,4,30,5.0,6.8
1178405,2019-04-14,Delhi Capitals,Rajiv Gandhi International Stadium,middle,70,1,54,9.0,7.78
1178405,2019-04-14,Delhi Capitals,Rajiv Gandhi International Stadium,powerplay,51,2,36,6.0,8.5
1178405,2019-04-14,Sunrisers Hyderabad,Rajiv Gandhi International Stadium,death,16,8,23,3.83,4.18
1178405,2019-04-14,Sunrisers Hyderabad,Rajiv Gandhi International Stadium,middle,60,2,54,9.0,6.67
1178405,2019-04-14,Sunrisers Hyderabad,Rajiv Gandhi International Stadium,powerplay,40,0,36,6.0,6.67
1178406,2019-04-15,Mumbai Indians,Wankhede Stadium,death,45,2,24,4.0,11.25
1178406,2019-04-15,Mumbai Indians,Wankhede Stadium,middle,60,3,54,9.0,6.67
1178406,2019-04-15,Mumbai Indians,Wankhede Stadium,powerplay,67,0,36,6.0,11.17
1178406,2019-04-15,Royal Challengers Bangalore,Wankhede Stadium,death,52,5,30,5.0,10.4
1178406,2019-04-15,Royal Challengers Bangalore,Wankhede Stadium,middle,74,1,54,9.0,8.22
1178406,2019-04-15,Royal Challengers Bangalore,Wankhede Stadium,powerplay,45,1,36,6.0,7.5
1178407,2019-04-16,Kings XI Punjab,Punjab Cricket Association IS Bindra Stadium,death,46,4,30,5.0,9.2
1178407,2019-04-16,Kings XI Punjab,Punjab Cricket Association IS Bindra Stadium,middle,97,1,54,9.0,10.78
1178407,2019-04-16,Kings XI Punjab,Punjab Cricket Association IS Bindra Stadium,powerplay,39,1,36,6.0,6.5
1178407,2019-04-16,Rajasthan Royals,Punjab Cricket Association IS Bindra Stadium,death,48,5,30,5.0,9.6
1178407,2019-04-16,Rajasthan Royals,Punjab Cricket Association IS Bindra Stadium,middle,68,1,54,9.0,7.56
1178407,2019-04-16,Rajasthan Royals,Punjab Cricket Association IS Bindra Stadium,powerplay,54,1,36,6.0,9.0
1178408,2019-04-17,Chennai Super Kings,Rajiv Gandhi International Stadium,death,30,0,30,5.0,6.0
1178408,2019-04-17,Chennai Super Kings,Rajiv Gandhi International Stadium,middle,61,5,54,9.0,6.78
1178408,2019-04-17,Chennai Super Kings,Rajiv Gandhi International Stadium,powerplay,41,0,36,6.0,6.83
1178408,2019-04-17,Sunrisers Hyderabad,Rajiv Gandhi International Stadium,death,21,1,11,1.83,11.48
1178408,2019-04-17,Sunrisers Hyderabad,Rajiv Gandhi International Stadium,middle,48,2,54,9.0,5.33
1178408,2019-04-17,Sunrisers Hyderabad,Rajiv Gandhi International Stadium,powerplay,68,1,36,6.0,11.33
1178409,2019-04-18,Delhi Capitals,Arun Jaitley Stadium,death,42,4,30,5.0,8.4
1178409,2019-04-18,Delhi Capitals,Arun Jaitley Stadium,middle,38,5,54,9.0,4.22
1178409,2019-04-18,Delhi Capitals,Arun Jaitley Stadium,powerplay,48,0,36,6.0,8.0
1178409,2019-04-18,Mumbai Indians,Arun Jaitley Stadium,death,64,2,30,5.0,12.8
1178409,2019-04-18,Mumbai Indians,Arun Jaitley Stadium,middle,47,3,54,9.0,5.22
1178409,2019-04-18,Mumbai Indians,Arun Jaitley Stadium,powerplay,57,0,36,6.0,9.5
1178410,2019-04-19,Kolkata Knight Riders,Eden Gardens,death,82,1,30,5.0,16.4
1178410,2019-04-19,Kolkata Knight Riders,Eden Gardens,middle,84,1,54,9.0,9.33
1178410,2019-04-19,Kolkata Knight Riders,Eden Gardens,powerplay,37,3,36,6.0,6.17
1178410,2019-04-19,Royal Challengers Bangalore,Eden Gardens,death,91,2,30,5.0,18.2
1178410,2019-04-19,Royal Challengers Bangalore,Eden Gardens,middle,80,1,54,9.0,8.89
1178410,2019-04-19,Royal Challengers Bangalore,Eden Gardens,powerplay,42,1,36,6.0,7.0
1178411,2019-04-20,Mumbai Indians,Sawai Mansingh Stadium,death,49,2,30,5.0,9.8
1178411,2019-04-20,Mumbai Indians,Sawai Mansingh Stadium,middle,66,2,54,9.0,7.33
1178411,2019-04-20,Mumbai Indians,Sawai Mansingh Stadium,powerplay,46,1,36,6.0,7.67
1178411,2019-04-20,Rajasthan Royals,Sawai Mansingh Stadium,death,34,2,25,4.17,8.15
1178411,2019-04-20,Rajasthan Royals,Sawai Mansingh Stadium,middle,68,2,54,9.0,7.56
1178411,2019-04-20,Rajasthan Royals,Sawai Mansingh Stadium,powerplay,60,1,36,6.0,10.0
1178412,2019-04-20,Delhi Capitals,Arun Jaitley Stadium,death,38,3,28,4.67,8.14
1178412,2019-04-20,Delhi Capitals,Arun Jaitley Stadium,middle,68,1,54,9.0,7.56
1178412,2019-04-20,Delhi Capitals,Arun Jaitley Stadium,powerplay,60,1,36,6.0,10.0
1178412,2019-04-20,Kings XI Punjab,Arun Jaitley Stadium,death,45,2,30,5.0,9.0
1178412,2019-04-20,Kings XI Punjab,Arun Jaitley Stadium,middle,68,3,54,9.0,7.56
1178412,2019-04-20,Kings XI Punjab,Arun Jaitley Stadium,powerplay,50,2,36,6.0,8.33
1178413,2019-04-21,Kolkata Knight Riders,Rajiv Gandhi International Stadium,death,43,4,30,5.0,8.6
1178413,2019-04-21,Kolkata Knight Riders,Rajiv Gandhi International Stadium,middle,55,2,54,9.0,6.11
1178413,2019-04-21,Kolkata Knight Riders,Rajiv Gandhi International Stadium,powerplay,61,2,36,6.0,10.17
1178413,2019-04-21,Sunrisers Hyderabad,Rajiv Gandhi International Stadium,death,0,0,0,0.0,0.0
1178413,2019-04-21,Sunrisers Hyderabad,Rajiv Gandhi International Stadium,middle,89,1,54,9.0,9.89
1178413,2019-04-21,Sunrisers Hyderabad,Rajiv Gandhi International Stadium,powerplay,72,0,36,6.0,12.0
1178414,2019-04-21,Chennai Super Kings,M.Chinnaswamy Stadium,death,68,3,30,5.0,13.6
1178414,2019-04-21,Chennai Super Kings,M.Chinnaswamy Stadium,middle,60,1,54,9.0,6.67
1178414,2019-04-21,Chennai Super Kings,M.Chinnaswamy Stadium,powerplay,32,4,36,6.0,5.33
1178414,2019-04-21,Royal Challengers Bangalore,M.Chinnaswamy Stadium,death,43,4,30,5.0,8.6
1178414,2019-04-21,Royal Challengers Bangalore,M.Chinnaswamy Stadium,middle,69,2,54,9.0,7.67
1178414,2019-04-21,Royal Challengers Bangalore,M.Chinnaswamy Stadium,powerplay,49,1,36,6.0,8.17
1178415,2019-04-22,Delhi Capitals,Sawai Mansingh Stadium,death,51,2,26,4.33,11.78
1178415,2019-04-22,Delhi Capitals,Sawai Mansingh Stadium,middle,83,2,54,9.0,9.22
1178415,2019-04-22,Delhi Capitals,Sawai Mansingh Stadium,powerplay,59,0,36,6.0,9.83
1178415,2019-04-22,Rajasthan Royals,Sawai Mansingh Stadium,death,41,4,30,5.0,8.2
1178415,2019-04-22,Rajasthan Royals,Sawai Mansingh Stadium,middle,98,1,54,9.0,10.89
1178415,2019-04-22,Rajasthan Royals,Sawai Mansingh Stadium,powerplay,52,1,36,6.0,8.67
1178416,2019-04-23,Chennai Super Kings,MA Chidambaram Stadium,death,41,2,29,4.83,8.49
1178416,2019-04-23,Chennai Super Kings,MA Chidambaram Stadium,middle,86,1,54,9.0,9.56
1178416,2019-04-23,Chennai Super Kings,MA Chidambaram Stadium,powerplay,49,1,36,6.0,8.17
1178416,2019-04-23,Sunrisers Hyderabad,MA Chidambaram Stadium,death,41,1,30,5.0,8.2
1178416,2019-04-23,Sunrisers Hyderabad,MA Chidambaram Stadium,middle,80,1,54,9.0,8.89
1178416,2019-04-23,Sunrisers Hyderabad,MA Chidambaram Stadium,powerplay,54,1,36,6.0,9.0
1178417,2019-04-24,Kings XI Punjab,M.Chinnaswamy Stadium,death,42,4,30,5.0,8.4
1178417,2019-04-24,Kings XI Punjab,M.Chinnaswamy Stadium,middle,75,2,54,9.0,8.33
1178417,2019-04-24,Kings XI Punjab,M.Chinnaswamy Stadium,powerplay,68,1,36,6.0,11.33
1178417,2019-04-24,Royal Challengers Bangalore,M.Chinnaswamy Stadium,death,80,0,30,5.0,16.0
1178417,2019-04-24,Royal Challengers Bangalore,M.Chinnaswamy Stadium,middle,52,3,54,9.0,5.78
1178417,2019-04-24,Royal Challengers Bangalore,M.Chinnaswamy Stadium,powerplay,70,1,36,6.0,11.67
1178418,2019-04-25,Kolkata Knight Riders,Eden Gardens,death,75,2,30,5.0,15.0
1178418,2019-04-25,Kolkata Knight Riders,Eden Gardens,middle,68,2,54,9.0,7.56
1178418,2019-04-25,Kolkata Knight Riders,Eden Gardens,powerplay,32,2,36,6.0,5.33
1178418,2019-04-25,Rajasthan Royals,Eden Gardens,death,55,2,26,4.33,12.7
1178418,2019-04-25,Rajasthan Royals,Eden Gardens,middle,67,4,54,9.0,7.44
1178418,2019-04-25,Rajasthan Royals,Eden Gardens,powerplay,55,1,36,6.0,9.17
1178419,2019-04-26,Chennai Super Kings,MA Chidambaram Stadium,death,21,4,16,2.67,7.87
1178419,2019-04-26,Chennai Super Kings,MA Chidambaram Stadium,middle,48,3,54,9.0,5.33
1178419,2019-04-26,Chennai Super Kings,MA Chidambaram Stadium,powerplay,40,3,36,6.0,6.67
1178419,2019-04-26,Mumbai Indians,MA Chidambaram Stadium,death,50,1,30,5.0,10.0
1178419,2019-04-26,Mumbai Indians,MA Chidambaram Stadium,middle,60,2,54,9.0,6.67
1178419,2019-04-26,Mumbai Indians,MA Chidambaram Stadium,powerplay,45,1,36,6.0,7.5
1178420,2019-04-27,Rajasthan Royals,Sawai Mansingh Stadium,death,29,1,25,4.17,6.95
1178420,2019-04-27,Rajasthan Royals,Sawai Mansingh Stadium,middle,72,2,54,9.0,8.0
1178420,2019-04-27,Rajasthan Royals,Sawai Mansingh Stadium,powerplay,60,0,36,6.0,10.0
1178420,2019-04-27,Sunrisers Hyderabad,Sawai Mansingh Stadium,death,39,5,30,5.0,7.8
1178420,2019-04-27,Sunrisers Hyderabad,Sawai Mansingh Stadium,middle,70,2,54,9.0,7.78
1178420,2019-04-27,Sunrisers Hyderabad,Sawai Mansingh Stadium,powerplay,51,1,36,6.0,8.5
1178421,2019-04-28,Delhi Capitals,Arun Jaitley Stadium,death,60,2,30,5.0,12.0
1178421,2019-04-28,Delhi Capitals,Arun Jaitley Stadium,middle,68,2,54,9.0,7.56
1178421,2019-04-28,Delhi Capitals,Arun Jaitley Stadium,powerplay,59,1,36,6.0,9.83
1178421,2019-04-28,Royal Challengers Bangalore,Arun Jaitley Stadium,death,45,2,30,5.0,9.0
1178421,2019-04-28,Royal Challengers Bangalore,Arun Jaitley Stadium,middle,62,4,54,9.0,6.89
1178421,2019-04-28,Royal Challengers Bangalore,Arun Jaitley Stadium,powerplay,64,1,36,6.0,10.67
1178422,2019-04-28,Kolkata Knight Riders,Eden Gardens,death,75,1,30,5.0,15.0
1178422,2019-04-28,Kolkata Knight Riders,Eden Gardens,middle,107,1,54,9.0,11.89
1178422,2019-04-28,Kolkata Knight Riders,Eden Gardens,powerplay,50,0,36,6.0,8.33
1178422,2019-04-28,Mumbai Indians,Eden Gardens,death,58,2,30,5.0,11.6
1178422,2019-04-28,Mumbai Indians,Eden Gardens,middle,99,3,54,9.0,11.0
1178422,2019-04-28,Mumbai Indians,Eden Gardens,powerplay,41,2,36,6.0,6.83
1178423,2019-04-29,Kings XI Punjab,Rajiv Gandhi International Stadium,death,44,3,30,5.0,8.8
1178423,2019-04-29,Kings XI Punjab,Rajiv Gandhi International Stadium,middle,79,4,54,9.0,8.78
1178423,2019-04-29,Kings XI Punjab,Rajiv Gandhi International Stadium,powerplay,44,1,36,6.0,7.33
1178423,2019-04-29,Sunrisers Hyderabad,Rajiv Gandhi International Stadium,death,53,5,30,5.0,10.6
1178423,2019-04-29,Sunrisers Hyderabad,Rajiv Gandhi International Stadium,middle,82,1,54,9.0,9.11
1178423,2019-04-29,Sunrisers Hyderabad,Rajiv Gandhi International Stadium,powerplay,77,0,36,6.0,12.83
1178424,2019-04-30,Rajasthan Royals,M.Chinnaswamy Stadium,death,0,0,0,0.0,0.0
1178424,2019-04-30,Rajasthan Royals,M.Chinnaswamy Stadium,middle,0,0,0,0.0,0.0
1178424,2019-04-30,Rajasthan Royals,M.Chinnaswamy Stadium,powerplay,41,1,20,3.33,12.31
1178424,2019-04-30,Royal Challengers Bangalore,M.Chinnaswamy Stadium,death,0,0,0,0.0,0.0
1178424,2019-04-30,Royal Challengers Bangalore,M.Chinnaswamy Stadium,middle,0,0,0,0.0,0.0
1178424,2019-04-30,Royal Challengers Bangalore,M.Chinnaswamy Stadium,powerplay,62,7,30,5.0,12.4
1178425,2019-05-01,Chennai Super Kings,MA Chidambaram Stadium,death,77,1,30,5.0,15.4
1178425,2019-05-01,Chennai Super Kings,MA Chidambaram Stadium,middle,75,2,54,9.0,8.33
1178425,2019-05-01,Chennai Super Kings,MA Chidambaram Stadium,powerplay,27,1,36,6.0,4.5
1178425,2019-05-01,Delhi Capitals,MA Chidambaram Stadium,death,7,2,8,1.33,5.26
1178425,2019-05-01,Delhi Capitals,MA Chidambaram Stadium,middle,33,6,54,9.0,3.67
1178425,2019-05-01,Delhi Capitals,MA Chidambaram Stadium,powerplay,59,2,36,6.0,9.83
1178426,2019-05-02,Mumbai Indians,Wankhede Stadium,death,49,2,30,5.0,9.8
1178426,2019-05-02,Mumbai Indians,Wankhede Stadium,death,0,0,0,0.0,0.0
1178426,2019-05-02,Mumbai Indians,Wankhede Stadium,middle,69,2,54,9.0,7.67
1178426,2019-05-02,Mumbai Indians,Wankhede Stadium,middle,0,0,0,0.0,0.0
1178426,2019-05-02,Mumbai Indians,Wankhede Stadium,powerplay,44,1,36,6.0,7.33
1178426,2019-05-02,Mumbai Indians,Wankhede Stadium,powerplay,9,0,3,0.5,18.0
1178426,2019-05-02,Sunrisers Hyderabad,Wankhede Stadium,death,56,1,30,5.0,11.2
1178426,2019-05-02,Sunrisers Hyderabad,Wankhede Stadium,death,0,0,0,0.0,0.0
1178426,2019-05-02,Sunrisers Hyderabad,Wankhede Stadium,middle,47,3,54,9.0,5.22
1178426,2019-05-02,Sunrisers Hyderabad,Wankhede Stadium,middle,0,0,0,0.0,0.0
1178426,2019-05-02,Sunrisers Hyderabad,Wankhede Stadium,powerplay,59,2,36,6.0,9.83
1178426,2019-05-02,Sunrisers Hyderabad,Wankhede Stadium,powerplay,8,2,4,0.67,11.94
1178427,2019-05-03,Kings XI Punjab,Punjab Cricket Association IS Bindra Stadium,death,58,2,30,5.0,11.6
1178427,2019-05-03,Kings XI Punjab,Punjab Cricket Association IS Bindra Stadium,middle,84,2,54,9.0,9.33
1178427,2019-05-03,Kings XI Punjab,Punjab Cricket Association IS Bindra Stadium,powerplay,41,2,36,6.0,6.83
1178427,2019-05-03,Kolkata Knight Riders,Punjab Cricket Association IS Bindra Stadium,death,34,0,18,3.0,11.33
1178427,2019-05-03,Kolkata Knight Riders,Punjab Cricket Association IS Bindra Stadium,middle,89,2,54,9.0,9.89
1178427,2019-05-03,Kolkata Knight Riders,Punjab Cricket Association IS Bindra Stadium,powerplay,62,1,36,6.0,10.33
1178428,2019-05-04,Delhi Capitals,Arun Jaitley Stadium,death,21,1,7,1.17,17.95
1178428,2019-05-04,Delhi Capitals,Arun Jaitley Stadium,middle,54,2,54,9.0,6.0
1178428,2019-05-04,Delhi Capitals,Arun Jaitley Stadium,powerplay,46,2,36,6.0,7.67
1178428,2019-05-04,Rajasthan Royals,Arun Jaitley Stadium,death,45,2,30,5.0,9.0
1178428,2019-05-04,Rajasthan Royals,Arun Jaitley Stadium,middle,40,3,54,9.0,4.44
1178428,2019-05-04,Rajasthan Royals,Arun Jaitley Stadium,powerplay,30,4,36,6.0,5.0
1178429,2019-05-04,Royal Challengers Bangalore,M.Chinnaswamy Stadium,death,48,3,26,4.33,11.09
1178429,2019-05-04,Royal Challengers Bangalore,M.Chinnaswamy Stadium,middle,81,0,54,9.0,9.0
1178429,2019-05-04,Royal Challengers Bangalore,M.Chinnaswamy Stadium,powerplay,49,3,36,6.0,8.17
1178429,2019-05-04,Sunrisers Hyderabad,M.Chinnaswamy Stadium,death,53,3,30,5.0,10.6
1178429,2019-05-04,Sunrisers Hyderabad,M.Chinnaswamy Stadium,middle,70,3,54,9.0,7.78
1178429,2019-05-04,Sunrisers Hyderabad,M.Chinnaswamy Stadium,powerplay,52,1,36,6.0,8.67
1178430,2019-05-05,Chennai Super Kings,Punjab Cricket Association IS Bindra Stadium,death,46,4,30,5.0,9.2
1178430,2019-05-05,Chennai Super Kings,Punjab Cricket Association IS Bindra Stadium,middle,82,0,54,9.0,9.11
1178430,2019-05-05,Chennai Super Kings,Punjab Cricket Association IS Bindra Stadium,powerplay,42,1,36,6.0,7.0
1178430,2019-05-05,Kings XI Punjab,Punjab Cricket Association IS Bindra Stadium,death,22,1,18,3.0,7.33
1178430,2019-05-05,Kings XI Punjab,Punjab Cricket Association IS Bindra Stadium,middle,83,3,54,9.0,9.22
1178430,2019-05-05,Kings XI Punjab,Punjab Cricket Association IS Bindra Stadium,powerplay,68,0,36,6.0,11.33
1178431,2019-05-05,Kolkata Knight Riders,Wankhede Stadium,death,34,3,30,5.0,6.8
1178431,2019-05-05,Kolkata Knight Riders,Wankhede Stadium,middle,50,4,54,9.0,5.56
1178431,2019-05-05,Kolkata Knight Riders,Wankhede Stadium,powerplay,49,0,36,6.0,8.17
1178431,2019-05-05,Mumbai Indians,Wankhede Stadium,death,13,0,7,1.17,11.11
1178431,2019-05-05,Mumbai Indians,Wankhede Stadium,middle,75,1,54,9.0,8.33
1178431,2019-05-05,Mumbai Indians,Wankhede Stadium,powerplay,46,0,36,6.0,7.67
1181764,2019-05-07,Chennai Super Kings,MA Chidambaram Stadium,death,40,0,30,5.0,8.0
1181764,2019-05-07,Chennai Super Kings,MA Chidambaram Stadium,middle,59,1,54,9.0,6.56
1181764,2019-05-07,Chennai Super Kings,MA Chidambaram Stadium,powerplay,32,3,36,6.0,5.33
1181764,2019-05-07,Mumbai Indians,MA Chidambaram Stadium,death,24,0,21,3.5,6.86
1181764,2019-05-07,Mumbai Indians,MA Chidambaram Stadium,middle,64,2,54,9.0,7.11
1181764,2019-05-07,Mumbai Indians,MA Chidambaram Stadium,powerplay,44,2,36,6.0,7.33
1181766,2019-05-08,Delhi Capitals,Dr. Y.S. Rajasekhara Reddy ACA-VDCA Cricket Stadium,death,54,3,29,4.83,11.18
1181766,2019-05-08,Delhi Capitals,Dr. Y.S. Rajasekhara Reddy ACA-VDCA Cricket Stadium,middle,56,5,54,9.0,6.22
1181766,2019-05-08,Delhi Capitals,Dr. Y.S. Rajasekhara Reddy ACA-VDCA Cricket Stadium,powerplay,55,0,36,6.0,9.17
1181766,2019-05-08,Sunrisers Hyderabad,Dr. Y.S. Rajasekhara Reddy ACA-VDCA Cricket Stadium,death,58,5,30,5.0,11.6
1181766,2019-05-08,Sunrisers Hyderabad,Dr. Y.S. Rajasekhara Reddy ACA-VDCA Cricket Stadium,middle,50,2,54,9.0,5.56
1181766,2019-05-08,Sunrisers Hyderabad,Dr. Y.S. Rajasekhara Reddy ACA-VDCA Cricket Stadium,powerplay,54,1,36,6.0,9.0
1181767,2019-05-10,Chennai Super Kings,Dr. Y.S. Rajasekhara Reddy ACA-VDCA Cricket Stadium,death,32,2,24,4.0,8.0
1181767,2019-05-10,Chennai Super Kings,Dr. Y.S. Rajasekhara Reddy ACA-VDCA Cricket Stadium,middle,77,2,54,9.0,8.56
1181767,2019-05-10,Chennai Super Kings,Dr. Y.S. Rajasekhara Reddy ACA-VDCA Cricket Stadium,powerplay,42,0,36,6.0,7.0
1181767,2019-05-10,Delhi Capitals,Dr. Y.S. Rajasekhara Reddy ACA-VDCA Cricket Stadium,death,54,4,30,5.0,10.8
1181767,2019-05-10,Delhi Capitals,Dr. Y.S. Rajasekhara Reddy ACA-VDCA Cricket Stadium,middle,52,3,54,9.0,5.78
1181767,2019-05-10,Delhi Capitals,Dr. Y.S. Rajasekhara Reddy ACA-VDCA Cricket Stadium,powerplay,41,2,36,6.0,6.83
1181768,2019-05-12,Chennai Super Kings,Rajiv Gandhi International Stadium,death,60,3,30,5.0,12.0
1181768,2019-05-12,Chennai Super Kings,Rajiv Gandhi International Stadium,middle,35,3,54,9.0,3.89
1181768,2019-05-12,Chennai Super Kings,Rajiv Gandhi International Stadium,powerplay,53,1,36,6.0,8.83
1181768,2019-05-12,Mumbai Indians,Rajiv Gandhi International Stadium,death,47,3,30,5.0,9.4
1181768,2019-05-12,Mumbai Indians,Rajiv Gandhi International Stadium,middle,57,3,54,9.0,6.33
1181768,2019-05-12,Mumbai Indians,Rajiv Gandhi International Stadium,powerplay,45,2,36,6.0,7.5
1216492,2020-09-19,Chennai Super Kings,Sheikh Zayed Stadium,death,50,3,26,4.33,11.55
1216492,2020-09-19,Chennai Super Kings,Sheikh Zayed Stadium,middle,79,0,54,9.0,8.78
1216492,2020-09-19,Chennai Super Kings,Sheikh Zayed Stadium,powerplay,37,2,36,6.0,6.17
1216492,2020-09-19,Mumbai Indians,Sheikh Zayed Stadium,death,36,4,30,5.0,7.2
1216492,2020-09-19,Mumbai Indians,Sheikh Zayed Stadium,middle,75,3,54,9.0,8.33
1216492,2020-09-19,Mumbai Indians,Sheikh Zayed Stadium,powerplay,51,2,36,6.0,8.5
1216493,2020-09-20,Delhi Capitals,Dubai International Cricket Stadium,death,64,3,30,5.0,12.8
1216493,2020-09-20,Delhi Capitals,Dubai International Cricket Stadium,death,0,0,0,0.0,0.0
1216493,2020-09-20,Delhi Capitals,Dubai International Cricket Stadium,middle,70,2,54,9.0,7.78
1216493,2020-09-20,Delhi Capitals,Dubai International Cricket Stadium,middle,0,0,0,0.0,0.0
1216493,2020-09-20,Delhi Capitals,Dubai International Cricket Stadium,powerplay,23,3,36,6.0,3.83
1216493,2020-09-20,Delhi Capitals,Dubai International Cricket Stadium,powerplay,3,0,2,0.33,9.09
1216493,2020-09-20,Kings XI Punjab,Dubai International Cricket Stadium,death,59,3,30,5.0,11.8
1216493,2020-09-20,Kings XI Punjab,Dubai International Cricket Stadium,death,0,0,0,0.0,0.0
1216493,2020-09-20,Kings XI Punjab,Dubai International Cricket Stadium,middle,63,2,54,9.0,7.0
1216493,2020-09-20,Kings XI Punjab,Dubai International Cricket Stadium,middle,0,0,0,0.0,0.0
1216493,2020-09-20,Kings XI Punjab,Dubai International Cricket Stadium,powerplay,35,3,36,6.0,5.83
1216493,2020-09-20,Kings XI Punjab,Dubai International Cricket Stadium,powerplay,2,2,3,0.5,4.0
1216534,2020-09-21,Royal Challengers Bangalore,Dubai International Cricket Stadium,death,47,3,30,5.0,9.4
1216534,2020-09-21,Royal Challengers Bangalore,Dubai International Cricket Stadium,middle,63,2,54,9.0,7.0
1216534,2020-09-21,Royal Challengers Bangalore,Dubai International Cricket Stadium,powerplay,53,0,36,6.0,8.83
1216534,2020-09-21,Sunrisers Hyderabad,Dubai International Cricket Stadium,death,32,8,28,4.67,6.85
1216534,2020-09-21,Sunrisers Hyderabad,Dubai International Cricket Stadium,middle,73,1,54,9.0,8.11
1216534,2020-09-21,Sunrisers Hyderabad,Dubai International Cricket Stadium,powerplay,48,1,36,6.0,8.0
1216496,2020-09-22,Chennai Super Kings,Sharjah Cricket Stadium,death,69,1,30,5.0,13.8
1216496,2020-09-22,Chennai Super Kings,Sharjah Cricket Stadium,middle,78,5,54,9.0,8.67
1216496,2020-09-22,Chennai Super Kings,Sharjah Cricket Stadium,powerplay,53,0,36,6.0,8.83
1216496,2020-09-22,Rajasthan Royals,Sharjah Cricket Stadium,death,62,3,30,5.0,12.4
1216496,2020-09-22,Rajasthan Royals,Sharjah Cricket Stadium,middle,100,3,54,9.0,11.11
1216496,2020-09-22,Rajasthan Royals,Sharjah Cricket Stadium,powerplay,54,1,36,6.0,9.0
1216508,2020-09-23,Kolkata Knight Riders,Sheikh Zayed Stadium,death,46,5,30,5.0,9.2
1216508,2020-09-23,Kolkata Knight Riders,Sheikh Zayed Stadium,middle,67,2,54,9.0,7.44
1216508,2020-09-23,Kolkata Knight Riders,Sheikh Zayed Stadium,powerplay,33,2,36,6.0,5.5
1216508,2020-09-23,Mumbai Indians,Sheikh Zayed Stadium,death,48,3,30,5.0,9.6
1216508,2020-09-23,Mumbai Indians,Sheikh Zayed Stadium,middle,88,1,54,9.0,9.78
1216508,2020-09-23,Mumbai Indians,Sheikh Zayed Stadium,powerplay,59,1,36,6.0,9.83
1216510,2020-09-24,Kings XI Punjab,Dubai International Cricket Stadium,death,80,1,30,5.0,16.0
1216510,2020-09-24,Kings XI Punjab,Dubai International Cricket Stadium,middle,76,2,54,9.0,8.44
1216510,2020-09-24,Kings XI Punjab,Dubai International Cricket Stadium,powerplay,50,0,36,6.0,8.33
1216510,2020-09-24,Royal Challengers Bangalore,Dubai International Cricket Stadium,death,14,3,12,2.0,7.0
1216510,2020-09-24,Royal Challengers Bangalore,Dubai International Cricket Stadium,middle,55,4,54,9.0,6.11
1216510,2020-09-24,Royal Challengers Bangalore,Dubai International Cricket Stadium,powerplay,40,3,36,6.0,6.67
1216539,2020-09-25,Chennai Super Kings,Dubai International Cricket Stadium,death,36,4,30,5.0,7.2
1216539,2020-09-25,Chennai Super Kings,Dubai International Cricket Stadium,middle,61,1,54,9.0,6.78
1216539,2020-09-25,Chennai Super Kings,Dubai International Cricket Stadium,powerplay,34,2,36,6.0,5.67
1216539,2020-09-25,Delhi Capitals,Dubai International Cricket Stadium,death,51,1,30,5.0,10.2
1216539,2020-09-25,Delhi Capitals,Dubai International Cricket Stadium,middle,88,2,54,9.0,9.78
1216539,2020-09-25,Delhi Capitals,Dubai International Cricket Stadium,powerplay,36,0,36,6.0,6.0
1216545,2020-09-26,Kolkata Knight Riders,Sheikh Zayed Stadium,death,32,0,18,3.0,10.67
1216545,2020-09-26,Kolkata Knight Riders,Sheikh Zayed Stadium,middle,61,1,54,9.0,6.78
1216545,2020-09-26,Kolkata Knight Riders,Sheikh Zayed Stadium,powerplay,52,2,36,6.0,8.67
1216545,2020-09-26,Sunrisers Hyderabad,Sheikh Zayed Stadium,death,43,2,30,5.0,8.6
1216545,2020-09-26,Sunrisers Hyderabad,Sheikh Zayed Stadium,middle,59,1,54,9.0,6.56
1216545,2020-09-26,Sunrisers Hyderabad,Sheikh Zayed Stadium,powerplay,40,1,36,6.0,6.67
1216527,2020-09-27,Kings XI Punjab,Sharjah Cricket Stadium,death,51,2,30,5.0,10.2
1216527,2020-09-27,Kings XI Punjab,Sharjah Cricket Stadium,middle,112,0,54,9.0,12.44
1216527,2020-09-27,Kings XI Punjab,Sharjah Cricket Stadium,powerplay,60,0,36,6.0,10.0
1216527,2020-09-27,Rajasthan Royals,Sharjah Cricket Stadium,death,86,4,27,4.5,19.11
1216527,2020-09-27,Rajasthan Royals,Sharjah Cricket Stadium,middle,71,1,54,9.0,7.89
1216527,2020-09-27,Rajasthan Royals,Sharjah Cricket Stadium,powerplay,69,1,36,6.0,11.5
1216547,2020-09-28,Mumbai Indians,Dubai International Cricket Stadium,death,89,1,30,5.0,17.8
1216547,2020-09-28,Mumbai Indians,Dubai International Cricket Stadium,death,0,0,0,0.0,0.0
1216547,2020-09-28,Mumbai Indians,Dubai International Cricket Stadium,middle,77,2,54,9.0,8.56
1216547,2020-09-28,Mumbai Indians,Dubai International Cricket Stadium,middle,0,0,0,0.0,0.0
1216547,2020-09-28,Mumbai Indians,Dubai International Cricket Stadium,powerplay,35,2,36,6.0,5.83
1216547,2020-09-28,Mumbai Indians,Dubai International Cricket Stadium,powerplay,7,1,6,1.0,7.0
1216547,2020-09-28,Royal Challengers Bangalore,Dubai International Cricket Stadium,death,78,1,30,5.0,15.6
1216547,2020-09-28,Royal Challengers Bangalore,Dubai International Cricket Stadium,death,0,0,0,0.0,0.0
1216547,2020-09-28,Royal Challengers Bangalore,Dubai International Cricket Stadium,middle,64,2,54,9.0,7.11
1216547,2020-09-28,Royal Challengers Bangalore,Dubai International Cricket Stadium,middle,0,0,0,0.0,0.0
1216547,2020-09-28,Royal Challengers Bangalore,Dubai International Cricket Stadium,powerplay,59,0,36,6.0,9.83
1216547,2020-09-28,Royal Challengers Bangalore,Dubai International Cricket Stadium,powerplay,11,0,6,1.0,11.0
1216532,2020-09-29,Delhi Capitals,Sheikh Zayed Stadium,death,43,4,30,5.0,8.6
1216532,2020-09-29,Delhi Capitals,Sheikh Zayed Stadium,middle,70,2,54,9.0,7.78
1216532,2020-09-29,Delhi Capitals,Sheikh Zayed Stadium,powerplay,34,1,36,6.0,5.67
1216532,2020-09-29,Sunrisers Hyderabad,Sheikh Zayed Stadium,death,45,2,30,5.0,9.0
1216532,2020-09-29,Sunrisers Hyderabad,Sheikh Zayed Stadium,middle,79,2,54,9.0,8.78
1216532,2020-09-29,Sunrisers Hyderabad,Sheikh Zayed Stadium,powerplay,38,0,36,6.0,6.33
1216504,2020-09-30,Kolkata Knight Riders,Dubai International Cricket Stadium,death,54,1,30,5.0,10.8
1216504,2020-09-30,Kolkata Knight Riders,Dubai International Cricket Stadium,middle,78,4,54,9.0,8.67
1216504,2020-09-30,Kolkata Knight Riders,Dubai International Cricket Stadium,powerplay,42,1,36,6.0,7.0
1216504,2020-09-30,Rajasthan Royals,Dubai International Cricket Stadium,death,47,1,30,5.0,9.4
1216504,2020-09-30,Rajasthan Royals,Dubai International Cricket Stadium,middle,51,6,54,9.0,5.67
1216504,2020-09-30,Rajasthan Royals,Dubai International Cricket Stadium,powerplay,39,2,36,6.0,6.5
1216503,2020-10-01,Kings XI Punjab,Sheikh Zayed Stadium,death,34,3,30,5.0,6.8
1216503,2020-10-01,Kings XI Punjab,Sheikh Zayed Stadium,middle,68,3,54,9.0,7.56
1216503,2020-10-01,Kings XI Punjab,Sheikh Zayed Stadium,powerplay,41,2,36,6.0,6.83
1216503,2020-10-01,Mumbai Indians,Sheikh Zayed Stadium,death,89,1,30,5.0,17.8
1216503,2020-10-01,Mumbai Indians,Sheikh Zayed Stadium,middle,61,1,54,9.0,6.78
1216503,2020-10-01,Mumbai Indians,Sheikh Zayed Stadium,powerplay,41,2,36,6.0,6.83
1216516,2020-10-02,Chennai Super Kings,Dubai International Cricket Stadium,death,78,1,30,5.0,15.6
1216516,2020-10-02,Chennai Super Kings,Dubai International Cricket Stadium,middle,43,1,54,9.0,4.78
1216516,2020-10-02,Chennai Super Kings,Dubai International Cricket Stadium,powerplay,36,3,36,6.0,6.0
1216516,2020-10-02,Sunrisers Hyderabad,Dubai International Cricket Stadium,death,64,1,30,5.0,12.8
1216516,2020-10-02,Sunrisers Hyderabad,Dubai International Cricket Stadium,middle,58,3,54,9.0,6.44
1216516,2020-10-02,Sunrisers Hyderabad,Dubai International Cricket Stadium,powerplay,42,1,36,6.0,7.0
1216514,2020-10-03,Rajasthan Royals,Sheikh Zayed Stadium,death,55,2,30,5.0,11.0
1216514,2020-10-03,Rajasthan Royals,Sheikh Zayed Stadium,middle,61,1,54,9.0,6.78
1216514,2020-10-03,Rajasthan Royals,Sheikh Zayed Stadium,powerplay,38,3,36,6.0,6.33
1216514,2020-10-03,Royal Challengers Bangalore,Sheikh Zayed Stadium,death,40,1,25,4.17,9.59
1216514,2020-10-03,Royal Challengers Bangalore,Sheikh Zayed Stadium,middle,68,0,54,9.0,7.56
1216514,2020-10-03,Royal Challengers Bangalore,Sheikh Zayed Stadium,powerplay,50,1,36,6.0,8.33
1216515,2020-10-03,Delhi Capitals,Sharjah Cricket Stadium,death,77,2,30,5.0,15.4
1216515,2020-10-03,Delhi Capitals,Sharjah Cricket Stadium,middle,94,1,54,9.0,10.44
1216515,2020-10-03,Delhi Capitals,Sharjah Cricket Stadium,powerplay,57,1,36,6.0,9.5
1216515,2020-10-03,Kolkata Knight Riders,Sharjah Cricket Stadium,death,73,2,30,5.0,14.6
1216515,2020-10-03,Kolkata Knight Riders,Sharjah Cricket Stadium,middle,78,5,54,9.0,8.67
1216515,2020-10-03,Kolkata Knight Riders,Sharjah Cricket Stadium,powerplay,59,1,36,6.0,9.83
1216513,2020-10-04,Chennai Super Kings,Dubai International Cricket Stadium,death,31,0,16,2.67,11.61
1216513,2020-10-04,Chennai Super Kings,Dubai International Cricket Stadium,middle,90,0,54,9.0,10.0
1216513,2020-10-04,Chennai Super Kings,Dubai International Cricket Stadium,powerplay,60,0,36,6.0,10.0
1216513,2020-10-04,Kings XI Punjab,Dubai International Cricket Stadium,death,48,2,30,5.0,9.6
1216513,2020-10-04,Kings XI Punjab,Dubai International Cricket Stadium,middle,84,2,54,9.0,9.33
1216513,2020-10-04,Kings XI Punjab,Dubai International Cricket Stadium,powerplay,46,0,36,6.0,7.67
1216538,2020-10-04,Mumbai Indians,Sharjah Cricket Stadium,death,61,1,30,5.0,12.2
1216538,2020-10-04,Mumbai Indians,Sharjah Cricket Stadium,middle,99,2,54,9.0,11.0
1216538,2020-10-04,Mumbai Indians,Sharjah Cricket Stadium,powerplay,48,2,36,6.0,8.0
1216538,2020-10-04,Sunrisers Hyderabad,Sharjah Cricket Stadium,death,35,3,30,5.0,7.0
1216538,2020-10-04,Sunrisers Hyderabad,Sharjah Cricket Stadium,middle,83,3,54,9.0,9.22
1216538,2020-10-04,Sunrisers Hyderabad,Sharjah Cricket Stadium,powerplay,56,1,36,6.0,9.33
1216519,2020-10-05,Delhi Capitals,Dubai International Cricket Stadium,death,62,1,30,5.0,12.4
1216519,2020-10-05,Delhi Capitals,Dubai International Cricket Stadium,middle,71,3,54,9.0,7.89
1216519,2020-10-05,Delhi Capitals,Dubai International Cricket Stadium,powerplay,63,0,36,6.0,10.5
1216519,2020-10-05,Royal Challengers Bangalore,Dubai International Cricket Stadium,death,32,4,30,5.0,6.4
1216519,2020-10-05,Royal Challengers Bangalore,Dubai International Cricket Stadium,middle,62,2,54,9.0,6.89
1216519,2020-10-05,Royal Challengers Bangalore,Dubai International Cricket Stadium,powerplay,43,3,36,6.0,7.17
1216511,2020-10-06,Mumbai Indians,Sheikh Zayed Stadium,death,68,0,30,5.0,13.6
1216511,2020-10-06,Mumbai Indians,Sheikh Zayed Stadium,middle,68,3,54,9.0,7.56
1216511,2020-10-06,Mumbai Indians,Sheikh Zayed Stadium,powerplay,57,1,36,6.0,9.5
1216511,2020-10-06,Rajasthan Royals,Sheikh Zayed Stadium,death,23,4,19,3.17,7.26
1216511,2020-10-06,Rajasthan Royals,Sheikh Zayed Stadium,middle,82,3,54,9.0,9.11
1216511,2020-10-06,Rajasthan Royals,Sheikh Zayed Stadium,powerplay,31,3,36,6.0,5.17
1216501,2020-10-07,Chennai Super Kings,Sheikh Zayed Stadium,death,47,2,30,5.0,9.4
1216501,2020-10-07,Chennai Super Kings,Sheikh Zayed Stadium,middle,56,2,54,9.0,6.22
1216501,2020-10-07,Chennai Super Kings,Sheikh Zayed Stadium,powerplay,54,1,36,6.0,9.0
1216501,2020-10-07,Kolkata Knight Riders,Sheikh Zayed Stadium,death,39,6,30,5.0,7.8
1216501,2020-10-07,Kolkata Knight Riders,Sheikh Zayed Stadium,middle,76,3,54,9.0,8.44
1216501,2020-10-07,Kolkata Knight Riders,Sheikh Zayed Stadium,powerplay,52,1,36,6.0,8.67
1216542,2020-10-08,Kings XI Punjab,Dubai International Cricket Stadium,death,6,2,11,1.83,3.28
1216542,2020-10-08,Kings XI Punjab,Dubai International Cricket Stadium,middle,81,6,54,9.0,9.0
1216542,2020-10-08,Kings XI Punjab,Dubai International Cricket Stadium,powerplay,45,2,36,6.0,7.5
1216542,2020-10-08,Sunrisers Hyderabad,Dubai International Cricket Stadium,death,41,6,30,5.0,8.2
1216542,2020-10-08,Sunrisers Hyderabad,Dubai International Cricket Stadium,middle,102,0,54,9.0,11.33
1216542,2020-10-08,Sunrisers Hyderabad,Dubai International Cricket Stadium,powerplay,58,0,36,6.0,9.67
1216500,2020-10-09,Delhi Capitals,Sharjah Cricket Stadium,death,62,3,30,5.0,12.4
1216500,2020-10-09,Delhi Capitals,Sharjah Cricket Stadium,middle,71,2,54,9.0,7.89
1216500,2020-10-09,Delhi Capitals,Sharjah Cricket Stadium,powerplay,51,3,36,6.0,8.5
1216500,2020-10-09,Rajasthan Royals,Sharjah Cricket Stadium,death,37,3,28,4.67,7.92
1216500,2020-10-09,Rajasthan Royals,Sharjah Cricket Stadium,middle,60,6,54,9.0,6.67
1216500,2020-10-09,Rajasthan Royals,Sharjah Cricket Stadium,powerplay,41,1,36,6.0,6.83
1216523,2020-10-10,Kings XI Punjab,Sheikh Zayed Stadium,death,45,4,30,5.0,9.0
1216523,2020-10-10,Kings XI Punjab,Sheikh Zayed Stadium,middle,70,1,54,9.0,7.78
1216523,2020-10-10,Kings XI Punjab,Sheikh Zayed Stadium,powerplay,47,0,36,6.0,7.83
1216523,2020-10-10,Kolkata Knight Riders,Sheikh Zayed Stadium,death,63,3,30,5.0,12.6
1216523,2020-10-10,Kolkata Knight Riders,Sheikh Zayed Stadium,middle,76,1,54,9.0,8.44
1216523,2020-10-10,Kolkata Knight Riders,Sheikh Zayed Stadium,powerplay,25,2,36,6.0,4.17
1216525,2020-10-10,Chennai Super Kings,Dubai International Cricket Stadium,death,36,5,30,5.0,7.2
1216525,2020-10-10,Chennai Super Kings,Dubai International Cricket Stadium,middle,70,1,54,9.0,7.78
1216525,2020-10-10,Chennai Super Kings,Dubai International Cricket Stadium,powerplay,26,2,36,6.0,4.33
1216525,2020-10-10,Royal Challengers Bangalore,Dubai International Cricket Stadium,death,74,0,30,5.0,14.8
1216525,2020-10-10,Royal Challengers Bangalore,Dubai International Cricket Stadium,middle,59,3,54,9.0,6.56
1216525,2020-10-10,Royal Challengers Bangalore,Dubai International Cricket Stadium,powerplay,36,1,36,6.0,6.0
1216507,2020-10-11,Rajasthan Royals,Dubai International Cricket Stadium,death,69,0,29,4.83,14.29
1216507,2020-10-11,Rajasthan Royals,Dubai International Cricket Stadium,middle,58,2,54,9.0,6.44
1216507,2020-10-11,Rajasthan Royals,Dubai International Cricket Stadium,powerplay,36,3,36,6.0,6.0
1216507,2020-10-11,Sunrisers Hyderabad,Dubai International Cricket Stadium,death,62,2,30,5.0,12.4
1216507,2020-10-11,Sunrisers Hyderabad,Dubai International Cricket Stadium,middle,70,1,54,9.0,7.78
1216507,2020-10-11,Sunrisers Hyderabad,Dubai International Cricket Stadium,powerplay,26,1,36,6.0,4.33
1216529,2020-10-11,Delhi Capitals,Sheikh Zayed Stadium,death,51,1,30,5.0,10.2
1216529,2020-10-11,Delhi Capitals,Sheikh Zayed Stadium,middle,65,1,54,9.0,7.22
1216529,2020-10-11,Delhi Capitals,Sheikh Zayed Stadium,powerplay,46,2,36,6.0,7.67
1216529,2020-10-11,Mumbai Indians,Sheikh Zayed Stadium,death,36,2,28,4.67,7.71
1216529,2020-10-11,Mumbai Indians,Sheikh Zayed Stadium,middle,86,2,54,9.0,9.56
1216529,2020-10-11,Mumbai Indians,Sheikh Zayed Stadium,powerplay,44,1,36,6.0,7.33
1216540,2020-10-12,Kolkata Knight Riders,Sharjah Cricket Stadium,death,22,2,30,5.0,4.4
1216540,2020-10-12,Kolkata Knight Riders,Sharjah Cricket Stadium,middle,47,6,54,9.0,5.22
1216540,2020-10-12,Kolkata Knight Riders,Sharjah Cricket Stadium,powerplay,43,1,36,6.0,7.17
1216540,2020-10-12,Royal Challengers Bangalore,Sharjah Cricket Stadium,death,83,0,30,5.0,16.6
1216540,2020-10-12,Royal Challengers Bangalore,Sharjah Cricket Stadium,middle,64,2,54,9.0,7.11
1216540,2020-10-12,Royal Challengers Bangalore,Sharjah Cricket Stadium,powerplay,47,0,36,6.0,7.83
1216528,2020-10-13,Chennai Super Kings,Dubai International Cricket Stadium,death,51,4,30,5.0,10.2
1216528,2020-10-13,Chennai Super Kings,Dubai International Cricket Stadium,middle,72,0,54,9.0,8.0
1216528,2020-10-13,Chennai Super Kings,Dubai International Cricket Stadium,powerplay,44,2,36,6.0,7.33
1216528,2020-10-13,Sunrisers Hyderabad,Dubai International Cricket Stadium,death,46,4,30,5.0,9.2
1216528,2020-10-13,Sunrisers Hyderabad,Dubai International Cricket Stadium,middle,61,2,54,9.0,6.78
1216528,2020-10-13,Sunrisers Hyderabad,Dubai International Cricket Stadium,powerplay,40,2,36,6.0,6.67
1216543,2020-10-14,Delhi Capitals,Dubai International Cricket Stadium,death,32,4,30,5.0,6.4
1216543,2020-10-14,Delhi Capitals,Dubai International Cricket Stadium,middle,82,1,54,9.0,9.11
1216543,2020-10-14,Delhi Capitals,Dubai International Cricket Stadium,powerplay,47,2,36,6.0,7.83
1216543,2020-10-14,Rajasthan Royals,Dubai International Cricket Stadium,death,25,3,30,5.0,5.0
1216543,2020-10-14,Rajasthan Royals,Dubai International Cricket Stadium,middle,73,3,54,9.0,8.11
1216543,2020-10-14,Rajasthan Royals,Dubai International Cricket Stadium,powerplay,50,2,36,6.0,8.33
1216531,2020-10-15,Kings XI Punjab,Sharjah Cricket Stadium,death,51,1,30,5.0,10.2
1216531,2020-10-15,Kings XI Punjab,Sharjah Cricket Stadium,middle,70,1,54,9.0,7.78
1216531,2020-10-15,Kings XI Punjab,Sharjah Cricket Stadium,powerplay,56,0,36,6.0,9.33
1216531,2020-10-15,Royal Challengers Bangalore,Sharjah Cricket Stadium,death,49,3,30,5.0,9.8
1216531,2020-10-15,Royal Challengers Bangalore,Sharjah Cricket Stadium,middle,65,2,54,9.0,7.22
1216531,2020-10-15,Royal Challengers Bangalore,Sharjah Cricket Stadium,powerplay,57,1,36,6.0,9.5
1216526,2020-10-16,Kolkata Knight Riders,Sheikh Zayed Stadium,death,53,0,30,5.0,10.6
1216526,2020-10-16,Kolkata Knight Riders,Sheikh Zayed Stadium,middle,62,3,54,9.0,6.89
1216526,2020-10-16,Kolkata Knight Riders,Sheikh Zayed Stadium,powerplay,33,2,36,6.0,5.5
1216526,2020-10-16,Mumbai Indians,Sheikh Zayed Stadium,death,23,0,11,1.83,12.57
1216526,2020-10-16,Mumbai Indians,Sheikh Zayed Stadium,middle,75,2,54,9.0,8.33
1216526,2020-10-16,Mumbai Indians,Sheikh Zayed Stadium,powerplay,51,0,36,6.0,8.5
1216509,2020-10-17,Chennai Super Kings,Sharjah Cricket Stadium,death,67,1,30,5.0,13.4
1216509,2020-10-17,Chennai Super Kings,Sharjah Cricket Stadium,middle,73,2,54,9.0,8.11
1216509,2020-10-17,Chennai Super Kings,Sharjah Cricket Stadium,powerplay,39,1,36,6.0,6.5
1216509,2020-10-17,Delhi Capitals,Sharjah Cricket Stadium,death,56,2,29,4.83,11.59
1216509,2020-10-17,Delhi Capitals,Sharjah Cricket Stadium,middle,88,1,54,9.0,9.78
1216509,2020-10-17,Delhi Capitals,Sharjah Cricket Stadium,powerplay,41,2,36,6.0,6.83
1216522,2020-10-17,Rajasthan Royals,Dubai International Cricket Stadium,death,58,3,30,5.0,11.6
1216522,2020-10-17,Rajasthan Royals,Dubai International Cricket Stadium,middle,67,2,54,9.0,7.44
1216522,2020-10-17,Rajasthan Royals,Dubai International Cricket Stadium,powerplay,52,1,36,6.0,8.67
1216522,2020-10-17,Royal Challengers Bangalore,Dubai International Cricket Stadium,death,65,0,28,4.67,13.92
1216522,2020-10-17,Royal Challengers Bangalore,Dubai International Cricket Stadium,middle,67,2,54,9.0,7.44
1216522,2020-10-17,Royal Challengers Bangalore,Dubai International Cricket Stadium,powerplay,47,1,36,6.0,7.83
1216512,2020-10-18,Kolkata Knight Riders,Sheikh Zayed Stadium,death,58,1,30,5.0,11.6
1216512,2020-10-18,Kolkata Knight Riders,Sheikh Zayed Stadium,death,0,0,0,0.0,0.0
1216512,2020-10-18,Kolkata Knight Riders,Sheikh Zayed Stadium,middle,57,3,54,9.0,6.33
1216512,2020-10-18,Kolkata Knight Riders,Sheikh Zayed Stadium,middle,0,0,0,0.0,0.0
1216512,2020-10-18,Kolkata Knight Riders,Sheikh Zayed Stadium,powerplay,48,1,36,6.0,8.0
1216512,2020-10-18,Kolkata Knight Riders,Sheikh Zayed Stadium,powerplay,3,0,4,0.67,4.48
1216512,2020-10-18,Sunrisers Hyderabad,Sheikh Zayed Stadium,death,54,2,30,5.0,10.8
1216512,2020-10-18,Sunrisers Hyderabad,Sheikh Zayed Stadium,death,0,0,0,0.0,0.0
1216512,2020-10-18,Sunrisers Hyderabad,Sheikh Zayed Stadium,middle,51,4,54,9.0,5.67
1216512,2020-10-18,Sunrisers Hyderabad,Sheikh Zayed Stadium,middle,0,0,0,0.0,0.0
1216512,2020-10-18,Sunrisers Hyderabad,Sheikh Zayed Stadium,powerplay,58,0,36,6.0,9.67
1216512,2020-10-18,Sunrisers Hyderabad,Sheikh Zayed Stadium,powerplay,2,2,3,0.5,4.0
1216517,2020-10-18,Kings XI Punjab,Dubai International Cricket Stadium,death,51,2,30,5.0,10.2
1216517,2020-10-18,Kings XI Punjab,Dubai International Cricket Stadium,death,0,0,0,0.0,0.0
1216517,2020-10-18,Kings XI Punjab,Dubai International Cricket Stadium,death,0,0,0,0.0,0.0
1216517,2020-10-18,Kings XI Punjab,Dubai International Cricket Stadium,middle,74,3,54,9.0,8.22
1216517,2020-10-18,Kings XI Punjab,Dubai International Cricket Stadium,middle,0,0,0,0.0,0.0
1216517,2020-10-18,Kings XI Punjab,Dubai International Cricket Stadium,middle,0,0,0,0.0,0.0
1216517,2020-10-18,Kings XI Punjab,Dubai International Cricket Stadium,powerplay,51,1,36,6.0,8.5
1216517,2020-10-18,Kings XI Punjab,Dubai International Cricket Stadium,powerplay,5,2,6,1.0,5.0
1216517,2020-10-18,Kings XI Punjab,Dubai International Cricket Stadium,powerplay,15,0,4,0.67,22.39
1216517,2020-10-18,Mumbai Indians,Dubai International Cricket Stadium,death,62,2,30,5.0,12.4
1216517,2020-10-18,Mumbai Indians,Dubai International Cricket Stadium,death,0,0,0,0.0,0.0
1216517,2020-10-18,Mumbai Indians,Dubai International Cricket Stadium,death,0,0,0,0.0,0.0
1216517,2020-10-18,Mumbai Indians,Dubai International Cricket Stadium,middle,71,1,54,9.0,7.89
1216517,2020-10-18,Mumbai Indians,Dubai International Cricket Stadium,middle,0,0,0,0.0,0.0
1216517,2020-10-18,Mumbai Indians,Dubai International Cricket Stadium,middle,0,0,0,0.0,0.0
1216517,2020-10-18,Mumbai Indians,Dubai International Cricket Stadium,powerplay,43,3,36,6.0,7.17
1216517,2020-10-18,Mumbai Indians,Dubai International Cricket Stadium,powerplay,5,1,6,1.0,5.0
1216517,2020-10-18,Mumbai Indians,Dubai International Cricket Stadium,powerplay,11,1,6,1.0,11.0
1216533,2020-10-19,Chennai Super Kings,Sheikh Zayed Stadium,death,36,1,30,5.0,7.2
1216533,2020-10-19,Chennai Super Kings,Sheikh Zayed Stadium,middle,46,2,54,9.0,5.11
1216533,2020-10-19,Chennai Super Kings,Sheikh Zayed Stadium,powerplay,43,2,36,6.0,7.17
1216533,2020-10-19,Rajasthan Royals,Sheikh Zayed Stadium,death,18,0,15,2.5,7.2
1216533,2020-10-19,Rajasthan Royals,Sheikh Zayed Stadium,middle,77,0,54,9.0,8.56
1216533,2020-10-19,Rajasthan Royals,Sheikh Zayed Stadium,powerplay,31,3,36,6.0,5.17
1216546,2020-10-20,Delhi Capitals,Dubai International Cricket Stadium,death,47,2,30,5.0,9.4
1216546,2020-10-20,Delhi Capitals,Dubai International Cricket Stadium,middle,64,2,54,9.0,7.11
1216546,2020-10-20,Delhi Capitals,Dubai International Cricket Stadium,powerplay,53,1,36,6.0,8.83
1216546,2020-10-20,Kings XI Punjab,Dubai International Cricket Stadium,death,26,1,24,4.0,6.5
1216546,2020-10-20,Kings XI Punjab,Dubai International Cricket Stadium,middle,84,1,54,9.0,9.33
1216546,2020-10-20,Kings XI Punjab,Dubai International Cricket Stadium,powerplay,57,3,36,6.0,9.5
1216494,2020-10-21,Kolkata Knight Riders,Sheikh Zayed Stadium,death,32,2,30,5.0,6.4
1216494,2020-10-21,Kolkata Knight Riders,Sheikh Zayed Stadium,middle,35,2,54,9.0,3.89
1216494,2020-10-21,Kolkata Knight Riders,Sheikh Zayed Stadium,powerplay,17,4,36,6.0,2.83
1216494,2020-10-21,Royal Challengers Bangalore,Sheikh Zayed Stadium,death,0,0,0,0.0,0.0
1216494,2020-10-21,Royal Challengers Bangalore,Sheikh Zayed Stadium,middle,41,2,45,7.5,5.47
1216494,2020-10-21,Royal Challengers Bangalore,Sheikh Zayed Stadium,powerplay,44,0,36,6.0,7.33
1216518,2020-10-22,Rajasthan Royals,Dubai International Cricket Stadium,death,49,3,30,5.0,9.8
1216518,2020-10-22,Rajasthan Royals,Dubai International Cricket Stadium,middle,58,2,54,9.0,6.44
1216518,2020-10-22,Rajasthan Royals,Dubai International Cricket Stadium,powerplay,47,1,36,6.0,7.83
1216518,2020-10-22,Sunrisers Hyderabad,Dubai International Cricket Stadium,death,38,0,19,3.17,11.99
1216518,2020-10-22,Sunrisers Hyderabad,Dubai International Cricket Stadium,middle,60,0,54,9.0,6.67
1216518,2020-10-22,Sunrisers Hyderabad,Dubai International Cricket Stadium,powerplay,58,2,36,6.0,9.67
1216521,2020-10-23,Chennai Super Kings,Sharjah Cricket Stadium,death,43,1,30,5.0,8.6
1216521,2020-10-23,Chennai Super Kings,Sharjah Cricket Stadium,middle,47,3,54,9.0,5.22
1216521,2020-10-23,Chennai Super Kings,Sharjah Cricket Stadium,powerplay,24,5,36,6.0,4.0
1216521,2020-10-23,Mumbai Indians,Sharjah Cricket Stadium,death,0,0,0,0.0,0.0
1216521,2020-10-23,Mumbai Indians,Sharjah Cricket Stadium,middle,64,0,38,6.33,10.11
1216521,2020-10-23,Mumbai Indians,Sharjah Cricket Stadium,powerplay,52,0,36,6.0,8.67
1216497,2020-10-24,Delhi Capitals,Sheikh Zayed Stadium,death,25,4,30,5.0,5.0
1216497,2020-10-24,Delhi Capitals,Sheikh Zayed Stadium,middle,74,3,54,9.0,8.22
1216497,2020-10-24,Delhi Capitals,Sheikh Zayed Stadium,powerplay,36,2,36,6.0,6.0
1216497,2020-10-24,Kolkata Knight Riders,Sheikh Zayed Stadium,death,52,3,30,5.0,10.4
1216497,2020-10-24,Kolkata Knight Riders,Sheikh Zayed Stadium,middle,106,1,54,9.0,11.78
1216497,2020-10-24,Kolkata Knight Riders,Sheikh Zayed Stadium,powerplay,36,2,36,6.0,6.0
1216498,2020-10-24,Kings XI Punjab,Dubai International Cricket Stadium,death,38,2,30,5.0,7.6
1216498,2020-10-24,Kings XI Punjab,Dubai International Cricket Stadium,middle,41,4,54,9.0,4.56
1216498,2020-10-24,Kings XI Punjab,Dubai International Cricket Stadium,powerplay,47,1,36,6.0,7.83
1216498,2020-10-24,Sunrisers Hyderabad,Dubai International Cricket Stadium,death,17,7,29,4.83,3.52
1216498,2020-10-24,Sunrisers Hyderabad,Dubai International Cricket Stadium,middle,45,3,54,9.0,5.0
1216498,2020-10-24,Sunrisers Hyderabad,Dubai International Cricket Stadium,powerplay,52,0,36,6.0,8.67
1216541,2020-10-25,Mumbai Indians,Sheikh Zayed Stadium,death,79,1,30,5.0,15.8
1216541,2020-10-25,Mumbai Indians,Sheikh Zayed Stadium,middle,57,3,54,9.0,6.33
1216541,2020-10-25,Mumbai Indians,Sheikh Zayed Stadium,powerplay,59,1,36,6.0,9.83
1216541,2020-10-25,Rajasthan Royals,Sheikh Zayed Stadium,death,39,0,20,3.33,11.71
1216541,2020-10-25,Rajasthan Royals,Sheikh Zayed Stadium,middle,102,0,54,9.0,11.33
1216541,2020-10-25,Rajasthan Royals,Sheikh Zayed Stadium,powerplay,55,2,36,6.0,9.17
1216544,2020-10-25,Chennai Super Kings,Dubai International Cricket Stadium,death,23,0,22,3.67,6.27
1216544,2020-10-25,Chennai Super Kings,Dubai International Cricket Stadium,middle,79,1,54,9.0,8.78
1216544,2020-10-25,Chennai Super Kings,Dubai International Cricket Stadium,powerplay,48,1,36,6.0,8.0
1216544,2020-10-25,Royal Challengers Bangalore,Dubai International Cricket Stadium,death,44,4,30,5.0,8.8
1216544,2020-10-25,Royal Challengers Bangalore,Dubai International Cricket Stadium,middle,55,1,54,9.0,6.11
1216544,2020-10-25,Royal Challengers Bangalore,Dubai International Cricket Stadium,powerplay,46,1,36,6.0,7.67
1216520,2020-10-26,Kings XI Punjab,Sharjah Cricket Stadium,death,37,1,23,3.83,9.66
1216520,2020-10-26,Kings XI Punjab,Sharjah Cricket Stadium,middle,77,1,54,9.0,8.56
1216520,2020-10-26,Kings XI Punjab,Sharjah Cricket Stadium,powerplay,36,0,36,6.0,6.0
1216520,2020-10-26,Kolkata Knight Riders,Sharjah Cricket Stadium,death,35,3,30,5.0,7.0
1216520,2020-10-26,Kolkata Knight Riders,Sharjah Cricket Stadium,middle,60,3,54,9.0,6.67
1216520,2020-10-26,Kolkata Knight Riders,Sharjah Cricket Stadium,powerplay,54,3,36,6.0,9.0
1216524,2020-10-27,Delhi Capitals,Dubai International Cricket Stadium,death,35,4,24,4.0,8.75
1216524,2020-10-27,Delhi Capitals,Dubai International Cricket Stadium,middle,42,4,54,9.0,4.67
1216524,2020-10-27,Delhi Capitals,Dubai International Cricket Stadium,powerplay,54,2,36,6.0,9.0
1216524,2020-10-27,Sunrisers Hyderabad,Dubai International Cricket Stadium,death,44,0,30,5.0,8.8
1216524,2020-10-27,Sunrisers Hyderabad,Dubai International Cricket Stadium,middle,98,2,54,9.0,10.89
1216524,2020-10-27,Sunrisers Hyderabad,Dubai International Cricket Stadium,powerplay,77,0,36,6.0,12.83
1216499,2020-10-28,Mumbai Indians,Sheikh Zayed Stadium,death,49,1,25,4.17,11.75
1216499,2020-10-28,Mumbai Indians,Sheikh Zayed Stadium,middle,72,3,54,9.0,8.0
1216499,2020-10-28,Mumbai Indians,Sheikh Zayed Stadium,powerplay,45,1,36,6.0,7.5
1216499,2020-10-28,Royal Challengers Bangalore,Sheikh Zayed Stadium,death,35,4,30,5.0,7.0
1216499,2020-10-28,Royal Challengers Bangalore,Sheikh Zayed Stadium,middle,75,2,54,9.0,8.33
1216499,2020-10-28,Royal Challengers Bangalore,Sheikh Zayed Stadium,powerplay,54,0,36,6.0,9.0
1216536,2020-10-29,Chennai Super Kings,Dubai International Cricket Stadium,death,57,1,30,5.0,11.4
1216536,2020-10-29,Chennai Super Kings,Dubai International Cricket Stadium,middle,77,3,54,9.0,8.56
1216536,2020-10-29,Chennai Super Kings,Dubai International Cricket Stadium,powerplay,44,0,36,6.0,7.33
1216536,2020-10-29,Kolkata Knight Riders,Dubai International Cricket Stadium,death,66,2,30,5.0,13.2
1216536,2020-10-29,Kolkata Knight Riders,Dubai International Cricket Stadium,middle,58,3,54,9.0,6.44
1216536,2020-10-29,Kolkata Knight Riders,Dubai International Cricket Stadium,powerplay,48,0,36,6.0,8.0
1216537,2020-10-30,Kings XI Punjab,Sheikh Zayed Stadium,death,62,2,30,5.0,12.4
1216537,2020-10-30,Kings XI Punjab,Sheikh Zayed Stadium,middle,70,1,54,9.0,7.78
1216537,2020-10-30,Kings XI Punjab,Sheikh Zayed Stadium,powerplay,53,1,36,6.0,8.83
1216537,2020-10-30,Rajasthan Royals,Sheikh Zayed Stadium,death,40,0,15,2.5,16.0
1216537,2020-10-30,Rajasthan Royals,Sheikh Zayed Stadium,middle,80,2,54,9.0,8.89
1216537,2020-10-30,Rajasthan Royals,Sheikh Zayed Stadium,powerplay,66,1,36,6.0,11.0
1216502,2020-10-31,Royal Challengers Bangalore,Sharjah Cricket Stadium,death,27,3,30,5.0,5.4
1216502,2020-10-31,Royal Challengers Bangalore,Sharjah Cricket Stadium,middle,63,2,54,9.0,7.0
1216502,2020-10-31,Royal Challengers Bangalore,Sharjah Cricket Stadium,powerplay,30,2,36,6.0,5.0
1216502,2020-10-31,Sunrisers Hyderabad,Sharjah Cricket Stadium,death,0,0,0,0.0,0.0
1216502,2020-10-31,Sunrisers Hyderabad,Sharjah Cricket Stadium,middle,63,4,49,8.17,7.71
1216502,2020-10-31,Sunrisers Hyderabad,Sharjah Cricket Stadium,powerplay,58,1,36,6.0,9.67
1216535,2020-10-31,Delhi Capitals,Dubai International Cricket Stadium,death,32,3,30,5.0,6.4
1216535,2020-10-31,Delhi Capitals,Dubai International Cricket Stadium,middle,56,4,54,9.0,6.22
1216535,2020-10-31,Delhi Capitals,Dubai International Cricket Stadium,powerplay,22,2,36,6.0,3.67
1216535,2020-10-31,Mumbai Indians,Dubai International Cricket Stadium,death,0,0,0,0.0,0.0
1216535,2020-10-31,Mumbai Indians,Dubai International Cricket Stadium,middle,73,1,50,8.33,8.76
1216535,2020-10-31,Mumbai Indians,Dubai International Cricket Stadium,powerplay,38,0,36,6.0,6.33
1216506,2020-11-01,Chennai Super Kings,Sheikh Zayed Stadium,death,36,0,23,3.83,9.4
1216506,2020-11-01,Chennai Super Kings,Sheikh Zayed Stadium,middle,61,1,54,9.0,6.78
1216506,2020-11-01,Chennai Super Kings,Sheikh Zayed Stadium,powerplay,57,0,36,6.0,9.5
1216506,2020-11-01,Kings XI Punjab,Sheikh Zayed Stadium,death,58,2,30,5.0,11.6
1216506,2020-11-01,Kings XI Punjab,Sheikh Zayed Stadium,middle,42,3,54,9.0,4.67
1216506,2020-11-01,Kings XI Punjab,Sheikh Zayed Stadium,powerplay,53,1,36,6.0,8.83
1216530,2020-11-01,Kolkata Knight Riders,Dubai International Cricket Stadium,death,59,2,30,5.0,11.8
1216530,2020-11-01,Kolkata Knight Riders,Dubai International Cricket Stadium,middle,77,4,54,9.0,8.56
1216530,2020-11-01,Kolkata Knight Riders,Dubai International Cricket Stadium,powerplay,55,1,36,6.0,9.17
1216530,2020-11-01,Rajasthan Royals,Dubai International Cricket Stadium,death,24,2,30,5.0,4.8
1216530,2020-11-01,Rajasthan Royals,Dubai International Cricket Stadium,middle,66,2,54,9.0,7.33
1216530,2020-11-01,Rajasthan Royals,Dubai International Cricket Stadium,powerplay,41,5,36,6.0,6.83
1216505,2020-11-02,Delhi Capitals,Sheikh Zayed Stadium,death,33,2,24,4.0,8.25
1216505,2020-11-02,Delhi Capitals,Sheikh Zayed Stadium,middle,68,1,54,9.0,7.56
1216505,2020-11-02,Delhi Capitals,Sheikh Zayed Stadium,powerplay,53,1,36,6.0,8.83
1216505,2020-11-02,Royal Challengers Bangalore,Sheikh Zayed Stadium,death,49,5,30,5.0,9.8
1216505,2020-11-02,Royal Challengers Bangalore,Sheikh Zayed Stadium,middle,63,1,54,9.0,7.0
1216505,2020-11-02,Royal Challengers Bangalore,Sheikh Zayed Stadium,powerplay,40,1,36,6.0,6.67
1216495,2020-11-03,Mumbai Indians,Sharjah Cricket Stadium,death,51,3,30,5.0,10.2
1216495,2020-11-03,Mumbai Indians,Sharjah Cricket Stadium,middle,50,3,54,9.0,5.56
1216495,2020-11-03,Mumbai Indians,Sharjah Cricket Stadium,powerplay,48,2,36,6.0,8.0
1216495,2020-11-03,Sunrisers Hyderabad,Sharjah Cricket Stadium,death,14,0,13,2.17,6.45
1216495,2020-11-03,Sunrisers Hyderabad,Sharjah Cricket Stadium,middle,81,0,54,9.0,9.0
1216495,2020-11-03,Sunrisers Hyderabad,Sharjah Cricket Stadium,powerplay,56,0,36,6.0,9.33
1237177,2020-11-05,Delhi Capitals,Dubai International Cricket Stadium,death,31,3,30,5.0,6.2
1237177,2020-11-05,Delhi Capitals,Dubai International Cricket Stadium,middle,80,1,54,9.0,8.89
1237177,2020-11-05,Delhi Capitals,Dubai International Cricket Stadium,powerplay,32,4,36,6.0,5.33
1237177,2020-11-05,Mumbai Indians,Dubai International Cricket Stadium,death,78,1,30,5.0,15.6
1237177,2020-11-05,Mumbai Indians,Dubai International Cricket Stadium,middle,59,3,54,9.0,6.56
1237177,2020-11-05,Mumbai Indians,Dubai International Cricket Stadium,powerplay,63,1,36,6.0,10.5
1237178,2020-11-06,Royal Challengers Bangalore,Sheikh Zayed Stadium,death,38,3,30,5.0,7.6
1237178,2020-11-06,Royal Challengers Bangalore,Sheikh Zayed Stadium,middle,61,2,54,9.0,6.78
1237178,2020-11-06,Royal Challengers Bangalore,Sheikh Zayed Stadium,powerplay,32,2,36,6.0,5.33
1237178,2020-11-06,Sunrisers Hyderabad,Sheikh Zayed Stadium,death,45,0,28,4.67,9.64
1237178,2020-11-06,Sunrisers Hyderabad,Sheikh Zayed Stadium,middle,39,2,54,9.0,4.33
1237178,2020-11-06,Sunrisers Hyderabad,Sheikh Zayed Stadium,powerplay,48,2,36,6.0,8.0
1237180,2020-11-08,Delhi Capitals,Sheikh Zayed Stadium,death,50,1,30,5.0,10.0
1237180,2020-11-08,Delhi Capitals,Sheikh Zayed Stadium,middle,74,2,54,9.0,8.22
1237180,2020-11-08,Delhi Capitals,Sheikh Zayed Stadium,powerplay,65,0,36,6.0,10.83
1237180,2020-11-08,Sunrisers Hyderabad,Sheikh Zayed Stadium,death,43,4,30,5.0,8.6
1237180,2020-11-08,Sunrisers Hyderabad,Sheikh Zayed Stadium,middle,80,1,54,9.0,8.89
1237180,2020-11-08,Sunrisers Hyderabad,Sheikh Zayed Stadium,powerplay,49,3,36,6.0,8.17
1237181,2020-11-10,Delhi Capitals,Dubai International Cricket Stadium,death,38,3,30,5.0,7.6
1237181,2020-11-10,Delhi Capitals,Dubai International Cricket Stadium,middle,77,1,54,9.0,8.56
1237181,2020-11-10,Delhi Capitals,Dubai International Cricket Stadium,powerplay,41,3,36,6.0,6.83
1237181,2020-11-10,Mumbai Indians,Dubai International Cricket Stadium,death,31,3,22,3.67,8.45
1237181,2020-11-10,Mumbai Indians,Dubai International Cricket Stadium,middle,65,1,54,9.0,7.22
1237181,2020-11-10,Mumbai Indians,Dubai International Cricket Stadium,powerplay,61,1,36,6.0,10.17
1254058,2021-04-09,Mumbai Indians,"MA Chidambaram Stadium, Chepauk, Chennai",death,31,6,30,5.0,6.2
1254058,2021-04-09,Mumbai Indians,"MA Chidambaram Stadium, Chepauk, Chennai",middle,87,2,54,9.0,9.67
1254058,2021-04-09,Mumbai Indians,"MA Chidambaram Stadium, Chepauk, Chennai",powerplay,41,1,36,6.0,6.83
1254058,2021-04-09,Royal Challengers Bangalore,"MA Chidambaram Stadium, Chepauk, Chennai",death,54,3,30,5.0,10.8
1254058,2021-04-09,Royal Challengers Bangalore,"MA Chidambaram Stadium, Chepauk, Chennai",middle,60,3,54,9.0,6.67
1254058,2021-04-09,Royal Challengers Bangalore,"MA Chidambaram Stadium, Chepauk, Chennai",powerplay,46,2,36,6.0,7.67
1254059,2021-04-10,Chennai Super Kings,"Wankhede Stadium, Mumbai",death,52,3,30,5.0,10.4
1254059,2021-04-10,Chennai Super Kings,"Wankhede Stadium, Mumbai",middle,103,2,54,9.0,11.44
1254059,2021-04-10,Chennai Super Kings,"Wankhede Stadium, Mumbai",powerplay,33,2,36,6.0,5.5
1254059,2021-04-10,Delhi Capitals,"Wankhede Stadium, Mumbai",death,39,2,22,3.67,10.63
1254059,2021-04-10,Delhi Capitals,"Wankhede Stadium, Mumbai",middle,86,1,54,9.0,9.56
1254059,2021-04-10,Delhi Capitals,"Wankhede Stadium, Mumbai",powerplay,65,0,36,6.0,10.83
1254060,2021-04-11,Kolkata Knight Riders,"MA Chidambaram Stadium, Chepauk, Chennai",death,42,5,30,5.0,8.4
1254060,2021-04-11,Kolkata Knight Riders,"MA Chidambaram Stadium, Chepauk, Chennai",middle,95,1,54,9.0,10.56
1254060,2021-04-11,Kolkata Knight Riders,"MA Chidambaram Stadium, Chepauk, Chennai",powerplay,50,0,36,6.0,8.33
1254060,2021-04-11,Sunrisers Hyderabad,"MA Chidambaram Stadium, Chepauk, Chennai",death,58,2,30,5.0,11.6
1254060,2021-04-11,Sunrisers Hyderabad,"MA Chidambaram Stadium, Chepauk, Chennai",middle,84,1,54,9.0,9.33
1254060,2021-04-11,Sunrisers Hyderabad,"MA Chidambaram Stadium, Chepauk, Chennai",powerplay,35,2,36,6.0,5.83
1254061,2021-04-12,Punjab Kings,"Wankhede Stadium, Mumbai",death,60,4,30,5.0,12.0
1254061,2021-04-12,Punjab Kings,"Wankhede Stadium, Mumbai",middle,115,1,54,9.0,12.78
1254061,2021-04-12,Punjab Kings,"Wankhede Stadium, Mumbai",powerplay,46,1,36,6.0,7.67
1254061,2021-04-12,Rajasthan Royals,"Wankhede Stadium, Mumbai",death,63,3,30,5.0,12.6
1254061,2021-04-12,Rajasthan Royals,"Wankhede Stadium, Mumbai",middle,95,2,54,9.0,10.56
1254061,2021-04-12,Rajasthan Royals,"Wankhede Stadium, Mumbai",powerplay,59,2,36,6.0,9.83
1254062,2021-04-13,Kolkata Knight Riders,"MA Chidambaram Stadium, Chepauk, Chennai",death,20,3,30,5.0,4.0
1254062,2021-04-13,Kolkata Knight Riders,"MA Chidambaram Stadium, Chepauk, Chennai",middle,77,4,54,9.0,8.56
1254062,2021-04-13,Kolkata Knight Riders,"MA Chidambaram Stadium, Chepauk, Chennai",powerplay,45,0,36,6.0,7.5
1254062,2021-04-13,Mumbai Indians,"MA Chidambaram Stadium, Chepauk, Chennai",death,38,7,30,5.0,7.6
1254062,2021-04-13,Mumbai Indians,"MA Chidambaram Stadium, Chepauk, Chennai",middle,72,2,54,9.0,8.0
1254062,2021-04-13,Mumbai Indians,"MA Chidambaram Stadium, Chepauk, Chennai",powerplay,42,1,36,6.0,7.0
1254063,2021-04-14,Royal Challengers Bangalore,"MA Chidambaram Stadium, Chepauk, Chennai",death,46,4,30,5.0,9.2
1254063,2021-04-14,Royal Challengers Bangalore,"MA Chidambaram Stadium, Chepauk, Chennai",middle,56,3,54,9.0,6.22
1254063,2021-04-14,Royal Challengers Bangalore,"MA Chidambaram Stadium, Chepauk, Chennai",powerplay,47,1,36,6.0,7.83
1254063,2021-04-14,Sunrisers Hyderabad,"MA Chidambaram Stadium, Chepauk, Chennai",death,35,7,30,5.0,7.0
1254063,2021-04-14,Sunrisers Hyderabad,"MA Chidambaram Stadium, Chepauk, Chennai",middle,58,1,54,9.0,6.44
1254063,2021-04-14,Sunrisers Hyderabad,"MA Chidambaram Stadium, Chepauk, Chennai",powerplay,50,1,36,6.0,8.33
1254064,2021-04-15,Delhi Capitals,"Wankhede Stadium, Mumbai",death,45,2,30,5.0,9.0
1254064,2021-04-15,Delhi Capitals,"Wankhede Stadium, Mumbai",middle,66,3,54,9.0,7.33
1254064,2021-04-15,Delhi Capitals,"Wankhede Stadium, Mumbai",powerplay,36,3,36,6.0,6.0
1254064,2021-04-15,Rajasthan Royals,"Wankhede Stadium, Mumbai",death,60,1,28,4.67,12.85
1254064,2021-04-15,Rajasthan Royals,"Wankhede Stadium, Mumbai",middle,64,3,54,9.0,7.11
1254064,2021-04-15,Rajasthan Royals,"Wankhede Stadium, Mumbai",powerplay,26,3,36,6.0,4.33
1254065,2021-04-16,Chennai Super Kings,"Wankhede Stadium, Mumbai",death,5,0,4,0.67,7.46
1254065,2021-04-16,Chennai Super Kings,"Wankhede Stadium, Mumbai",middle,70,3,54,9.0,7.78
1254065,2021-04-16,Chennai Super Kings,"Wankhede Stadium, Mumbai",powerplay,32,1,36,6.0,5.33
1254065,2021-04-16,Punjab Kings,"Wankhede Stadium, Mumbai",death,33,2,30,5.0,6.6
1254065,2021-04-16,Punjab Kings,"Wankhede Stadium, Mumbai",middle,47,2,54,9.0,5.22
1254065,2021-04-16,Punjab Kings,"Wankhede Stadium, Mumbai",powerplay,26,4,36,6.0,4.33
1254066,2021-04-17,Mumbai Indians,"MA Chidambaram Stadium, Chepauk, Chennai",death,49,2,30,5.0,9.8
1254066,2021-04-17,Mumbai Indians,"MA Chidambaram Stadium, Chepauk, Chennai",middle,48,3,54,9.0,5.33
1254066,2021-04-17,Mumbai Indians,"MA Chidambaram Stadium, Chepauk, Chennai",powerplay,53,0,36,6.0,8.83
1254066,2021-04-17,Sunrisers Hyderabad,"MA Chidambaram Stadium, Chepauk, Chennai",death,33,5,28,4.67,7.07
1254066,2021-04-17,Sunrisers Hyderabad,"MA Chidambaram Stadium, Chepauk, Chennai",middle,47,5,54,9.0,5.22
1254066,2021-04-17,Sunrisers Hyderabad,"MA Chidambaram Stadium, Chepauk, Chennai",powerplay,57,0,36,6.0,9.5
1254067,2021-04-18,Kolkata Knight Riders,"MA Chidambaram Stadium, Chepauk, Chennai",death,45,3,30,5.0,9.0
1254067,2021-04-18,Kolkata Knight Riders,"MA Chidambaram Stadium, Chepauk, Chennai",middle,64,3,54,9.0,7.11
1254067,2021-04-18,Kolkata Knight Riders,"MA Chidambaram Stadium, Chepauk, Chennai",powerplay,57,2,36,6.0,9.5
1254067,2021-04-18,Royal Challengers Bangalore,"MA Chidambaram Stadium, Chepauk, Chennai",death,70,1,30,5.0,14.0
1254067,2021-04-18,Royal Challengers Bangalore,"MA Chidambaram Stadium, Chepauk, Chennai",middle,89,1,54,9.0,9.89
1254067,2021-04-18,Royal Challengers Bangalore,"MA Chidambaram Stadium, Chepauk, Chennai",powerplay,45,2,36,6.0,7.5
1254068,2021-04-18,Delhi Capitals,"Wankhede Stadium, Mumbai",death,46,1,20,3.33,13.81
1254068,2021-04-18,Delhi Capitals,"Wankhede Stadium, Mumbai",middle,90,2,54,9.0,10.0
1254068,2021-04-18,Delhi Capitals,"Wankhede Stadium, Mumbai",powerplay,62,1,36,6.0,10.33
1254068,2021-04-18,Punjab Kings,"Wankhede Stadium, Mumbai",death,55,3,30,5.0,11.0
1254068,2021-04-18,Punjab Kings,"Wankhede Stadium, Mumbai",middle,81,1,54,9.0,9.0
1254068,2021-04-18,Punjab Kings,"Wankhede Stadium, Mumbai",powerplay,59,0,36,6.0,9.83
1254069,2021-04-19,Chennai Super Kings,"Wankhede Stadium, Mumbai",death,61,4,30,5.0,12.2
1254069,2021-04-19,Chennai Super Kings,"Wankhede Stadium, Mumbai",middle,81,3,54,9.0,9.0
1254069,2021-04-19,Chennai Super Kings,"Wankhede Stadium, Mumbai",powerplay,46,2,36,6.0,7.67
1254069,2021-04-19,Rajasthan Royals,"Wankhede Stadium, Mumbai",death,46,2,30,5.0,9.2
1254069,2021-04-19,Rajasthan Royals,"Wankhede Stadium, Mumbai",middle,52,5,54,9.0,5.78
1254069,2021-04-19,Rajasthan Royals,"Wankhede Stadium, Mumbai",powerplay,45,2,36,6.0,7.5
1254070,2021-04-20,Delhi Capitals,"MA Chidambaram Stadium, Chepauk, Chennai",death,37,1,25,4.17,8.87
1254070,2021-04-20,Delhi Capitals,"MA Chidambaram Stadium, Chepauk, Chennai",middle,62,2,54,9.0,6.89
1254070,2021-04-20,Delhi Capitals,"MA Chidambaram Stadium, Chepauk, Chennai",powerplay,39,1,36,6.0,6.5
1254070,2021-04-20,Mumbai Indians,"MA Chidambaram Stadium, Chepauk, Chennai",death,36,3,30,5.0,7.2
1254070,2021-04-20,Mumbai Indians,"MA Chidambaram Stadium, Chepauk, Chennai",middle,46,5,54,9.0,5.11
1254070,2021-04-20,Mumbai Indians,"MA Chidambaram Stadium, Chepauk, Chennai",powerplay,55,1,36,6.0,9.17
1254071,2021-04-21,Punjab Kings,"MA Chidambaram Stadium, Chepauk, Chennai",death,26,4,28,4.67,5.57
1254071,2021-04-21,Punjab Kings,"MA Chidambaram Stadium, Chepauk, Chennai",middle,62,5,54,9.0,6.89
1254071,2021-04-21,Punjab Kings,"MA Chidambaram Stadium, Chepauk, Chennai",powerplay,32,1,36,6.0,5.33
1254071,2021-04-21,Sunrisers Hyderabad,"MA Chidambaram Stadium, Chepauk, Chennai",death,26,0,22,3.67,7.08
1254071,2021-04-21,Sunrisers Hyderabad,"MA Chidambaram Stadium, Chepauk, Chennai",middle,45,1,54,9.0,5.0
1254071,2021-04-21,Sunrisers Hyderabad,"MA Chidambaram Stadium, Chepauk, Chennai",powerplay,50,0,36,6.0,8.33
1254072,2021-04-21,Chennai Super Kings,"Wankhede Stadium, Mumbai",death,76,2,30,5.0,15.2
1254072,2021-04-21,Chennai Super Kings,"Wankhede Stadium, Mumbai",middle,90,1,54,9.0,10.0
1254072,2021-04-21,Chennai Super Kings,"Wankhede Stadium, Mumbai",powerplay,54,0,36,6.0,9.0
1254072,2021-04-21,Kolkata Knight Riders,"Wankhede Stadium, Mumbai",death,56,3,25,4.17,13.43
1254072,2021-04-21,Kolkata Knight Riders,"Wankhede Stadium, Mumbai",middle,101,2,54,9.0,11.22
1254072,2021-04-21,Kolkata Knight Riders,"Wankhede Stadium, Mumbai",powerplay,45,5,36,6.0,7.5
1254073,2021-04-22,Rajasthan Royals,"Wankhede Stadium, Mumbai",death,49,4,30,5.0,9.8
1254073,2021-04-22,Rajasthan Royals,"Wankhede Stadium, Mumbai",middle,96,2,54,9.0,10.67
1254073,2021-04-22,Rajasthan Royals,"Wankhede Stadium, Mumbai",powerplay,32,3,36,6.0,5.33
1254073,2021-04-22,Royal Challengers Bangalore,"Wankhede Stadium, Mumbai",death,19,0,9,1.5,12.67
1254073,2021-04-22,Royal Challengers Bangalore,"Wankhede Stadium, Mumbai",middle,103,0,54,9.0,11.44
1254073,2021-04-22,Royal Challengers Bangalore,"Wankhede Stadium, Mumbai",powerplay,59,0,36,6.0,9.83
1254074,2021-04-23,Mumbai Indians,"MA Chidambaram Stadium, Chepauk, Chennai",death,34,4,30,5.0,6.8
1254074,2021-04-23,Mumbai Indians,"MA Chidambaram Stadium, Chepauk, Chennai",middle,76,1,54,9.0,8.44
1254074,2021-04-23,Mumbai Indians,"MA Chidambaram Stadium, Chepauk, Chennai",powerplay,21,1,36,6.0,3.5
1254074,2021-04-23,Punjab Kings,"MA Chidambaram Stadium, Chepauk, Chennai",death,33,0,16,2.67,12.36
1254074,2021-04-23,Punjab Kings,"MA Chidambaram Stadium, Chepauk, Chennai",middle,54,1,54,9.0,6.0
1254074,2021-04-23,Punjab Kings,"MA Chidambaram Stadium, Chepauk, Chennai",powerplay,45,0,36,6.0,7.5
1254075,2021-04-24,Kolkata Knight Riders,"Wankhede Stadium, Mumbai",death,40,5,30,5.0,8.0
1254075,2021-04-24,Kolkata Knight Riders,"Wankhede Stadium, Mumbai",middle,68,3,54,9.0,7.56
1254075,2021-04-24,Kolkata Knight Riders,"Wankhede Stadium, Mumbai",powerplay,25,1,36,6.0,4.17
1254075,2021-04-24,Rajasthan Royals,"Wankhede Stadium, Mumbai",death,30,0,23,3.83,7.83
1254075,2021-04-24,Rajasthan Royals,"Wankhede Stadium, Mumbai",middle,54,2,54,9.0,6.0
1254075,2021-04-24,Rajasthan Royals,"Wankhede Stadium, Mumbai",powerplay,50,2,36,6.0,8.33
1254076,2021-04-25,Chennai Super Kings,"Wankhede Stadium, Mumbai",death,74,1,30,5.0,14.8
1254076,2021-04-25,Chennai Super Kings,"Wankhede Stadium, Mumbai",middle,66,3,54,9.0,7.33
1254076,2021-04-25,Chennai Super Kings,"Wankhede Stadium, Mumbai",powerplay,51,0,36,6.0,8.5
1254076,2021-04-25,Royal Challengers Bangalore,"Wankhede Stadium, Mumbai",death,27,1,30,5.0,5.4
1254076,2021-04-25,Royal Challengers Bangalore,"Wankhede Stadium, Mumbai",middle,30,6,54,9.0,3.33
1254076,2021-04-25,Royal Challengers Bangalore,"Wankhede Stadium, Mumbai",powerplay,65,2,36,6.0,10.83
1254077,2021-04-25,Delhi Capitals,"MA Chidambaram Stadium, Chepauk, Chennai",death,43,2,30,5.0,8.6
1254077,2021-04-25,Delhi Capitals,"MA Chidambaram Stadium, Chepauk, Chennai",death,0,0,0,0.0,0.0
1254077,2021-04-25,Delhi Capitals,"MA Chidambaram Stadium, Chepauk, Chennai",middle,65,2,54,9.0,7.22
1254077,2021-04-25,Delhi Capitals,"MA Chidambaram Stadium, Chepauk, Chennai",middle,0,0,0,0.0,0.0
1254077,2021-04-25,Delhi Capitals,"MA Chidambaram Stadium, Chepauk, Chennai",powerplay,51,0,36,6.0,8.5
1254077,2021-04-25,Delhi Capitals,"MA Chidambaram Stadium, Chepauk, Chennai",powerplay,8,0,6,1.0,8.0
1254077,2021-04-25,Sunrisers Hyderabad,"MA Chidambaram Stadium, Chepauk, Chennai",death,49,3,30,5.0,9.8
1254077,2021-04-25,Sunrisers Hyderabad,"MA Chidambaram Stadium, Chepauk, Chennai",death,0,0,0,0.0,0.0
1254077,2021-04-25,Sunrisers Hyderabad,"MA Chidambaram Stadium, Chepauk, Chennai",middle,54,2,54,9.0,6.0
1254077,2021-04-25,Sunrisers Hyderabad,"MA Chidambaram Stadium, Chepauk, Chennai",middle,0,0,0,0.0,0.0
1254077,2021-04-25,Sunrisers Hyderabad,"MA Chidambaram Stadium, Chepauk, Chennai",powerplay,56,2,36,6.0,9.33
1254077,2021-04-25,Sunrisers Hyderabad,"MA Chidambaram Stadium, Chepauk, Chennai",powerplay,7,0,6,1.0,7.0
1254078,2021-04-26,Kolkata Knight Riders,"Narendra Modi Stadium, Ahmedabad",death,24,0,10,1.67,14.37
1254078,2021-04-26,Kolkata Knight Riders,"Narendra Modi Stadium, Ahmedabad",middle,60,2,54,9.0,6.67
1254078,2021-04-26,Kolkata Knight Riders,"Narendra Modi Stadium, Ahmedabad",powerplay,42,3,36,6.0,7.0
1254078,2021-04-26,Punjab Kings,"Narendra Modi Stadium, Ahmedabad",death,41,3,30,5.0,8.2
1254078,2021-04-26,Punjab Kings,"Narendra Modi Stadium, Ahmedabad",middle,45,5,54,9.0,5.0
1254078,2021-04-26,Punjab Kings,"Narendra Modi Stadium, Ahmedabad",powerplay,37,1,36,6.0,6.17
1254079,2021-04-27,Delhi Capitals,"Narendra Modi Stadium, Ahmedabad",death,59,0,30,5.0,11.8
1254079,2021-04-27,Delhi Capitals,"Narendra Modi Stadium, Ahmedabad",middle,68,2,54,9.0,7.56
1254079,2021-04-27,Delhi Capitals,"Narendra Modi Stadium, Ahmedabad",powerplay,43,2,36,6.0,7.17
1254079,2021-04-27,Royal Challengers Bangalore,"Narendra Modi Stadium, Ahmedabad",death,56,1,30,5.0,11.2
1254079,2021-04-27,Royal Challengers Bangalore,"Narendra Modi Stadium, Ahmedabad",middle,79,2,54,9.0,8.78
1254079,2021-04-27,Royal Challengers Bangalore,"Narendra Modi Stadium, Ahmedabad",powerplay,36,2,36,6.0,6.0
1254080,2021-04-28,Chennai Super Kings,"Arun Jaitley Stadium, Delhi",death,25,0,21,3.5,7.14
1254080,2021-04-28,Chennai Super Kings,"Arun Jaitley Stadium, Delhi",middle,98,3,54,9.0,10.89
1254080,2021-04-28,Chennai Super Kings,"Arun Jaitley Stadium, Delhi",powerplay,50,0,36,6.0,8.33
1254080,2021-04-28,Sunrisers Hyderabad,"Arun Jaitley Stadium, Delhi",death,58,2,30,5.0,11.6
1254080,2021-04-28,Sunrisers Hyderabad,"Arun Jaitley Stadium, Delhi",middle,74,0,54,9.0,8.22
1254080,2021-04-28,Sunrisers Hyderabad,"Arun Jaitley Stadium, Delhi",powerplay,39,1,36,6.0,6.5
1254081,2021-04-29,Mumbai Indians,"Arun Jaitley Stadium, Delhi",death,41,1,21,3.5,11.71
1254081,2021-04-29,Mumbai Indians,"Arun Jaitley Stadium, Delhi",middle,82,1,54,9.0,9.11
1254081,2021-04-29,Mumbai Indians,"Arun Jaitley Stadium, Delhi",powerplay,49,1,36,6.0,8.17
1254081,2021-04-29,Rajasthan Royals,"Arun Jaitley Stadium, Delhi",death,45,2,30,5.0,9.0
1254081,2021-04-29,Rajasthan Royals,"Arun Jaitley Stadium, Delhi",middle,79,2,54,9.0,8.78
1254081,2021-04-29,Rajasthan Royals,"Arun Jaitley Stadium, Delhi",powerplay,47,0,36,6.0,7.83
1254082,2021-04-29,Delhi Capitals,"Narendra Modi Stadium, Ahmedabad",death,10,2,9,1.5,6.67
1254082,2021-04-29,Delhi Capitals,"Narendra Modi Stadium, Ahmedabad",middle,79,1,54,9.0,8.78
1254082,2021-04-29,Delhi Capitals,"Narendra Modi Stadium, Ahmedabad",powerplay,67,0,36,6.0,11.17
1254082,2021-04-29,Kolkata Knight Riders,"Narendra Modi Stadium, Ahmedabad",death,59,1,30,5.0,11.8
1254082,2021-04-29,Kolkata Knight Riders,"Narendra Modi Stadium, Ahmedabad",middle,50,4,54,9.0,5.56
1254082,2021-04-29,Kolkata Knight Riders,"Narendra Modi Stadium, Ahmedabad",powerplay,45,1,36,6.0,7.5
1254083,2021-04-30,Punjab Kings,"Narendra Modi Stadium, Ahmedabad",death,60,0,30,5.0,12.0
1254083,2021-04-30,Punjab Kings,"Narendra Modi Stadium, Ahmedabad",middle,70,4,54,9.0,7.78
1254083,2021-04-30,Punjab Kings,"Narendra Modi Stadium, Ahmedabad",powerplay,49,1,36,6.0,8.17
1254083,2021-04-30,Royal Challengers Bangalore,"Narendra Modi Stadium, Ahmedabad",death,53,3,30,5.0,10.6
1254083,2021-04-30,Royal Challengers Bangalore,"Narendra Modi Stadium, Ahmedabad",middle,56,4,54,9.0,6.22
1254083,2021-04-30,Royal Challengers Bangalore,"Narendra Modi Stadium, Ahmedabad",powerplay,36,1,36,6.0,6.0
1254084,2021-05-01,Chennai Super Kings,"Arun Jaitley Stadium, Delhi",death,82,0,30,5.0,16.4
1254084,2021-05-01,Chennai Super Kings,"Arun Jaitley Stadium, Delhi",middle,87,3,54,9.0,9.67
1254084,2021-05-01,Chennai Super Kings,"Arun Jaitley Stadium, Delhi",powerplay,49,1,36,6.0,8.17
1254084,2021-05-01,Mumbai Indians,"Arun Jaitley Stadium, Delhi",death,66,3,30,5.0,13.2
1254084,2021-05-01,Mumbai Indians,"Arun Jaitley Stadium, Delhi",middle,95,3,54,9.0,10.56
1254084,2021-05-01,Mumbai Indians,"Arun Jaitley Stadium, Delhi",powerplay,58,0,36,6.0,9.67
1254085,2021-05-02,Rajasthan Royals,"Arun Jaitley Stadium, Delhi",death,74,2,30,5.0,14.8
1254085,2021-05-02,Rajasthan Royals,"Arun Jaitley Stadium, Delhi",middle,104,0,54,9.0,11.56
1254085,2021-05-02,Rajasthan Royals,"Arun Jaitley Stadium, Delhi",powerplay,42,1,36,6.0,7.0
1254085,2021-05-02,Sunrisers Hyderabad,"Arun Jaitley Stadium, Delhi",death,36,3,30,5.0,7.2
1254085,2021-05-02,Sunrisers Hyderabad,"Arun Jaitley Stadium, Delhi",middle,72,5,54,9.0,8.0
1254085,2021-05-02,Sunrisers Hyderabad,"Arun Jaitley Stadium, Delhi",powerplay,57,0,36,6.0,9.5
1254086,2021-05-02,Delhi Capitals,"Narendra Modi Stadium, Ahmedabad",death,28,1,16,2.67,10.49
1254086,2021-05-02,Delhi Capitals,"Narendra Modi Stadium, Ahmedabad",middle,76,2,54,9.0,8.44
1254086,2021-05-02,Delhi Capitals,"Narendra Modi Stadium, Ahmedabad",powerplay,63,0,36,6.0,10.5
1254086,2021-05-02,Punjab Kings,"Narendra Modi Stadium, Ahmedabad",death,64,2,30,5.0,12.8
1254086,2021-05-02,Punjab Kings,"Narendra Modi Stadium, Ahmedabad",middle,63,2,54,9.0,7.0
1254086,2021-05-02,Punjab Kings,"Narendra Modi Stadium, Ahmedabad",powerplay,39,2,36,6.0,6.5
1254104,2021-09-19,Chennai Super Kings,Dubai International Cricket Stadium,death,69,2,30,5.0,13.8
1254104,2021-09-19,Chennai Super Kings,Dubai International Cricket Stadium,middle,63,0,54,9.0,7.0
1254104,2021-09-19,Chennai Super Kings,Dubai International Cricket Stadium,powerplay,24,5,36,6.0,4.0
1254104,2021-09-19,Mumbai Indians,Dubai International Cricket Stadium,death,39,2,30,5.0,7.8
1254104,2021-09-19,Mumbai Indians,Dubai International Cricket Stadium,middle,56,3,54,9.0,6.22
1254104,2021-09-19,Mumbai Indians,Dubai International Cricket Stadium,powerplay,41,3,36,6.0,6.83
1254087,2021-09-20,Kolkata Knight Riders,"Zayed Cricket Stadium, Abu Dhabi",death,0,0,0,0.0,0.0
1254087,2021-09-20,Kolkata Knight Riders,"Zayed Cricket Stadium, Abu Dhabi",middle,38,1,24,4.0,9.5
1254087,2021-09-20,Kolkata Knight Riders,"Zayed Cricket Stadium, Abu Dhabi",powerplay,56,0,36,6.0,9.33
1254087,2021-09-20,Royal Challengers Bangalore,"Zayed Cricket Stadium, Abu Dhabi",death,17,3,24,4.0,4.25
1254087,2021-09-20,Royal Challengers Bangalore,"Zayed Cricket Stadium, Abu Dhabi",middle,34,5,54,9.0,3.78
1254087,2021-09-20,Royal Challengers Bangalore,"Zayed Cricket Stadium, Abu Dhabi",powerplay,41,2,36,6.0,6.83
1254111,2021-09-21,Punjab Kings,Dubai International Cricket Stadium,death,35,2,30,5.0,7.0
1254111,2021-09-21,Punjab Kings,Dubai International Cricket Stadium,middle,99,2,54,9.0,11.0
1254111,2021-09-21,Punjab Kings,Dubai International Cricket Stadium,powerplay,49,0,36,6.0,8.17
1254111,2021-09-21,Rajasthan Royals,Dubai International Cricket Stadium,death,45,6,30,5.0,9.0
1254111,2021-09-21,Rajasthan Royals,Dubai International Cricket Stadium,middle,83,3,54,9.0,9.22
1254111,2021-09-21,Rajasthan Royals,Dubai International Cricket Stadium,powerplay,57,1,36,6.0,9.5
1254105,2021-09-22,Delhi Capitals,Dubai International Cricket Stadium,death,40,0,17,2.83,14.13
1254105,2021-09-22,Delhi Capitals,Dubai International Cricket Stadium,middle,60,1,54,9.0,6.67
1254105,2021-09-22,Delhi Capitals,Dubai International Cricket Stadium,powerplay,39,1,36,6.0,6.5
1254105,2021-09-22,Sunrisers Hyderabad,Dubai International Cricket Stadium,death,44,4,30,5.0,8.8
1254105,2021-09-22,Sunrisers Hyderabad,Dubai International Cricket Stadium,middle,58,3,54,9.0,6.44
1254105,2021-09-22,Sunrisers Hyderabad,Dubai International Cricket Stadium,powerplay,32,2,36,6.0,5.33
1254096,2021-09-23,Kolkata Knight Riders,"Zayed Cricket Stadium, Abu Dhabi",death,4,0,1,0.17,23.53
1254096,2021-09-23,Kolkata Knight Riders,"Zayed Cricket Stadium, Abu Dhabi",middle,92,2,54,9.0,10.22
1254096,2021-09-23,Kolkata Knight Riders,"Zayed Cricket Stadium, Abu Dhabi",powerplay,63,1,36,6.0,10.5
1254096,2021-09-23,Mumbai Indians,"Zayed Cricket Stadium, Abu Dhabi",death,49,3,30,5.0,9.8
1254096,2021-09-23,Mumbai Indians,"Zayed Cricket Stadium, Abu Dhabi",middle,50,3,54,9.0,5.56
1254096,2021-09-23,Mumbai Indians,"Zayed Cricket Stadium, Abu Dhabi",powerplay,56,0,36,6.0,9.33
1254113,2021-09-24,Chennai Super Kings,Sharjah Cricket Stadium,death,32,1,19,3.17,10.09
1254113,2021-09-24,Chennai Super Kings,Sharjah Cricket Stadium,middle,66,3,54,9.0,7.33
1254113,2021-09-24,Chennai Super Kings,Sharjah Cricket Stadium,powerplay,59,0,36,6.0,9.83
1254113,2021-09-24,Royal Challengers Bangalore,Sharjah Cricket Stadium,death,38,5,30,5.0,7.6
1254113,2021-09-24,Royal Challengers Bangalore,Sharjah Cricket Stadium,middle,63,1,54,9.0,7.0
1254113,2021-09-24,Royal Challengers Bangalore,Sharjah Cricket Stadium,powerplay,55,0,36,6.0,9.17
1254097,2021-09-25,Delhi Capitals,"Zayed Cricket Stadium, Abu Dhabi",death,50,2,30,5.0,10.0
1254097,2021-09-25,Delhi Capitals,"Zayed Cricket Stadium, Abu Dhabi",middle,68,2,54,9.0,7.56
1254097,2021-09-25,Delhi Capitals,"Zayed Cricket Stadium, Abu Dhabi",powerplay,36,2,36,6.0,6.0
1254097,2021-09-25,Rajasthan Royals,"Zayed Cricket Stadium, Abu Dhabi",death,39,1,30,5.0,7.8
1254097,2021-09-25,Rajasthan Royals,"Zayed Cricket Stadium, Abu Dhabi",middle,61,2,54,9.0,6.78
1254097,2021-09-25,Rajasthan Royals,"Zayed Cricket Stadium, Abu Dhabi",powerplay,21,3,36,6.0,3.5
1254107,2021-09-25,Punjab Kings,Sharjah Cricket Stadium,death,32,2,30,5.0,6.4
1254107,2021-09-25,Punjab Kings,Sharjah Cricket Stadium,middle,64,3,54,9.0,7.11
1254107,2021-09-25,Punjab Kings,Sharjah Cricket Stadium,powerplay,29,2,36,6.0,4.83
1254107,2021-09-25,Sunrisers Hyderabad,Sharjah Cricket Stadium,death,45,2,30,5.0,9.0
1254107,2021-09-25,Sunrisers Hyderabad,Sharjah Cricket Stadium,middle,55,3,54,9.0,6.11
1254107,2021-09-25,Sunrisers Hyderabad,Sharjah Cricket Stadium,powerplay,20,2,36,6.0,3.33
1254098,2021-09-26,Chennai Super Kings,"Zayed Cricket Stadium, Abu Dhabi",death,45,5,30,5.0,9.0
1254098,2021-09-26,Chennai Super Kings,"Zayed Cricket Stadium, Abu Dhabi",middle,75,3,54,9.0,8.33
1254098,2021-09-26,Chennai Super Kings,"Zayed Cricket Stadium, Abu Dhabi",powerplay,52,0,36,6.0,8.67
1254098,2021-09-26,Kolkata Knight Riders,"Zayed Cricket Stadium, Abu Dhabi",death,53,2,30,5.0,10.6
1254098,2021-09-26,Kolkata Knight Riders,"Zayed Cricket Stadium, Abu Dhabi",middle,68,2,54,9.0,7.56
1254098,2021-09-26,Kolkata Knight Riders,"Zayed Cricket Stadium, Abu Dhabi",powerplay,50,2,36,6.0,8.33
1254108,2021-09-26,Mumbai Indians,Dubai International Cricket Stadium,death,12,5,19,3.17,3.79
1254108,2021-09-26,Mumbai Indians,Dubai International Cricket Stadium,middle,43,5,54,9.0,4.78
1254108,2021-09-26,Mumbai Indians,Dubai International Cricket Stadium,powerplay,56,0,36,6.0,9.33
1254108,2021-09-26,Royal Challengers Bangalore,Dubai International Cricket Stadium,death,46,4,30,5.0,9.2
1254108,2021-09-26,Royal Challengers Bangalore,Dubai International Cricket Stadium,middle,71,1,54,9.0,7.89
1254108,2021-09-26,Royal Challengers Bangalore,Dubai International Cricket Stadium,powerplay,48,1,36,6.0,8.0
1254100,2021-09-27,Rajasthan Royals,Dubai International Cricket Stadium,death,51,2,30,5.0,10.2
1254100,2021-09-27,Rajasthan Royals,Dubai International Cricket Stadium,middle,64,2,54,9.0,7.11
1254100,2021-09-27,Rajasthan Royals,Dubai International Cricket Stadium,powerplay,49,1,36,6.0,8.17
1254100,2021-09-27,Sunrisers Hyderabad,Dubai International Cricket Stadium,death,36,0,21,3.5,10.29
1254100,2021-09-27,Sunrisers Hyderabad,Dubai International Cricket Stadium,middle,68,2,54,9.0,7.56
1254100,2021-09-27,Sunrisers Hyderabad,Dubai International Cricket Stadium,powerplay,63,1,36,6.0,10.5
1254092,2021-09-28,Delhi Capitals,Sharjah Cricket Stadium,death,38,4,30,5.0,7.6
1254092,2021-09-28,Delhi Capitals,Sharjah Cricket Stadium,middle,50,4,54,9.0,5.56
1254092,2021-09-28,Delhi Capitals,Sharjah Cricket Stadium,powerplay,39,1,36,6.0,6.5
1254092,2021-09-28,Kolkata Knight Riders,Sharjah Cricket Stadium,death,32,2,20,3.33,9.61
1254092,2021-09-28,Kolkata Knight Riders,Sharjah Cricket Stadium,middle,54,3,54,9.0,6.0
1254092,2021-09-28,Kolkata Knight Riders,Sharjah Cricket Stadium,powerplay,44,2,36,6.0,7.33
1254099,2021-09-28,Mumbai Indians,"Zayed Cricket Stadium, Abu Dhabi",death,45,1,24,4.0,11.25
1254099,2021-09-28,Mumbai Indians,"Zayed Cricket Stadium, Abu Dhabi",middle,62,1,54,9.0,6.89
1254099,2021-09-28,Mumbai Indians,"Zayed Cricket Stadium, Abu Dhabi",powerplay,30,2,36,6.0,5.0
1254099,2021-09-28,Punjab Kings,"Zayed Cricket Stadium, Abu Dhabi",death,30,2,30,5.0,6.0
1254099,2021-09-28,Punjab Kings,"Zayed Cricket Stadium, Abu Dhabi",middle,67,3,54,9.0,7.44
1254099,2021-09-28,Punjab Kings,"Zayed Cricket Stadium, Abu Dhabi",powerplay,38,1,36,6.0,6.33
1254103,2021-09-29,Rajasthan Royals,Dubai International Cricket Stadium,death,29,4,30,5.0,5.8
1254103,2021-09-29,Rajasthan Royals,Dubai International Cricket Stadium,middle,64,5,54,9.0,7.11
1254103,2021-09-29,Rajasthan Royals,Dubai International Cricket Stadium,powerplay,56,0,36,6.0,9.33
1254103,2021-09-29,Royal Challengers Bangalore,Dubai International Cricket Stadium,death,30,1,13,2.17,13.82
1254103,2021-09-29,Royal Challengers Bangalore,Dubai International Cricket Stadium,middle,69,1,54,9.0,7.67
1254103,2021-09-29,Royal Challengers Bangalore,Dubai International Cricket Stadium,powerplay,54,1,36,6.0,9.0
1254091,2021-09-30,Chennai Super Kings,Sharjah Cricket Stadium,death,34,2,28,4.67,7.28
1254091,2021-09-30,Chennai Super Kings,Sharjah Cricket Stadium,middle,58,2,54,9.0,6.44
1254091,2021-09-30,Chennai Super Kings,Sharjah Cricket Stadium,powerplay,47,0,36,6.0,7.83
1254091,2021-09-30,Sunrisers Hyderabad,Sharjah Cricket Stadium,death,37,3,30,5.0,7.4
1254091,2021-09-30,Sunrisers Hyderabad,Sharjah Cricket Stadium,middle,56,3,54,9.0,6.22
1254091,2021-09-30,Sunrisers Hyderabad,Sharjah Cricket Stadium,powerplay,41,1,36,6.0,6.83
1254102,2021-10-01,Kolkata Knight Riders,Dubai International Cricket Stadium,death,44,4,30,5.0,8.8
1254102,2021-10-01,Kolkata Knight Riders,Dubai International Cricket Stadium,middle,73,2,54,9.0,8.11
1254102,2021-10-01,Kolkata Knight Riders,Dubai International Cricket Stadium,powerplay,48,1,36,6.0,8.0
1254102,2021-10-01,Punjab Kings,Dubai International Cricket Stadium,death,47,3,27,4.5,10.44
1254102,2021-10-01,Punjab Kings,Dubai International Cricket Stadium,middle,75,2,54,9.0,8.33
1254102,2021-10-01,Punjab Kings,Dubai International Cricket Stadium,powerplay,46,0,36,6.0,7.67
1254089,2021-10-02,Chennai Super Kings,"Zayed Cricket Stadium, Abu Dhabi",death,73,1,30,5.0,14.6
1254089,2021-10-02,Chennai Super Kings,"Zayed Cricket Stadium, Abu Dhabi",middle,72,3,54,9.0,8.0
1254089,2021-10-02,Chennai Super Kings,"Zayed Cricket Stadium, Abu Dhabi",powerplay,44,0,36,6.0,7.33
1254089,2021-10-02,Rajasthan Royals,"Zayed Cricket Stadium, Abu Dhabi",death,25,1,15,2.5,10.0
1254089,2021-10-02,Rajasthan Royals,"Zayed Cricket Stadium, Abu Dhabi",middle,84,1,54,9.0,9.33
1254089,2021-10-02,Rajasthan Royals,"Zayed Cricket Stadium, Abu Dhabi",powerplay,81,1,36,6.0,13.5
1254112,2021-10-02,Delhi Capitals,Sharjah Cricket Stadium,death,32,0,25,4.17,7.67
1254112,2021-10-02,Delhi Capitals,Sharjah Cricket Stadium,middle,54,3,54,9.0,6.0
1254112,2021-10-02,Delhi Capitals,Sharjah Cricket Stadium,powerplay,46,3,36,6.0,7.67
1254112,2021-10-02,Mumbai Indians,Sharjah Cricket Stadium,death,42,3,30,5.0,8.4
1254112,2021-10-02,Mumbai Indians,Sharjah Cricket Stadium,middle,52,4,54,9.0,5.78
1254112,2021-10-02,Mumbai Indians,Sharjah Cricket Stadium,powerplay,35,1,36,6.0,5.83
1254090,2021-10-03,Punjab Kings,Sharjah Cricket Stadium,death,45,4,30,5.0,9.0
1254090,2021-10-03,Punjab Kings,Sharjah Cricket Stadium,middle,64,2,54,9.0,7.11
1254090,2021-10-03,Punjab Kings,Sharjah Cricket Stadium,powerplay,49,0,36,6.0,8.17
1254090,2021-10-03,Royal Challengers Bangalore,Sharjah Cricket Stadium,death,55,4,30,5.0,11.0
1254090,2021-10-03,Royal Challengers Bangalore,Sharjah Cricket Stadium,middle,54,3,54,9.0,6.0
1254090,2021-10-03,Royal Challengers Bangalore,Sharjah Cricket Stadium,powerplay,55,0,36,6.0,9.17
1254109,2021-10-03,Kolkata Knight Riders,Dubai International Cricket Stadium,death,35,2,28,4.67,7.49
1254109,2021-10-03,Kolkata Knight Riders,Dubai International Cricket Stadium,middle,48,1,54,9.0,5.33
1254109,2021-10-03,Kolkata Knight Riders,Dubai International Cricket Stadium,powerplay,36,1,36,6.0,6.0
1254109,2021-10-03,Sunrisers Hyderabad,Dubai International Cricket Stadium,death,36,3,30,5.0,7.2
1254109,2021-10-03,Sunrisers Hyderabad,Dubai International Cricket Stadium,middle,44,3,54,9.0,4.89
1254109,2021-10-03,Sunrisers Hyderabad,Dubai International Cricket Stadium,powerplay,35,2,36,6.0,5.83
1254110,2021-10-04,Chennai Super Kings,Dubai International Cricket Stadium,death,43,1,30,5.0,8.6
1254110,2021-10-04,Chennai Super Kings,Dubai International Cricket Stadium,middle,45,2,54,9.0,5.0
1254110,2021-10-04,Chennai Super Kings,Dubai International Cricket Stadium,powerplay,48,2,36,6.0,8.0
1254110,2021-10-04,Delhi Capitals,Dubai International Cricket Stadium,death,40,1,28,4.67,8.57
1254110,2021-10-04,Delhi Capitals,Dubai International Cricket Stadium,middle,48,4,54,9.0,5.33
1254110,2021-10-04,Delhi Capitals,Dubai International Cricket Stadium,powerplay,51,2,36,6.0,8.5
1254093,2021-10-05,Mumbai Indians,Sharjah Cricket Stadium,death,0,0,0,0.0,0.0
1254093,2021-10-05,Mumbai Indians,Sharjah Cricket Stadium,middle,38,0,14,2.33,16.31
1254093,2021-10-05,Mumbai Indians,Sharjah Cricket Stadium,powerplay,56,2,36,6.0,9.33
1254093,2021-10-05,Rajasthan Royals,Sharjah Cricket Stadium,death,19,3,30,5.0,3.8
1254093,2021-10-05,Rajasthan Royals,Sharjah Cricket Stadium,middle,30,4,54,9.0,3.33
1254093,2021-10-05,Rajasthan Royals,Sharjah Cricket Stadium,powerplay,41,2,36,6.0,6.83
1254095,2021-10-06,Royal Challengers Bangalore,"Zayed Cricket Stadium, Abu Dhabi",death,39,2,30,5.0,7.8
1254095,2021-10-06,Royal Challengers Bangalore,"Zayed Cricket Stadium, Abu Dhabi",middle,61,2,54,9.0,6.78
1254095,2021-10-06,Royal Challengers Bangalore,"Zayed Cricket Stadium, Abu Dhabi",powerplay,37,2,36,6.0,6.17
1254095,2021-10-06,Sunrisers Hyderabad,"Zayed Cricket Stadium, Abu Dhabi",death,34,3,30,5.0,6.8
1254095,2021-10-06,Sunrisers Hyderabad,"Zayed Cricket Stadium, Abu Dhabi",middle,57,3,54,9.0,6.33
1254095,2021-10-06,Sunrisers Hyderabad,"Zayed Cricket Stadium, Abu Dhabi",powerplay,50,1,36,6.0,8.33
1254094,2021-10-07,Chennai Super Kings,Dubai International Cricket Stadium,death,52,1,30,5.0,10.4
1254094,2021-10-07,Chennai Super Kings,Dubai International Cricket Stadium,middle,52,3,54,9.0,5.78
1254094,2021-10-07,Chennai Super Kings,Dubai International Cricket Stadium,powerplay,30,2,36,6.0,5.0
1254094,2021-10-07,Punjab Kings,Dubai International Cricket Stadium,death,0,0,0,0.0,0.0
1254094,2021-10-07,Punjab Kings,Dubai International Cricket Stadium,middle,88,2,42,7.0,12.57
1254094,2021-10-07,Punjab Kings,Dubai International Cricket Stadium,powerplay,51,2,36,6.0,8.5
1254106,2021-10-07,Kolkata Knight Riders,Sharjah Cricket Stadium,death,44,2,30,5.0,8.8
1254106,2021-10-07,Kolkata Knight Riders,Sharjah Cricket Stadium,middle,93,2,54,9.0,10.33
1254106,2021-10-07,Kolkata Knight Riders,Sharjah Cricket Stadium,powerplay,34,0,36,6.0,5.67
1254106,2021-10-07,Rajasthan Royals,Sharjah Cricket Stadium,death,2,2,7,1.17,1.71
1254106,2021-10-07,Rajasthan Royals,Sharjah Cricket Stadium,middle,66,4,54,9.0,7.33
1254106,2021-10-07,Rajasthan Royals,Sharjah Cricket Stadium,powerplay,17,4,36,6.0,2.83
1254088,2021-10-08,Mumbai Indians,"Zayed Cricket Stadium, Abu Dhabi",death,58,4,30,5.0,11.6
1254088,2021-10-08,Mumbai Indians,"Zayed Cricket Stadium, Abu Dhabi",middle,94,4,54,9.0,10.44
1254088,2021-10-08,Mumbai Indians,"Zayed Cricket Stadium, Abu Dhabi",powerplay,83,1,36,6.0,13.83
1254088,2021-10-08,Sunrisers Hyderabad,"Zayed Cricket Stadium, Abu Dhabi",death,37,4,30,5.0,7.4
1254088,2021-10-08,Sunrisers Hyderabad,"Zayed Cricket Stadium, Abu Dhabi",middle,86,3,54,9.0,9.56
1254088,2021-10-08,Sunrisers Hyderabad,"Zayed Cricket Stadium, Abu Dhabi",powerplay,70,1,36,6.0,11.67
1254101,2021-10-08,Delhi Capitals,Dubai International Cricket Stadium,death,36,2,30,5.0,7.2
1254101,2021-10-08,Delhi Capitals,Dubai International Cricket Stadium,middle,73,3,54,9.0,8.11
1254101,2021-10-08,Delhi Capitals,Dubai International Cricket Stadium,powerplay,55,0,36,6.0,9.17
1254101,2021-10-08,Royal Challengers Bangalore,Dubai International Cricket Stadium,death,58,0,30,5.0,11.6
1254101,2021-10-08,Royal Challengers Bangalore,Dubai International Cricket Stadium,middle,79,1,54,9.0,8.78
1254101,2021-10-08,Royal Challengers Bangalore,Dubai International Cricket Stadium,powerplay,29,2,36,6.0,4.83
1254114,2021-10-10,Chennai Super Kings,Dubai International Cricket Stadium,death,52,2,28,4.67,11.13
1254114,2021-10-10,Chennai Super Kings,Dubai International Cricket Stadium,middle,62,3,54,9.0,6.89
1254114,2021-10-10,Chennai Super Kings,Dubai International Cricket Stadium,powerplay,59,1,36,6.0,9.83
1254114,2021-10-10,Delhi Capitals,Dubai International Cricket Stadium,death,58,1,30,5.0,11.6
1254114,2021-10-10,Delhi Capitals,Dubai International Cricket Stadium,middle,63,2,54,9.0,7.0
1254114,2021-10-10,Delhi Capitals,Dubai International Cricket Stadium,powerplay,51,2,36,6.0,8.5
1254115,2021-10-11,Kolkata Knight Riders,Sharjah Cricket Stadium,death,27,2,28,4.67,5.78
1254115,2021-10-11,Kolkata Knight Riders,Sharjah Cricket Stadium,middle,64,3,54,9.0,7.11
1254115,2021-10-11,Kolkata Knight Riders,Sharjah Cricket Stadium,powerplay,48,1,36,6.0,8.0
1254115,2021-10-11,Royal Challengers Bangalore,Sharjah Cricket Stadium,death,30,3,30,5.0,6.0
1254115,2021-10-11,Royal Challengers Bangalore,Sharjah Cricket Stadium,middle,55,3,54,9.0,6.11
1254115,2021-10-11,Royal Challengers Bangalore,Sharjah Cricket Stadium,powerplay,53,1,36,6.0,8.83
1254116,2021-10-13,Delhi Capitals,Sharjah Cricket Stadium,death,45,2,30,5.0,9.0
1254116,2021-10-13,Delhi Capitals,Sharjah Cricket Stadium,middle,52,2,54,9.0,5.78
1254116,2021-10-13,Delhi Capitals,Sharjah Cricket Stadium,powerplay,38,1,36,6.0,6.33
1254116,2021-10-13,Kolkata Knight Riders,Sharjah Cricket Stadium,death,23,6,29,4.83,4.76
1254116,2021-10-13,Kolkata Knight Riders,Sharjah Cricket Stadium,middle,62,1,54,9.0,6.89
1254116,2021-10-13,Kolkata Knight Riders,Sharjah Cricket Stadium,powerplay,51,0,36,6.0,8.5
1254117,2021-10-15,Chennai Super Kings,Dubai International Cricket Stadium,death,61,1,30,5.0,12.2
1254117,2021-10-15,Chennai Super Kings,Dubai International Cricket Stadium,middle,81,2,54,9.0,9.0
1254117,2021-10-15,Chennai Super Kings,Dubai International Cricket Stadium,powerplay,50,0,36,6.0,8.33
1254117,2021-10-15,Kolkata Knight Riders,Dubai International Cricket Stadium,death,45,3,30,5.0,9.0
1254117,2021-10-15,Kolkata Knight Riders,Dubai International Cricket Stadium,middle,65,6,54,9.0,7.22
1254117,2021-10-15,Kolkata Knight Riders,Dubai International Cricket Stadium,powerplay,55,0,36,6.0,9.17
1304047,2022-03-26,Chennai Super Kings,"Wankhede Stadium, Mumbai",death,58,0,30,5.0,11.6
1304047,2022-03-26,Chennai Super Kings,"Wankhede Stadium, Mumbai",middle,38,3,54,9.0,4.22
1304047,2022-03-26,Chennai Super Kings,"Wankhede Stadium, Mumbai",powerplay,35,2,36,6.0,5.83
1304047,2022-03-26,Kolkata Knight Riders,"Wankhede Stadium, Mumbai",death,29,1,21,3.5,8.29
1304047,2022-03-26,Kolkata Knight Riders,"Wankhede Stadium, Mumbai",middle,61,3,54,9.0,6.78
1304047,2022-03-26,Kolkata Knight Riders,"Wankhede Stadium, Mumbai",powerplay,43,0,36,6.0,7.17
1304048,2022-03-27,Delhi Capitals,"Brabourne Stadium, Mumbai",death,57,0,20,3.33,17.12
1304048,2022-03-27,Delhi Capitals,"Brabourne Stadium, Mumbai",middle,76,3,54,9.0,8.44
1304048,2022-03-27,Delhi Capitals,"Brabourne Stadium, Mumbai",powerplay,46,3,36,6.0,7.67
1304048,2022-03-27,Mumbai Indians,"Brabourne Stadium, Mumbai",death,59,2,30,5.0,11.8
1304048,2022-03-27,Mumbai Indians,"Brabourne Stadium, Mumbai",middle,65,3,54,9.0,7.22
1304048,2022-03-27,Mumbai Indians,"Brabourne Stadium, Mumbai",powerplay,53,0,36,6.0,8.83
1304049,2022-03-27,Punjab Kings,"Dr DY Patil Sports Academy, Mumbai",death,52,0,24,4.0,13.0
1304049,2022-03-27,Punjab Kings,"Dr DY Patil Sports Academy, Mumbai",middle,93,5,54,9.0,10.33
1304049,2022-03-27,Punjab Kings,"Dr DY Patil Sports Academy, Mumbai",powerplay,63,0,36,6.0,10.5
1304049,2022-03-27,Royal Challengers Bangalore,"Dr DY Patil Sports Academy, Mumbai",death,63,1,30,5.0,12.6
1304049,2022-03-27,Royal Challengers Bangalore,"Dr DY Patil Sports Academy, Mumbai",middle,101,1,54,9.0,11.22
1304049,2022-03-27,Royal Challengers Bangalore,"Dr DY Patil Sports Academy, Mumbai",powerplay,41,0,36,6.0,6.83
1304050,2022-03-28,Gujarat Titans,"Wankhede Stadium, Mumbai",death,70,1,28,4.67,14.99
1304050,2022-03-28,Gujarat Titans,"Wankhede Stadium, Mumbai",middle,47,2,54,9.0,5.22
1304050,2022-03-28,Gujarat Titans,"Wankhede Stadium, Mumbai",powerplay,44,2,36,6.0,7.33
1304050,2022-03-28,Lucknow Super Giants,"Wankhede Stadium, Mumbai",death,49,2,30,5.0,9.8
1304050,2022-03-28,Lucknow Super Giants,"Wankhede Stadium, Mumbai",middle,77,0,54,9.0,8.56
1304050,2022-03-28,Lucknow Super Giants,"Wankhede Stadium, Mumbai",powerplay,32,4,36,6.0,5.33
1304051,2022-03-29,Rajasthan Royals,"Maharashtra Cricket Association Stadium, Pune",death,62,3,30,5.0,12.4
1304051,2022-03-29,Rajasthan Royals,"Maharashtra Cricket Association Stadium, Pune",middle,90,3,54,9.0,10.0
1304051,2022-03-29,Rajasthan Royals,"Maharashtra Cricket Association Stadium, Pune",powerplay,58,0,36,6.0,9.67
1304051,2022-03-29,Sunrisers Hyderabad,"Maharashtra Cricket Association Stadium, Pune",death,72,2,30,5.0,14.4
1304051,2022-03-29,Sunrisers Hyderabad,"Maharashtra Cricket Association Stadium, Pune",middle,63,2,54,9.0,7.0
1304051,2022-03-29,Sunrisers Hyderabad,"Maharashtra Cricket Association Stadium, Pune",powerplay,14,3,36,6.0,2.33
1304052,2022-03-30,Kolkata Knight Riders,"Dr DY Patil Sports Academy, Mumbai",death,27,1,23,3.83,7.05
1304052,2022-03-30,Kolkata Knight Riders,"Dr DY Patil Sports Academy, Mumbai",middle,57,6,54,9.0,6.33
1304052,2022-03-30,Kolkata Knight Riders,"Dr DY Patil Sports Academy, Mumbai",powerplay,44,3,36,6.0,7.33
1304052,2022-03-30,Royal Challengers Bangalore,"Dr DY Patil Sports Academy, Mumbai",death,39,3,26,4.33,9.01
1304052,2022-03-30,Royal Challengers Bangalore,"Dr DY Patil Sports Academy, Mumbai",middle,57,1,54,9.0,6.33
1304052,2022-03-30,Royal Challengers Bangalore,"Dr DY Patil Sports Academy, Mumbai",powerplay,36,3,36,6.0,6.0
1304053,2022-03-31,Chennai Super Kings,"Brabourne Stadium, Mumbai",death,63,4,30,5.0,12.6
1304053,2022-03-31,Chennai Super Kings,"Brabourne Stadium, Mumbai",middle,74,2,54,9.0,8.22
1304053,2022-03-31,Chennai Super Kings,"Brabourne Stadium, Mumbai",powerplay,73,1,36,6.0,12.17
1304053,2022-03-31,Lucknow Super Giants,"Brabourne Stadium, Mumbai",death,67,1,27,4.5,14.89
1304053,2022-03-31,Lucknow Super Giants,"Brabourne Stadium, Mumbai",middle,89,3,54,9.0,9.89
1304053,2022-03-31,Lucknow Super Giants,"Brabourne Stadium, Mumbai",powerplay,55,0,36,6.0,9.17
1304054,2022-04-01,Kolkata Knight Riders,"Wankhede Stadium, Mumbai",death,0,0,0,0.0,0.0
1304054,2022-04-01,Kolkata Knight Riders,"Wankhede Stadium, Mumbai",middle,90,2,51,8.5,10.59
1304054,2022-04-01,Kolkata Knight Riders,"Wankhede Stadium, Mumbai",powerplay,51,2,36,6.0,8.5
1304054,2022-04-01,Punjab Kings,"Wankhede Stadium, Mumbai",death,35,2,20,3.33,10.51
1304054,2022-04-01,Punjab Kings,"Wankhede Stadium, Mumbai",middle,40,5,54,9.0,4.44
1304054,2022-04-01,Punjab Kings,"Wankhede Stadium, Mumbai",powerplay,62,3,36,6.0,10.33
1304055,2022-04-02,Mumbai Indians,"Dr DY Patil Sports Academy, Mumbai",death,34,4,30,5.0,6.8
1304055,2022-04-02,Mumbai Indians,"Dr DY Patil Sports Academy, Mumbai",middle,86,2,54,9.0,9.56
1304055,2022-04-02,Mumbai Indians,"Dr DY Patil Sports Academy, Mumbai",powerplay,50,2,36,6.0,8.33
1304055,2022-04-02,Rajasthan Royals,"Dr DY Patil Sports Academy, Mumbai",death,55,5,30,5.0,11.0
1304055,2022-04-02,Rajasthan Royals,"Dr DY Patil Sports Academy, Mumbai",middle,90,1,54,9.0,10.0
1304055,2022-04-02,Rajasthan Royals,"Dr DY Patil Sports Academy, Mumbai",powerplay,48,2,36,6.0,8.0
1304056,2022-04-02,Delhi Capitals,"Maharashtra Cricket Association Stadium, Pune",death,31,3,30,5.0,6.2
1304056,2022-04-02,Delhi Capitals,"Maharashtra Cricket Association Stadium, Pune",middle,83,3,54,9.0,9.22
1304056,2022-04-02,Delhi Capitals,"Maharashtra Cricket Association Stadium, Pune",powerplay,43,3,36,6.0,7.17
1304056,2022-04-02,Gujarat Titans,"Maharashtra Cricket Association Stadium, Pune",death,51,3,30,5.0,10.2
1304056,2022-04-02,Gujarat Titans,"Maharashtra Cricket Association Stadium, Pune",middle,76,2,54,9.0,8.44
1304056,2022-04-02,Gujarat Titans,"Maharashtra Cricket Association Stadium, Pune",powerplay,44,1,36,6.0,7.33
1304057,2022-04-03,Chennai Super Kings,"Brabourne Stadium, Mumbai",death,28,3,18,3.0,9.33
1304057,2022-04-03,Chennai Super Kings,"Brabourne Stadium, Mumbai",middle,71,3,54,9.0,7.89
1304057,2022-04-03,Chennai Super Kings,"Brabourne Stadium, Mumbai",powerplay,27,4,36,6.0,4.5
1304057,2022-04-03,Punjab Kings,"Brabourne Stadium, Mumbai",death,33,3,30,5.0,6.6
1304057,2022-04-03,Punjab Kings,"Brabourne Stadium, Mumbai",middle,75,3,54,9.0,8.33
1304057,2022-04-03,Punjab Kings,"Brabourne Stadium, Mumbai",powerplay,72,2,36,6.0,12.0
1304058,2022-04-04,Lucknow Super Giants,"Dr DY Patil Sports Academy, Mumbai",death,55,4,30,5.0,11.0
1304058,2022-04-04,Lucknow Super Giants,"Dr DY Patil Sports Academy, Mumbai",middle,82,0,54,9.0,9.11
1304058,2022-04-04,Lucknow Super Giants,"Dr DY Patil Sports Academy, Mumbai",powerplay,32,3,36,6.0,5.33
1304058,2022-04-04,Sunrisers Hyderabad,"Dr DY Patil Sports Academy, Mumbai",death,37,5,30,5.0,7.4
1304058,2022-04-04,Sunrisers Hyderabad,"Dr DY Patil Sports Academy, Mumbai",middle,80,2,54,9.0,8.89
1304058,2022-04-04,Sunrisers Hyderabad,"Dr DY Patil Sports Academy, Mumbai",powerplay,40,2,36,6.0,6.67
1304059,2022-04-05,Rajasthan Royals,"Wankhede Stadium, Mumbai",death,66,0,30,5.0,13.2
1304059,2022-04-05,Rajasthan Royals,"Wankhede Stadium, Mumbai",middle,68,2,54,9.0,7.56
1304059,2022-04-05,Rajasthan Royals,"Wankhede Stadium, Mumbai",powerplay,35,1,36,6.0,5.83
1304059,2022-04-05,Royal Challengers Bangalore,"Wankhede Stadium, Mumbai",death,48,1,25,4.17,11.51
1304059,2022-04-05,Royal Challengers Bangalore,"Wankhede Stadium, Mumbai",middle,77,5,54,9.0,8.56
1304059,2022-04-05,Royal Challengers Bangalore,"Wankhede Stadium, Mumbai",powerplay,48,0,36,6.0,8.0
1304060,2022-04-06,Kolkata Knight Riders,"Maharashtra Cricket Association Stadium, Pune",death,35,0,6,1.0,35.0
1304060,2022-04-06,Kolkata Knight Riders,"Maharashtra Cricket Association Stadium, Pune",middle,92,3,54,9.0,10.22
1304060,2022-04-06,Kolkata Knight Riders,"Maharashtra Cricket Association Stadium, Pune",powerplay,35,2,36,6.0,5.83
1304060,2022-04-06,Mumbai Indians,"Maharashtra Cricket Association Stadium, Pune",death,76,1,30,5.0,15.2
1304060,2022-04-06,Mumbai Indians,"Maharashtra Cricket Association Stadium, Pune",middle,50,2,54,9.0,5.56
1304060,2022-04-06,Mumbai Indians,"Maharashtra Cricket Association Stadium, Pune",powerplay,35,1,36,6.0,5.83
1304061,2022-04-07,Delhi Capitals,"Dr DY Patil Sports Academy, Mumbai",death,50,0,30,5.0,10.0
1304061,2022-04-07,Delhi Capitals,"Dr DY Patil Sports Academy, Mumbai",middle,47,3,54,9.0,5.22
1304061,2022-04-07,Delhi Capitals,"Dr DY Patil Sports Academy, Mumbai",powerplay,52,0,36,6.0,8.67
1304061,2022-04-07,Lucknow Super Giants,"Dr DY Patil Sports Academy, Mumbai",death,44,2,28,4.67,9.42
1304061,2022-04-07,Lucknow Super Giants,"Dr DY Patil Sports Academy, Mumbai",middle,63,2,54,9.0,7.0
1304061,2022-04-07,Lucknow Super Giants,"Dr DY Patil Sports Academy, Mumbai",powerplay,48,0,36,6.0,8.0
1304062,2022-04-08,Gujarat Titans,"Brabourne Stadium, Mumbai",death,56,2,30,5.0,11.2
1304062,2022-04-08,Gujarat Titans,"Brabourne Stadium, Mumbai",middle,81,1,54,9.0,9.0
1304062,2022-04-08,Gujarat Titans,"Brabourne Stadium, Mumbai",powerplay,53,1,36,6.0,8.83
1304062,2022-04-08,Punjab Kings,"Brabourne Stadium, Mumbai",death,37,4,30,5.0,7.4
1304062,2022-04-08,Punjab Kings,"Brabourne Stadium, Mumbai",middle,109,3,54,9.0,12.11
1304062,2022-04-08,Punjab Kings,"Brabourne Stadium, Mumbai",powerplay,43,2,36,6.0,7.17
1304063,2022-04-09,Chennai Super Kings,"Dr DY Patil Sports Academy, Mumbai",death,46,3,30,5.0,9.2
1304063,2022-04-09,Chennai Super Kings,"Dr DY Patil Sports Academy, Mumbai",middle,67,2,54,9.0,7.44
1304063,2022-04-09,Chennai Super Kings,"Dr DY Patil Sports Academy, Mumbai",powerplay,41,2,36,6.0,6.83
1304063,2022-04-09,Sunrisers Hyderabad,"Dr DY Patil Sports Academy, Mumbai",death,34,1,16,2.67,12.73
1304063,2022-04-09,Sunrisers Hyderabad,"Dr DY Patil Sports Academy, Mumbai",middle,84,1,54,9.0,9.33
1304063,2022-04-09,Sunrisers Hyderabad,"Dr DY Patil Sports Academy, Mumbai",powerplay,37,0,36,6.0,6.17
1304064,2022-04-09,Mumbai Indians,"Maharashtra Cricket Association Stadium, Pune",death,59,0,30,5.0,11.8
1304064,2022-04-09,Mumbai Indians,"Maharashtra Cricket Association Stadium, Pune",middle,43,6,54,9.0,4.78
1304064,2022-04-09,Mumbai Indians,"Maharashtra Cricket Association Stadium, Pune",powerplay,49,0,36,6.0,8.17
1304064,2022-04-09,Royal Challengers Bangalore,"Maharashtra Cricket Association Stadium, Pune",death,41,2,21,3.5,11.71
1304064,2022-04-09,Royal Challengers Bangalore,"Maharashtra Cricket Association Stadium, Pune",middle,81,1,54,9.0,9.0
1304064,2022-04-09,Royal Challengers Bangalore,"Maharashtra Cricket Association Stadium, Pune",powerplay,30,0,36,6.0,5.0
1304065,2022-04-10,Delhi Capitals,"Brabourne Stadium, Mumbai",death,54,2,30,5.0,10.8
1304065,2022-04-10,Delhi Capitals,"Brabourne Stadium, Mumbai",middle,93,3,54,9.0,10.33
1304065,2022-04-10,Delhi Capitals,"Brabourne Stadium, Mumbai",powerplay,68,0,36,6.0,11.33
1304065,2022-04-10,Kolkata Knight Riders,"Brabourne Stadium, Mumbai",death,34,5,28,4.67,7.28
1304065,2022-04-10,Kolkata Knight Riders,"Brabourne Stadium, Mumbai",middle,94,3,54,9.0,10.44
1304065,2022-04-10,Kolkata Knight Riders,"Brabourne Stadium, Mumbai",powerplay,43,2,36,6.0,7.17
1304066,2022-04-10,Lucknow Super Giants,"Wankhede Stadium, Mumbai",death,65,3,30,5.0,13.0
1304066,2022-04-10,Lucknow Super Giants,"Wankhede Stadium, Mumbai",middle,66,2,54,9.0,7.33
1304066,2022-04-10,Lucknow Super Giants,"Wankhede Stadium, Mumbai",powerplay,31,3,36,6.0,5.17
1304066,2022-04-10,Rajasthan Royals,"Wankhede Stadium, Mumbai",death,73,2,30,5.0,14.6
1304066,2022-04-10,Rajasthan Royals,"Wankhede Stadium, Mumbai",middle,48,3,54,9.0,5.33
1304066,2022-04-10,Rajasthan Royals,"Wankhede Stadium, Mumbai",powerplay,44,1,36,6.0,7.33
1304067,2022-04-11,Gujarat Titans,"Dr DY Patil Sports Academy, Mumbai",death,44,3,30,5.0,8.8
1304067,2022-04-11,Gujarat Titans,"Dr DY Patil Sports Academy, Mumbai",middle,67,2,54,9.0,7.44
1304067,2022-04-11,Gujarat Titans,"Dr DY Patil Sports Academy, Mumbai",powerplay,51,2,36,6.0,8.5
1304067,2022-04-11,Sunrisers Hyderabad,"Dr DY Patil Sports Academy, Mumbai",death,52,1,25,4.17,12.47
1304067,2022-04-11,Sunrisers Hyderabad,"Dr DY Patil Sports Academy, Mumbai",middle,74,2,54,9.0,8.22
1304067,2022-04-11,Sunrisers Hyderabad,"Dr DY Patil Sports Academy, Mumbai",powerplay,42,0,36,6.0,7.0
1304068,2022-04-12,Chennai Super Kings,"Dr DY Patil Sports Academy, Mumbai",death,83,2,30,5.0,16.6
1304068,2022-04-12,Chennai Super Kings,"Dr DY Patil Sports Academy, Mumbai",middle,98,1,54,9.0,10.89
1304068,2022-04-12,Chennai Super Kings,"Dr DY Patil Sports Academy, Mumbai",powerplay,35,1,36,6.0,5.83
1304068,2022-04-12,Royal Challengers Bangalore,"Dr DY Patil Sports Academy, Mumbai",death,53,3,30,5.0,10.6
1304068,2022-04-12,Royal Challengers Bangalore,"Dr DY Patil Sports Academy, Mumbai",middle,98,3,54,9.0,10.89
1304068,2022-04-12,Royal Challengers Bangalore,"Dr DY Patil Sports Academy, Mumbai",powerplay,42,3,36,6.0,7.0
1304069,2022-04-13,Mumbai Indians,"Maharashtra Cricket Association Stadium, Pune",death,40,5,30,5.0,8.0
1304069,2022-04-13,Mumbai Indians,"Maharashtra Cricket Association Stadium, Pune",middle,104,2,54,9.0,11.56
1304069,2022-04-13,Mumbai Indians,"Maharashtra Cricket Association Stadium, Pune",powerplay,42,2,36,6.0,7.0
1304069,2022-04-13,Punjab Kings,"Maharashtra Cricket Association Stadium, Pune",death,66,2,30,5.0,13.2
1304069,2022-04-13,Punjab Kings,"Maharashtra Cricket Association Stadium, Pune",middle,67,3,54,9.0,7.44
1304069,2022-04-13,Punjab Kings,"Maharashtra Cricket Association Stadium, Pune",powerplay,65,0,36,6.0,10.83
1304070,2022-04-14,Gujarat Titans,"Dr DY Patil Sports Academy, Mumbai",death,62,1,30,5.0,12.4
1304070,2022-04-14,Gujarat Titans,"Dr DY Patil Sports Academy, Mumbai",middle,88,1,54,9.0,9.78
1304070,2022-04-14,Gujarat Titans,"Dr DY Patil Sports Academy, Mumbai",powerplay,42,2,36,6.0,7.0
1304070,2022-04-14,Rajasthan Royals,"Dr DY Patil Sports Academy, Mumbai",death,25,3,30,5.0,5.0
1304070,2022-04-14,Rajasthan Royals,"Dr DY Patil Sports Academy, Mumbai",middle,65,3,54,9.0,7.22
1304070,2022-04-14,Rajasthan Royals,"Dr DY Patil Sports Academy, Mumbai",powerplay,65,3,36,6.0,10.83
1304071,2022-04-15,Kolkata Knight Riders,"Brabourne Stadium, Mumbai",death,55,3,30,5.0,11.0
1304071,2022-04-15,Kolkata Knight Riders,"Brabourne Stadium, Mumbai",middle,82,2,54,9.0,9.11
1304071,2022-04-15,Kolkata Knight Riders,"Brabourne Stadium, Mumbai",powerplay,38,3,36,6.0,6.33
1304071,2022-04-15,Sunrisers Hyderabad,"Brabourne Stadium, Mumbai",death,36,0,17,2.83,12.72
1304071,2022-04-15,Sunrisers Hyderabad,"Brabourne Stadium, Mumbai",middle,94,1,54,9.0,10.44
1304071,2022-04-15,Sunrisers Hyderabad,"Brabourne Stadium, Mumbai",powerplay,46,2,36,6.0,7.67
1304072,2022-04-16,Lucknow Super Giants,"Brabourne Stadium, Mumbai",death,49,2,30,5.0,9.8
1304072,2022-04-16,Lucknow Super Giants,"Brabourne Stadium, Mumbai",middle,93,1,54,9.0,10.33
1304072,2022-04-16,Lucknow Super Giants,"Brabourne Stadium, Mumbai",powerplay,57,1,36,6.0,9.5
1304072,2022-04-16,Mumbai Indians,"Brabourne Stadium, Mumbai",death,56,5,30,5.0,11.2
1304072,2022-04-16,Mumbai Indians,"Brabourne Stadium, Mumbai",middle,68,2,54,9.0,7.56
1304072,2022-04-16,Mumbai Indians,"Brabourne Stadium, Mumbai",powerplay,57,2,36,6.0,9.5
1304073,2022-04-16,Delhi Capitals,"Wankhede Stadium, Mumbai",death,58,2,30,5.0,11.6
1304073,2022-04-16,Delhi Capitals,"Wankhede Stadium, Mumbai",middle,58,4,54,9.0,6.44
1304073,2022-04-16,Delhi Capitals,"Wankhede Stadium, Mumbai",powerplay,57,1,36,6.0,9.5
1304073,2022-04-16,Royal Challengers Bangalore,"Wankhede Stadium, Mumbai",death,74,0,30,5.0,14.8
1304073,2022-04-16,Royal Challengers Bangalore,"Wankhede Stadium, Mumbai",middle,75,3,54,9.0,8.33
1304073,2022-04-16,Royal Challengers Bangalore,"Wankhede Stadium, Mumbai",powerplay,40,2,36,6.0,6.67
1304074,2022-04-17,Punjab Kings,"Dr DY Patil Sports Academy, Mumbai",death,29,6,30,5.0,5.8
1304074,2022-04-17,Punjab Kings,"Dr DY Patil Sports Academy, Mumbai",middle,74,2,54,9.0,8.22
1304074,2022-04-17,Punjab Kings,"Dr DY Patil Sports Academy, Mumbai",powerplay,48,2,36,6.0,8.0
1304074,2022-04-17,Sunrisers Hyderabad,"Dr DY Patil Sports Academy, Mumbai",death,41,0,23,3.83,10.7
1304074,2022-04-17,Sunrisers Hyderabad,"Dr DY Patil Sports Academy, Mumbai",middle,72,2,54,9.0,8.0
1304074,2022-04-17,Sunrisers Hyderabad,"Dr DY Patil Sports Academy, Mumbai",powerplay,39,1,36,6.0,6.5
1304075,2022-04-17,Chennai Super Kings,"Maharashtra Cricket Association Stadium, Pune",death,44,2,30,5.0,8.8
1304075,2022-04-17,Chennai Super Kings,"Maharashtra Cricket Association Stadium, Pune",middle,86,1,54,9.0,9.56
1304075,2022-04-17,Chennai Super Kings,"Maharashtra Cricket Association Stadium, Pune",powerplay,39,2,36,6.0,6.5
1304075,2022-04-17,Gujarat Titans,"Maharashtra Cricket Association Stadium, Pune",death,62,2,29,4.83,12.84
1304075,2022-04-17,Gujarat Titans,"Maharashtra Cricket Association Stadium, Pune",middle,71,2,54,9.0,7.89
1304075,2022-04-17,Gujarat Titans,"Maharashtra Cricket Association Stadium, Pune",powerplay,37,3,36,6.0,6.17
1304076,2022-04-18,Kolkata Knight Riders,"Brabourne Stadium, Mumbai",death,43,6,28,4.67,9.21
1304076,2022-04-18,Kolkata Knight Riders,"Brabourne Stadium, Mumbai",middle,110,3,54,9.0,12.22
1304076,2022-04-18,Kolkata Knight Riders,"Brabourne Stadium, Mumbai",powerplay,57,1,36,6.0,9.5
1304076,2022-04-18,Rajasthan Royals,"Brabourne Stadium, Mumbai",death,54,4,30,5.0,10.8
1304076,2022-04-18,Rajasthan Royals,"Brabourne Stadium, Mumbai",middle,103,1,54,9.0,11.44
1304076,2022-04-18,Rajasthan Royals,"Brabourne Stadium, Mumbai",powerplay,60,0,36,6.0,10.0
1304077,2022-04-19,Lucknow Super Giants,"Dr DY Patil Sports Academy, Mumbai",death,46,3,30,5.0,9.2
1304077,2022-04-19,Lucknow Super Giants,"Dr DY Patil Sports Academy, Mumbai",middle,73,3,54,9.0,8.11
1304077,2022-04-19,Lucknow Super Giants,"Dr DY Patil Sports Academy, Mumbai",powerplay,44,2,36,6.0,7.33
1304077,2022-04-19,Royal Challengers Bangalore,"Dr DY Patil Sports Academy, Mumbai",death,51,2,30,5.0,10.2
1304077,2022-04-19,Royal Challengers Bangalore,"Dr DY Patil Sports Academy, Mumbai",middle,83,1,54,9.0,9.22
1304077,2022-04-19,Royal Challengers Bangalore,"Dr DY Patil Sports Academy, Mumbai",powerplay,47,3,36,6.0,7.83
1304078,2022-04-20,Delhi Capitals,"Brabourne Stadium, Mumbai",death,0,0,0,0.0,0.0
1304078,2022-04-20,Delhi Capitals,"Brabourne Stadium, Mumbai",middle,38,1,27,4.5,8.44
1304078,2022-04-20,Delhi Capitals,"Brabourne Stadium, Mumbai",powerplay,81,0,36,6.0,13.5
1304078,2022-04-20,Punjab Kings,"Brabourne Stadium, Mumbai",death,19,2,30,5.0,3.8
1304078,2022-04-20,Punjab Kings,"Brabourne Stadium, Mumbai",middle,49,5,54,9.0,5.44
1304078,2022-04-20,Punjab Kings,"Brabourne Stadium, Mumbai",powerplay,47,3,36,6.0,7.83
1304079,2022-04-21,Chennai Super Kings,"Dr DY Patil Sports Academy, Mumbai",death,53,2,30,5.0,10.6
1304079,2022-04-21,Chennai Super Kings,"Dr DY Patil Sports Academy, Mumbai",middle,57,3,54,9.0,6.33
1304079,2022-04-21,Chennai Super Kings,"Dr DY Patil Sports Academy, Mumbai",powerplay,46,2,36,6.0,7.67
1304079,2022-04-21,Mumbai Indians,"Dr DY Patil Sports Academy, Mumbai",death,55,2,30,5.0,11.0
1304079,2022-04-21,Mumbai Indians,"Dr DY Patil Sports Academy, Mumbai",middle,58,2,54,9.0,6.44
1304079,2022-04-21,Mumbai Indians,"Dr DY Patil Sports Academy, Mumbai",powerplay,42,3,36,6.0,7.0
1304080,2022-04-22,Delhi Capitals,"Wankhede Stadium, Mumbai",death,58,3,30,5.0,11.6
1304080,2022-04-22,Delhi Capitals,"Wankhede Stadium, Mumbai",middle,94,3,54,9.0,10.44
1304080,2022-04-22,Delhi Capitals,"Wankhede Stadium, Mumbai",powerplay,55,2,36,6.0,9.17
1304080,2022-04-22,Rajasthan Royals,"Wankhede Stadium, Mumbai",death,67,2,30,5.0,13.4
1304080,2022-04-22,Rajasthan Royals,"Wankhede Stadium, Mumbai",middle,111,0,54,9.0,12.33
1304080,2022-04-22,Rajasthan Royals,"Wankhede Stadium, Mumbai",powerplay,44,0,36,6.0,7.33
1304081,2022-04-23,Gujarat Titans,"Dr DY Patil Sports Academy, Mumbai",death,29,7,30,5.0,5.8
1304081,2022-04-23,Gujarat Titans,"Dr DY Patil Sports Academy, Mumbai",middle,80,1,54,9.0,8.89
1304081,2022-04-23,Gujarat Titans,"Dr DY Patil Sports Academy, Mumbai",powerplay,47,1,36,6.0,7.83
1304081,2022-04-23,Kolkata Knight Riders,"Dr DY Patil Sports Academy, Mumbai",death,41,2,30,5.0,8.2
1304081,2022-04-23,Kolkata Knight Riders,"Dr DY Patil Sports Academy, Mumbai",middle,73,3,54,9.0,8.11
1304081,2022-04-23,Kolkata Knight Riders,"Dr DY Patil Sports Academy, Mumbai",powerplay,34,3,36,6.0,5.67
1304082,2022-04-23,Royal Challengers Bangalore,"Brabourne Stadium, Mumbai",death,3,2,7,1.17,2.56
1304082,2022-04-23,Royal Challengers Bangalore,"Brabourne Stadium, Mumbai",middle,34,4,54,9.0,3.78
1304082,2022-04-23,Royal Challengers Bangalore,"Brabourne Stadium, Mumbai",powerplay,31,4,36,6.0,5.17
1304082,2022-04-23,Sunrisers Hyderabad,"Brabourne Stadium, Mumbai",death,0,0,0,0.0,0.0
1304082,2022-04-23,Sunrisers Hyderabad,"Brabourne Stadium, Mumbai",middle,16,1,12,2.0,8.0
1304082,2022-04-23,Sunrisers Hyderabad,"Brabourne Stadium, Mumbai",powerplay,56,0,36,6.0,9.33
1304083,2022-04-24,Lucknow Super Giants,"Wankhede Stadium, Mumbai",death,52,2,30,5.0,10.4
1304083,2022-04-24,Lucknow Super Giants,"Wankhede Stadium, Mumbai",middle,84,3,54,9.0,9.33
1304083,2022-04-24,Lucknow Super Giants,"Wankhede Stadium, Mumbai",powerplay,32,1,36,6.0,5.33
1304083,2022-04-24,Mumbai Indians,"Wankhede Stadium, Mumbai",death,34,4,30,5.0,6.8
1304083,2022-04-24,Mumbai Indians,"Wankhede Stadium, Mumbai",middle,55,4,54,9.0,6.11
1304083,2022-04-24,Mumbai Indians,"Wankhede Stadium, Mumbai",powerplay,43,0,36,6.0,7.17
1304084,2022-04-25,Chennai Super Kings,"Wankhede Stadium, Mumbai",death,58,2,30,5.0,11.6
1304084,2022-04-25,Chennai Super Kings,"Wankhede Stadium, Mumbai",middle,86,2,54,9.0,9.56
1304084,2022-04-25,Chennai Super Kings,"Wankhede Stadium, Mumbai",powerplay,32,2,36,6.0,5.33
1304084,2022-04-25,Punjab Kings,"Wankhede Stadium, Mumbai",death,64,3,30,5.0,12.8
1304084,2022-04-25,Punjab Kings,"Wankhede Stadium, Mumbai",middle,86,0,54,9.0,9.56
1304084,2022-04-25,Punjab Kings,"Wankhede Stadium, Mumbai",powerplay,37,1,36,6.0,6.17
1304085,2022-04-26,Rajasthan Royals,"Maharashtra Cricket Association Stadium, Pune",death,44,3,30,5.0,8.8
1304085,2022-04-26,Rajasthan Royals,"Maharashtra Cricket Association Stadium, Pune",middle,57,2,54,9.0,6.33
1304085,2022-04-26,Rajasthan Royals,"Maharashtra Cricket Association Stadium, Pune",powerplay,43,3,36,6.0,7.17
1304085,2022-04-26,Royal Challengers Bangalore,"Maharashtra Cricket Association Stadium, Pune",death,25,4,27,4.5,5.56
1304085,2022-04-26,Royal Challengers Bangalore,"Maharashtra Cricket Association Stadium, Pune",middle,53,5,54,9.0,5.89
1304085,2022-04-26,Royal Challengers Bangalore,"Maharashtra Cricket Association Stadium, Pune",powerplay,37,1,36,6.0,6.17
1304086,2022-04-27,Gujarat Titans,"Wankhede Stadium, Mumbai",death,64,2,30,5.0,12.8
1304086,2022-04-27,Gujarat Titans,"Wankhede Stadium, Mumbai",middle,76,3,54,9.0,8.44
1304086,2022-04-27,Gujarat Titans,"Wankhede Stadium, Mumbai",powerplay,59,0,36,6.0,9.83
1304086,2022-04-27,Sunrisers Hyderabad,"Wankhede Stadium, Mumbai",death,55,4,30,5.0,11.0
1304086,2022-04-27,Sunrisers Hyderabad,"Wankhede Stadium, Mumbai",middle,87,0,54,9.0,9.67
1304086,2022-04-27,Sunrisers Hyderabad,"Wankhede Stadium, Mumbai",powerplay,53,2,36,6.0,8.83
1304087,2022-04-28,Delhi Capitals,"Wankhede Stadium, Mumbai",death,37,0,24,4.0,9.25
1304087,2022-04-28,Delhi Capitals,"Wankhede Stadium, Mumbai",middle,66,4,54,9.0,7.33
1304087,2022-04-28,Delhi Capitals,"Wankhede Stadium, Mumbai",powerplay,47,2,36,6.0,7.83
1304087,2022-04-28,Kolkata Knight Riders,"Wankhede Stadium, Mumbai",death,57,3,30,5.0,11.4
1304087,2022-04-28,Kolkata Knight Riders,"Wankhede Stadium, Mumbai",middle,60,4,54,9.0,6.67
1304087,2022-04-28,Kolkata Knight Riders,"Wankhede Stadium, Mumbai",powerplay,29,2,36,6.0,4.83
1304088,2022-04-29,Lucknow Super Giants,"Maharashtra Cricket Association Stadium, Pune",death,44,3,30,5.0,8.8
1304088,2022-04-29,Lucknow Super Giants,"Maharashtra Cricket Association Stadium, Pune",middle,70,4,54,9.0,7.78
1304088,2022-04-29,Lucknow Super Giants,"Maharashtra Cricket Association Stadium, Pune",powerplay,39,1,36,6.0,6.5
1304088,2022-04-29,Punjab Kings,"Maharashtra Cricket Association Stadium, Pune",death,30,3,30,5.0,6.0
1304088,2022-04-29,Punjab Kings,"Maharashtra Cricket Association Stadium, Pune",middle,57,4,54,9.0,6.33
1304088,2022-04-29,Punjab Kings,"Maharashtra Cricket Association Stadium, Pune",powerplay,46,1,36,6.0,7.67
1304089,2022-04-30,Gujarat Titans,"Brabourne Stadium, Mumbai",death,61,0,27,4.5,13.56
1304089,2022-04-30,Gujarat Titans,"Brabourne Stadium, Mumbai",middle,67,4,54,9.0,7.44
1304089,2022-04-30,Gujarat Titans,"Brabourne Stadium, Mumbai",powerplay,46,0,36,6.0,7.67
1304089,2022-04-30,Royal Challengers Bangalore,"Brabourne Stadium, Mumbai",death,53,4,30,5.0,10.6
1304089,2022-04-30,Royal Challengers Bangalore,"Brabourne Stadium, Mumbai",middle,74,1,54,9.0,8.22
1304089,2022-04-30,Royal Challengers Bangalore,"Brabourne Stadium, Mumbai",powerplay,43,1,36,6.0,7.17
1304090,2022-04-30,Mumbai Indians,"Dr DY Patil Sports Academy, Mumbai",death,39,2,26,4.33,9.01
1304090,2022-04-30,Mumbai Indians,"Dr DY Patil Sports Academy, Mumbai",middle,81,1,54,9.0,9.0
1304090,2022-04-30,Mumbai Indians,"Dr DY Patil Sports Academy, Mumbai",powerplay,41,2,36,6.0,6.83
1304090,2022-04-30,Rajasthan Royals,"Dr DY Patil Sports Academy, Mumbai",death,56,3,30,5.0,11.2
1304090,2022-04-30,Rajasthan Royals,"Dr DY Patil Sports Academy, Mumbai",middle,62,2,54,9.0,6.89
1304090,2022-04-30,Rajasthan Royals,"Dr DY Patil Sports Academy, Mumbai",powerplay,40,1,36,6.0,6.67
1304091,2022-05-01,Delhi Capitals,"Wankhede Stadium, Mumbai",death,54,2,30,5.0,10.8
1304091,2022-05-01,Delhi Capitals,"Wankhede Stadium, Mumbai",middle,69,3,54,9.0,7.67
1304091,2022-05-01,Delhi Capitals,"Wankhede Stadium, Mumbai",powerplay,66,2,36,6.0,11.0
1304091,2022-05-01,Lucknow Super Giants,"Wankhede Stadium, Mumbai",death,50,1,30,5.0,10.0
1304091,2022-05-01,Lucknow Super Giants,"Wankhede Stadium, Mumbai",middle,88,1,54,9.0,9.78
1304091,2022-05-01,Lucknow Super Giants,"Wankhede Stadium, Mumbai",powerplay,57,1,36,6.0,9.5
1304092,2022-05-01,Chennai Super Kings,"Maharashtra Cricket Association Stadium, Pune",death,49,2,30,5.0,9.8
1304092,2022-05-01,Chennai Super Kings,"Maharashtra Cricket Association Stadium, Pune",middle,113,0,54,9.0,12.56
1304092,2022-05-01,Chennai Super Kings,"Maharashtra Cricket Association Stadium, Pune",powerplay,40,0,36,6.0,6.67
1304092,2022-05-01,Sunrisers Hyderabad,"Maharashtra Cricket Association Stadium, Pune",death,58,2,30,5.0,11.6
1304092,2022-05-01,Sunrisers Hyderabad,"Maharashtra Cricket Association Stadium, Pune",middle,73,2,54,9.0,8.11
1304092,2022-05-01,Sunrisers Hyderabad,"Maharashtra Cricket Association Stadium, Pune",powerplay,58,2,36,6.0,9.67
1304093,2022-05-02,Kolkata Knight Riders,"Wankhede Stadium, Mumbai",death,51,0,25,4.17,12.23
1304093,2022-05-02,Kolkata Knight Riders,"Wankhede Stadium, Mumbai",middle,75,1,54,9.0,8.33
1304093,2022-05-02,Kolkata Knight Riders,"Wankhede Stadium, Mumbai",powerplay,32,2,36,6.0,5.33
1304093,2022-05-02,Rajasthan Royals,"Wankhede Stadium, Mumbai",death,47,2,30,5.0,9.4
1304093,2022-05-02,Rajasthan Royals,"Wankhede Stadium, Mumbai",middle,67,2,54,9.0,7.44
1304093,2022-05-02,Rajasthan Royals,"Wankhede Stadium, Mumbai",powerplay,38,1,36,6.0,6.33
1304094,2022-05-03,Gujarat Titans,"Dr DY Patil Sports Academy, Mumbai",death,45,4,30,5.0,9.0
1304094,2022-05-03,Gujarat Titans,"Dr DY Patil Sports Academy, Mumbai",middle,56,2,54,9.0,6.22
1304094,2022-05-03,Gujarat Titans,"Dr DY Patil Sports Academy, Mumbai",powerplay,42,2,36,6.0,7.0
1304094,2022-05-03,Punjab Kings,"Dr DY Patil Sports Academy, Mumbai",death,28,0,6,1.0,28.0
1304094,2022-05-03,Punjab Kings,"Dr DY Patil Sports Academy, Mumbai",middle,74,1,54,9.0,8.22
1304094,2022-05-03,Punjab Kings,"Dr DY Patil Sports Academy, Mumbai",powerplay,43,1,36,6.0,7.17
1304095,2022-05-04,Chennai Super Kings,"Maharashtra Cricket Association Stadium, Pune",death,42,4,30,5.0,8.4
1304095,2022-05-04,Chennai Super Kings,"Maharashtra Cricket Association Stadium, Pune",middle,67,4,54,9.0,7.44
1304095,2022-05-04,Chennai Super Kings,"Maharashtra Cricket Association Stadium, Pune",powerplay,51,0,36,6.0,8.5
1304095,2022-05-04,Royal Challengers Bangalore,"Maharashtra Cricket Association Stadium, Pune",death,50,5,30,5.0,10.0
1304095,2022-05-04,Royal Challengers Bangalore,"Maharashtra Cricket Association Stadium, Pune",middle,66,3,54,9.0,7.33
1304095,2022-05-04,Royal Challengers Bangalore,"Maharashtra Cricket Association Stadium, Pune",powerplay,57,0,36,6.0,9.5
1304096,2022-05-05,Delhi Capitals,"Brabourne Stadium, Mumbai",death,70,0,30,5.0,14.0
1304096,2022-05-05,Delhi Capitals,"Brabourne Stadium, Mumbai",middle,87,1,54,9.0,9.67
1304096,2022-05-05,Delhi Capitals,"Brabourne Stadium, Mumbai",powerplay,50,2,36,6.0,8.33
1304096,2022-05-05,Sunrisers Hyderabad,"Brabourne Stadium, Mumbai",death,52,3,30,5.0,10.4
1304096,2022-05-05,Sunrisers Hyderabad,"Brabourne Stadium, Mumbai",middle,99,3,54,9.0,11.0
1304096,2022-05-05,Sunrisers Hyderabad,"Brabourne Stadium, Mumbai",powerplay,35,2,36,6.0,5.83
1304097,2022-05-06,Gujarat Titans,"Brabourne Stadium, Mumbai",death,42,3,30,5.0,8.4
1304097,2022-05-06,Gujarat Titans,"Brabourne Stadium, Mumbai",middle,76,2,54,9.0,8.44
1304097,2022-05-06,Gujarat Titans,"Brabourne Stadium, Mumbai",powerplay,54,0,36,6.0,9.0
1304097,2022-05-06,Mumbai Indians,"Brabourne Stadium, Mumbai",death,57,2,30,5.0,11.4
1304097,2022-05-06,Mumbai Indians,"Brabourne Stadium, Mumbai",middle,57,4,54,9.0,6.33
1304097,2022-05-06,Mumbai Indians,"Brabourne Stadium, Mumbai",powerplay,63,0,36,6.0,10.5
1304098,2022-05-07,Punjab Kings,"Wankhede Stadium, Mumbai",death,67,1,30,5.0,13.4
1304098,2022-05-07,Punjab Kings,"Wankhede Stadium, Mumbai",middle,74,3,54,9.0,8.22
1304098,2022-05-07,Punjab Kings,"Wankhede Stadium, Mumbai",powerplay,48,1,36,6.0,8.0
1304098,2022-05-07,Rajasthan Royals,"Wankhede Stadium, Mumbai",death,47,1,28,4.67,10.06
1304098,2022-05-07,Rajasthan Royals,"Wankhede Stadium, Mumbai",middle,76,2,54,9.0,8.44
1304098,2022-05-07,Rajasthan Royals,"Wankhede Stadium, Mumbai",powerplay,67,1,36,6.0,11.17
1304099,2022-05-07,Kolkata Knight Riders,"Maharashtra Cricket Association Stadium, Pune",death,0,0,0,0.0,0.0
1304099,2022-05-07,Kolkata Knight Riders,"Maharashtra Cricket Association Stadium, Pune",middle,76,7,51,8.5,8.94
1304099,2022-05-07,Kolkata Knight Riders,"Maharashtra Cricket Association Stadium, Pune",powerplay,25,3,36,6.0,4.17
1304099,2022-05-07,Lucknow Super Giants,"Maharashtra Cricket Association Stadium, Pune",death,53,3,30,5.0,10.6
1304099,2022-05-07,Lucknow Super Giants,"Maharashtra Cricket Association Stadium, Pune",middle,57,3,54,9.0,6.33
1304099,2022-05-07,Lucknow Super Giants,"Maharashtra Cricket Association Stadium, Pune",powerplay,66,1,36,6.0,11.0
1304100,2022-05-08,Royal Challengers Bangalore,"Wankhede Stadium, Mumbai",death,67,1,30,5.0,13.4
1304100,2022-05-08,Royal Challengers Bangalore,"Wankhede Stadium, Mumbai",middle,78,1,54,9.0,8.67
1304100,2022-05-08,Royal Challengers Bangalore,"Wankhede Stadium, Mumbai",powerplay,47,1,36,6.0,7.83
1304100,2022-05-08,Sunrisers Hyderabad,"Wankhede Stadium, Mumbai",death,14,5,26,4.33,3.23
1304100,2022-05-08,Sunrisers Hyderabad,"Wankhede Stadium, Mumbai",middle,72,3,54,9.0,8.0
1304100,2022-05-08,Sunrisers Hyderabad,"Wankhede Stadium, Mumbai",powerplay,39,2,36,6.0,6.5
1304101,2022-05-08,Chennai Super Kings,"Dr DY Patil Sports Academy, Mumbai",death,60,5,30,5.0,12.0
1304101,2022-05-08,Chennai Super Kings,"Dr DY Patil Sports Academy, Mumbai",middle,91,1,54,9.0,10.11
1304101,2022-05-08,Chennai Super Kings,"Dr DY Patil Sports Academy, Mumbai",powerplay,57,0,36,6.0,9.5
1304101,2022-05-08,Delhi Capitals,"Dr DY Patil Sports Academy, Mumbai",death,18,3,16,2.67,6.74
1304101,2022-05-08,Delhi Capitals,"Dr DY Patil Sports Academy, Mumbai",middle,40,5,54,9.0,4.44
1304101,2022-05-08,Delhi Capitals,"Dr DY Patil Sports Academy, Mumbai",powerplay,59,2,36,6.0,9.83
1304102,2022-05-09,Kolkata Knight Riders,"Dr DY Patil Sports Academy, Mumbai",death,25,4,30,5.0,5.0
1304102,2022-05-09,Kolkata Knight Riders,"Dr DY Patil Sports Academy, Mumbai",middle,76,4,54,9.0,8.44
1304102,2022-05-09,Kolkata Knight Riders,"Dr DY Patil Sports Academy, Mumbai",powerplay,64,1,36,6.0,10.67
1304102,2022-05-09,Mumbai Indians,"Dr DY Patil Sports Academy, Mumbai",death,11,3,15,2.5,4.4
1304102,2022-05-09,Mumbai Indians,"Dr DY Patil Sports Academy, Mumbai",middle,65,5,54,9.0,7.22
1304102,2022-05-09,Mumbai Indians,"Dr DY Patil Sports Academy, Mumbai",powerplay,37,2,36,6.0,6.17
1304103,2022-05-10,Gujarat Titans,"Maharashtra Cricket Association Stadium, Pune",death,52,1,30,5.0,10.4
1304103,2022-05-10,Gujarat Titans,"Maharashtra Cricket Association Stadium, Pune",middle,57,1,54,9.0,6.33
1304103,2022-05-10,Gujarat Titans,"Maharashtra Cricket Association Stadium, Pune",powerplay,35,2,36,6.0,5.83
1304103,2022-05-10,Lucknow Super Giants,"Maharashtra Cricket Association Stadium, Pune",death,0,0,0,0.0,0.0
1304103,2022-05-10,Lucknow Super Giants,"Maharashtra Cricket Association Stadium, Pune",middle,45,7,47,7.83,5.75
1304103,2022-05-10,Lucknow Super Giants,"Maharashtra Cricket Association Stadium, Pune",powerplay,37,3,36,6.0,6.17
1304104,2022-05-11,Delhi Capitals,"Dr DY Patil Sports Academy, Mumbai",death,47,1,19,3.17,14.83
1304104,2022-05-11,Delhi Capitals,"Dr DY Patil Sports Academy, Mumbai",middle,76,0,54,9.0,8.44
1304104,2022-05-11,Delhi Capitals,"Dr DY Patil Sports Academy, Mumbai",powerplay,38,1,36,6.0,6.33
1304104,2022-05-11,Rajasthan Royals,"Dr DY Patil Sports Academy, Mumbai",death,44,3,30,5.0,8.8
1304104,2022-05-11,Rajasthan Royals,"Dr DY Patil Sports Academy, Mumbai",middle,73,2,54,9.0,8.11
1304104,2022-05-11,Rajasthan Royals,"Dr DY Patil Sports Academy, Mumbai",powerplay,43,1,36,6.0,7.17
1304105,2022-05-12,Chennai Super Kings,"Wankhede Stadium, Mumbai",death,10,1,6,1.0,10.0
1304105,2022-05-12,Chennai Super Kings,"Wankhede Stadium, Mumbai",middle,55,4,54,9.0,6.11
1304105,2022-05-12,Chennai Super Kings,"Wankhede Stadium, Mumbai",powerplay,32,5,36,6.0,5.33
1304105,2022-05-12,Mumbai Indians,"Wankhede Stadium, Mumbai",death,0,0,0,0.0,0.0
1304105,2022-05-12,Mumbai Indians,"Wankhede Stadium, Mumbai",middle,67,1,53,8.83,7.59
1304105,2022-05-12,Mumbai Indians,"Wankhede Stadium, Mumbai",powerplay,36,4,36,6.0,6.0
1304106,2022-05-13,Punjab Kings,"Brabourne Stadium, Mumbai",death,57,5,30,5.0,11.4
1304106,2022-05-13,Punjab Kings,"Brabourne Stadium, Mumbai",middle,69,3,54,9.0,7.67
1304106,2022-05-13,Punjab Kings,"Brabourne Stadium, Mumbai",powerplay,83,1,36,6.0,13.83
1304106,2022-05-13,Royal Challengers Bangalore,"Brabourne Stadium, Mumbai",death,35,3,30,5.0,7.0
1304106,2022-05-13,Royal Challengers Bangalore,"Brabourne Stadium, Mumbai",middle,76,3,54,9.0,8.44
1304106,2022-05-13,Royal Challengers Bangalore,"Brabourne Stadium, Mumbai",powerplay,44,3,36,6.0,7.33
1304107,2022-05-14,Kolkata Knight Riders,"Maharashtra Cricket Association Stadium, Pune",death,58,1,30,5.0,11.6
1304107,2022-05-14,Kolkata Knight Riders,"Maharashtra Cricket Association Stadium, Pune",middle,64,4,54,9.0,7.11
1304107,2022-05-14,Kolkata Knight Riders,"Maharashtra Cricket Association Stadium, Pune",powerplay,55,1,36,6.0,9.17
1304107,2022-05-14,Sunrisers Hyderabad,"Maharashtra Cricket Association Stadium, Pune",death,23,3,30,5.0,4.6
1304107,2022-05-14,Sunrisers Hyderabad,"Maharashtra Cricket Association Stadium, Pune",middle,69,4,54,9.0,7.67
1304107,2022-05-14,Sunrisers Hyderabad,"Maharashtra Cricket Association Stadium, Pune",powerplay,31,1,36,6.0,5.17
1304108,2022-05-15,Chennai Super Kings,"Wankhede Stadium, Mumbai",death,24,3,30,5.0,4.8
1304108,2022-05-15,Chennai Super Kings,"Wankhede Stadium, Mumbai",middle,62,1,54,9.0,6.89
1304108,2022-05-15,Chennai Super Kings,"Wankhede Stadium, Mumbai",powerplay,47,1,36,6.0,7.83
1304108,2022-05-15,Gujarat Titans,"Wankhede Stadium, Mumbai",death,29,0,25,4.17,6.95
1304108,2022-05-15,Gujarat Titans,"Wankhede Stadium, Mumbai",middle,55,3,54,9.0,6.11
1304108,2022-05-15,Gujarat Titans,"Wankhede Stadium, Mumbai",powerplay,53,0,36,6.0,8.83
1304109,2022-05-15,Lucknow Super Giants,"Brabourne Stadium, Mumbai",death,47,4,30,5.0,9.4
1304109,2022-05-15,Lucknow Super Giants,"Brabourne Stadium, Mumbai",middle,73,1,54,9.0,8.11
1304109,2022-05-15,Lucknow Super Giants,"Brabourne Stadium, Mumbai",powerplay,34,3,36,6.0,5.67
1304109,2022-05-15,Rajasthan Royals,"Brabourne Stadium, Mumbai",death,48,2,30,5.0,9.6
1304109,2022-05-15,Rajasthan Royals,"Brabourne Stadium, Mumbai",middle,79,3,54,9.0,8.78
1304109,2022-05-15,Rajasthan Royals,"Brabourne Stadium, Mumbai",powerplay,51,1,36,6.0,8.5
1304110,2022-05-16,Delhi Capitals,"Dr DY Patil Sports Academy, Mumbai",death,43,2,30,5.0,8.6
1304110,2022-05-16,Delhi Capitals,"Dr DY Patil Sports Academy, Mumbai",middle,57,3,54,9.0,6.33
1304110,2022-05-16,Delhi Capitals,"Dr DY Patil Sports Academy, Mumbai",powerplay,59,2,36,6.0,9.83
1304110,2022-05-16,Punjab Kings,"Dr DY Patil Sports Academy, Mumbai",death,41,2,30,5.0,8.2
1304110,2022-05-16,Punjab Kings,"Dr DY Patil Sports Academy, Mumbai",middle,47,4,54,9.0,5.22
1304110,2022-05-16,Punjab Kings,"Dr DY Patil Sports Academy, Mumbai",powerplay,54,3,36,6.0,9.0
1304111,2022-05-17,Mumbai Indians,"Wankhede Stadium, Mumbai",death,63,3,30,5.0,12.6
1304111,2022-05-17,Mumbai Indians,"Wankhede Stadium, Mumbai",middle,76,4,54,9.0,8.44
1304111,2022-05-17,Mumbai Indians,"Wankhede Stadium, Mumbai",powerplay,51,0,36,6.0,8.5
1304111,2022-05-17,Sunrisers Hyderabad,"Wankhede Stadium, Mumbai",death,45,4,30,5.0,9.0
1304111,2022-05-17,Sunrisers Hyderabad,"Wankhede Stadium, Mumbai",middle,91,1,54,9.0,10.11
1304111,2022-05-17,Sunrisers Hyderabad,"Wankhede Stadium, Mumbai",powerplay,57,1,36,6.0,9.5
1304112,2022-05-18,Kolkata Knight Riders,"Dr DY Patil Sports Academy, Mumbai",death,74,4,30,5.0,14.8
1304112,2022-05-18,Kolkata Knight Riders,"Dr DY Patil Sports Academy, Mumbai",middle,74,2,54,9.0,8.22
1304112,2022-05-18,Kolkata Knight Riders,"Dr DY Patil Sports Academy, Mumbai",powerplay,60,2,36,6.0,10.0
1304112,2022-05-18,Lucknow Super Giants,"Dr DY Patil Sports Academy, Mumbai",death,88,0,30,5.0,17.6
1304112,2022-05-18,Lucknow Super Giants,"Dr DY Patil Sports Academy, Mumbai",middle,78,0,54,9.0,8.67
1304112,2022-05-18,Lucknow Super Giants,"Dr DY Patil Sports Academy, Mumbai",powerplay,44,0,36,6.0,7.33
1304113,2022-05-19,Gujarat Titans,"Wankhede Stadium, Mumbai",death,50,2,30,5.0,10.0
1304113,2022-05-19,Gujarat Titans,"Wankhede Stadium, Mumbai",middle,80,1,54,9.0,8.89
1304113,2022-05-19,Gujarat Titans,"Wankhede Stadium, Mumbai",powerplay,38,2,36,6.0,6.33
1304113,2022-05-19,Royal Challengers Bangalore,"Wankhede Stadium, Mumbai",death,49,1,22,3.67,13.35
1304113,2022-05-19,Royal Challengers Bangalore,"Wankhede Stadium, Mumbai",middle,66,1,54,9.0,7.33
1304113,2022-05-19,Royal Challengers Bangalore,"Wankhede Stadium, Mumbai",powerplay,55,0,36,6.0,9.17
1304114,2022-05-20,Chennai Super Kings,"Brabourne Stadium, Mumbai",death,33,2,30,5.0,6.6
1304114,2022-05-20,Chennai Super Kings,"Brabourne Stadium, Mumbai",middle,42,3,54,9.0,4.67
1304114,2022-05-20,Chennai Super Kings,"Brabourne Stadium, Mumbai",powerplay,75,1,36,6.0,12.5
1304114,2022-05-20,Rajasthan Royals,"Brabourne Stadium, Mumbai",death,47,1,28,4.67,10.06
1304114,2022-05-20,Rajasthan Royals,"Brabourne Stadium, Mumbai",middle,52,3,54,9.0,5.78
1304114,2022-05-20,Rajasthan Royals,"Brabourne Stadium, Mumbai",powerplay,52,1,36,6.0,8.67
1304115,2022-05-21,Delhi Capitals,"Wankhede Stadium, Mumbai",death,53,3,30,5.0,10.6
1304115,2022-05-21,Delhi Capitals,"Wankhede Stadium, Mumbai",middle,69,1,54,9.0,7.67
1304115,2022-05-21,Delhi Capitals,"Wankhede Stadium, Mumbai",powerplay,37,3,36,6.0,6.17
1304115,2022-05-21,Mumbai Indians,"Wankhede Stadium, Mumbai",death,59,2,25,4.17,14.15
1304115,2022-05-21,Mumbai Indians,"Wankhede Stadium, Mumbai",middle,74,2,54,9.0,8.22
1304115,2022-05-21,Mumbai Indians,"Wankhede Stadium, Mumbai",powerplay,27,1,36,6.0,4.5
1304116,2022-05-22,Punjab Kings,"Wankhede Stadium, Mumbai",death,4,0,1,0.17,23.53
1304116,2022-05-22,Punjab Kings,"Wankhede Stadium, Mumbai",middle,94,4,54,9.0,10.44
1304116,2022-05-22,Punjab Kings,"Wankhede Stadium, Mumbai",powerplay,62,1,36,6.0,10.33
1304116,2022-05-22,Sunrisers Hyderabad,"Wankhede Stadium, Mumbai",death,61,3,30,5.0,12.2
1304116,2022-05-22,Sunrisers Hyderabad,"Wankhede Stadium, Mumbai",middle,53,4,54,9.0,5.89
1304116,2022-05-22,Sunrisers Hyderabad,"Wankhede Stadium, Mumbai",powerplay,43,1,36,6.0,7.17
1312197,2022-05-24,Gujarat Titans,"Eden Gardens, Kolkata",death,52,0,27,4.5,11.56
1312197,2022-05-24,Gujarat Titans,"Eden Gardens, Kolkata",middle,75,2,54,9.0,8.33
1312197,2022-05-24,Gujarat Titans,"Eden Gardens, Kolkata",powerplay,64,1,36,6.0,10.67
1312197,2022-05-24,Rajasthan Royals,"Eden Gardens, Kolkata",death,64,3,30,5.0,12.8
1312197,2022-05-24,Rajasthan Royals,"Eden Gardens, Kolkata",middle,69,2,54,9.0,7.67
1312197,2022-05-24,Rajasthan Royals,"Eden Gardens, Kolkata",powerplay,55,1,36,6.0,9.17
1312198,2022-05-25,Lucknow Super Giants,"Eden Gardens, Kolkata",death,50,3,30,5.0,10.0
1312198,2022-05-25,Lucknow Super Giants,"Eden Gardens, Kolkata",middle,81,1,54,9.0,9.0
1312198,2022-05-25,Lucknow Super Giants,"Eden Gardens, Kolkata",powerplay,62,2,36,6.0,10.33
1312198,2022-05-25,Royal Challengers Bangalore,"Eden Gardens, Kolkata",death,84,0,30,5.0,16.8
1312198,2022-05-25,Royal Challengers Bangalore,"Eden Gardens, Kolkata",middle,71,3,54,9.0,7.89
1312198,2022-05-25,Royal Challengers Bangalore,"Eden Gardens, Kolkata",powerplay,52,1,36,6.0,8.67
1312199,2022-05-27,Rajasthan Royals,"Narendra Modi Stadium, Ahmedabad",death,35,1,19,3.17,11.04
1312199,2022-05-27,Rajasthan Royals,"Narendra Modi Stadium, Ahmedabad",middle,59,1,54,9.0,6.56
1312199,2022-05-27,Rajasthan Royals,"Narendra Modi Stadium, Ahmedabad",powerplay,67,1,36,6.0,11.17
1312199,2022-05-27,Royal Challengers Bangalore,"Narendra Modi Stadium, Ahmedabad",death,34,5,30,5.0,6.8
1312199,2022-05-27,Royal Challengers Bangalore,"Narendra Modi Stadium, Ahmedabad",middle,77,2,54,9.0,8.56
1312199,2022-05-27,Royal Challengers Bangalore,"Narendra Modi Stadium, Ahmedabad",powerplay,46,1,36,6.0,7.67
1312200,2022-05-29,Gujarat Titans,"Narendra Modi Stadium, Ahmedabad",death,36,0,19,3.17,11.36
1312200,2022-05-29,Gujarat Titans,"Narendra Modi Stadium, Ahmedabad",middle,66,1,54,9.0,7.33
1312200,2022-05-29,Gujarat Titans,"Narendra Modi Stadium, Ahmedabad",powerplay,31,2,36,6.0,5.17
1312200,2022-05-29,Rajasthan Royals,"Narendra Modi Stadium, Ahmedabad",death,36,4,30,5.0,7.2
1312200,2022-05-29,Rajasthan Royals,"Narendra Modi Stadium, Ahmedabad",middle,50,4,54,9.0,5.56
1312200,2022-05-29,Rajasthan Royals,"Narendra Modi Stadium, Ahmedabad",powerplay,44,1,36,6.0,7.33
1359475,2023-03-31,Chennai Super Kings,"Narendra Modi Stadium, Ahmedabad",death,45,3,30,5.0,9.0
1359475,2023-03-31,Chennai Super Kings,"Narendra Modi Stadium, Ahmedabad",middle,82,2,54,9.0,9.11
1359475,2023-03-31,Chennai Super Kings,"Narendra Modi Stadium, Ahmedabad",powerplay,51,2,36,6.0,8.5
1359475,2023-03-31,Gujarat Titans,"Narendra Modi Stadium, Ahmedabad",death,44,1,26,4.33,10.16
1359475,2023-03-31,Gujarat Titans,"Narendra Modi Stadium, Ahmedabad",middle,73,3,54,9.0,8.11
1359475,2023-03-31,Gujarat Titans,"Narendra Modi Stadium, Ahmedabad",powerplay,65,1,36,6.0,10.83
1359476,2023-04-01,Kolkata Knight Riders,"Punjab Cricket Association IS Bindra Stadium, Mohali, Chandigarh",death,10,1,6,1.0,10.0
1359476,2023-04-01,Kolkata Knight Riders,"Punjab Cricket Association IS Bindra Stadium, Mohali, Chandigarh",middle,90,3,54,9.0,10.0
1359476,2023-04-01,Kolkata Knight Riders,"Punjab Cricket Association IS Bindra Stadium, Mohali, Chandigarh",powerplay,46,3,36,6.0,7.67
1359476,2023-04-01,Punjab Kings,"Punjab Cricket Association IS Bindra Stadium, Mohali, Chandigarh",death,48,1,30,5.0,9.6
1359476,2023-04-01,Punjab Kings,"Punjab Cricket Association IS Bindra Stadium, Mohali, Chandigarh",middle,87,3,54,9.0,9.67
1359476,2023-04-01,Punjab Kings,"Punjab Cricket Association IS Bindra Stadium, Mohali, Chandigarh",powerplay,56,1,36,6.0,9.33
1359477,2023-04-01,Delhi Capitals,"Bharat Ratna Shri Atal Bihari Vajpayee Ekana Cricket Stadium, Lucknow",death,33,4,30,5.0,6.6
1359477,2023-04-01,Delhi Capitals,"Bharat Ratna Shri Atal Bihari Vajpayee Ekana Cricket Stadium, Lucknow",middle,63,3,54,9.0,7.0
1359477,2023-04-01,Delhi Capitals,"Bharat Ratna Shri Atal Bihari Vajpayee Ekana Cricket Stadium, Lucknow",powerplay,47,2,36,6.0,7.83
1359477,2023-04-01,Lucknow Super Giants,"Bharat Ratna Shri Atal Bihari Vajpayee Ekana Cricket Stadium, Lucknow",death,66,2,30,5.0,13.2
1359477,2023-04-01,Lucknow Super Giants,"Bharat Ratna Shri Atal Bihari Vajpayee Ekana Cricket Stadium, Lucknow",middle,97,3,54,9.0,10.78
1359477,2023-04-01,Lucknow Super Giants,"Bharat Ratna Shri Atal Bihari Vajpayee Ekana Cricket Stadium, Lucknow",powerplay,30,1,36,6.0,5.0
1359478,2023-04-02,Rajasthan Royals,"Rajiv Gandhi International Stadium, Uppal, Hyderabad",death,43,2,30,5.0,8.6
1359478,2023-04-02,Rajasthan Royals,"Rajiv Gandhi International Stadium, Uppal, Hyderabad",middle,75,2,54,9.0,8.33
1359478,2023-04-02,Rajasthan Royals,"Rajiv Gandhi International Stadium, Uppal, Hyderabad",powerplay,85,1,36,6.0,14.17
1359478,2023-04-02,Sunrisers Hyderabad,"Rajiv Gandhi International Stadium, Uppal, Hyderabad",death,46,1,30,5.0,9.2
1359478,2023-04-02,Sunrisers Hyderabad,"Rajiv Gandhi International Stadium, Uppal, Hyderabad",middle,55,5,54,9.0,6.11
1359478,2023-04-02,Sunrisers Hyderabad,"Rajiv Gandhi International Stadium, Uppal, Hyderabad",powerplay,30,2,36,6.0,5.0
1359479,2023-04-02,Mumbai Indians,"M Chinnaswamy Stadium, Bengaluru",death,69,2,30,5.0,13.8
1359479,2023-04-02,Mumbai Indians,"M Chinnaswamy Stadium, Bengaluru",middle,73,2,54,9.0,8.11
1359479,2023-04-02,Mumbai Indians,"M Chinnaswamy Stadium, Bengaluru",powerplay,29,3,36,6.0,4.83
1359479,2023-04-02,Royal Challengers Bangalore,"M Chinnaswamy Stadium, Bengaluru",death,24,1,8,1.33,18.05
1359479,2023-04-02,Royal Challengers Bangalore,"M Chinnaswamy Stadium, Bengaluru",middle,95,1,54,9.0,10.56
1359479,2023-04-02,Royal Challengers Bangalore,"M Chinnaswamy Stadium, Bengaluru",powerplay,53,0,36,6.0,8.83
1359480,2023-04-03,Chennai Super Kings,"MA Chidambaram Stadium, Chepauk, Chennai",death,53,4,30,5.0,10.6
1359480,2023-04-03,Chennai Super Kings,"MA Chidambaram Stadium, Chepauk, Chennai",middle,85,3,54,9.0,9.44
1359480,2023-04-03,Chennai Super Kings,"MA Chidambaram Stadium, Chepauk, Chennai",powerplay,79,0,36,6.0,13.17
1359480,2023-04-03,Lucknow Super Giants,"MA Chidambaram Stadium, Chepauk, Chennai",death,55,2,30,5.0,11.0
1359480,2023-04-03,Lucknow Super Giants,"MA Chidambaram Stadium, Chepauk, Chennai",middle,70,4,54,9.0,7.78
1359480,2023-04-03,Lucknow Super Giants,"MA Chidambaram Stadium, Chepauk, Chennai",powerplay,80,1,36,6.0,13.33
1359481,2023-04-04,Delhi Capitals,"Arun Jaitley Stadium, Delhi",death,41,3,30,5.0,8.2
1359481,2023-04-04,Delhi Capitals,"Arun Jaitley Stadium, Delhi",middle,69,3,54,9.0,7.67
1359481,2023-04-04,Delhi Capitals,"Arun Jaitley Stadium, Delhi",powerplay,52,2,36,6.0,8.67
1359481,2023-04-04,Gujarat Titans,"Arun Jaitley Stadium, Delhi",death,46,0,19,3.17,14.51
1359481,2023-04-04,Gujarat Titans,"Arun Jaitley Stadium, Delhi",middle,63,1,54,9.0,7.0
1359481,2023-04-04,Gujarat Titans,"Arun Jaitley Stadium, Delhi",powerplay,54,3,36,6.0,9.0
1359482,2023-04-05,Punjab Kings,"Barsapara Cricket Stadium, Guwahati",death,45,3,30,5.0,9.0
1359482,2023-04-05,Punjab Kings,"Barsapara Cricket Stadium, Guwahati",middle,89,2,54,9.0,9.89
1359482,2023-04-05,Punjab Kings,"Barsapara Cricket Stadium, Guwahati",powerplay,63,0,36,6.0,10.5
1359482,2023-04-05,Rajasthan Royals,"Barsapara Cricket Stadium, Guwahati",death,68,1,30,5.0,13.6
1359482,2023-04-05,Rajasthan Royals,"Barsapara Cricket Stadium, Guwahati",middle,67,3,54,9.0,7.44
1359482,2023-04-05,Rajasthan Royals,"Barsapara Cricket Stadium, Guwahati",powerplay,57,3,36,6.0,9.5
1359483,2023-04-06,Kolkata Knight Riders,"Eden Gardens, Kolkata",death,64,2,30,5.0,12.8
1359483,2023-04-06,Kolkata Knight Riders,"Eden Gardens, Kolkata",middle,93,3,54,9.0,10.33
1359483,2023-04-06,Kolkata Knight Riders,"Eden Gardens, Kolkata",powerplay,47,2,36,6.0,7.83
1359483,2023-04-06,Royal Challengers Bangalore,"Eden Gardens, Kolkata",death,21,1,16,2.67,7.87
1359483,2023-04-06,Royal Challengers Bangalore,"Eden Gardens, Kolkata",middle,52,7,54,9.0,5.78
1359483,2023-04-06,Royal Challengers Bangalore,"Eden Gardens, Kolkata",powerplay,50,2,36,6.0,8.33
1359484,2023-04-07,Lucknow Super Giants,"Bharat Ratna Shri Atal Bihari Vajpayee Ekana Cricket Stadium, Lucknow",death,9,0,6,1.0,9.0
1359484,2023-04-07,Lucknow Super Giants,"Bharat Ratna Shri Atal Bihari Vajpayee Ekana Cricket Stadium, Lucknow",middle,73,3,54,9.0,8.11
1359484,2023-04-07,Lucknow Super Giants,"Bharat Ratna Shri Atal Bihari Vajpayee Ekana Cricket Stadium, Lucknow",powerplay,45,2,36,6.0,7.5
1359484,2023-04-07,Sunrisers Hyderabad,"Bharat Ratna Shri Atal Bihari Vajpayee Ekana Cricket Stadium, Lucknow",death,38,4,30,5.0,7.6
1359484,2023-04-07,Sunrisers Hyderabad,"Bharat Ratna Shri Atal Bihari Vajpayee Ekana Cricket Stadium, Lucknow",middle,40,3,54,9.0,4.44
1359484,2023-04-07,Sunrisers Hyderabad,"Bharat Ratna Shri Atal Bihari Vajpayee Ekana Cricket Stadium, Lucknow",powerplay,43,1,36,6.0,7.17
1359485,2023-04-08,Delhi Capitals,"Barsapara Cricket Stadium, Guwahati",death,29,4,30,5.0,5.8
1359485,2023-04-08,Delhi Capitals,"Barsapara Cricket Stadium, Guwahati",middle,75,2,54,9.0,8.33
1359485,2023-04-08,Delhi Capitals,"Barsapara Cricket Stadium, Guwahati",powerplay,38,3,36,6.0,6.33
1359485,2023-04-08,Rajasthan Royals,"Barsapara Cricket Stadium, Guwahati",death,69,1,30,5.0,13.8
1359485,2023-04-08,Rajasthan Royals,"Barsapara Cricket Stadium, Guwahati",middle,62,3,54,9.0,6.89
1359485,2023-04-08,Rajasthan Royals,"Barsapara Cricket Stadium, Guwahati",powerplay,68,0,36,6.0,11.33
1359486,2023-04-08,Chennai Super Kings,"Wankhede Stadium, Mumbai",death,25,0,19,3.17,7.89
1359486,2023-04-08,Chennai Super Kings,"Wankhede Stadium, Mumbai",middle,66,2,54,9.0,7.33
1359486,2023-04-08,Chennai Super Kings,"Wankhede Stadium, Mumbai",powerplay,68,1,36,6.0,11.33
1359486,2023-04-08,Mumbai Indians,"Wankhede Stadium, Mumbai",death,48,2,30,5.0,9.6
1359486,2023-04-08,Mumbai Indians,"Wankhede Stadium, Mumbai",middle,48,5,54,9.0,5.33
1359486,2023-04-08,Mumbai Indians,"Wankhede Stadium, Mumbai",powerplay,61,1,36,6.0,10.17
1359487,2023-04-09,Gujarat Titans,"Narendra Modi Stadium, Ahmedabad",death,72,1,30,5.0,14.4
1359487,2023-04-09,Gujarat Titans,"Narendra Modi Stadium, Ahmedabad",middle,78,2,54,9.0,8.67
1359487,2023-04-09,Gujarat Titans,"Narendra Modi Stadium, Ahmedabad",powerplay,54,1,36,6.0,9.0
1359487,2023-04-09,Kolkata Knight Riders,"Narendra Modi Stadium, Ahmedabad",death,58,4,30,5.0,11.6
1359487,2023-04-09,Kolkata Knight Riders,"Narendra Modi Stadium, Ahmedabad",middle,106,1,54,9.0,11.78
1359487,2023-04-09,Kolkata Knight Riders,"Narendra Modi Stadium, Ahmedabad",powerplay,43,2,36,6.0,7.17
1359488,2023-04-09,Punjab Kings,"Rajiv Gandhi International Stadium, Uppal, Hyderabad",death,55,0,30,5.0,11.0
1359488,2023-04-09,Punjab Kings,"Rajiv Gandhi International Stadium, Uppal, Hyderabad",middle,47,6,54,9.0,5.22
1359488,2023-04-09,Punjab Kings,"Rajiv Gandhi International Stadium, Uppal, Hyderabad",powerplay,41,3,36,6.0,6.83
1359488,2023-04-09,Sunrisers Hyderabad,"Rajiv Gandhi International Stadium, Uppal, Hyderabad",death,27,0,13,2.17,12.44
1359488,2023-04-09,Sunrisers Hyderabad,"Rajiv Gandhi International Stadium, Uppal, Hyderabad",middle,84,1,54,9.0,9.33
1359488,2023-04-09,Sunrisers Hyderabad,"Rajiv Gandhi International Stadium, Uppal, Hyderabad",powerplay,34,1,36,6.0,5.67
1359489,2023-04-10,Lucknow Super Giants,"M Chinnaswamy Stadium, Bengaluru",death,42,4,30,5.0,8.4
1359489,2023-04-10,Lucknow Super Giants,"M Chinnaswamy Stadium, Bengaluru",middle,134,2,54,9.0,14.89
1359489,2023-04-10,Lucknow Super Giants,"M Chinnaswamy Stadium, Bengaluru",powerplay,37,3,36,6.0,6.17
1359489,2023-04-10,Royal Challengers Bangalore,"M Chinnaswamy Stadium, Bengaluru",death,75,1,30,5.0,15.0
1359489,2023-04-10,Royal Challengers Bangalore,"M Chinnaswamy Stadium, Bengaluru",middle,81,1,54,9.0,9.0
1359489,2023-04-10,Royal Challengers Bangalore,"M Chinnaswamy Stadium, Bengaluru",powerplay,56,0,36,6.0,9.33
1359490,2023-04-11,Delhi Capitals,"Arun Jaitley Stadium, Delhi",death,49,5,28,4.67,10.49
1359490,2023-04-11,Delhi Capitals,"Arun Jaitley Stadium, Delhi",middle,72,4,54,9.0,8.0
1359490,2023-04-11,Delhi Capitals,"Arun Jaitley Stadium, Delhi",powerplay,51,1,36,6.0,8.5
1359490,2023-04-11,Mumbai Indians,"Arun Jaitley Stadium, Delhi",death,50,3,30,5.0,10.0
1359490,2023-04-11,Mumbai Indians,"Arun Jaitley Stadium, Delhi",middle,55,1,54,9.0,6.11
1359490,2023-04-11,Mumbai Indians,"Arun Jaitley Stadium, Delhi",powerplay,68,0,36,6.0,11.33
1359491,2023-04-12,Chennai Super Kings,"MA Chidambaram Stadium, Chepauk, Chennai",death,59,0,30,5.0,11.8
1359491,2023-04-12,Chennai Super Kings,"MA Chidambaram Stadium, Chepauk, Chennai",middle,68,5,54,9.0,7.56
1359491,2023-04-12,Chennai Super Kings,"MA Chidambaram Stadium, Chepauk, Chennai",powerplay,45,1,36,6.0,7.5
1359491,2023-04-12,Rajasthan Royals,"MA Chidambaram Stadium, Chepauk, Chennai",death,40,4,30,5.0,8.0
1359491,2023-04-12,Rajasthan Royals,"MA Chidambaram Stadium, Chepauk, Chennai",middle,78,3,54,9.0,8.67
1359491,2023-04-12,Rajasthan Royals,"MA Chidambaram Stadium, Chepauk, Chennai",powerplay,57,1,36,6.0,9.5
1359492,2023-04-13,Gujarat Titans,"Punjab Cricket Association IS Bindra Stadium, Mohali, Chandigarh",death,43,1,29,4.83,8.9
1359492,2023-04-13,Gujarat Titans,"Punjab Cricket Association IS Bindra Stadium, Mohali, Chandigarh",middle,55,2,54,9.0,6.11
1359492,2023-04-13,Gujarat Titans,"Punjab Cricket Association IS Bindra Stadium, Mohali, Chandigarh",powerplay,56,1,36,6.0,9.33
1359492,2023-04-13,Punjab Kings,"Punjab Cricket Association IS Bindra Stadium, Mohali, Chandigarh",death,54,4,30,5.0,10.8
1359492,2023-04-13,Punjab Kings,"Punjab Cricket Association IS Bindra Stadium, Mohali, Chandigarh",middle,47,2,54,9.0,5.22
1359492,2023-04-13,Punjab Kings,"Punjab Cricket Association IS Bindra Stadium, Mohali, Chandigarh",powerplay,52,2,36,6.0,8.67
1359493,2023-04-14,Kolkata Knight Riders,"Eden Gardens, Kolkata",death,63,2,30,5.0,12.6
1359493,2023-04-14,Kolkata Knight Riders,"Eden Gardens, Kolkata",middle,80,2,54,9.0,8.89
1359493,2023-04-14,Kolkata Knight Riders,"Eden Gardens, Kolkata",powerplay,62,3,36,6.0,10.33
1359493,2023-04-14,Sunrisers Hyderabad,"Eden Gardens, Kolkata",death,71,1,30,5.0,14.2
1359493,2023-04-14,Sunrisers Hyderabad,"Eden Gardens, Kolkata",middle,92,1,54,9.0,10.22
1359493,2023-04-14,Sunrisers Hyderabad,"Eden Gardens, Kolkata",powerplay,65,2,36,6.0,10.83
1359494,2023-04-15,Delhi Capitals,"M Chinnaswamy Stadium, Bengaluru",death,43,2,30,5.0,8.6
1359494,2023-04-15,Delhi Capitals,"M Chinnaswamy Stadium, Bengaluru",middle,76,3,54,9.0,8.44
1359494,2023-04-15,Delhi Capitals,"M Chinnaswamy Stadium, Bengaluru",powerplay,32,4,36,6.0,5.33
1359494,2023-04-15,Royal Challengers Bangalore,"M Chinnaswamy Stadium, Bengaluru",death,40,0,30,5.0,8.0
1359494,2023-04-15,Royal Challengers Bangalore,"M Chinnaswamy Stadium, Bengaluru",middle,87,5,54,9.0,9.67
1359494,2023-04-15,Royal Challengers Bangalore,"M Chinnaswamy Stadium, Bengaluru",powerplay,47,1,36,6.0,7.83
1359495,2023-04-15,Lucknow Super Giants,"Bharat Ratna Shri Atal Bihari Vajpayee Ekana Cricket Stadium, Lucknow",death,48,4,30,5.0,9.6
1359495,2023-04-15,Lucknow Super Giants,"Bharat Ratna Shri Atal Bihari Vajpayee Ekana Cricket Stadium, Lucknow",middle,62,4,54,9.0,6.89
1359495,2023-04-15,Lucknow Super Giants,"Bharat Ratna Shri Atal Bihari Vajpayee Ekana Cricket Stadium, Lucknow",powerplay,49,0,36,6.0,8.17
1359495,2023-04-15,Punjab Kings,"Bharat Ratna Shri Atal Bihari Vajpayee Ekana Cricket Stadium, Lucknow",death,46,3,27,4.5,10.22
1359495,2023-04-15,Punjab Kings,"Bharat Ratna Shri Atal Bihari Vajpayee Ekana Cricket Stadium, Lucknow",middle,70,2,54,9.0,7.78
1359495,2023-04-15,Punjab Kings,"Bharat Ratna Shri Atal Bihari Vajpayee Ekana Cricket Stadium, Lucknow",powerplay,45,3,36,6.0,7.5
1359496,2023-04-16,Kolkata Knight Riders,"Wankhede Stadium, Mumbai",death,45,2,30,5.0,9.0
1359496,2023-04-16,Kolkata Knight Riders,"Wankhede Stadium, Mumbai",middle,83,2,54,9.0,9.22
1359496,2023-04-16,Kolkata Knight Riders,"Wankhede Stadium, Mumbai",powerplay,57,2,36,6.0,9.5
1359496,2023-04-16,Mumbai Indians,"Wankhede Stadium, Mumbai",death,23,2,16,2.67,8.61
1359496,2023-04-16,Mumbai Indians,"Wankhede Stadium, Mumbai",middle,91,2,54,9.0,10.11
1359496,2023-04-16,Mumbai Indians,"Wankhede Stadium, Mumbai",powerplay,72,1,36,6.0,12.0
1359497,2023-04-16,Gujarat Titans,"Narendra Modi Stadium, Ahmedabad",death,58,4,30,5.0,11.6
1359497,2023-04-16,Gujarat Titans,"Narendra Modi Stadium, Ahmedabad",middle,77,1,54,9.0,8.56
1359497,2023-04-16,Gujarat Titans,"Narendra Modi Stadium, Ahmedabad",powerplay,42,2,36,6.0,7.0
1359497,2023-04-16,Rajasthan Royals,"Narendra Modi Stadium, Ahmedabad",death,65,2,26,4.33,15.01
1359497,2023-04-16,Rajasthan Royals,"Narendra Modi Stadium, Ahmedabad",middle,88,3,54,9.0,9.78
1359497,2023-04-16,Rajasthan Royals,"Narendra Modi Stadium, Ahmedabad",powerplay,26,2,36,6.0,4.33
1359498,2023-04-17,Chennai Super Kings,"M Chinnaswamy Stadium, Bengaluru",death,61,4,30,5.0,12.2
1359498,2023-04-17,Chennai Super Kings,"M Chinnaswamy Stadium, Bengaluru",middle,112,1,54,9.0,12.44
1359498,2023-04-17,Chennai Super Kings,"M Chinnaswamy Stadium, Bengaluru",powerplay,53,1,36,6.0,8.83
1359498,2023-04-17,Royal Challengers Bangalore,"M Chinnaswamy Stadium, Bengaluru",death,49,4,30,5.0,9.8
1359498,2023-04-17,Royal Challengers Bangalore,"M Chinnaswamy Stadium, Bengaluru",middle,94,2,54,9.0,10.44
1359498,2023-04-17,Royal Challengers Bangalore,"M Chinnaswamy Stadium, Bengaluru",powerplay,75,2,36,6.0,12.5
1359499,2023-04-18,Mumbai Indians,"Rajiv Gandhi International Stadium, Uppal, Hyderabad",death,62,2,30,5.0,12.4
1359499,2023-04-18,Mumbai Indians,"Rajiv Gandhi International Stadium, Uppal, Hyderabad",middle,77,2,54,9.0,8.56
1359499,2023-04-18,Mumbai Indians,"Rajiv Gandhi International Stadium, Uppal, Hyderabad",powerplay,53,1,36,6.0,8.83
1359499,2023-04-18,Sunrisers Hyderabad,"Rajiv Gandhi International Stadium, Uppal, Hyderabad",death,45,4,29,4.83,9.32
1359499,2023-04-18,Sunrisers Hyderabad,"Rajiv Gandhi International Stadium, Uppal, Hyderabad",middle,91,4,54,9.0,10.11
1359499,2023-04-18,Sunrisers Hyderabad,"Rajiv Gandhi International Stadium, Uppal, Hyderabad",powerplay,42,2,36,6.0,7.0
1359500,2023-04-19,Lucknow Super Giants,"Sawai Mansingh Stadium, Jaipur",death,45,3,30,5.0,9.0
1359500,2023-04-19,Lucknow Super Giants,"Sawai Mansingh Stadium, Jaipur",middle,72,4,54,9.0,8.0
1359500,2023-04-19,Lucknow Super Giants,"Sawai Mansingh Stadium, Jaipur",powerplay,37,0,36,6.0,6.17
1359500,2023-04-19,Rajasthan Royals,"Sawai Mansingh Stadium, Jaipur",death,40,3,30,5.0,8.0
1359500,2023-04-19,Rajasthan Royals,"Sawai Mansingh Stadium, Jaipur",middle,57,3,54,9.0,6.33
1359500,2023-04-19,Rajasthan Royals,"Sawai Mansingh Stadium, Jaipur",powerplay,47,0,36,6.0,7.83
1359501,2023-04-20,Punjab Kings,"Punjab Cricket Association IS Bindra Stadium, Mohali, Chandigarh",death,25,3,20,3.33,7.51
1359501,2023-04-20,Punjab Kings,"Punjab Cricket Association IS Bindra Stadium, Mohali, Chandigarh",middle,76,3,54,9.0,8.44
1359501,2023-04-20,Punjab Kings,"Punjab Cricket Association IS Bindra Stadium, Mohali, Chandigarh",powerplay,49,4,36,6.0,8.17
1359501,2023-04-20,Royal Challengers Bangalore,"Punjab Cricket Association IS Bindra Stadium, Mohali, Chandigarh",death,44,4,30,5.0,8.8
1359501,2023-04-20,Royal Challengers Bangalore,"Punjab Cricket Association IS Bindra Stadium, Mohali, Chandigarh",middle,71,0,54,9.0,7.89
1359501,2023-04-20,Royal Challengers Bangalore,"Punjab Cricket Association IS Bindra Stadium, Mohali, Chandigarh",powerplay,59,0,36,6.0,9.83
1359502,2023-04-20,Delhi Capitals,"Arun Jaitley Stadium, Delhi",death,24,2,26,4.33,5.54
1359502,2023-04-20,Delhi Capitals,"Arun Jaitley Stadium, Delhi",middle,43,3,54,9.0,4.78
1359502,2023-04-20,Delhi Capitals,"Arun Jaitley Stadium, Delhi",powerplay,61,1,36,6.0,10.17
1359502,2023-04-20,Kolkata Knight Riders,"Arun Jaitley Stadium, Delhi",death,33,2,30,5.0,6.6
1359502,2023-04-20,Kolkata Knight Riders,"Arun Jaitley Stadium, Delhi",middle,59,5,54,9.0,6.56
1359502,2023-04-20,Kolkata Knight Riders,"Arun Jaitley Stadium, Delhi",powerplay,35,3,36,6.0,5.83
1359503,2023-04-21,Chennai Super Kings,"MA Chidambaram Stadium, Chepauk, Chennai",death,27,1,22,3.67,7.36
1359503,2023-04-21,Chennai Super Kings,"MA Chidambaram Stadium, Chepauk, Chennai",middle,51,2,54,9.0,5.67
1359503,2023-04-21,Chennai Super Kings,"MA Chidambaram Stadium, Chepauk, Chennai",powerplay,60,0,36,6.0,10.0
1359503,2023-04-21,Sunrisers Hyderabad,"MA Chidambaram Stadium, Chepauk, Chennai",death,32,2,30,5.0,6.4
1359503,2023-04-21,Sunrisers Hyderabad,"MA Chidambaram Stadium, Chepauk, Chennai",middle,57,4,54,9.0,6.33
1359503,2023-04-21,Sunrisers Hyderabad,"MA Chidambaram Stadium, Chepauk, Chennai",powerplay,45,1,36,6.0,7.5
1359504,2023-04-22,Gujarat Titans,"Bharat Ratna Shri Atal Bihari Vajpayee Ekana Cricket Stadium, Lucknow",death,43,2,30,5.0,8.6
1359504,2023-04-22,Gujarat Titans,"Bharat Ratna Shri Atal Bihari Vajpayee Ekana Cricket Stadium, Lucknow",middle,52,3,54,9.0,5.78
1359504,2023-04-22,Gujarat Titans,"Bharat Ratna Shri Atal Bihari Vajpayee Ekana Cricket Stadium, Lucknow",powerplay,40,1,36,6.0,6.67
1359504,2023-04-22,Lucknow Super Giants,"Bharat Ratna Shri Atal Bihari Vajpayee Ekana Cricket Stadium, Lucknow",death,22,5,30,5.0,4.4
1359504,2023-04-22,Lucknow Super Giants,"Bharat Ratna Shri Atal Bihari Vajpayee Ekana Cricket Stadium, Lucknow",middle,53,2,54,9.0,5.89
1359504,2023-04-22,Lucknow Super Giants,"Bharat Ratna Shri Atal Bihari Vajpayee Ekana Cricket Stadium, Lucknow",powerplay,53,0,36,6.0,8.83
1359505,2023-04-22,Mumbai Indians,"Wankhede Stadium, Mumbai",death,52,4,30,5.0,10.4
1359505,2023-04-22,Mumbai Indians,"Wankhede Stadium, Mumbai",middle,95,1,54,9.0,10.56
1359505,2023-04-22,Mumbai Indians,"Wankhede Stadium, Mumbai",powerplay,54,1,36,6.0,9.0
1359505,2023-04-22,Punjab Kings,"Wankhede Stadium, Mumbai",death,96,4,30,5.0,19.2
1359505,2023-04-22,Punjab Kings,"Wankhede Stadium, Mumbai",middle,60,3,54,9.0,6.67
1359505,2023-04-22,Punjab Kings,"Wankhede Stadium, Mumbai",powerplay,58,1,36,6.0,9.67
1359506,2023-04-23,Rajasthan Royals,"M Chinnaswamy Stadium, Bengaluru",death,61,3,30,5.0,12.2
1359506,2023-04-23,Rajasthan Royals,"M Chinnaswamy Stadium, Bengaluru",middle,74,2,54,9.0,8.22
1359506,2023-04-23,Rajasthan Royals,"M Chinnaswamy Stadium, Bengaluru",powerplay,47,1,36,6.0,7.83
1359506,2023-04-23,Royal Challengers Bangalore,"M Chinnaswamy Stadium, Bengaluru",death,33,5,30,5.0,6.6
1359506,2023-04-23,Royal Challengers Bangalore,"M Chinnaswamy Stadium, Bengaluru",middle,94,2,54,9.0,10.44
1359506,2023-04-23,Royal Challengers Bangalore,"M Chinnaswamy Stadium, Bengaluru",powerplay,62,2,36,6.0,10.33
1359507,2023-04-23,Chennai Super Kings,"Eden Gardens, Kolkata",death,75,2,30,5.0,15.0
1359507,2023-04-23,Chennai Super Kings,"Eden Gardens, Kolkata",middle,101,2,54,9.0,11.22
1359507,2023-04-23,Chennai Super Kings,"Eden Gardens, Kolkata",powerplay,59,0,36,6.0,9.83
1359507,2023-04-23,Kolkata Knight Riders,"Eden Gardens, Kolkata",death,49,3,30,5.0,9.8
1359507,2023-04-23,Kolkata Knight Riders,"Eden Gardens, Kolkata",middle,99,3,54,9.0,11.0
1359507,2023-04-23,Kolkata Knight Riders,"Eden Gardens, Kolkata",powerplay,38,2,36,6.0,6.33
1359508,2023-04-24,Delhi Capitals,"Rajiv Gandhi International Stadium, Uppal, Hyderabad",death,38,4,30,5.0,7.6
1359508,2023-04-24,Delhi Capitals,"Rajiv Gandhi International Stadium, Uppal, Hyderabad",middle,57,3,54,9.0,6.33
1359508,2023-04-24,Delhi Capitals,"Rajiv Gandhi International Stadium, Uppal, Hyderabad",powerplay,49,2,36,6.0,8.17
1359508,2023-04-24,Sunrisers Hyderabad,"Rajiv Gandhi International Stadium, Uppal, Hyderabad",death,48,1,30,5.0,9.6
1359508,2023-04-24,Sunrisers Hyderabad,"Rajiv Gandhi International Stadium, Uppal, Hyderabad",middle,53,4,54,9.0,5.89
1359508,2023-04-24,Sunrisers Hyderabad,"Rajiv Gandhi International Stadium, Uppal, Hyderabad",powerplay,36,1,36,6.0,6.0
1359509,2023-04-25,Gujarat Titans,"Narendra Modi Stadium, Ahmedabad",death,77,2,30,5.0,15.4
1359509,2023-04-25,Gujarat Titans,"Narendra Modi Stadium, Ahmedabad",middle,80,3,54,9.0,8.89
1359509,2023-04-25,Gujarat Titans,"Narendra Modi Stadium, Ahmedabad",powerplay,50,1,36,6.0,8.33
1359509,2023-04-25,Mumbai Indians,"Narendra Modi Stadium, Ahmedabad",death,40,3,30,5.0,8.0
1359509,2023-04-25,Mumbai Indians,"Narendra Modi Stadium, Ahmedabad",middle,83,5,54,9.0,9.22
1359509,2023-04-25,Mumbai Indians,"Narendra Modi Stadium, Ahmedabad",powerplay,29,1,36,6.0,4.83
1359510,2023-04-26,Kolkata Knight Riders,"M Chinnaswamy Stadium, Bengaluru",death,69,3,30,5.0,13.8
1359510,2023-04-26,Kolkata Knight Riders,"M Chinnaswamy Stadium, Bengaluru",middle,65,2,54,9.0,7.22
1359510,2023-04-26,Kolkata Knight Riders,"M Chinnaswamy Stadium, Bengaluru",powerplay,66,0,36,6.0,11.0
1359510,2023-04-26,Royal Challengers Bangalore,"M Chinnaswamy Stadium, Bengaluru",death,41,2,30,5.0,8.2
1359510,2023-04-26,Royal Challengers Bangalore,"M Chinnaswamy Stadium, Bengaluru",middle,80,3,54,9.0,8.89
1359510,2023-04-26,Royal Challengers Bangalore,"M Chinnaswamy Stadium, Bengaluru",powerplay,58,3,36,6.0,9.67
1359511,2023-04-27,Chennai Super Kings,"Sawai Mansingh Stadium, Jaipur",death,45,1,30,5.0,9.0
1359511,2023-04-27,Chennai Super Kings,"Sawai Mansingh Stadium, Jaipur",middle,83,4,54,9.0,9.22
1359511,2023-04-27,Chennai Super Kings,"Sawai Mansingh Stadium, Jaipur",powerplay,42,1,36,6.0,7.0
1359511,2023-04-27,Rajasthan Royals,"Sawai Mansingh Stadium, Jaipur",death,63,2,30,5.0,12.6
1359511,2023-04-27,Rajasthan Royals,"Sawai Mansingh Stadium, Jaipur",middle,75,3,54,9.0,8.33
1359511,2023-04-27,Rajasthan Royals,"Sawai Mansingh Stadium, Jaipur",powerplay,64,0,36,6.0,10.67
1359512,2023-04-28,Lucknow Super Giants,"Punjab Cricket Association IS Bindra Stadium, Mohali, Chandigarh",death,73,2,30,5.0,14.6
1359512,2023-04-28,Lucknow Super Giants,"Punjab Cricket Association IS Bindra Stadium, Mohali, Chandigarh",middle,110,1,54,9.0,12.22
1359512,2023-04-28,Lucknow Super Giants,"Punjab Cricket Association IS Bindra Stadium, Mohali, Chandigarh",powerplay,74,2,36,6.0,12.33
1359512,2023-04-28,Punjab Kings,"Punjab Cricket Association IS Bindra Stadium, Mohali, Chandigarh",death,49,6,29,4.83,10.14
1359512,2023-04-28,Punjab Kings,"Punjab Cricket Association IS Bindra Stadium, Mohali, Chandigarh",middle,97,2,54,9.0,10.78
1359512,2023-04-28,Punjab Kings,"Punjab Cricket Association IS Bindra Stadium, Mohali, Chandigarh",powerplay,55,2,36,6.0,9.17
1359513,2023-04-29,Gujarat Titans,"Eden Gardens, Kolkata",death,51,0,17,2.83,18.02
1359513,2023-04-29,Gujarat Titans,"Eden Gardens, Kolkata",middle,77,2,54,9.0,8.56
1359513,2023-04-29,Gujarat Titans,"Eden Gardens, Kolkata",powerplay,52,1,36,6.0,8.67
1359513,2023-04-29,Kolkata Knight Riders,"Eden Gardens, Kolkata",death,45,3,30,5.0,9.0
1359513,2023-04-29,Kolkata Knight Riders,"Eden Gardens, Kolkata",middle,73,2,54,9.0,8.11
1359513,2023-04-29,Kolkata Knight Riders,"Eden Gardens, Kolkata",powerplay,61,2,36,6.0,10.17
1359514,2023-04-29,Delhi Capitals,"Arun Jaitley Stadium, Delhi",death,50,2,30,5.0,10.0
1359514,2023-04-29,Delhi Capitals,"Arun Jaitley Stadium, Delhi",middle,81,3,54,9.0,9.0
1359514,2023-04-29,Delhi Capitals,"Arun Jaitley Stadium, Delhi",powerplay,57,1,36,6.0,9.5
1359514,2023-04-29,Sunrisers Hyderabad,"Arun Jaitley Stadium, Delhi",death,62,1,30,5.0,12.4
1359514,2023-04-29,Sunrisers Hyderabad,"Arun Jaitley Stadium, Delhi",middle,73,3,54,9.0,8.11
1359514,2023-04-29,Sunrisers Hyderabad,"Arun Jaitley Stadium, Delhi",powerplay,62,2,36,6.0,10.33
1359515,2023-04-30,Chennai Super Kings,"MA Chidambaram Stadium, Chepauk, Chennai",death,54,2,30,5.0,10.8
1359515,2023-04-30,Chennai Super Kings,"MA Chidambaram Stadium, Chepauk, Chennai",middle,89,2,54,9.0,9.89
1359515,2023-04-30,Chennai Super Kings,"MA Chidambaram Stadium, Chepauk, Chennai",powerplay,57,0,36,6.0,9.5
1359515,2023-04-30,Punjab Kings,"MA Chidambaram Stadium, Chepauk, Chennai",death,72,3,30,5.0,14.4
1359515,2023-04-30,Punjab Kings,"MA Chidambaram Stadium, Chepauk, Chennai",middle,67,2,54,9.0,7.44
1359515,2023-04-30,Punjab Kings,"MA Chidambaram Stadium, Chepauk, Chennai",powerplay,62,1,36,6.0,10.33
1359516,2023-04-30,Mumbai Indians,"Wankhede Stadium, Mumbai",death,64,1,27,4.5,14.22
1359516,2023-04-30,Mumbai Indians,"Wankhede Stadium, Mumbai",middle,92,2,54,9.0,10.22
1359516,2023-04-30,Mumbai Indians,"Wankhede Stadium, Mumbai",powerplay,58,1,36,6.0,9.67
1359516,2023-04-30,Rajasthan Royals,"Wankhede Stadium, Mumbai",death,69,3,30,5.0,13.8
1359516,2023-04-30,Rajasthan Royals,"Wankhede Stadium, Mumbai",middle,78,4,54,9.0,8.67
1359516,2023-04-30,Rajasthan Royals,"Wankhede Stadium, Mumbai",powerplay,65,0,36,6.0,10.83
1359517,2023-05-01,Lucknow Super Giants,"Bharat Ratna Shri Atal Bihari Vajpayee Ekana Cricket Stadium, Lucknow",death,30,2,29,4.83,6.21
1359517,2023-05-01,Lucknow Super Giants,"Bharat Ratna Shri Atal Bihari Vajpayee Ekana Cricket Stadium, Lucknow",middle,44,4,54,9.0,4.89
1359517,2023-05-01,Lucknow Super Giants,"Bharat Ratna Shri Atal Bihari Vajpayee Ekana Cricket Stadium, Lucknow",powerplay,34,4,36,6.0,5.67
1359517,2023-05-01,Royal Challengers Bangalore,"Bharat Ratna Shri Atal Bihari Vajpayee Ekana Cricket Stadium, Lucknow",death,34,5,30,5.0,6.8
1359517,2023-05-01,Royal Challengers Bangalore,"Bharat Ratna Shri Atal Bihari Vajpayee Ekana Cricket Stadium, Lucknow",middle,50,4,54,9.0,5.56
1359517,2023-05-01,Royal Challengers Bangalore,"Bharat Ratna Shri Atal Bihari Vajpayee Ekana Cricket Stadium, Lucknow",powerplay,42,0,36,6.0,7.0
1359518,2023-05-02,Delhi Capitals,"Narendra Modi Stadium, Ahmedabad",death,52,2,30,5.0,10.4
1359518,2023-05-02,Delhi Capitals,"Narendra Modi Stadium, Ahmedabad",middle,50,1,54,9.0,5.56
1359518,2023-05-02,Delhi Capitals,"Narendra Modi Stadium, Ahmedabad",powerplay,28,5,36,6.0,4.67
1359518,2023-05-02,Gujarat Titans,"Narendra Modi Stadium, Ahmedabad",death,46,2,30,5.0,9.2
1359518,2023-05-02,Gujarat Titans,"Narendra Modi Stadium, Ahmedabad",middle,48,1,54,9.0,5.33
1359518,2023-05-02,Gujarat Titans,"Narendra Modi Stadium, Ahmedabad",powerplay,31,3,36,6.0,5.17
1359520,2023-05-03,Mumbai Indians,"Punjab Cricket Association IS Bindra Stadium, Mohali, Chandigarh",death,46,2,23,3.83,12.01
1359520,2023-05-03,Mumbai Indians,"Punjab Cricket Association IS Bindra Stadium, Mohali, Chandigarh",middle,116,0,54,9.0,12.89
1359520,2023-05-03,Mumbai Indians,"Punjab Cricket Association IS Bindra Stadium, Mohali, Chandigarh",powerplay,54,2,36,6.0,9.0
1359520,2023-05-03,Punjab Kings,"Punjab Cricket Association IS Bindra Stadium, Mohali, Chandigarh",death,69,0,30,5.0,13.8
1359520,2023-05-03,Punjab Kings,"Punjab Cricket Association IS Bindra Stadium, Mohali, Chandigarh",middle,95,2,54,9.0,10.56
1359520,2023-05-03,Punjab Kings,"Punjab Cricket Association IS Bindra Stadium, Mohali, Chandigarh",powerplay,50,1,36,6.0,8.33
1359521,2023-05-04,Kolkata Knight Riders,"Rajiv Gandhi International Stadium, Uppal, Hyderabad",death,42,4,30,5.0,8.4
1359521,2023-05-04,Kolkata Knight Riders,"Rajiv Gandhi International Stadium, Uppal, Hyderabad",middle,80,2,54,9.0,8.89
1359521,2023-05-04,Kolkata Knight Riders,"Rajiv Gandhi International Stadium, Uppal, Hyderabad",powerplay,49,3,36,6.0,8.17
1359521,2023-05-04,Sunrisers Hyderabad,"Rajiv Gandhi International Stadium, Uppal, Hyderabad",death,32,3,30,5.0,6.4
1359521,2023-05-04,Sunrisers Hyderabad,"Rajiv Gandhi International Stadium, Uppal, Hyderabad",middle,81,2,54,9.0,9.0
1359521,2023-05-04,Sunrisers Hyderabad,"Rajiv Gandhi International Stadium, Uppal, Hyderabad",powerplay,53,3,36,6.0,8.83
1359522,2023-05-05,Gujarat Titans,"Sawai Mansingh Stadium, Jaipur",death,0,0,0,0.0,0.0
1359522,2023-05-05,Gujarat Titans,"Sawai Mansingh Stadium, Jaipur",middle,70,1,47,7.83,8.94
1359522,2023-05-05,Gujarat Titans,"Sawai Mansingh Stadium, Jaipur",powerplay,49,0,36,6.0,8.17
1359522,2023-05-05,Rajasthan Royals,"Sawai Mansingh Stadium, Jaipur",death,18,2,17,2.83,6.36
1359522,2023-05-05,Rajasthan Royals,"Sawai Mansingh Stadium, Jaipur",middle,50,6,54,9.0,5.56
1359522,2023-05-05,Rajasthan Royals,"Sawai Mansingh Stadium, Jaipur",powerplay,50,2,36,6.0,8.33
1359523,2023-05-06,Chennai Super Kings,"MA Chidambaram Stadium, Chepauk, Chennai",death,17,1,16,2.67,6.37
1359523,2023-05-06,Chennai Super Kings,"MA Chidambaram Stadium, Chepauk, Chennai",middle,68,2,54,9.0,7.56
1359523,2023-05-06,Chennai Super Kings,"MA Chidambaram Stadium, Chepauk, Chennai",powerplay,55,1,36,6.0,9.17
1359523,2023-05-06,Mumbai Indians,"MA Chidambaram Stadium, Chepauk, Chennai",death,46,4,30,5.0,9.2
1359523,2023-05-06,Mumbai Indians,"MA Chidambaram Stadium, Chepauk, Chennai",middle,59,1,54,9.0,6.56
1359523,2023-05-06,Mumbai Indians,"MA Chidambaram Stadium, Chepauk, Chennai",powerplay,34,3,36,6.0,5.67
1359524,2023-05-06,Delhi Capitals,"Arun Jaitley Stadium, Delhi",death,21,1,10,1.67,12.57
1359524,2023-05-06,Delhi Capitals,"Arun Jaitley Stadium, Delhi",middle,96,1,54,9.0,10.67
1359524,2023-05-06,Delhi Capitals,"Arun Jaitley Stadium, Delhi",powerplay,70,1,36,6.0,11.67
1359524,2023-05-06,Royal Challengers Bangalore,"Arun Jaitley Stadium, Delhi",death,55,2,30,5.0,11.0
1359524,2023-05-06,Royal Challengers Bangalore,"Arun Jaitley Stadium, Delhi",middle,75,2,54,9.0,8.33
1359524,2023-05-06,Royal Challengers Bangalore,"Arun Jaitley Stadium, Delhi",powerplay,51,0,36,6.0,8.5
1359525,2023-05-07,Gujarat Titans,"Narendra Modi Stadium, Ahmedabad",death,51,1,30,5.0,10.2
1359525,2023-05-07,Gujarat Titans,"Narendra Modi Stadium, Ahmedabad",middle,98,1,54,9.0,10.89
1359525,2023-05-07,Gujarat Titans,"Narendra Modi Stadium, Ahmedabad",powerplay,78,0,36,6.0,13.0
1359525,2023-05-07,Lucknow Super Giants,"Narendra Modi Stadium, Ahmedabad",death,41,4,30,5.0,8.2
1359525,2023-05-07,Lucknow Super Giants,"Narendra Modi Stadium, Ahmedabad",middle,58,3,54,9.0,6.44
1359525,2023-05-07,Lucknow Super Giants,"Narendra Modi Stadium, Ahmedabad",powerplay,72,0,36,6.0,12.0
1359526,2023-05-07,Rajasthan Royals,"Sawai Mansingh Stadium, Jaipur",death,60,1,30,5.0,12.0
1359526,2023-05-07,Rajasthan Royals,"Sawai Mansingh Stadium, Jaipur",middle,93,0,54,9.0,10.33
1359526,2023-05-07,Rajasthan Royals,"Sawai Mansingh Stadium, Jaipur",powerplay,61,1,36,6.0,10.17
1359526,2023-05-07,Sunrisers Hyderabad,"Sawai Mansingh Stadium, Jaipur",death,71,4,30,5.0,14.2
1359526,2023-05-07,Sunrisers Hyderabad,"Sawai Mansingh Stadium, Jaipur",middle,94,1,54,9.0,10.44
1359526,2023-05-07,Sunrisers Hyderabad,"Sawai Mansingh Stadium, Jaipur",powerplay,52,1,36,6.0,8.67
1359527,2023-05-08,Kolkata Knight Riders,"Eden Gardens, Kolkata",death,60,2,30,5.0,12.0
1359527,2023-05-08,Kolkata Knight Riders,"Eden Gardens, Kolkata",middle,70,2,54,9.0,7.78
1359527,2023-05-08,Kolkata Knight Riders,"Eden Gardens, Kolkata",powerplay,52,1,36,6.0,8.67
1359527,2023-05-08,Punjab Kings,"Eden Gardens, Kolkata",death,55,2,30,5.0,11.0
1359527,2023-05-08,Punjab Kings,"Eden Gardens, Kolkata",middle,66,2,54,9.0,7.33
1359527,2023-05-08,Punjab Kings,"Eden Gardens, Kolkata",powerplay,58,3,36,6.0,9.67
1359528,2023-05-09,Mumbai Indians,"Wankhede Stadium, Mumbai",death,26,2,9,1.5,17.33
1359528,2023-05-09,Mumbai Indians,"Wankhede Stadium, Mumbai",middle,112,0,54,9.0,12.44
1359528,2023-05-09,Mumbai Indians,"Wankhede Stadium, Mumbai",powerplay,62,2,36,6.0,10.33
1359528,2023-05-09,Royal Challengers Bangalore,"Wankhede Stadium, Mumbai",death,47,1,30,5.0,9.4
1359528,2023-05-09,Royal Challengers Bangalore,"Wankhede Stadium, Mumbai",middle,96,3,54,9.0,10.67
1359528,2023-05-09,Royal Challengers Bangalore,"Wankhede Stadium, Mumbai",powerplay,56,2,36,6.0,9.33
1359529,2023-05-10,Chennai Super Kings,"MA Chidambaram Stadium, Chepauk, Chennai",death,50,3,30,5.0,10.0
1359529,2023-05-10,Chennai Super Kings,"MA Chidambaram Stadium, Chepauk, Chennai",middle,68,4,54,9.0,7.56
1359529,2023-05-10,Chennai Super Kings,"MA Chidambaram Stadium, Chepauk, Chennai",powerplay,49,1,36,6.0,8.17
1359529,2023-05-10,Delhi Capitals,"MA Chidambaram Stadium, Chepauk, Chennai",death,49,3,30,5.0,9.8
1359529,2023-05-10,Delhi Capitals,"MA Chidambaram Stadium, Chepauk, Chennai",middle,44,2,54,9.0,4.89
1359529,2023-05-10,Delhi Capitals,"MA Chidambaram Stadium, Chepauk, Chennai",powerplay,47,3,36,6.0,7.83
1359530,2023-05-11,Kolkata Knight Riders,"Eden Gardens, Kolkata",death,33,4,30,5.0,6.6
1359530,2023-05-11,Kolkata Knight Riders,"Eden Gardens, Kolkata",middle,79,2,54,9.0,8.78
1359530,2023-05-11,Kolkata Knight Riders,"Eden Gardens, Kolkata",powerplay,37,2,36,6.0,6.17
1359530,2023-05-11,Rajasthan Royals,"Eden Gardens, Kolkata",death,0,0,0,0.0,0.0
1359530,2023-05-11,Rajasthan Royals,"Eden Gardens, Kolkata",middle,73,0,43,7.17,10.18
1359530,2023-05-11,Rajasthan Royals,"Eden Gardens, Kolkata",powerplay,78,1,36,6.0,13.0
1359531,2023-05-12,Gujarat Titans,"Wankhede Stadium, Mumbai",death,61,0,30,5.0,12.2
1359531,2023-05-12,Gujarat Titans,"Wankhede Stadium, Mumbai",middle,82,5,54,9.0,9.11
1359531,2023-05-12,Gujarat Titans,"Wankhede Stadium, Mumbai",powerplay,48,3,36,6.0,8.0
1359531,2023-05-12,Mumbai Indians,"Wankhede Stadium, Mumbai",death,67,2,30,5.0,13.4
1359531,2023-05-12,Mumbai Indians,"Wankhede Stadium, Mumbai",middle,90,3,54,9.0,10.0
1359531,2023-05-12,Mumbai Indians,"Wankhede Stadium, Mumbai",powerplay,61,0,36,6.0,10.17
1359532,2023-05-13,Lucknow Super Giants,"Rajiv Gandhi International Stadium, Uppal, Hyderabad",death,71,1,26,4.33,16.4
1359532,2023-05-13,Lucknow Super Giants,"Rajiv Gandhi International Stadium, Uppal, Hyderabad",middle,84,1,54,9.0,9.33
1359532,2023-05-13,Lucknow Super Giants,"Rajiv Gandhi International Stadium, Uppal, Hyderabad",powerplay,30,1,36,6.0,5.0
1359532,2023-05-13,Sunrisers Hyderabad,"Rajiv Gandhi International Stadium, Uppal, Hyderabad",death,52,1,30,5.0,10.4
1359532,2023-05-13,Sunrisers Hyderabad,"Rajiv Gandhi International Stadium, Uppal, Hyderabad",middle,74,3,54,9.0,8.22
1359532,2023-05-13,Sunrisers Hyderabad,"Rajiv Gandhi International Stadium, Uppal, Hyderabad",powerplay,56,2,36,6.0,9.33
1359533,2023-05-13,Delhi Capitals,"Arun Jaitley Stadium, Delhi",death,21,2,30,5.0,4.2
1359533,2023-05-13,Delhi Capitals,"Arun Jaitley Stadium, Delhi",middle,50,6,54,9.0,5.56
1359533,2023-05-13,Delhi Capitals,"Arun Jaitley Stadium, Delhi",powerplay,65,0,36,6.0,10.83
1359533,2023-05-13,Punjab Kings,"Arun Jaitley Stadium, Delhi",death,50,3,30,5.0,10.0
1359533,2023-05-13,Punjab Kings,"Arun Jaitley Stadium, Delhi",middle,71,1,54,9.0,7.89
1359533,2023-05-13,Punjab Kings,"Arun Jaitley Stadium, Delhi",powerplay,46,3,36,6.0,7.67
1359534,2023-05-14,Rajasthan Royals,"Sawai Mansingh Stadium, Jaipur",death,0,0,0,0.0,0.0
1359534,2023-05-14,Rajasthan Royals,"Sawai Mansingh Stadium, Jaipur",middle,31,5,27,4.5,6.89
1359534,2023-05-14,Rajasthan Royals,"Sawai Mansingh Stadium, Jaipur",powerplay,28,5,36,6.0,4.67
1359534,2023-05-14,Royal Challengers Bangalore,"Sawai Mansingh Stadium, Jaipur",death,51,3,30,5.0,10.2
1359534,2023-05-14,Royal Challengers Bangalore,"Sawai Mansingh Stadium, Jaipur",middle,78,2,54,9.0,8.67
1359534,2023-05-14,Royal Challengers Bangalore,"Sawai Mansingh Stadium, Jaipur",powerplay,42,0,36,6.0,7.0
1359535,2023-05-14,Chennai Super Kings,"MA Chidambaram Stadium, Chepauk, Chennai",death,52,1,30,5.0,10.4
1359535,2023-05-14,Chennai Super Kings,"MA Chidambaram Stadium, Chepauk, Chennai",middle,40,4,54,9.0,4.44
1359535,2023-05-14,Chennai Super Kings,"MA Chidambaram Stadium, Chepauk, Chennai",powerplay,52,1,36,6.0,8.67
1359535,2023-05-14,Kolkata Knight Riders,"MA Chidambaram Stadium, Chepauk, Chennai",death,30,1,21,3.5,8.57
1359535,2023-05-14,Kolkata Knight Riders,"MA Chidambaram Stadium, Chepauk, Chennai",middle,71,0,54,9.0,7.89
1359535,2023-05-14,Kolkata Knight Riders,"MA Chidambaram Stadium, Chepauk, Chennai",powerplay,46,3,36,6.0,7.67
1359536,2023-05-15,Gujarat Titans,"Narendra Modi Stadium, Ahmedabad",death,34,7,30,5.0,6.8
1359536,2023-05-15,Gujarat Titans,"Narendra Modi Stadium, Ahmedabad",middle,89,1,54,9.0,9.89
1359536,2023-05-15,Gujarat Titans,"Narendra Modi Stadium, Ahmedabad",powerplay,65,1,36,6.0,10.83
1359536,2023-05-15,Sunrisers Hyderabad,"Narendra Modi Stadium, Ahmedabad",death,43,2,30,5.0,8.6
1359536,2023-05-15,Sunrisers Hyderabad,"Narendra Modi Stadium, Ahmedabad",middle,66,3,54,9.0,7.33
1359536,2023-05-15,Sunrisers Hyderabad,"Narendra Modi Stadium, Ahmedabad",powerplay,45,4,36,6.0,7.5
1359537,2023-05-16,Lucknow Super Giants,"Bharat Ratna Shri Atal Bihari Vajpayee Ekana Cricket Stadium, Lucknow",death,69,1,30,5.0,13.8
1359537,2023-05-16,Lucknow Super Giants,"Bharat Ratna Shri Atal Bihari Vajpayee Ekana Cricket Stadium, Lucknow",middle,73,1,54,9.0,8.11
1359537,2023-05-16,Lucknow Super Giants,"Bharat Ratna Shri Atal Bihari Vajpayee Ekana Cricket Stadium, Lucknow",powerplay,35,2,36,6.0,5.83
1359537,2023-05-16,Mumbai Indians,"Bharat Ratna Shri Atal Bihari Vajpayee Ekana Cricket Stadium, Lucknow",death,47,2,30,5.0,9.4
1359537,2023-05-16,Mumbai Indians,"Bharat Ratna Shri Atal Bihari Vajpayee Ekana Cricket Stadium, Lucknow",middle,67,3,54,9.0,7.44
1359537,2023-05-16,Mumbai Indians,"Bharat Ratna Shri Atal Bihari Vajpayee Ekana Cricket Stadium, Lucknow",powerplay,58,0,36,6.0,9.67
1359538,2023-05-17,Delhi Capitals,"Himachal Pradesh Cricket Association Stadium, Dharamsala",death,65,0,30,5.0,13.0
1359538,2023-05-17,Delhi Capitals,"Himachal Pradesh Cricket Association Stadium, Dharamsala",middle,87,2,54,9.0,9.67
1359538,2023-05-17,Delhi Capitals,"Himachal Pradesh Cricket Association Stadium, Dharamsala",powerplay,61,0,36,6.0,10.17
1359538,2023-05-17,Punjab Kings,"Himachal Pradesh Cricket Association Stadium, Dharamsala",death,70,5,30,5.0,14.0
1359538,2023-05-17,Punjab Kings,"Himachal Pradesh Cricket Association Stadium, Dharamsala",middle,81,2,54,9.0,9.0
1359538,2023-05-17,Punjab Kings,"Himachal Pradesh Cricket Association Stadium, Dharamsala",powerplay,47,1,36,6.0,7.83
1359539,2023-05-18,Royal Challengers Bangalore,"Rajiv Gandhi International Stadium, Uppal, Hyderabad",death,37,2,26,4.33,8.55
1359539,2023-05-18,Royal Challengers Bangalore,"Rajiv Gandhi International Stadium, Uppal, Hyderabad",middle,86,0,54,9.0,9.56
1359539,2023-05-18,Royal Challengers Bangalore,"Rajiv Gandhi International Stadium, Uppal, Hyderabad",powerplay,64,0,36,6.0,10.67
1359539,2023-05-18,Sunrisers Hyderabad,"Rajiv Gandhi International Stadium, Uppal, Hyderabad",death,53,2,30,5.0,10.6
1359539,2023-05-18,Sunrisers Hyderabad,"Rajiv Gandhi International Stadium, Uppal, Hyderabad",middle,84,1,54,9.0,9.33
1359539,2023-05-18,Sunrisers Hyderabad,"Rajiv Gandhi International Stadium, Uppal, Hyderabad",powerplay,49,2,36,6.0,8.17
1359540,2023-05-19,Punjab Kings,"Himachal Pradesh Cricket Association Stadium, Dharamsala",death,70,0,30,5.0,14.0
1359540,2023-05-19,Punjab Kings,"Himachal Pradesh Cricket Association Stadium, Dharamsala",middle,69,2,54,9.0,7.67
1359540,2023-05-19,Punjab Kings,"Himachal Pradesh Cricket Association Stadium, Dharamsala",powerplay,48,3,36,6.0,8.0
1359540,2023-05-19,Rajasthan Royals,"Himachal Pradesh Cricket Association Stadium, Dharamsala",death,48,2,28,4.67,10.28
1359540,2023-05-19,Rajasthan Royals,"Himachal Pradesh Cricket Association Stadium, Dharamsala",middle,84,3,54,9.0,9.33
1359540,2023-05-19,Rajasthan Royals,"Himachal Pradesh Cricket Association Stadium, Dharamsala",powerplay,57,1,36,6.0,9.5
1359541,2023-05-20,Chennai Super Kings,"Arun Jaitley Stadium, Delhi",death,75,2,30,5.0,15.0
1359541,2023-05-20,Chennai Super Kings,"Arun Jaitley Stadium, Delhi",middle,96,1,54,9.0,10.67
1359541,2023-05-20,Chennai Super Kings,"Arun Jaitley Stadium, Delhi",powerplay,52,0,36,6.0,8.67
1359541,2023-05-20,Delhi Capitals,"Arun Jaitley Stadium, Delhi",death,30,4,30,5.0,6.0
1359541,2023-05-20,Delhi Capitals,"Arun Jaitley Stadium, Delhi",middle,82,2,54,9.0,9.11
1359541,2023-05-20,Delhi Capitals,"Arun Jaitley Stadium, Delhi",powerplay,34,3,36,6.0,5.67
1359542,2023-05-20,Kolkata Knight Riders,"Eden Gardens, Kolkata",death,61,3,30,5.0,12.2
1359542,2023-05-20,Kolkata Knight Riders,"Eden Gardens, Kolkata",middle,53,3,54,9.0,5.89
1359542,2023-05-20,Kolkata Knight Riders,"Eden Gardens, Kolkata",powerplay,61,1,36,6.0,10.17
1359542,2023-05-20,Lucknow Super Giants,"Eden Gardens, Kolkata",death,57,3,30,5.0,11.4
1359542,2023-05-20,Lucknow Super Giants,"Eden Gardens, Kolkata",middle,65,4,54,9.0,7.22
1359542,2023-05-20,Lucknow Super Giants,"Eden Gardens, Kolkata",powerplay,54,1,36,6.0,9.0
1359543,2023-05-21,Mumbai Indians,"Wankhede Stadium, Mumbai",death,41,0,18,3.0,13.67
1359543,2023-05-21,Mumbai Indians,"Wankhede Stadium, Mumbai",middle,100,1,54,9.0,11.11
1359543,2023-05-21,Mumbai Indians,"Wankhede Stadium, Mumbai",powerplay,60,1,36,6.0,10.0
1359543,2023-05-21,Sunrisers Hyderabad,"Wankhede Stadium, Mumbai",death,43,4,30,5.0,8.6
1359543,2023-05-21,Sunrisers Hyderabad,"Wankhede Stadium, Mumbai",middle,104,1,54,9.0,11.56
1359543,2023-05-21,Sunrisers Hyderabad,"Wankhede Stadium, Mumbai",powerplay,53,0,36,6.0,8.83
1359544,2023-05-21,Gujarat Titans,"M Chinnaswamy Stadium, Bengaluru",death,50,2,25,4.17,11.99
1359544,2023-05-21,Gujarat Titans,"M Chinnaswamy Stadium, Bengaluru",middle,97,1,54,9.0,10.78
1359544,2023-05-21,Gujarat Titans,"M Chinnaswamy Stadium, Bengaluru",powerplay,51,1,36,6.0,8.5
1359544,2023-05-21,Royal Challengers Bangalore,"M Chinnaswamy Stadium, Bengaluru",death,61,0,30,5.0,12.2
1359544,2023-05-21,Royal Challengers Bangalore,"M Chinnaswamy Stadium, Bengaluru",middle,74,5,54,9.0,8.22
1359544,2023-05-21,Royal Challengers Bangalore,"M Chinnaswamy Stadium, Bengaluru",powerplay,62,0,36,6.0,10.33
1370350,2023-05-23,Chennai Super Kings,"MA Chidambaram Stadium, Chepauk, Chennai",death,47,4,30,5.0,9.4
1370350,2023-05-23,Chennai Super Kings,"MA Chidambaram Stadium, Chepauk, Chennai",middle,76,3,54,9.0,8.44
1370350,2023-05-23,Chennai Super Kings,"MA Chidambaram Stadium, Chepauk, Chennai",powerplay,49,0,36,6.0,8.17
1370350,2023-05-23,Gujarat Titans,"MA Chidambaram Stadium, Chepauk, Chennai",death,55,4,30,5.0,11.0
1370350,2023-05-23,Gujarat Titans,"MA Chidambaram Stadium, Chepauk, Chennai",middle,61,4,54,9.0,6.78
1370350,2023-05-23,Gujarat Titans,"MA Chidambaram Stadium, Chepauk, Chennai",powerplay,41,2,36,6.0,6.83
1370351,2023-05-24,Lucknow Super Giants,"MA Chidambaram Stadium, Chepauk, Chennai",death,1,1,9,1.5,0.67
1370351,2023-05-24,Lucknow Super Giants,"MA Chidambaram Stadium, Chepauk, Chennai",middle,46,7,54,9.0,5.11
1370351,2023-05-24,Lucknow Super Giants,"MA Chidambaram Stadium, Chepauk, Chennai",powerplay,54,2,36,6.0,9.0
1370351,2023-05-24,Mumbai Indians,"MA Chidambaram Stadium, Chepauk, Chennai",death,51,4,30,5.0,10.2
1370351,2023-05-24,Mumbai Indians,"MA Chidambaram Stadium, Chepauk, Chennai",middle,69,2,54,9.0,7.67
1370351,2023-05-24,Mumbai Indians,"MA Chidambaram Stadium, Chepauk, Chennai",powerplay,62,2,36,6.0,10.33
1370352,2023-05-26,Gujarat Titans,"Narendra Modi Stadium, Ahmedabad",death,67,2,30,5.0,13.4
1370352,2023-05-26,Gujarat Titans,"Narendra Modi Stadium, Ahmedabad",middle,116,1,54,9.0,12.89
1370352,2023-05-26,Gujarat Titans,"Narendra Modi Stadium, Ahmedabad",powerplay,50,0,36,6.0,8.33
1370352,2023-05-26,Mumbai Indians,"Narendra Modi Stadium, Ahmedabad",death,15,4,20,3.33,4.5
1370352,2023-05-26,Mumbai Indians,"Narendra Modi Stadium, Ahmedabad",middle,84,3,54,9.0,9.33
1370352,2023-05-26,Mumbai Indians,"Narendra Modi Stadium, Ahmedabad",powerplay,72,3,36,6.0,12.0
1370353,2023-05-29,Chennai Super Kings,"Narendra Modi Stadium, Ahmedabad",death,0,0,0,0.0,0.0
1370353,2023-05-29,Chennai Super Kings,"Narendra Modi Stadium, Ahmedabad",middle,99,5,54,9.0,11.0
1370353,2023-05-29,Chennai Super Kings,"Narendra Modi Stadium, Ahmedabad",powerplay,72,0,36,6.0,12.0
1370353,2023-05-29,Gujarat Titans,"Narendra Modi Stadium, Ahmedabad",death,71,2,30,5.0,14.2
1370353,2023-05-29,Gujarat Titans,"Narendra Modi Stadium, Ahmedabad",middle,81,2,54,9.0,9.0
1370353,2023-05-29,Gujarat Titans,"Narendra Modi Stadium, Ahmedabad",powerplay,62,0,36,6.0,10.33
1422119,2024-03-22,Chennai Super Kings,"MA Chidambaram Stadium, Chepauk, Chennai",death,48,0,22,3.67,13.08
1422119,2024-03-22,Chennai Super Kings,"MA Chidambaram Stadium, Chepauk, Chennai",middle,66,3,54,9.0,7.33
1422119,2024-03-22,Chennai Super Kings,"MA Chidambaram Stadium, Chepauk, Chennai",powerplay,62,1,36,6.0,10.33
1422119,2024-03-22,Royal Challengers Bengaluru,"MA Chidambaram Stadium, Chepauk, Chennai",death,71,1,30,5.0,14.2
1422119,2024-03-22,Royal Challengers Bengaluru,"MA Chidambaram Stadium, Chepauk, Chennai",middle,60,2,54,9.0,6.67
1422119,2024-03-22,Royal Challengers Bengaluru,"MA Chidambaram Stadium, Chepauk, Chennai",powerplay,42,3,36,6.0,7.0
1422120,2024-03-23,Delhi Capitals,"Maharaja Yadavindra Singh International Cricket Stadium, Mullanpur",death,50,4,30,5.0,10.0
1422120,2024-03-23,Delhi Capitals,"Maharaja Yadavindra Singh International Cricket Stadium, Mullanpur",middle,70,4,54,9.0,7.78
1422120,2024-03-23,Delhi Capitals,"Maharaja Yadavindra Singh International Cricket Stadium, Mullanpur",powerplay,54,1,36,6.0,9.0
1422120,2024-03-23,Punjab Kings,"Maharaja Yadavindra Singh International Cricket Stadium, Mullanpur",death,47,2,26,4.33,10.85
1422120,2024-03-23,Punjab Kings,"Maharaja Yadavindra Singh International Cricket Stadium, Mullanpur",middle,70,2,54,9.0,7.78
1422120,2024-03-23,Punjab Kings,"Maharaja Yadavindra Singh International Cricket Stadium, Mullanpur",powerplay,60,2,36,6.0,10.0
1422121,2024-03-23,Kolkata Knight Riders,"Eden Gardens, Kolkata",death,85,1,30,5.0,17.0
1422121,2024-03-23,Kolkata Knight Riders,"Eden Gardens, Kolkata",middle,80,3,54,9.0,8.89
1422121,2024-03-23,Kolkata Knight Riders,"Eden Gardens, Kolkata",powerplay,43,3,36,6.0,7.17
1422121,2024-03-23,Sunrisers Hyderabad,"Eden Gardens, Kolkata",death,76,3,30,5.0,15.2
1422121,2024-03-23,Sunrisers Hyderabad,"Eden Gardens, Kolkata",middle,63,3,54,9.0,7.0
1422121,2024-03-23,Sunrisers Hyderabad,"Eden Gardens, Kolkata",powerplay,65,1,36,6.0,10.83
1422122,2024-03-24,Lucknow Super Giants,"Sawai Mansingh Stadium, Jaipur",death,39,2,30,5.0,7.8
1422122,2024-03-24,Lucknow Super Giants,"Sawai Mansingh Stadium, Jaipur",middle,87,1,54,9.0,9.67
1422122,2024-03-24,Lucknow Super Giants,"Sawai Mansingh Stadium, Jaipur",powerplay,47,3,36,6.0,7.83
1422122,2024-03-24,Rajasthan Royals,"Sawai Mansingh Stadium, Jaipur",death,50,1,30,5.0,10.0
1422122,2024-03-24,Rajasthan Royals,"Sawai Mansingh Stadium, Jaipur",middle,89,1,54,9.0,9.89
1422122,2024-03-24,Rajasthan Royals,"Sawai Mansingh Stadium, Jaipur",powerplay,54,2,36,6.0,9.0
1422123,2024-03-24,Gujarat Titans,"Narendra Modi Stadium, Ahmedabad",death,44,3,30,5.0,8.8
1422123,2024-03-24,Gujarat Titans,"Narendra Modi Stadium, Ahmedabad",middle,77,2,54,9.0,8.56
1422123,2024-03-24,Gujarat Titans,"Narendra Modi Stadium, Ahmedabad",powerplay,47,1,36,6.0,7.83
1422123,2024-03-24,Mumbai Indians,"Narendra Modi Stadium, Ahmedabad",death,36,6,30,5.0,7.2
1422123,2024-03-24,Mumbai Indians,"Narendra Modi Stadium, Ahmedabad",middle,74,1,54,9.0,8.22
1422123,2024-03-24,Mumbai Indians,"Narendra Modi Stadium, Ahmedabad",powerplay,52,2,36,6.0,8.67
1422124,2024-03-25,Punjab Kings,"M Chinnaswamy Stadium, Bengaluru",death,48,2,30,5.0,9.6
1422124,2024-03-25,Punjab Kings,"M Chinnaswamy Stadium, Bengaluru",middle,88,3,54,9.0,9.78
1422124,2024-03-25,Punjab Kings,"M Chinnaswamy Stadium, Bengaluru",powerplay,40,1,36,6.0,6.67
1422124,2024-03-25,Royal Challengers Bengaluru,"M Chinnaswamy Stadium, Bengaluru",death,60,2,26,4.33,13.86
1422124,2024-03-25,Royal Challengers Bengaluru,"M Chinnaswamy Stadium, Bengaluru",middle,68,2,54,9.0,7.56
1422124,2024-03-25,Royal Challengers Bengaluru,"M Chinnaswamy Stadium, Bengaluru",powerplay,50,2,36,6.0,8.33
1422125,2024-03-26,Chennai Super Kings,"MA Chidambaram Stadium, Chepauk, Chennai",death,51,3,30,5.0,10.2
1422125,2024-03-26,Chennai Super Kings,"MA Chidambaram Stadium, Chepauk, Chennai",middle,86,2,54,9.0,9.56
1422125,2024-03-26,Chennai Super Kings,"MA Chidambaram Stadium, Chepauk, Chennai",powerplay,69,1,36,6.0,11.5
1422125,2024-03-26,Gujarat Titans,"MA Chidambaram Stadium, Chepauk, Chennai",death,29,3,30,5.0,5.8
1422125,2024-03-26,Gujarat Titans,"MA Chidambaram Stadium, Chepauk, Chennai",middle,71,3,54,9.0,7.89
1422125,2024-03-26,Gujarat Titans,"MA Chidambaram Stadium, Chepauk, Chennai",powerplay,43,2,36,6.0,7.17
1422126,2024-03-27,Mumbai Indians,"Rajiv Gandhi International Stadium, Uppal, Hyderabad",death,61,1,30,5.0,12.2
1422126,2024-03-27,Mumbai Indians,"Rajiv Gandhi International Stadium, Uppal, Hyderabad",middle,109,2,54,9.0,12.11
1422126,2024-03-27,Mumbai Indians,"Rajiv Gandhi International Stadium, Uppal, Hyderabad",powerplay,76,2,36,6.0,12.67
1422126,2024-03-27,Sunrisers Hyderabad,"Rajiv Gandhi International Stadium, Uppal, Hyderabad",death,75,0,30,5.0,15.0
1422126,2024-03-27,Sunrisers Hyderabad,"Rajiv Gandhi International Stadium, Uppal, Hyderabad",middle,121,2,54,9.0,13.44
1422126,2024-03-27,Sunrisers Hyderabad,"Rajiv Gandhi International Stadium, Uppal, Hyderabad",powerplay,81,1,36,6.0,13.5
1422127,2024-03-28,Delhi Capitals,"Sawai Mansingh Stadium, Jaipur",death,53,1,30,5.0,10.6
1422127,2024-03-28,Delhi Capitals,"Sawai Mansingh Stadium, Jaipur",middle,61,2,54,9.0,6.78
1422127,2024-03-28,Delhi Capitals,"Sawai Mansingh Stadium, Jaipur",powerplay,59,2,36,6.0,9.83
1422127,2024-03-28,Rajasthan Royals,"Sawai Mansingh Stadium, Jaipur",death,77,1,30,5.0,15.4
1422127,2024-03-28,Rajasthan Royals,"Sawai Mansingh Stadium, Jaipur",middle,77,2,54,9.0,8.56
1422127,2024-03-28,Rajasthan Royals,"Sawai Mansingh Stadium, Jaipur",powerplay,31,2,36,6.0,5.17
1422128,2024-03-29,Kolkata Knight Riders,"M Chinnaswamy Stadium, Bengaluru",death,19,1,11,1.83,10.38
1422128,2024-03-29,Kolkata Knight Riders,"M Chinnaswamy Stadium, Bengaluru",middle,82,2,54,9.0,9.11
1422128,2024-03-29,Kolkata Knight Riders,"M Chinnaswamy Stadium, Bengaluru",powerplay,85,0,36,6.0,14.17
1422128,2024-03-29,Royal Challengers Bengaluru,"M Chinnaswamy Stadium, Bengaluru",death,48,3,30,5.0,9.6
1422128,2024-03-29,Royal Challengers Bengaluru,"M Chinnaswamy Stadium, Bengaluru",middle,73,2,54,9.0,8.11
1422128,2024-03-29,Royal Challengers Bengaluru,"M Chinnaswamy Stadium, Bengaluru",powerplay,61,1,36,6.0,10.17
1422129,2024-03-30,Lucknow Super Giants,"Bharat Ratna Shri Atal Bihari Vajpayee Ekana Cricket Stadium, Lucknow",death,53,4,30,5.0,10.6
1422129,2024-03-30,Lucknow Super Giants,"Bharat Ratna Shri Atal Bihari Vajpayee Ekana Cricket Stadium, Lucknow",middle,92,2,54,9.0,10.22
1422129,2024-03-30,Lucknow Super Giants,"Bharat Ratna Shri Atal Bihari Vajpayee Ekana Cricket Stadium, Lucknow",powerplay,54,2,36,6.0,9.0
1422129,2024-03-30,Punjab Kings,"Bharat Ratna Shri Atal Bihari Vajpayee Ekana Cricket Stadium, Lucknow",death,42,3,30,5.0,8.4
1422129,2024-03-30,Punjab Kings,"Bharat Ratna Shri Atal Bihari Vajpayee Ekana Cricket Stadium, Lucknow",middle,75,2,54,9.0,8.33
1422129,2024-03-30,Punjab Kings,"Bharat Ratna Shri Atal Bihari Vajpayee Ekana Cricket Stadium, Lucknow",powerplay,61,0,36,6.0,10.17
1422130,2024-03-31,Gujarat Titans,"Narendra Modi Stadium, Ahmedabad",death,54,1,25,4.17,12.95
1422130,2024-03-31,Gujarat Titans,"Narendra Modi Stadium, Ahmedabad",middle,62,1,54,9.0,6.89
1422130,2024-03-31,Gujarat Titans,"Narendra Modi Stadium, Ahmedabad",powerplay,52,1,36,6.0,8.67
1422130,2024-03-31,Sunrisers Hyderabad,"Narendra Modi Stadium, Ahmedabad",death,40,3,30,5.0,8.0
1422130,2024-03-31,Sunrisers Hyderabad,"Narendra Modi Stadium, Ahmedabad",middle,66,4,54,9.0,7.33
1422130,2024-03-31,Sunrisers Hyderabad,"Narendra Modi Stadium, Ahmedabad",powerplay,56,1,36,6.0,9.33
1422131,2024-03-31,Chennai Super Kings,"Dr. Y.S. Rajasekhara Reddy ACA-VDCA Cricket Stadium, Visakhapatnam",death,58,1,30,5.0,11.6
1422131,2024-03-31,Chennai Super Kings,"Dr. Y.S. Rajasekhara Reddy ACA-VDCA Cricket Stadium, Visakhapatnam",middle,81,3,54,9.0,9.0
1422131,2024-03-31,Chennai Super Kings,"Dr. Y.S. Rajasekhara Reddy ACA-VDCA Cricket Stadium, Visakhapatnam",powerplay,32,2,36,6.0,5.33
1422131,2024-03-31,Delhi Capitals,"Dr. Y.S. Rajasekhara Reddy ACA-VDCA Cricket Stadium, Visakhapatnam",death,57,1,30,5.0,11.4
1422131,2024-03-31,Delhi Capitals,"Dr. Y.S. Rajasekhara Reddy ACA-VDCA Cricket Stadium, Visakhapatnam",middle,72,4,54,9.0,8.0
1422131,2024-03-31,Delhi Capitals,"Dr. Y.S. Rajasekhara Reddy ACA-VDCA Cricket Stadium, Visakhapatnam",powerplay,62,0,36,6.0,10.33
1422132,2024-04-01,Mumbai Indians,"Wankhede Stadium, Mumbai",death,23,2,30,5.0,4.6
1422132,2024-04-01,Mumbai Indians,"Wankhede Stadium, Mumbai",middle,56,3,54,9.0,6.22
1422132,2024-04-01,Mumbai Indians,"Wankhede Stadium, Mumbai",powerplay,46,4,36,6.0,7.67
1422132,2024-04-01,Rajasthan Royals,"Wankhede Stadium, Mumbai",death,16,0,3,0.5,32.0
1422132,2024-04-01,Rajasthan Royals,"Wankhede Stadium, Mumbai",middle,65,2,54,9.0,7.22
1422132,2024-04-01,Rajasthan Royals,"Wankhede Stadium, Mumbai",powerplay,46,2,36,6.0,7.67
1422133,2024-04-02,Lucknow Super Giants,"M Chinnaswamy Stadium, Bengaluru",death,50,2,30,5.0,10.0
1422133,2024-04-02,Lucknow Super Giants,"M Chinnaswamy Stadium, Bengaluru",middle,77,2,54,9.0,8.56
1422133,2024-04-02,Lucknow Super Giants,"M Chinnaswamy Stadium, Bengaluru",powerplay,54,1,36,6.0,9.0
1422133,2024-04-02,Royal Challengers Bengaluru,"M Chinnaswamy Stadium, Bengaluru",death,49,4,28,4.67,10.49
1422133,2024-04-02,Royal Challengers Bengaluru,"M Chinnaswamy Stadium, Bengaluru",middle,56,3,54,9.0,6.22
1422133,2024-04-02,Royal Challengers Bengaluru,"M Chinnaswamy Stadium, Bengaluru",powerplay,48,3,36,6.0,8.0
1422134,2024-04-03,Delhi Capitals,"Dr. Y.S. Rajasekhara Reddy ACA-VDCA Cricket Stadium, Visakhapatnam",death,7,3,14,2.33,3.0
1422134,2024-04-03,Delhi Capitals,"Dr. Y.S. Rajasekhara Reddy ACA-VDCA Cricket Stadium, Visakhapatnam",middle,108,3,54,9.0,12.0
1422134,2024-04-03,Delhi Capitals,"Dr. Y.S. Rajasekhara Reddy ACA-VDCA Cricket Stadium, Visakhapatnam",powerplay,51,4,36,6.0,8.5
1422134,2024-04-03,Kolkata Knight Riders,"Dr. Y.S. Rajasekhara Reddy ACA-VDCA Cricket Stadium, Visakhapatnam",death,77,4,30,5.0,15.4
1422134,2024-04-03,Kolkata Knight Riders,"Dr. Y.S. Rajasekhara Reddy ACA-VDCA Cricket Stadium, Visakhapatnam",middle,107,2,54,9.0,11.89
1422134,2024-04-03,Kolkata Knight Riders,"Dr. Y.S. Rajasekhara Reddy ACA-VDCA Cricket Stadium, Visakhapatnam",powerplay,88,1,36,6.0,14.67
1422135,2024-04-04,Gujarat Titans,"Narendra Modi Stadium, Ahmedabad",death,65,1,30,5.0,13.0
1422135,2024-04-04,Gujarat Titans,"Narendra Modi Stadium, Ahmedabad",middle,82,2,54,9.0,9.11
1422135,2024-04-04,Gujarat Titans,"Narendra Modi Stadium, Ahmedabad",powerplay,52,1,36,6.0,8.67
1422135,2024-04-04,Punjab Kings,"Narendra Modi Stadium, Ahmedabad",death,62,2,29,4.83,12.84
1422135,2024-04-04,Punjab Kings,"Narendra Modi Stadium, Ahmedabad",middle,84,3,54,9.0,9.33
1422135,2024-04-04,Punjab Kings,"Narendra Modi Stadium, Ahmedabad",powerplay,54,2,36,6.0,9.0
1422136,2024-04-05,Chennai Super Kings,"Rajiv Gandhi International Stadium, Uppal, Hyderabad",death,38,1,30,5.0,7.6
1422136,2024-04-05,Chennai Super Kings,"Rajiv Gandhi International Stadium, Uppal, Hyderabad",middle,79,3,54,9.0,8.78
1422136,2024-04-05,Chennai Super Kings,"Rajiv Gandhi International Stadium, Uppal, Hyderabad",powerplay,48,1,36,6.0,8.0
1422136,2024-04-05,Sunrisers Hyderabad,"Rajiv Gandhi International Stadium, Uppal, Hyderabad",death,31,1,19,3.17,9.78
1422136,2024-04-05,Sunrisers Hyderabad,"Rajiv Gandhi International Stadium, Uppal, Hyderabad",middle,57,2,54,9.0,6.33
1422136,2024-04-05,Sunrisers Hyderabad,"Rajiv Gandhi International Stadium, Uppal, Hyderabad",powerplay,78,1,36,6.0,13.0
1422137,2024-04-06,Rajasthan Royals,"Sawai Mansingh Stadium, Jaipur",death,37,2,25,4.17,8.87
1422137,2024-04-06,Rajasthan Royals,"Sawai Mansingh Stadium, Jaipur",middle,98,1,54,9.0,10.89
1422137,2024-04-06,Rajasthan Royals,"Sawai Mansingh Stadium, Jaipur",powerplay,54,1,36,6.0,9.0
1422137,2024-04-06,Royal Challengers Bengaluru,"Sawai Mansingh Stadium, Jaipur",death,54,1,30,5.0,10.8
1422137,2024-04-06,Royal Challengers Bengaluru,"Sawai Mansingh Stadium, Jaipur",middle,76,2,54,9.0,8.44
1422137,2024-04-06,Royal Challengers Bengaluru,"Sawai Mansingh Stadium, Jaipur",powerplay,53,0,36,6.0,8.83
1422138,2024-04-07,Delhi Capitals,"Wankhede Stadium, Mumbai",death,61,5,30,5.0,12.2
1422138,2024-04-07,Delhi Capitals,"Wankhede Stadium, Mumbai",middle,98,2,54,9.0,10.89
1422138,2024-04-07,Delhi Capitals,"Wankhede Stadium, Mumbai",powerplay,46,1,36,6.0,7.67
1422138,2024-04-07,Mumbai Indians,"Wankhede Stadium, Mumbai",death,96,1,30,5.0,19.2
1422138,2024-04-07,Mumbai Indians,"Wankhede Stadium, Mumbai",middle,63,4,54,9.0,7.0
1422138,2024-04-07,Mumbai Indians,"Wankhede Stadium, Mumbai",powerplay,75,0,36,6.0,12.5
1422139,2024-04-07,Gujarat Titans,"Bharat Ratna Shri Atal Bihari Vajpayee Ekana Cricket Stadium, Lucknow",death,37,3,23,3.83,9.66
1422139,2024-04-07,Gujarat Titans,"Bharat Ratna Shri Atal Bihari Vajpayee Ekana Cricket Stadium, Lucknow",middle,39,6,54,9.0,4.33
1422139,2024-04-07,Gujarat Titans,"Bharat Ratna Shri Atal Bihari Vajpayee Ekana Cricket Stadium, Lucknow",powerplay,54,1,36,6.0,9.0
1422139,2024-04-07,Lucknow Super Giants,"Bharat Ratna Shri Atal Bihari Vajpayee Ekana Cricket Stadium, Lucknow",death,49,1,30,5.0,9.8
1422139,2024-04-07,Lucknow Super Giants,"Bharat Ratna Shri Atal Bihari Vajpayee Ekana Cricket Stadium, Lucknow",middle,67,2,54,9.0,7.44
1422139,2024-04-07,Lucknow Super Giants,"Bharat Ratna Shri Atal Bihari Vajpayee Ekana Cricket Stadium, Lucknow",powerplay,47,2,36,6.0,7.83
1426260,2024-04-08,Chennai Super Kings,"MA Chidambaram Stadium, Chepauk, Chennai",death,26,1,16,2.67,9.74
1426260,2024-04-08,Chennai Super Kings,"MA Chidambaram Stadium, Chepauk, Chennai",middle,63,1,54,9.0,7.0
1426260,2024-04-08,Chennai Super Kings,"MA Chidambaram Stadium, Chepauk, Chennai",powerplay,52,1,36,6.0,8.67
1426260,2024-04-08,Kolkata Knight Riders,"MA Chidambaram Stadium, Chepauk, Chennai",death,38,4,30,5.0,7.6
1426260,2024-04-08,Kolkata Knight Riders,"MA Chidambaram Stadium, Chepauk, Chennai",middle,43,4,54,9.0,4.78
1426260,2024-04-08,Kolkata Knight Riders,"MA Chidambaram Stadium, Chepauk, Chennai",powerplay,56,1,36,6.0,9.33
1426261,2024-04-09,Punjab Kings,"Maharaja Yadavindra Singh International Cricket Stadium, Mullanpur",death,75,1,30,5.0,15.0
1426261,2024-04-09,Punjab Kings,"Maharaja Yadavindra Singh International Cricket Stadium, Mullanpur",middle,78,2,54,9.0,8.67
1426261,2024-04-09,Punjab Kings,"Maharaja Yadavindra Singh International Cricket Stadium, Mullanpur",powerplay,27,3,36,6.0,4.5
1426261,2024-04-09,Sunrisers Hyderabad,"Maharaja Yadavindra Singh International Cricket Stadium, Mullanpur",death,49,4,30,5.0,9.8
1426261,2024-04-09,Sunrisers Hyderabad,"Maharaja Yadavindra Singh International Cricket Stadium, Mullanpur",middle,93,2,54,9.0,10.33
1426261,2024-04-09,Sunrisers Hyderabad,"Maharaja Yadavindra Singh International Cricket Stadium, Mullanpur",powerplay,40,3,36,6.0,6.67
1426262,2024-04-10,Gujarat Titans,"Sawai Mansingh Stadium, Jaipur",death,75,3,30,5.0,15.0
1426262,2024-04-10,Gujarat Titans,"Sawai Mansingh Stadium, Jaipur",middle,80,4,54,9.0,8.89
1426262,2024-04-10,Gujarat Titans,"Sawai Mansingh Stadium, Jaipur",powerplay,44,0,36,6.0,7.33
1426262,2024-04-10,Rajasthan Royals,"Sawai Mansingh Stadium, Jaipur",death,62,1,30,5.0,12.4
1426262,2024-04-10,Rajasthan Royals,"Sawai Mansingh Stadium, Jaipur",middle,91,0,54,9.0,10.11
1426262,2024-04-10,Rajasthan Royals,"Sawai Mansingh Stadium, Jaipur",powerplay,43,2,36,6.0,7.17
1426263,2024-04-11,Mumbai Indians,"Wankhede Stadium, Mumbai",death,11,0,3,0.5,22.0
1426263,2024-04-11,Mumbai Indians,"Wankhede Stadium, Mumbai",middle,116,3,54,9.0,12.89
1426263,2024-04-11,Mumbai Indians,"Wankhede Stadium, Mumbai",powerplay,72,0,36,6.0,12.0
1426263,2024-04-11,Royal Challengers Bengaluru,"Wankhede Stadium, Mumbai",death,66,4,30,5.0,13.2
1426263,2024-04-11,Royal Challengers Bengaluru,"Wankhede Stadium, Mumbai",middle,86,2,54,9.0,9.56
1426263,2024-04-11,Royal Challengers Bengaluru,"Wankhede Stadium, Mumbai",powerplay,44,2,36,6.0,7.33
1426264,2024-04-12,Delhi Capitals,"Bharat Ratna Shri Atal Bihari Vajpayee Ekana Cricket Stadium, Lucknow",death,25,1,19,3.17,7.89
1426264,2024-04-12,Delhi Capitals,"Bharat Ratna Shri Atal Bihari Vajpayee Ekana Cricket Stadium, Lucknow",middle,83,2,54,9.0,9.22
1426264,2024-04-12,Delhi Capitals,"Bharat Ratna Shri Atal Bihari Vajpayee Ekana Cricket Stadium, Lucknow",powerplay,62,1,36,6.0,10.33
1426264,2024-04-12,Lucknow Super Giants,"Bharat Ratna Shri Atal Bihari Vajpayee Ekana Cricket Stadium, Lucknow",death,53,0,30,5.0,10.6
1426264,2024-04-12,Lucknow Super Giants,"Bharat Ratna Shri Atal Bihari Vajpayee Ekana Cricket Stadium, Lucknow",middle,57,5,54,9.0,6.33
1426264,2024-04-12,Lucknow Super Giants,"Bharat Ratna Shri Atal Bihari Vajpayee Ekana Cricket Stadium, Lucknow",powerplay,57,2,36,6.0,9.5
1426265,2024-04-13,Punjab Kings,"Maharaja Yadavindra Singh International Cricket Stadium, Mullanpur",death,61,3,30,5.0,12.2
1426265,2024-04-13,Punjab Kings,"Maharaja Yadavindra Singh International Cricket Stadium, Mullanpur",middle,48,4,54,9.0,5.33
1426265,2024-04-13,Punjab Kings,"Maharaja Yadavindra Singh International Cricket Stadium, Mullanpur",powerplay,38,1,36,6.0,6.33
1426265,2024-04-13,Rajasthan Royals,"Maharaja Yadavindra Singh International Cricket Stadium, Mullanpur",death,53,4,29,4.83,10.97
1426265,2024-04-13,Rajasthan Royals,"Maharaja Yadavindra Singh International Cricket Stadium, Mullanpur",middle,56,3,54,9.0,6.22
1426265,2024-04-13,Rajasthan Royals,"Maharaja Yadavindra Singh International Cricket Stadium, Mullanpur",powerplay,43,0,36,6.0,7.17
1426266,2024-04-14,Kolkata Knight Riders,"Eden Gardens, Kolkata",death,6,0,4,0.67,8.96
1426266,2024-04-14,Kolkata Knight Riders,"Eden Gardens, Kolkata",middle,98,0,54,9.0,10.89
1426266,2024-04-14,Kolkata Knight Riders,"Eden Gardens, Kolkata",powerplay,58,2,36,6.0,9.67
1426266,2024-04-14,Lucknow Super Giants,"Eden Gardens, Kolkata",death,48,2,30,5.0,9.6
1426266,2024-04-14,Lucknow Super Giants,"Eden Gardens, Kolkata",middle,64,3,54,9.0,7.11
1426266,2024-04-14,Lucknow Super Giants,"Eden Gardens, Kolkata",powerplay,49,2,36,6.0,8.17
1426267,2024-04-14,Chennai Super Kings,"Wankhede Stadium, Mumbai",death,57,2,30,5.0,11.4
1426267,2024-04-14,Chennai Super Kings,"Wankhede Stadium, Mumbai",middle,101,1,54,9.0,11.22
1426267,2024-04-14,Chennai Super Kings,"Wankhede Stadium, Mumbai",powerplay,48,1,36,6.0,8.0
1426267,2024-04-14,Mumbai Indians,"Wankhede Stadium, Mumbai",death,54,3,30,5.0,10.8
1426267,2024-04-14,Mumbai Indians,"Wankhede Stadium, Mumbai",middle,69,3,54,9.0,7.67
1426267,2024-04-14,Mumbai Indians,"Wankhede Stadium, Mumbai",powerplay,63,0,36,6.0,10.5
1426268,2024-04-15,Royal Challengers Bengaluru,"M Chinnaswamy Stadium, Bengaluru",death,75,1,30,5.0,15.0
1426268,2024-04-15,Royal Challengers Bengaluru,"M Chinnaswamy Stadium, Bengaluru",middle,108,6,54,9.0,12.0
1426268,2024-04-15,Royal Challengers Bengaluru,"M Chinnaswamy Stadium, Bengaluru",powerplay,79,0,36,6.0,13.17
1426268,2024-04-15,Sunrisers Hyderabad,"M Chinnaswamy Stadium, Bengaluru",death,82,1,30,5.0,16.4
1426268,2024-04-15,Sunrisers Hyderabad,"M Chinnaswamy Stadium, Bengaluru",middle,129,2,54,9.0,14.33
1426268,2024-04-15,Sunrisers Hyderabad,"M Chinnaswamy Stadium, Bengaluru",powerplay,76,0,36,6.0,12.67
1426269,2024-04-16,Kolkata Knight Riders,"Eden Gardens, Kolkata",death,62,3,30,5.0,12.4
1426269,2024-04-16,Kolkata Knight Riders,"Eden Gardens, Kolkata",middle,105,2,54,9.0,11.67
1426269,2024-04-16,Kolkata Knight Riders,"Eden Gardens, Kolkata",powerplay,56,1,36,6.0,9.33
1426269,2024-04-16,Rajasthan Royals,"Eden Gardens, Kolkata",death,79,2,30,5.0,15.8
1426269,2024-04-16,Rajasthan Royals,"Eden Gardens, Kolkata",middle,69,4,54,9.0,7.67
1426269,2024-04-16,Rajasthan Royals,"Eden Gardens, Kolkata",powerplay,76,2,36,6.0,12.67
1426270,2024-04-17,Delhi Capitals,"Narendra Modi Stadium, Ahmedabad",death,0,0,0,0.0,0.0
1426270,2024-04-17,Delhi Capitals,"Narendra Modi Stadium, Ahmedabad",middle,25,0,17,2.83,8.83
1426270,2024-04-17,Delhi Capitals,"Narendra Modi Stadium, Ahmedabad",powerplay,67,4,36,6.0,11.17
1426270,2024-04-17,Gujarat Titans,"Narendra Modi Stadium, Ahmedabad",death,11,2,15,2.5,4.4
1426270,2024-04-17,Gujarat Titans,"Narendra Modi Stadium, Ahmedabad",middle,48,4,54,9.0,5.33
1426270,2024-04-17,Gujarat Titans,"Narendra Modi Stadium, Ahmedabad",powerplay,30,4,36,6.0,5.0
1426271,2024-04-18,Mumbai Indians,"Maharaja Yadavindra Singh International Cricket Stadium, Mullanpur",death,62,5,30,5.0,12.4
1426271,2024-04-18,Mumbai Indians,"Maharaja Yadavindra Singh International Cricket Stadium, Mullanpur",middle,76,1,54,9.0,8.44
1426271,2024-04-18,Mumbai Indians,"Maharaja Yadavindra Singh International Cricket Stadium, Mullanpur",powerplay,54,1,36,6.0,9.0
1426271,2024-04-18,Punjab Kings,"Maharaja Yadavindra Singh International Cricket Stadium, Mullanpur",death,42,3,25,4.17,10.07
1426271,2024-04-18,Punjab Kings,"Maharaja Yadavindra Singh International Cricket Stadium, Mullanpur",middle,101,3,54,9.0,11.22
1426271,2024-04-18,Punjab Kings,"Maharaja Yadavindra Singh International Cricket Stadium, Mullanpur",powerplay,40,4,36,6.0,6.67
1426272,2024-04-19,Chennai Super Kings,"Bharat Ratna Shri Atal Bihari Vajpayee Ekana Cricket Stadium, Lucknow",death,71,1,30,5.0,14.2
1426272,2024-04-19,Chennai Super Kings,"Bharat Ratna Shri Atal Bihari Vajpayee Ekana Cricket Stadium, Lucknow",middle,54,3,54,9.0,6.0
1426272,2024-04-19,Chennai Super Kings,"Bharat Ratna Shri Atal Bihari Vajpayee Ekana Cricket Stadium, Lucknow",powerplay,51,2,36,6.0,8.5
1426272,2024-04-19,Lucknow Super Giants,"Bharat Ratna Shri Atal Bihari Vajpayee Ekana Cricket Stadium, Lucknow",death,46,1,24,4.0,11.5
1426272,2024-04-19,Lucknow Super Giants,"Bharat Ratna Shri Atal Bihari Vajpayee Ekana Cricket Stadium, Lucknow",middle,80,1,54,9.0,8.89
1426272,2024-04-19,Lucknow Super Giants,"Bharat Ratna Shri Atal Bihari Vajpayee Ekana Cricket Stadium, Lucknow",powerplay,54,0,36,6.0,9.0
1426273,2024-04-20,Delhi Capitals,"Arun Jaitley Stadium, Delhi",death,33,4,25,4.17,7.91
1426273,2024-04-20,Delhi Capitals,"Arun Jaitley Stadium, Delhi",middle,78,4,54,9.0,8.67
1426273,2024-04-20,Delhi Capitals,"Arun Jaitley Stadium, Delhi",powerplay,88,2,36,6.0,14.67
1426273,2024-04-20,Sunrisers Hyderabad,"Arun Jaitley Stadium, Delhi",death,61,3,30,5.0,12.2
1426273,2024-04-20,Sunrisers Hyderabad,"Arun Jaitley Stadium, Delhi",middle,80,4,54,9.0,8.89
1426273,2024-04-20,Sunrisers Hyderabad,"Arun Jaitley Stadium, Delhi",powerplay,125,0,36,6.0,20.83
1426274,2024-04-21,Kolkata Knight Riders,"Eden Gardens, Kolkata",death,73,1,30,5.0,14.6
1426274,2024-04-21,Kolkata Knight Riders,"Eden Gardens, Kolkata",middle,74,2,54,9.0,8.22
1426274,2024-04-21,Kolkata Knight Riders,"Eden Gardens, Kolkata",powerplay,75,3,36,6.0,12.5
1426274,2024-04-21,Royal Challengers Bengaluru,"Eden Gardens, Kolkata",death,47,4,30,5.0,9.4
1426274,2024-04-21,Royal Challengers Bengaluru,"Eden Gardens, Kolkata",middle,100,4,54,9.0,11.11
1426274,2024-04-21,Royal Challengers Bengaluru,"Eden Gardens, Kolkata",powerplay,74,2,36,6.0,12.33
1426275,2024-04-21,Gujarat Titans,"Maharaja Yadavindra Singh International Cricket Stadium, Mullanpur",death,45,3,25,4.17,10.79
1426275,2024-04-21,Gujarat Titans,"Maharaja Yadavindra Singh International Cricket Stadium, Mullanpur",middle,57,3,54,9.0,6.33
1426275,2024-04-21,Gujarat Titans,"Maharaja Yadavindra Singh International Cricket Stadium, Mullanpur",powerplay,44,1,36,6.0,7.33
1426275,2024-04-21,Punjab Kings,"Maharaja Yadavindra Singh International Cricket Stadium, Mullanpur",death,45,4,30,5.0,9.0
1426275,2024-04-21,Punjab Kings,"Maharaja Yadavindra Singh International Cricket Stadium, Mullanpur",middle,41,5,54,9.0,4.56
1426275,2024-04-21,Punjab Kings,"Maharaja Yadavindra Singh International Cricket Stadium, Mullanpur",powerplay,56,1,36,6.0,9.33
1426276,2024-04-22,Mumbai Indians,"Sawai Mansingh Stadium, Jaipur",death,48,5,30,5.0,9.6
1426276,2024-04-22,Mumbai Indians,"Sawai Mansingh Stadium, Jaipur",middle,86,1,54,9.0,9.56
1426276,2024-04-22,Mumbai Indians,"Sawai Mansingh Stadium, Jaipur",powerplay,45,3,36,6.0,7.5
1426276,2024-04-22,Rajasthan Royals,"Sawai Mansingh Stadium, Jaipur",death,32,0,22,3.67,8.72
1426276,2024-04-22,Rajasthan Royals,"Sawai Mansingh Stadium, Jaipur",middle,90,1,54,9.0,10.0
1426276,2024-04-22,Rajasthan Royals,"Sawai Mansingh Stadium, Jaipur",powerplay,61,0,36,6.0,10.17
1426277,2024-04-23,Chennai Super Kings,"MA Chidambaram Stadium, Chepauk, Chennai",death,75,1,30,5.0,15.0
1426277,2024-04-23,Chennai Super Kings,"MA Chidambaram Stadium, Chepauk, Chennai",middle,86,1,54,9.0,9.56
1426277,2024-04-23,Chennai Super Kings,"MA Chidambaram Stadium, Chepauk, Chennai",powerplay,49,2,36,6.0,8.17
1426277,2024-04-23,Lucknow Super Giants,"MA Chidambaram Stadium, Chepauk, Chennai",death,76,1,27,4.5,16.89
1426277,2024-04-23,Lucknow Super Giants,"MA Chidambaram Stadium, Chepauk, Chennai",middle,92,1,54,9.0,10.22
1426277,2024-04-23,Lucknow Super Giants,"MA Chidambaram Stadium, Chepauk, Chennai",powerplay,45,2,36,6.0,7.5
1426278,2024-04-24,Delhi Capitals,"Arun Jaitley Stadium, Delhi",death,97,1,30,5.0,19.4
1426278,2024-04-24,Delhi Capitals,"Arun Jaitley Stadium, Delhi",middle,83,0,54,9.0,9.22
1426278,2024-04-24,Delhi Capitals,"Arun Jaitley Stadium, Delhi",powerplay,44,3,36,6.0,7.33
1426278,2024-04-24,Gujarat Titans,"Arun Jaitley Stadium, Delhi",death,73,3,30,5.0,14.6
1426278,2024-04-24,Gujarat Titans,"Arun Jaitley Stadium, Delhi",middle,80,4,54,9.0,8.89
1426278,2024-04-24,Gujarat Titans,"Arun Jaitley Stadium, Delhi",powerplay,67,1,36,6.0,11.17
1426279,2024-04-25,Royal Challengers Bengaluru,"Rajiv Gandhi International Stadium, Uppal, Hyderabad",death,64,3,30,5.0,12.8
1426279,2024-04-25,Royal Challengers Bengaluru,"Rajiv Gandhi International Stadium, Uppal, Hyderabad",middle,81,3,54,9.0,9.0
1426279,2024-04-25,Royal Challengers Bengaluru,"Rajiv Gandhi International Stadium, Uppal, Hyderabad",powerplay,61,1,36,6.0,10.17
1426279,2024-04-25,Sunrisers Hyderabad,"Rajiv Gandhi International Stadium, Uppal, Hyderabad",death,39,1,30,5.0,7.8
1426279,2024-04-25,Sunrisers Hyderabad,"Rajiv Gandhi International Stadium, Uppal, Hyderabad",middle,70,3,54,9.0,7.78
1426279,2024-04-25,Sunrisers Hyderabad,"Rajiv Gandhi International Stadium, Uppal, Hyderabad",powerplay,62,4,36,6.0,10.33
1426280,2024-04-26,Kolkata Knight Riders,"Eden Gardens, Kolkata",death,71,4,30,5.0,14.2
1426280,2024-04-26,Kolkata Knight Riders,"Eden Gardens, Kolkata",middle,114,2,54,9.0,12.67
1426280,2024-04-26,Kolkata Knight Riders,"Eden Gardens, Kolkata",powerplay,76,0,36,6.0,12.67
1426280,2024-04-26,Punjab Kings,"Eden Gardens, Kolkata",death,61,0,22,3.67,16.62
1426280,2024-04-26,Punjab Kings,"Eden Gardens, Kolkata",middle,108,1,54,9.0,12.0
1426280,2024-04-26,Punjab Kings,"Eden Gardens, Kolkata",powerplay,93,1,36,6.0,15.5
1426281,2024-04-27,Delhi Capitals,"Arun Jaitley Stadium, Delhi",death,67,1,30,5.0,13.4
1426281,2024-04-27,Delhi Capitals,"Arun Jaitley Stadium, Delhi",middle,98,3,54,9.0,10.89
1426281,2024-04-27,Delhi Capitals,"Arun Jaitley Stadium, Delhi",powerplay,92,0,36,6.0,15.33
1426281,2024-04-27,Mumbai Indians,"Arun Jaitley Stadium, Delhi",death,74,4,30,5.0,14.8
1426281,2024-04-27,Mumbai Indians,"Arun Jaitley Stadium, Delhi",middle,108,2,54,9.0,12.0
1426281,2024-04-27,Mumbai Indians,"Arun Jaitley Stadium, Delhi",powerplay,65,3,36,6.0,10.83
1426282,2024-04-27,Lucknow Super Giants,"Bharat Ratna Shri Atal Bihari Vajpayee Ekana Cricket Stadium, Lucknow",death,46,2,30,5.0,9.2
1426282,2024-04-27,Lucknow Super Giants,"Bharat Ratna Shri Atal Bihari Vajpayee Ekana Cricket Stadium, Lucknow",middle,104,1,54,9.0,11.56
1426282,2024-04-27,Lucknow Super Giants,"Bharat Ratna Shri Atal Bihari Vajpayee Ekana Cricket Stadium, Lucknow",powerplay,46,2,36,6.0,7.67
1426282,2024-04-27,Rajasthan Royals,"Bharat Ratna Shri Atal Bihari Vajpayee Ekana Cricket Stadium, Lucknow",death,55,0,24,4.0,13.75
1426282,2024-04-27,Rajasthan Royals,"Bharat Ratna Shri Atal Bihari Vajpayee Ekana Cricket Stadium, Lucknow",middle,84,2,54,9.0,9.33
1426282,2024-04-27,Rajasthan Royals,"Bharat Ratna Shri Atal Bihari Vajpayee Ekana Cricket Stadium, Lucknow",powerplay,60,1,36,6.0,10.0
1426283,2024-04-28,Gujarat Titans,"Narendra Modi Stadium, Ahmedabad",death,62,0,30,5.0,12.4
1426283,2024-04-28,Gujarat Titans,"Narendra Modi Stadium, Ahmedabad",middle,96,2,54,9.0,10.67
1426283,2024-04-28,Gujarat Titans,"Narendra Modi Stadium, Ahmedabad",powerplay,42,1,36,6.0,7.0
1426283,2024-04-28,Royal Challengers Bengaluru,"Narendra Modi Stadium, Ahmedabad",death,29,0,6,1.0,29.0
1426283,2024-04-28,Royal Challengers Bengaluru,"Narendra Modi Stadium, Ahmedabad",middle,114,0,54,9.0,12.67
1426283,2024-04-28,Royal Challengers Bengaluru,"Narendra Modi Stadium, Ahmedabad",powerplay,63,1,36,6.0,10.5
1426284,2024-04-28,Chennai Super Kings,"MA Chidambaram Stadium, Chepauk, Chennai",death,64,1,30,5.0,12.8
1426284,2024-04-28,Chennai Super Kings,"MA Chidambaram Stadium, Chepauk, Chennai",middle,98,1,54,9.0,10.89
1426284,2024-04-28,Chennai Super Kings,"MA Chidambaram Stadium, Chepauk, Chennai",powerplay,50,1,36,6.0,8.33
1426284,2024-04-28,Sunrisers Hyderabad,"MA Chidambaram Stadium, Chepauk, Chennai",death,25,5,23,3.83,6.53
1426284,2024-04-28,Sunrisers Hyderabad,"MA Chidambaram Stadium, Chepauk, Chennai",middle,56,2,54,9.0,6.22
1426284,2024-04-28,Sunrisers Hyderabad,"MA Chidambaram Stadium, Chepauk, Chennai",powerplay,53,3,36,6.0,8.83
1426285,2024-04-29,Delhi Capitals,"Eden Gardens, Kolkata",death,41,1,30,5.0,8.2
1426285,2024-04-29,Delhi Capitals,"Eden Gardens, Kolkata",middle,45,5,54,9.0,5.0
1426285,2024-04-29,Delhi Capitals,"Eden Gardens, Kolkata",powerplay,67,3,36,6.0,11.17
1426285,2024-04-29,Kolkata Knight Riders,"Eden Gardens, Kolkata",death,16,0,9,1.5,10.67
1426285,2024-04-29,Kolkata Knight Riders,"Eden Gardens, Kolkata",middle,62,3,54,9.0,6.89
1426285,2024-04-29,Kolkata Knight Riders,"Eden Gardens, Kolkata",powerplay,79,0,36,6.0,13.17
1426286,2024-04-30,Lucknow Super Giants,"Bharat Ratna Shri Atal Bihari Vajpayee Ekana Cricket Stadium, Lucknow",death,29,2,26,4.33,6.7
1426286,2024-04-30,Lucknow Super Giants,"Bharat Ratna Shri Atal Bihari Vajpayee Ekana Cricket Stadium, Lucknow",middle,64,3,54,9.0,7.11
1426286,2024-04-30,Lucknow Super Giants,"Bharat Ratna Shri Atal Bihari Vajpayee Ekana Cricket Stadium, Lucknow",powerplay,52,1,36,6.0,8.67
1426286,2024-04-30,Mumbai Indians,"Bharat Ratna Shri Atal Bihari Vajpayee Ekana Cricket Stadium, Lucknow",death,48,2,30,5.0,9.6
1426286,2024-04-30,Mumbai Indians,"Bharat Ratna Shri Atal Bihari Vajpayee Ekana Cricket Stadium, Lucknow",middle,68,1,54,9.0,7.56
1426286,2024-04-30,Mumbai Indians,"Bharat Ratna Shri Atal Bihari Vajpayee Ekana Cricket Stadium, Lucknow",powerplay,28,4,36,6.0,4.67
1426287,2024-05-01,Chennai Super Kings,"MA Chidambaram Stadium, Chepauk, Chennai",death,60,4,30,5.0,12.0
1426287,2024-05-01,Chennai Super Kings,"MA Chidambaram Stadium, Chepauk, Chennai",middle,47,3,54,9.0,5.22
1426287,2024-05-01,Chennai Super Kings,"MA Chidambaram Stadium, Chepauk, Chennai",powerplay,55,0,36,6.0,9.17
1426287,2024-05-01,Punjab Kings,"MA Chidambaram Stadium, Chepauk, Chennai",death,28,0,17,2.83,9.89
1426287,2024-05-01,Punjab Kings,"MA Chidambaram Stadium, Chepauk, Chennai",middle,83,2,54,9.0,9.22
1426287,2024-05-01,Punjab Kings,"MA Chidambaram Stadium, Chepauk, Chennai",powerplay,52,1,36,6.0,8.67
1426288,2024-05-02,Rajasthan Royals,"Rajiv Gandhi International Stadium, Uppal, Hyderabad",death,43,4,30,5.0,8.6
1426288,2024-05-02,Rajasthan Royals,"Rajiv Gandhi International Stadium, Uppal, Hyderabad",middle,97,1,54,9.0,10.78
1426288,2024-05-02,Rajasthan Royals,"Rajiv Gandhi International Stadium, Uppal, Hyderabad",powerplay,60,2,36,6.0,10.0
1426288,2024-05-02,Sunrisers Hyderabad,"Rajiv Gandhi International Stadium, Uppal, Hyderabad",death,70,0,30,5.0,14.0
1426288,2024-05-02,Sunrisers Hyderabad,"Rajiv Gandhi International Stadium, Uppal, Hyderabad",middle,94,1,54,9.0,10.44
1426288,2024-05-02,Sunrisers Hyderabad,"Rajiv Gandhi International Stadium, Uppal, Hyderabad",powerplay,37,2,36,6.0,6.17
1426289,2024-05-03,Kolkata Knight Riders,"Wankhede Stadium, Mumbai",death,41,5,29,4.83,8.49
1426289,2024-05-03,Kolkata Knight Riders,"Wankhede Stadium, Mumbai",middle,71,1,54,9.0,7.89
1426289,2024-05-03,Kolkata Knight Riders,"Wankhede Stadium, Mumbai",powerplay,57,4,36,6.0,9.5
1426289,2024-05-03,Mumbai Indians,"Wankhede Stadium, Mumbai",death,26,4,23,3.83,6.79
1426289,2024-05-03,Mumbai Indians,"Wankhede Stadium, Mumbai",middle,73,3,54,9.0,8.11
1426289,2024-05-03,Mumbai Indians,"Wankhede Stadium, Mumbai",powerplay,46,3,36,6.0,7.67
1426290,2024-05-04,Gujarat Titans,"M Chinnaswamy Stadium, Bengaluru",death,45,5,27,4.5,10.0
1426290,2024-05-04,Gujarat Titans,"M Chinnaswamy Stadium, Bengaluru",middle,79,2,54,9.0,8.78
1426290,2024-05-04,Gujarat Titans,"M Chinnaswamy Stadium, Bengaluru",powerplay,23,3,36,6.0,3.83
1426290,2024-05-04,Royal Challengers Bengaluru,"M Chinnaswamy Stadium, Bengaluru",death,0,0,0,0.0,0.0
1426290,2024-05-04,Royal Challengers Bengaluru,"M Chinnaswamy Stadium, Bengaluru",middle,60,5,46,7.67,7.82
1426290,2024-05-04,Royal Challengers Bengaluru,"M Chinnaswamy Stadium, Bengaluru",powerplay,92,1,36,6.0,15.33
1426291,2024-05-05,Chennai Super Kings,"Himachal Pradesh Cricket Association Stadium, Dharamsala",death,50,4,30,5.0,10.0
1426291,2024-05-05,Chennai Super Kings,"Himachal Pradesh Cricket Association Stadium, Dharamsala",middle,57,4,54,9.0,6.33
1426291,2024-05-05,Chennai Super Kings,"Himachal Pradesh Cricket Association Stadium, Dharamsala",powerplay,60,1,36,6.0,10.0
1426291,2024-05-05,Punjab Kings,"Himachal Pradesh Cricket Association Stadium, Dharamsala",death,48,1,30,5.0,9.6
1426291,2024-05-05,Punjab Kings,"Himachal Pradesh Cricket Association Stadium, Dharamsala",middle,44,6,54,9.0,4.89
1426291,2024-05-05,Punjab Kings,"Himachal Pradesh Cricket Association Stadium, Dharamsala",powerplay,47,2,36,6.0,7.83
1426292,2024-05-05,Kolkata Knight Riders,"Bharat Ratna Shri Atal Bihari Vajpayee Ekana Cricket Stadium, Lucknow",death,64,3,30,5.0,12.8
1426292,2024-05-05,Kolkata Knight Riders,"Bharat Ratna Shri Atal Bihari Vajpayee Ekana Cricket Stadium, Lucknow",middle,101,2,54,9.0,11.22
1426292,2024-05-05,Kolkata Knight Riders,"Bharat Ratna Shri Atal Bihari Vajpayee Ekana Cricket Stadium, Lucknow",powerplay,70,1,36,6.0,11.67
1426292,2024-05-05,Lucknow Super Giants,"Bharat Ratna Shri Atal Bihari Vajpayee Ekana Cricket Stadium, Lucknow",death,7,2,7,1.17,5.98
1426292,2024-05-05,Lucknow Super Giants,"Bharat Ratna Shri Atal Bihari Vajpayee Ekana Cricket Stadium, Lucknow",middle,75,7,54,9.0,8.33
1426292,2024-05-05,Lucknow Super Giants,"Bharat Ratna Shri Atal Bihari Vajpayee Ekana Cricket Stadium, Lucknow",powerplay,55,1,36,6.0,9.17
1426293,2024-05-06,Mumbai Indians,"Wankhede Stadium, Mumbai",death,35,0,14,2.33,15.02
1426293,2024-05-06,Mumbai Indians,"Wankhede Stadium, Mumbai",middle,87,0,54,9.0,9.67
1426293,2024-05-06,Mumbai Indians,"Wankhede Stadium, Mumbai",powerplay,52,3,36,6.0,8.67
1426293,2024-05-06,Sunrisers Hyderabad,"Wankhede Stadium, Mumbai",death,53,3,30,5.0,10.6
1426293,2024-05-06,Sunrisers Hyderabad,"Wankhede Stadium, Mumbai",middle,64,4,54,9.0,7.11
1426293,2024-05-06,Sunrisers Hyderabad,"Wankhede Stadium, Mumbai",powerplay,56,1,36,6.0,9.33
1426294,2024-05-07,Delhi Capitals,"Arun Jaitley Stadium, Delhi",death,65,3,30,5.0,13.0
1426294,2024-05-07,Delhi Capitals,"Arun Jaitley Stadium, Delhi",middle,78,3,54,9.0,8.67
1426294,2024-05-07,Delhi Capitals,"Arun Jaitley Stadium, Delhi",powerplay,78,2,36,6.0,13.0
1426294,2024-05-07,Rajasthan Royals,"Arun Jaitley Stadium, Delhi",death,42,5,30,5.0,8.4
1426294,2024-05-07,Rajasthan Royals,"Arun Jaitley Stadium, Delhi",middle,92,1,54,9.0,10.22
1426294,2024-05-07,Rajasthan Royals,"Arun Jaitley Stadium, Delhi",powerplay,67,2,36,6.0,11.17
1426295,2024-05-08,Lucknow Super Giants,"Rajiv Gandhi International Stadium, Uppal, Hyderabad",death,63,0,30,5.0,12.6
1426295,2024-05-08,Lucknow Super Giants,"Rajiv Gandhi International Stadium, Uppal, Hyderabad",middle,75,2,54,9.0,8.33
1426295,2024-05-08,Lucknow Super Giants,"Rajiv Gandhi International Stadium, Uppal, Hyderabad",powerplay,27,2,36,6.0,4.5
1426295,2024-05-08,Sunrisers Hyderabad,"Rajiv Gandhi International Stadium, Uppal, Hyderabad",death,0,0,0,0.0,0.0
1426295,2024-05-08,Sunrisers Hyderabad,"Rajiv Gandhi International Stadium, Uppal, Hyderabad",middle,60,0,22,3.67,16.35
1426295,2024-05-08,Sunrisers Hyderabad,"Rajiv Gandhi International Stadium, Uppal, Hyderabad",powerplay,107,0,36,6.0,17.83
1426296,2024-05-09,Punjab Kings,"Himachal Pradesh Cricket Association Stadium, Dharamsala",death,17,3,12,2.0,8.5
1426296,2024-05-09,Punjab Kings,"Himachal Pradesh Cricket Association Stadium, Dharamsala",middle,89,5,54,9.0,9.89
1426296,2024-05-09,Punjab Kings,"Himachal Pradesh Cricket Association Stadium, Dharamsala",powerplay,75,2,36,6.0,12.5
1426296,2024-05-09,Royal Challengers Bengaluru,"Himachal Pradesh Cricket Association Stadium, Dharamsala",death,77,4,30,5.0,15.4
1426296,2024-05-09,Royal Challengers Bengaluru,"Himachal Pradesh Cricket Association Stadium, Dharamsala",middle,108,1,54,9.0,12.0
1426296,2024-05-09,Royal Challengers Bengaluru,"Himachal Pradesh Cricket Association Stadium, Dharamsala",powerplay,56,2,36,6.0,9.33
1426297,2024-05-10,Chennai Super Kings,"Narendra Modi Stadium, Ahmedabad",death,53,3,30,5.0,10.6
1426297,2024-05-10,Chennai Super Kings,"Narendra Modi Stadium, Ahmedabad",middle,100,2,54,9.0,11.11
1426297,2024-05-10,Chennai Super Kings,"Narendra Modi Stadium, Ahmedabad",powerplay,43,3,36,6.0,7.17
1426297,2024-05-10,Gujarat Titans,"Narendra Modi Stadium, Ahmedabad",death,41,3,30,5.0,8.2
1426297,2024-05-10,Gujarat Titans,"Narendra Modi Stadium, Ahmedabad",middle,132,0,54,9.0,14.67
1426297,2024-05-10,Gujarat Titans,"Narendra Modi Stadium, Ahmedabad",powerplay,58,0,36,6.0,9.67
1426298,2024-05-11,Kolkata Knight Riders,"Eden Gardens, Kolkata",death,10,1,6,1.0,10.0
1426298,2024-05-11,Kolkata Knight Riders,"Eden Gardens, Kolkata",middle,95,3,54,9.0,10.56
1426298,2024-05-11,Kolkata Knight Riders,"Eden Gardens, Kolkata",powerplay,52,3,36,6.0,8.67
1426298,2024-05-11,Mumbai Indians,"Eden Gardens, Kolkata",death,3,2,6,1.0,3.0
1426298,2024-05-11,Mumbai Indians,"Eden Gardens, Kolkata",middle,74,6,54,9.0,8.22
1426298,2024-05-11,Mumbai Indians,"Eden Gardens, Kolkata",powerplay,62,0,36,6.0,10.33
1426299,2024-05-12,Chennai Super Kings,"MA Chidambaram Stadium, Chepauk, Chennai",death,29,1,20,3.33,8.71
1426299,2024-05-12,Chennai Super Kings,"MA Chidambaram Stadium, Chepauk, Chennai",middle,60,3,54,9.0,6.67
1426299,2024-05-12,Chennai Super Kings,"MA Chidambaram Stadium, Chepauk, Chennai",powerplay,56,1,36,6.0,9.33
1426299,2024-05-12,Rajasthan Royals,"MA Chidambaram Stadium, Chepauk, Chennai",death,47,2,30,5.0,9.4
1426299,2024-05-12,Rajasthan Royals,"MA Chidambaram Stadium, Chepauk, Chennai",middle,52,3,54,9.0,5.78
1426299,2024-05-12,Rajasthan Royals,"MA Chidambaram Stadium, Chepauk, Chennai",powerplay,42,0,36,6.0,7.0
1426300,2024-05-12,Delhi Capitals,"M Chinnaswamy Stadium, Bengaluru",death,13,3,25,4.17,3.12
1426300,2024-05-12,Delhi Capitals,"M Chinnaswamy Stadium, Bengaluru",middle,73,3,54,9.0,8.11
1426300,2024-05-12,Delhi Capitals,"M Chinnaswamy Stadium, Bengaluru",powerplay,54,4,36,6.0,9.0
1426300,2024-05-12,Royal Challengers Bengaluru,"M Chinnaswamy Stadium, Bengaluru",death,49,5,30,5.0,9.8
1426300,2024-05-12,Royal Challengers Bengaluru,"M Chinnaswamy Stadium, Bengaluru",middle,77,2,54,9.0,8.56
1426300,2024-05-12,Royal Challengers Bengaluru,"M Chinnaswamy Stadium, Bengaluru",powerplay,61,2,36,6.0,10.17
1426302,2024-05-14,Delhi Capitals,"Arun Jaitley Stadium, Delhi",death,72,1,30,5.0,14.4
1426302,2024-05-14,Delhi Capitals,"Arun Jaitley Stadium, Delhi",middle,63,2,54,9.0,7.0
1426302,2024-05-14,Delhi Capitals,"Arun Jaitley Stadium, Delhi",powerplay,73,1,36,6.0,12.17
1426302,2024-05-14,Lucknow Super Giants,"Arun Jaitley Stadium, Delhi",death,54,2,30,5.0,10.8
1426302,2024-05-14,Lucknow Super Giants,"Arun Jaitley Stadium, Delhi",middle,76,3,54,9.0,8.44
1426302,2024-05-14,Lucknow Super Giants,"Arun Jaitley Stadium, Delhi",powerplay,59,4,36,6.0,9.83
1426303,2024-05-15,Punjab Kings,"Barsapara Cricket Stadium, Guwahati",death,42,1,23,3.83,10.97
1426303,2024-05-15,Punjab Kings,"Barsapara Cricket Stadium, Guwahati",middle,64,1,54,9.0,7.11
1426303,2024-05-15,Punjab Kings,"Barsapara Cricket Stadium, Guwahati",powerplay,39,3,36,6.0,6.5
1426303,2024-05-15,Rajasthan Royals,"Barsapara Cricket Stadium, Guwahati",death,41,3,30,5.0,8.2
1426303,2024-05-15,Rajasthan Royals,"Barsapara Cricket Stadium, Guwahati",middle,65,5,54,9.0,7.22
1426303,2024-05-15,Rajasthan Royals,"Barsapara Cricket Stadium, Guwahati",powerplay,38,1,36,6.0,6.33
1426305,2024-05-17,Lucknow Super Giants,"Wankhede Stadium, Mumbai",death,55,3,30,5.0,11.0
1426305,2024-05-17,Lucknow Super Giants,"Wankhede Stadium, Mumbai",middle,110,1,54,9.0,12.22
1426305,2024-05-17,Lucknow Super Giants,"Wankhede Stadium, Mumbai",powerplay,49,2,36,6.0,8.17
1426305,2024-05-17,Mumbai Indians,"Wankhede Stadium, Mumbai",death,71,1,30,5.0,14.2
1426305,2024-05-17,Mumbai Indians,"Wankhede Stadium, Mumbai",middle,72,5,54,9.0,8.0
1426305,2024-05-17,Mumbai Indians,"Wankhede Stadium, Mumbai",powerplay,53,0,36,6.0,8.83
1426306,2024-05-18,Chennai Super Kings,"M Chinnaswamy Stadium, Bengaluru",death,62,1,30,5.0,12.4
1426306,2024-05-18,Chennai Super Kings,"M Chinnaswamy Stadium, Bengaluru",middle,71,4,54,9.0,7.89
1426306,2024-05-18,Chennai Super Kings,"M Chinnaswamy Stadium, Bengaluru",powerplay,58,2,36,6.0,9.67
1426306,2024-05-18,Royal Challengers Bengaluru,"M Chinnaswamy Stadium, Bengaluru",death,80,3,30,5.0,16.0
1426306,2024-05-18,Royal Challengers Bengaluru,"M Chinnaswamy Stadium, Bengaluru",middle,96,2,54,9.0,10.67
1426306,2024-05-18,Royal Challengers Bengaluru,"M Chinnaswamy Stadium, Bengaluru",powerplay,42,0,36,6.0,7.0
1426307,2024-05-19,Punjab Kings,"Rajiv Gandhi International Stadium, Uppal, Hyderabad",death,55,3,30,5.0,11.0
1426307,2024-05-19,Punjab Kings,"Rajiv Gandhi International Stadium, Uppal, Hyderabad",middle,98,2,54,9.0,10.89
1426307,2024-05-19,Punjab Kings,"Rajiv Gandhi International Stadium, Uppal, Hyderabad",powerplay,61,0,36,6.0,10.17
1426307,2024-05-19,Sunrisers Hyderabad,"Rajiv Gandhi International Stadium, Uppal, Hyderabad",death,33,2,25,4.17,7.91
1426307,2024-05-19,Sunrisers Hyderabad,"Rajiv Gandhi International Stadium, Uppal, Hyderabad",middle,98,2,54,9.0,10.89
1426307,2024-05-19,Sunrisers Hyderabad,"Rajiv Gandhi International Stadium, Uppal, Hyderabad",powerplay,84,2,36,6.0,14.0
1426309,2024-05-21,Kolkata Knight Riders,"Narendra Modi Stadium, Ahmedabad",death,0,0,0,0.0,0.0
1426309,2024-05-21,Kolkata Knight Riders,"Narendra Modi Stadium, Ahmedabad",middle,101,1,46,7.67,13.17
1426309,2024-05-21,Kolkata Knight Riders,"Narendra Modi Stadium, Ahmedabad",powerplay,63,1,36,6.0,10.5
1426309,2024-05-21,Sunrisers Hyderabad,"Narendra Modi Stadium, Ahmedabad",death,34,2,27,4.5,7.56
1426309,2024-05-21,Sunrisers Hyderabad,"Narendra Modi Stadium, Ahmedabad",middle,80,4,54,9.0,8.89
1426309,2024-05-21,Sunrisers Hyderabad,"Narendra Modi Stadium, Ahmedabad",powerplay,45,4,36,6.0,7.5
1426310,2024-05-22,Rajasthan Royals,"Narendra Modi Stadium, Ahmedabad",death,48,2,24,4.0,12.0
1426310,2024-05-22,Rajasthan Royals,"Narendra Modi Stadium, Ahmedabad",middle,79,3,54,9.0,8.78
1426310,2024-05-22,Rajasthan Royals,"Narendra Modi Stadium, Ahmedabad",powerplay,47,1,36,6.0,7.83
1426310,2024-05-22,Royal Challengers Bengaluru,"Narendra Modi Stadium, Ahmedabad",death,47,3,30,5.0,9.4
1426310,2024-05-22,Royal Challengers Bengaluru,"Narendra Modi Stadium, Ahmedabad",middle,75,4,54,9.0,8.33
1426310,2024-05-22,Royal Challengers Bengaluru,"Narendra Modi Stadium, Ahmedabad",powerplay,50,1,36,6.0,8.33
1426311,2024-05-24,Rajasthan Royals,"MA Chidambaram Stadium, Chepauk, Chennai",death,37,1,30,5.0,7.4
1426311,2024-05-24,Rajasthan Royals,"MA Chidambaram Stadium, Chepauk, Chennai",middle,51,5,54,9.0,5.67
1426311,2024-05-24,Rajasthan Royals,"MA Chidambaram Stadium, Chepauk, Chennai",powerplay,51,1,36,6.0,8.5
1426311,2024-05-24,Sunrisers Hyderabad,"MA Chidambaram Stadium, Chepauk, Chennai",death,43,3,30,5.0,8.6
1426311,2024-05-24,Sunrisers Hyderabad,"MA Chidambaram Stadium, Chepauk, Chennai",middle,64,3,54,9.0,7.11
1426311,2024-05-24,Sunrisers Hyderabad,"MA Chidambaram Stadium, Chepauk, Chennai",powerplay,68,3,36,6.0,11.33
1426312,2024-05-26,Kolkata Knight Riders,"MA Chidambaram Stadium, Chepauk, Chennai",death,0,0,0,0.0,0.0
1426312,2024-05-26,Kolkata Knight Riders,"MA Chidambaram Stadium, Chepauk, Chennai",middle,42,1,27,4.5,9.33
1426312,2024-05-26,Kolkata Knight Riders,"MA Chidambaram Stadium, Chepauk, Chennai",powerplay,72,1,36,6.0,12.0
1426312,2024-05-26,Sunrisers Hyderabad,"MA Chidambaram Stadium, Chepauk, Chennai",death,23,2,21,3.5,6.57
1426312,2024-05-26,Sunrisers Hyderabad,"MA Chidambaram Stadium, Chepauk, Chennai",middle,50,5,54,9.0,5.56
1426312,2024-05-26,Sunrisers Hyderabad,"MA Chidambaram Stadium, Chepauk, Chennai",powerplay,40,3,36,6.0,6.67
1473438,2025-03-22,Kolkata Knight Riders,"Eden Gardens, Kolkata",death,29,3,30,5.0,5.8
1473438,2025-03-22,Kolkata Knight Riders,"Eden Gardens, Kolkata",middle,85,4,54,9.0,9.44
1473438,2025-03-22,Kolkata Knight Riders,"Eden Gardens, Kolkata",powerplay,60,1,36,6.0,10.0
1473438,2025-03-22,Royal Challengers Bengaluru,"Eden Gardens, Kolkata",death,20,1,8,1.33,15.04
1473438,2025-03-22,Royal Challengers Bengaluru,"Eden Gardens, Kolkata",middle,77,2,54,9.0,8.56
1473438,2025-03-22,Royal Challengers Bengaluru,"Eden Gardens, Kolkata",powerplay,80,0,36,6.0,13.33
1473439,2025-03-23,Rajasthan Royals,"Rajiv Gandhi International Stadium, Uppal, Hyderabad",death,73,1,30,5.0,14.6
1473439,2025-03-23,Rajasthan Royals,"Rajiv Gandhi International Stadium, Uppal, Hyderabad",middle,92,2,54,9.0,10.22
1473439,2025-03-23,Rajasthan Royals,"Rajiv Gandhi International Stadium, Uppal, Hyderabad",powerplay,77,3,36,6.0,12.83
1473439,2025-03-23,Sunrisers Hyderabad,"Rajiv Gandhi International Stadium, Uppal, Hyderabad",death,78,3,30,5.0,15.6
1473439,2025-03-23,Sunrisers Hyderabad,"Rajiv Gandhi International Stadium, Uppal, Hyderabad",middle,114,2,54,9.0,12.67
1473439,2025-03-23,Sunrisers Hyderabad,"Rajiv Gandhi International Stadium, Uppal, Hyderabad",powerplay,94,1,36,6.0,15.67
1473440,2025-03-23,Chennai Super Kings,"MA Chidambaram Stadium, Chepauk, Chennai",death,39,1,25,4.17,9.35
1473440,2025-03-23,Chennai Super Kings,"MA Chidambaram Stadium, Chepauk, Chennai",middle,57,4,54,9.0,6.33
1473440,2025-03-23,Chennai Super Kings,"MA Chidambaram Stadium, Chepauk, Chennai",powerplay,62,1,36,6.0,10.33
1473440,2025-03-23,Mumbai Indians,"MA Chidambaram Stadium, Chepauk, Chennai",death,45,3,30,5.0,9.0
1473440,2025-03-23,Mumbai Indians,"MA Chidambaram Stadium, Chepauk, Chennai",middle,58,3,54,9.0,6.44
1473440,2025-03-23,Mumbai Indians,"MA Chidambaram Stadium, Chepauk, Chennai",powerplay,52,3,36,6.0,8.67
1473441,2025-03-24,Delhi Capitals,"Dr. Y.S. Rajasekhara Reddy ACA-VDCA Cricket Stadium, Visakhapatnam",death,63,3,27,4.5,14.0
1473441,2025-03-24,Delhi Capitals,"Dr. Y.S. Rajasekhara Reddy ACA-VDCA Cricket Stadium, Visakhapatnam",middle,90,2,54,9.0,10.0
1473441,2025-03-24,Delhi Capitals,"Dr. Y.S. Rajasekhara Reddy ACA-VDCA Cricket Stadium, Visakhapatnam",powerplay,58,4,36,6.0,9.67
1473441,2025-03-24,Lucknow Super Giants,"Dr. Y.S. Rajasekhara Reddy ACA-VDCA Cricket Stadium, Visakhapatnam",death,39,4,30,5.0,7.8
1473441,2025-03-24,Lucknow Super Giants,"Dr. Y.S. Rajasekhara Reddy ACA-VDCA Cricket Stadium, Visakhapatnam",middle,106,3,54,9.0,11.78
1473441,2025-03-24,Lucknow Super Giants,"Dr. Y.S. Rajasekhara Reddy ACA-VDCA Cricket Stadium, Visakhapatnam",powerplay,64,1,36,6.0,10.67
1473442,2025-03-25,Gujarat Titans,"Narendra Modi Stadium, Ahmedabad",death,58,3,30,5.0,11.6
1473442,2025-03-25,Gujarat Titans,"Narendra Modi Stadium, Ahmedabad",middle,113,1,54,9.0,12.56
1473442,2025-03-25,Gujarat Titans,"Narendra Modi Stadium, Ahmedabad",powerplay,61,1,36,6.0,10.17
1473442,2025-03-25,Punjab Kings,"Narendra Modi Stadium, Ahmedabad",death,87,1,30,5.0,17.4
1473442,2025-03-25,Punjab Kings,"Narendra Modi Stadium, Ahmedabad",middle,83,3,54,9.0,9.22
1473442,2025-03-25,Punjab Kings,"Narendra Modi Stadium, Ahmedabad",powerplay,73,1,36,6.0,12.17
1473443,2025-03-26,Kolkata Knight Riders,"Barsapara Cricket Stadium, Guwahati",death,35,0,15,2.5,14.0
1473443,2025-03-26,Kolkata Knight Riders,"Barsapara Cricket Stadium, Guwahati",middle,78,2,54,9.0,8.67
1473443,2025-03-26,Kolkata Knight Riders,"Barsapara Cricket Stadium, Guwahati",powerplay,40,0,36,6.0,6.67
1473443,2025-03-26,Rajasthan Royals,"Barsapara Cricket Stadium, Guwahati",death,41,3,30,5.0,8.2
1473443,2025-03-26,Rajasthan Royals,"Barsapara Cricket Stadium, Guwahati",middle,56,5,54,9.0,6.22
1473443,2025-03-26,Rajasthan Royals,"Barsapara Cricket Stadium, Guwahati",powerplay,54,1,36,6.0,9.0
1473444,2025-03-27,Lucknow Super Giants,"Rajiv Gandhi International Stadium, Uppal, Hyderabad",death,17,0,7,1.17,14.53
1473444,2025-03-27,Lucknow Super Giants,"Rajiv Gandhi International Stadium, Uppal, Hyderabad",middle,99,4,54,9.0,11.0
1473444,2025-03-27,Lucknow Super Giants,"Rajiv Gandhi International Stadium, Uppal, Hyderabad",powerplay,77,1,36,6.0,12.83
1473444,2025-03-27,Sunrisers Hyderabad,"Rajiv Gandhi International Stadium, Uppal, Hyderabad",death,47,4,30,5.0,9.4
1473444,2025-03-27,Sunrisers Hyderabad,"Rajiv Gandhi International Stadium, Uppal, Hyderabad",middle,81,3,54,9.0,9.0
1473444,2025-03-27,Sunrisers Hyderabad,"Rajiv Gandhi International Stadium, Uppal, Hyderabad",powerplay,62,2,36,6.0,10.33
1473445,2025-03-28,Chennai Super Kings,"MA Chidambaram Stadium, Chepauk, Chennai",death,48,2,30,5.0,9.6
1473445,2025-03-28,Chennai Super Kings,"MA Chidambaram Stadium, Chepauk, Chennai",middle,68,3,54,9.0,7.56
1473445,2025-03-28,Chennai Super Kings,"MA Chidambaram Stadium, Chepauk, Chennai",powerplay,30,3,36,6.0,5.0
1473445,2025-03-28,Royal Challengers Bengaluru,"MA Chidambaram Stadium, Chepauk, Chennai",death,58,4,30,5.0,11.6
1473445,2025-03-28,Royal Challengers Bengaluru,"MA Chidambaram Stadium, Chepauk, Chennai",middle,82,2,54,9.0,9.11
1473445,2025-03-28,Royal Challengers Bengaluru,"MA Chidambaram Stadium, Chepauk, Chennai",powerplay,56,1,36,6.0,9.33
1473446,2025-03-29,Gujarat Titans,"Narendra Modi Stadium, Ahmedabad",death,56,6,30,5.0,11.2
1473446,2025-03-29,Gujarat Titans,"Narendra Modi Stadium, Ahmedabad",middle,74,2,54,9.0,8.22
1473446,2025-03-29,Gujarat Titans,"Narendra Modi Stadium, Ahmedabad",powerplay,66,0,36,6.0,11.0
1473446,2025-03-29,Mumbai Indians,"Narendra Modi Stadium, Ahmedabad",death,42,2,30,5.0,8.4
1473446,2025-03-29,Mumbai Indians,"Narendra Modi Stadium, Ahmedabad",middle,70,2,54,9.0,7.78
1473446,2025-03-29,Mumbai Indians,"Narendra Modi Stadium, Ahmedabad",powerplay,48,2,36,6.0,8.0
1473447,2025-03-30,Delhi Capitals,"Dr. Y.S. Rajasekhara Reddy ACA-VDCA Cricket Stadium, Visakhapatnam",death,16,0,6,1.0,16.0
1473447,2025-03-30,Delhi Capitals,"Dr. Y.S. Rajasekhara Reddy ACA-VDCA Cricket Stadium, Visakhapatnam",middle,98,3,54,9.0,10.89
1473447,2025-03-30,Delhi Capitals,"Dr. Y.S. Rajasekhara Reddy ACA-VDCA Cricket Stadium, Visakhapatnam",powerplay,52,0,36,6.0,8.67
1473447,2025-03-30,Sunrisers Hyderabad,"Dr. Y.S. Rajasekhara Reddy ACA-VDCA Cricket Stadium, Visakhapatnam",death,23,3,22,3.67,6.27
1473447,2025-03-30,Sunrisers Hyderabad,"Dr. Y.S. Rajasekhara Reddy ACA-VDCA Cricket Stadium, Visakhapatnam",middle,82,3,54,9.0,9.11
1473447,2025-03-30,Sunrisers Hyderabad,"Dr. Y.S. Rajasekhara Reddy ACA-VDCA Cricket Stadium, Visakhapatnam",powerplay,58,4,36,6.0,9.67
1473448,2025-03-30,Chennai Super Kings,"Barsapara Cricket Stadium, Guwahati",death,54,2,30,5.0,10.8
1473448,2025-03-30,Chennai Super Kings,"Barsapara Cricket Stadium, Guwahati",middle,80,3,54,9.0,8.89
1473448,2025-03-30,Chennai Super Kings,"Barsapara Cricket Stadium, Guwahati",powerplay,42,1,36,6.0,7.0
1473448,2025-03-30,Rajasthan Royals,"Barsapara Cricket Stadium, Guwahati",death,37,4,30,5.0,7.4
1473448,2025-03-30,Rajasthan Royals,"Barsapara Cricket Stadium, Guwahati",middle,66,4,54,9.0,7.33
1473448,2025-03-30,Rajasthan Royals,"Barsapara Cricket Stadium, Guwahati",powerplay,79,1,36,6.0,13.17
1473449,2025-03-31,Kolkata Knight Riders,"Wankhede Stadium, Mumbai",death,15,1,8,1.33,11.28
1473449,2025-03-31,Kolkata Knight Riders,"Wankhede Stadium, Mumbai",middle,60,5,54,9.0,6.67
1473449,2025-03-31,Kolkata Knight Riders,"Wankhede Stadium, Mumbai",powerplay,41,4,36,6.0,6.83
1473449,2025-03-31,Mumbai Indians,"Wankhede Stadium, Mumbai",death,0,0,0,0.0,0.0
1473449,2025-03-31,Mumbai Indians,"Wankhede Stadium, Mumbai",middle,66,1,41,6.83,9.66
1473449,2025-03-31,Mumbai Indians,"Wankhede Stadium, Mumbai",powerplay,55,1,36,6.0,9.17
1473450,2025-04-01,Lucknow Super Giants,"Bharat Ratna Shri Atal Bihari Vajpayee Ekana Cricket Stadium, Lucknow",death,54,3,30,5.0,10.8
1473450,2025-04-01,Lucknow Super Giants,"Bharat Ratna Shri Atal Bihari Vajpayee Ekana Cricket Stadium, Lucknow",middle,78,1,54,9.0,8.67
1473450,2025-04-01,Lucknow Super Giants,"Bharat Ratna Shri Atal Bihari Vajpayee Ekana Cricket Stadium, Lucknow",powerplay,39,3,36,6.0,6.5
1473450,2025-04-01,Punjab Kings,"Bharat Ratna Shri Atal Bihari Vajpayee Ekana Cricket Stadium, Lucknow",death,22,0,8,1.33,16.54
1473450,2025-04-01,Punjab Kings,"Bharat Ratna Shri Atal Bihari Vajpayee Ekana Cricket Stadium, Lucknow",middle,93,1,54,9.0,10.33
1473450,2025-04-01,Punjab Kings,"Bharat Ratna Shri Atal Bihari Vajpayee Ekana Cricket Stadium, Lucknow",powerplay,62,1,36,6.0,10.33
1473451,2025-04-02,Gujarat Titans,"M Chinnaswamy Stadium, Bengaluru",death,36,0,17,2.83,12.72
1473451,2025-04-02,Gujarat Titans,"M Chinnaswamy Stadium, Bengaluru",middle,92,1,54,9.0,10.22
1473451,2025-04-02,Gujarat Titans,"M Chinnaswamy Stadium, Bengaluru",powerplay,42,1,36,6.0,7.0
1473451,2025-04-02,Royal Challengers Bengaluru,"M Chinnaswamy Stadium, Bengaluru",death,64,2,30,5.0,12.8
1473451,2025-04-02,Royal Challengers Bengaluru,"M Chinnaswamy Stadium, Bengaluru",middle,67,3,54,9.0,7.44
1473451,2025-04-02,Royal Challengers Bengaluru,"M Chinnaswamy Stadium, Bengaluru",powerplay,38,3,36,6.0,6.33
1473452,2025-04-03,Kolkata Knight Riders,"Eden Gardens, Kolkata",death,78,2,30,5.0,15.6
1473452,2025-04-03,Kolkata Knight Riders,"Eden Gardens, Kolkata",middle,69,2,54,9.0,7.67
1473452,2025-04-03,Kolkata Knight Riders,"Eden Gardens, Kolkata",powerplay,53,2,36,6.0,8.83
1473452,2025-04-03,Sunrisers Hyderabad,"Eden Gardens, Kolkata",death,6,3,10,1.67,3.59
1473452,2025-04-03,Sunrisers Hyderabad,"Eden Gardens, Kolkata",middle,81,4,54,9.0,9.0
1473452,2025-04-03,Sunrisers Hyderabad,"Eden Gardens, Kolkata",powerplay,33,3,36,6.0,5.5
1473453,2025-04-04,Lucknow Super Giants,"Bharat Ratna Shri Atal Bihari Vajpayee Ekana Cricket Stadium, Lucknow",death,57,5,30,5.0,11.4
1473453,2025-04-04,Lucknow Super Giants,"Bharat Ratna Shri Atal Bihari Vajpayee Ekana Cricket Stadium, Lucknow",middle,77,3,54,9.0,8.56
1473453,2025-04-04,Lucknow Super Giants,"Bharat Ratna Shri Atal Bihari Vajpayee Ekana Cricket Stadium, Lucknow",powerplay,69,0,36,6.0,11.5
1473453,2025-04-04,Mumbai Indians,"Bharat Ratna Shri Atal Bihari Vajpayee Ekana Cricket Stadium, Lucknow",death,48,2,30,5.0,9.6
1473453,2025-04-04,Mumbai Indians,"Bharat Ratna Shri Atal Bihari Vajpayee Ekana Cricket Stadium, Lucknow",middle,79,1,54,9.0,8.78
1473453,2025-04-04,Mumbai Indians,"Bharat Ratna Shri Atal Bihari Vajpayee Ekana Cricket Stadium, Lucknow",powerplay,64,2,36,6.0,10.67
1473454,2025-04-05,Chennai Super Kings,"MA Chidambaram Stadium, Chepauk, Chennai",death,52,0,30,5.0,10.4
1473454,2025-04-05,Chennai Super Kings,"MA Chidambaram Stadium, Chepauk, Chennai",middle,60,2,54,9.0,6.67
1473454,2025-04-05,Chennai Super Kings,"MA Chidambaram Stadium, Chepauk, Chennai",powerplay,46,3,36,6.0,7.67
1473454,2025-04-05,Delhi Capitals,"MA Chidambaram Stadium, Chepauk, Chennai",death,45,3,30,5.0,9.0
1473454,2025-04-05,Delhi Capitals,"MA Chidambaram Stadium, Chepauk, Chennai",middle,87,2,54,9.0,9.67
1473454,2025-04-05,Delhi Capitals,"MA Chidambaram Stadium, Chepauk, Chennai",powerplay,51,1,36,6.0,8.5
1473455,2025-04-05,Punjab Kings,"Maharaja Yadavindra Singh International Cricket Stadium, Mullanpur",death,24,4,30,5.0,4.8
1473455,2025-04-05,Punjab Kings,"Maharaja Yadavindra Singh International Cricket Stadium, Mullanpur",middle,88,2,54,9.0,9.78
1473455,2025-04-05,Punjab Kings,"Maharaja Yadavindra Singh International Cricket Stadium, Mullanpur",powerplay,43,3,36,6.0,7.17
1473455,2025-04-05,Rajasthan Royals,"Maharaja Yadavindra Singh International Cricket Stadium, Mullanpur",death,63,1,30,5.0,12.6
1473455,2025-04-05,Rajasthan Royals,"Maharaja Yadavindra Singh International Cricket Stadium, Mullanpur",middle,89,3,54,9.0,9.89
1473455,2025-04-05,Rajasthan Royals,"Maharaja Yadavindra Singh International Cricket Stadium, Mullanpur",powerplay,53,0,36,6.0,8.83
1473457,2025-04-06,Gujarat Titans,"Rajiv Gandhi International Stadium, Uppal, Hyderabad",death,23,0,10,1.67,13.77
1473457,2025-04-06,Gujarat Titans,"Rajiv Gandhi International Stadium, Uppal, Hyderabad",middle,82,1,54,9.0,9.11
1473457,2025-04-06,Gujarat Titans,"Rajiv Gandhi International Stadium, Uppal, Hyderabad",powerplay,48,2,36,6.0,8.0
1473457,2025-04-06,Sunrisers Hyderabad,"Rajiv Gandhi International Stadium, Uppal, Hyderabad",death,47,4,30,5.0,9.4
1473457,2025-04-06,Sunrisers Hyderabad,"Rajiv Gandhi International Stadium, Uppal, Hyderabad",middle,60,2,54,9.0,6.67
1473457,2025-04-06,Sunrisers Hyderabad,"Rajiv Gandhi International Stadium, Uppal, Hyderabad",powerplay,45,2,36,6.0,7.5
1473458,2025-04-07,Mumbai Indians,"Wankhede Stadium, Mumbai",death,52,5,30,5.0,10.4
1473458,2025-04-07,Mumbai Indians,"Wankhede Stadium, Mumbai",middle,103,2,54,9.0,11.44
1473458,2025-04-07,Mumbai Indians,"Wankhede Stadium, Mumbai",powerplay,54,2,36,6.0,9.0
1473458,2025-04-07,Royal Challengers Bengaluru,"Wankhede Stadium, Mumbai",death,70,1,30,5.0,14.0
1473458,2025-04-07,Royal Challengers Bengaluru,"Wankhede Stadium, Mumbai",middle,78,3,54,9.0,8.67
1473458,2025-04-07,Royal Challengers Bengaluru,"Wankhede Stadium, Mumbai",powerplay,73,1,36,6.0,12.17
1473456,2025-04-08,Kolkata Knight Riders,"Eden Gardens, Kolkata",death,61,2,30,5.0,12.2
1473456,2025-04-08,Kolkata Knight Riders,"Eden Gardens, Kolkata",middle,83,4,54,9.0,9.22
1473456,2025-04-08,Kolkata Knight Riders,"Eden Gardens, Kolkata",powerplay,90,1,36,6.0,15.0
1473456,2025-04-08,Lucknow Super Giants,"Eden Gardens, Kolkata",death,68,2,30,5.0,13.6
1473456,2025-04-08,Lucknow Super Giants,"Eden Gardens, Kolkata",middle,111,1,54,9.0,12.33
1473456,2025-04-08,Lucknow Super Giants,"Eden Gardens, Kolkata",powerplay,59,0,36,6.0,9.83
1473459,2025-04-08,Chennai Super Kings,"Maharaja Yadavindra Singh International Cricket Stadium, Mullanpur",death,56,3,30,5.0,11.2
1473459,2025-04-08,Chennai Super Kings,"Maharaja Yadavindra Singh International Cricket Stadium, Mullanpur",middle,86,2,54,9.0,9.56
1473459,2025-04-08,Chennai Super Kings,"Maharaja Yadavindra Singh International Cricket Stadium, Mullanpur",powerplay,59,0,36,6.0,9.83
1473459,2025-04-08,Punjab Kings,"Maharaja Yadavindra Singh International Cricket Stadium, Mullanpur",death,55,0,30,5.0,11.0
1473459,2025-04-08,Punjab Kings,"Maharaja Yadavindra Singh International Cricket Stadium, Mullanpur",middle,89,3,54,9.0,9.89
1473459,2025-04-08,Punjab Kings,"Maharaja Yadavindra Singh International Cricket Stadium, Mullanpur",powerplay,75,3,36,6.0,12.5
1473460,2025-04-09,Gujarat Titans,"Narendra Modi Stadium, Ahmedabad",death,72,4,30,5.0,14.4
1473460,2025-04-09,Gujarat Titans,"Narendra Modi Stadium, Ahmedabad",middle,89,1,54,9.0,9.89
1473460,2025-04-09,Gujarat Titans,"Narendra Modi Stadium, Ahmedabad",powerplay,56,1,36,6.0,9.33
1473460,2025-04-09,Rajasthan Royals,"Narendra Modi Stadium, Ahmedabad",death,20,4,26,4.33,4.62
1473460,2025-04-09,Rajasthan Royals,"Narendra Modi Stadium, Ahmedabad",middle,82,4,54,9.0,9.11
1473460,2025-04-09,Rajasthan Royals,"Narendra Modi Stadium, Ahmedabad",powerplay,57,2,36,6.0,9.5
1473461,2025-04-10,Delhi Capitals,"M Chinnaswamy Stadium, Bengaluru",death,48,0,17,2.83,16.96
1473461,2025-04-10,Delhi Capitals,"M Chinnaswamy Stadium, Bengaluru",middle,82,1,54,9.0,9.11
1473461,2025-04-10,Delhi Capitals,"M Chinnaswamy Stadium, Bengaluru",powerplay,39,3,36,6.0,6.5
1473461,2025-04-10,Royal Challengers Bengaluru,"M Chinnaswamy Stadium, Bengaluru",death,46,1,30,5.0,9.2
1473461,2025-04-10,Royal Challengers Bengaluru,"M Chinnaswamy Stadium, Bengaluru",middle,53,4,54,9.0,5.89
1473461,2025-04-10,Royal Challengers Bengaluru,"M Chinnaswamy Stadium, Bengaluru",powerplay,64,2,36,6.0,10.67
1473462,2025-04-11,Chennai Super Kings,"MA Chidambaram Stadium, Chepauk, Chennai",death,29,2,30,5.0,5.8
1473462,2025-04-11,Chennai Super Kings,"MA Chidambaram Stadium, Chepauk, Chennai",middle,43,5,54,9.0,4.78
1473462,2025-04-11,Chennai Super Kings,"MA Chidambaram Stadium, Chepauk, Chennai",powerplay,31,2,36,6.0,5.17
1473462,2025-04-11,Kolkata Knight Riders,"MA Chidambaram Stadium, Chepauk, Chennai",death,0,0,0,0.0,0.0
1473462,2025-04-11,Kolkata Knight Riders,"MA Chidambaram Stadium, Chepauk, Chennai",middle,36,1,25,4.17,8.63
1473462,2025-04-11,Kolkata Knight Riders,"MA Chidambaram Stadium, Chepauk, Chennai",powerplay,71,1,36,6.0,11.83
1473463,2025-04-12,Gujarat Titans,"Bharat Ratna Shri Atal Bihari Vajpayee Ekana Cricket Stadium, Lucknow",death,45,3,30,5.0,9.0
1473463,2025-04-12,Gujarat Titans,"Bharat Ratna Shri Atal Bihari Vajpayee Ekana Cricket Stadium, Lucknow",middle,81,3,54,9.0,9.0
1473463,2025-04-12,Gujarat Titans,"Bharat Ratna Shri Atal Bihari Vajpayee Ekana Cricket Stadium, Lucknow",powerplay,54,0,36,6.0,9.0
1473463,2025-04-12,Lucknow Super Giants,"Bharat Ratna Shri Atal Bihari Vajpayee Ekana Cricket Stadium, Lucknow",death,32,2,27,4.5,7.11
1473463,2025-04-12,Lucknow Super Giants,"Bharat Ratna Shri Atal Bihari Vajpayee Ekana Cricket Stadium, Lucknow",middle,93,2,54,9.0,10.33
1473463,2025-04-12,Lucknow Super Giants,"Bharat Ratna Shri Atal Bihari Vajpayee Ekana Cricket Stadium, Lucknow",powerplay,61,0,36,6.0,10.17
1473464,2025-04-12,Punjab Kings,"Rajiv Gandhi International Stadium, Uppal, Hyderabad",death,68,2,30,5.0,13.6
1473464,2025-04-12,Punjab Kings,"Rajiv Gandhi International Stadium, Uppal, Hyderabad",middle,88,3,54,9.0,9.78
1473464,2025-04-12,Punjab Kings,"Rajiv Gandhi International Stadium, Uppal, Hyderabad",powerplay,89,1,36,6.0,14.83
1473464,2025-04-12,Sunrisers Hyderabad,"Rajiv Gandhi International Stadium, Uppal, Hyderabad",death,42,1,21,3.5,12.0
1473464,2025-04-12,Sunrisers Hyderabad,"Rajiv Gandhi International Stadium, Uppal, Hyderabad",middle,122,1,54,9.0,13.56
1473464,2025-04-12,Sunrisers Hyderabad,"Rajiv Gandhi International Stadium, Uppal, Hyderabad",powerplay,83,0,36,6.0,13.83
1473465,2025-04-13,Rajasthan Royals,"Sawai Mansingh Stadium, Jaipur",death,59,2,30,5.0,11.8
1473465,2025-04-13,Rajasthan Royals,"Sawai Mansingh Stadium, Jaipur",middle,69,2,54,9.0,7.67
1473465,2025-04-13,Rajasthan Royals,"Sawai Mansingh Stadium, Jaipur",powerplay,45,0,36,6.0,7.5
1473465,2025-04-13,Royal Challengers Bengaluru,"Sawai Mansingh Stadium, Jaipur",death,29,0,15,2.5,11.6
1473465,2025-04-13,Royal Challengers Bengaluru,"Sawai Mansingh Stadium, Jaipur",middle,81,1,54,9.0,9.0
1473465,2025-04-13,Royal Challengers Bengaluru,"Sawai Mansingh Stadium, Jaipur",powerplay,65,0,36,6.0,10.83
1473466,2025-04-13,Delhi Capitals,"Arun Jaitley Stadium, Delhi",death,35,5,24,4.0,8.75
1473466,2025-04-13,Delhi Capitals,"Arun Jaitley Stadium, Delhi",middle,86,4,54,9.0,9.56
1473466,2025-04-13,Delhi Capitals,"Arun Jaitley Stadium, Delhi",powerplay,72,1,36,6.0,12.0
1473466,2025-04-13,Mumbai Indians,"Arun Jaitley Stadium, Delhi",death,59,1,30,5.0,11.8
1473466,2025-04-13,Mumbai Indians,"Arun Jaitley Stadium, Delhi",middle,87,3,54,9.0,9.67
1473466,2025-04-13,Mumbai Indians,"Arun Jaitley Stadium, Delhi",powerplay,59,1,36,6.0,9.83
1473467,2025-04-14,Chennai Super Kings,"Bharat Ratna Shri Atal Bihari Vajpayee Ekana Cricket Stadium, Lucknow",death,57,0,27,4.5,12.67
1473467,2025-04-14,Chennai Super Kings,"Bharat Ratna Shri Atal Bihari Vajpayee Ekana Cricket Stadium, Lucknow",middle,52,4,54,9.0,5.78
1473467,2025-04-14,Chennai Super Kings,"Bharat Ratna Shri Atal Bihari Vajpayee Ekana Cricket Stadium, Lucknow",powerplay,59,1,36,6.0,9.83
1473467,2025-04-14,Lucknow Super Giants,"Bharat Ratna Shri Atal Bihari Vajpayee Ekana Cricket Stadium, Lucknow",death,57,3,30,5.0,11.4
1473467,2025-04-14,Lucknow Super Giants,"Bharat Ratna Shri Atal Bihari Vajpayee Ekana Cricket Stadium, Lucknow",middle,67,2,54,9.0,7.44
1473467,2025-04-14,Lucknow Super Giants,"Bharat Ratna Shri Atal Bihari Vajpayee Ekana Cricket Stadium, Lucknow",powerplay,42,2,36,6.0,7.0
1473468,2025-04-15,Kolkata Knight Riders,"Maharaja Yadavindra Singh International Cricket Stadium, Mullanpur",death,0,1,1,0.17,0.0
1473468,2025-04-15,Kolkata Knight Riders,"Maharaja Yadavindra Singh International Cricket Stadium, Mullanpur",middle,40,7,54,9.0,4.44
1473468,2025-04-15,Kolkata Knight Riders,"Maharaja Yadavindra Singh International Cricket Stadium, Mullanpur",powerplay,55,2,36,6.0,9.17
1473468,2025-04-15,Punjab Kings,"Maharaja Yadavindra Singh International Cricket Stadium, Mullanpur",death,2,2,3,0.5,4.0
1473468,2025-04-15,Punjab Kings,"Maharaja Yadavindra Singh International Cricket Stadium, Mullanpur",middle,55,4,54,9.0,6.11
1473468,2025-04-15,Punjab Kings,"Maharaja Yadavindra Singh International Cricket Stadium, Mullanpur",powerplay,54,4,36,6.0,9.0
1473469,2025-04-16,Delhi Capitals,"Arun Jaitley Stadium, Delhi",death,77,1,30,5.0,15.4
1473469,2025-04-16,Delhi Capitals,"Arun Jaitley Stadium, Delhi",death,0,0,0,0.0,0.0
1473469,2025-04-16,Delhi Capitals,"Arun Jaitley Stadium, Delhi",middle,65,2,54,9.0,7.22
1473469,2025-04-16,Delhi Capitals,"Arun Jaitley Stadium, Delhi",middle,0,0,0,0.0,0.0
1473469,2025-04-16,Delhi Capitals,"Arun Jaitley Stadium, Delhi",powerplay,46,2,36,6.0,7.67
1473469,2025-04-16,Delhi Capitals,"Arun Jaitley Stadium, Delhi",powerplay,13,0,4,0.67,19.4
1473469,2025-04-16,Rajasthan Royals,"Arun Jaitley Stadium, Delhi",death,56,2,30,5.0,11.2
1473469,2025-04-16,Rajasthan Royals,"Arun Jaitley Stadium, Delhi",death,0,0,0,0.0,0.0
1473469,2025-04-16,Rajasthan Royals,"Arun Jaitley Stadium, Delhi",middle,69,2,54,9.0,7.67
1473469,2025-04-16,Rajasthan Royals,"Arun Jaitley Stadium, Delhi",middle,0,0,0,0.0,0.0
1473469,2025-04-16,Rajasthan Royals,"Arun Jaitley Stadium, Delhi",powerplay,63,1,36,6.0,10.5
1473469,2025-04-16,Rajasthan Royals,"Arun Jaitley Stadium, Delhi",powerplay,11,2,5,0.83,13.25
1473470,2025-04-17,Mumbai Indians,"Wankhede Stadium, Mumbai",death,29,2,19,3.17,9.15
1473470,2025-04-17,Mumbai Indians,"Wankhede Stadium, Mumbai",middle,82,3,54,9.0,9.11
1473470,2025-04-17,Mumbai Indians,"Wankhede Stadium, Mumbai",powerplay,55,1,36,6.0,9.17
1473470,2025-04-17,Sunrisers Hyderabad,"Wankhede Stadium, Mumbai",death,57,2,30,5.0,11.4
1473470,2025-04-17,Sunrisers Hyderabad,"Wankhede Stadium, Mumbai",middle,59,3,54,9.0,6.56
1473470,2025-04-17,Sunrisers Hyderabad,"Wankhede Stadium, Mumbai",powerplay,46,0,36,6.0,7.67
1473471,2025-04-18,Punjab Kings,"M Chinnaswamy Stadium, Bengaluru",death,0,0,0,0.0,0.0
1473471,2025-04-18,Punjab Kings,"M Chinnaswamy Stadium, Bengaluru",middle,52,3,37,6.17,8.43
1473471,2025-04-18,Punjab Kings,"M Chinnaswamy Stadium, Bengaluru",powerplay,46,2,36,6.0,7.67
1473471,2025-04-18,Royal Challengers Bengaluru,"M Chinnaswamy Stadium, Bengaluru",death,0,0,0,0.0,0.0
1473471,2025-04-18,Royal Challengers Bengaluru,"M Chinnaswamy Stadium, Bengaluru",middle,62,5,48,8.0,7.75
1473471,2025-04-18,Royal Challengers Bengaluru,"M Chinnaswamy Stadium, Bengaluru",powerplay,33,4,36,6.0,5.5
1473472,2025-04-19,Delhi Capitals,"Narendra Modi Stadium, Ahmedabad",death,53,4,30,5.0,10.6
1473472,2025-04-19,Delhi Capitals,"Narendra Modi Stadium, Ahmedabad",middle,77,2,54,9.0,8.56
1473472,2025-04-19,Delhi Capitals,"Narendra Modi Stadium, Ahmedabad",powerplay,73,2,36,6.0,12.17
1473472,2025-04-19,Gujarat Titans,"Narendra Modi Stadium, Ahmedabad",death,46,1,26,4.33,10.62
1473472,2025-04-19,Gujarat Titans,"Narendra Modi Stadium, Ahmedabad",middle,91,1,54,9.0,10.11
1473472,2025-04-19,Gujarat Titans,"Narendra Modi Stadium, Ahmedabad",powerplay,67,1,36,6.0,11.17
1473473,2025-04-19,Lucknow Super Giants,"Sawai Mansingh Stadium, Jaipur",death,59,2,30,5.0,11.8
1473473,2025-04-19,Lucknow Super Giants,"Sawai Mansingh Stadium, Jaipur",middle,75,1,54,9.0,8.33
1473473,2025-04-19,Lucknow Super Giants,"Sawai Mansingh Stadium, Jaipur",powerplay,46,2,36,6.0,7.67
1473473,2025-04-19,Rajasthan Royals,"Sawai Mansingh Stadium, Jaipur",death,43,3,30,5.0,8.6
1473473,2025-04-19,Rajasthan Royals,"Sawai Mansingh Stadium, Jaipur",middle,74,2,54,9.0,8.22
1473473,2025-04-19,Rajasthan Royals,"Sawai Mansingh Stadium, Jaipur",powerplay,61,0,36,6.0,10.17
1473474,2025-04-20,Punjab Kings,"Maharaja Yadavindra Singh International Cricket Stadium, Mullanpur",death,38,0,30,5.0,7.6
1473474,2025-04-20,Punjab Kings,"Maharaja Yadavindra Singh International Cricket Stadium, Mullanpur",middle,57,5,54,9.0,6.33
1473474,2025-04-20,Punjab Kings,"Maharaja Yadavindra Singh International Cricket Stadium, Mullanpur",powerplay,62,1,36,6.0,10.33
1473474,2025-04-20,Royal Challengers Bengaluru,"Maharaja Yadavindra Singh International Cricket Stadium, Mullanpur",death,37,1,23,3.83,9.66
1473474,2025-04-20,Royal Challengers Bengaluru,"Maharaja Yadavindra Singh International Cricket Stadium, Mullanpur",middle,68,1,54,9.0,7.56
1473474,2025-04-20,Royal Challengers Bengaluru,"Maharaja Yadavindra Singh International Cricket Stadium, Mullanpur",powerplay,54,1,36,6.0,9.0
1473475,2025-04-20,Chennai Super Kings,"Wankhede Stadium, Mumbai",death,58,2,30,5.0,11.6
1473475,2025-04-20,Chennai Super Kings,"Wankhede Stadium, Mumbai",middle,70,2,54,9.0,7.78
1473475,2025-04-20,Chennai Super Kings,"Wankhede Stadium, Mumbai",powerplay,48,1,36,6.0,8.0
1473475,2025-04-20,Mumbai Indians,"Wankhede Stadium, Mumbai",death,20,0,4,0.67,29.85
1473475,2025-04-20,Mumbai Indians,"Wankhede Stadium, Mumbai",middle,95,1,54,9.0,10.56
1473475,2025-04-20,Mumbai Indians,"Wankhede Stadium, Mumbai",powerplay,62,0,36,6.0,10.33
1473476,2025-04-21,Gujarat Titans,"Eden Gardens, Kolkata",death,59,2,30,5.0,11.8
1473476,2025-04-21,Gujarat Titans,"Eden Gardens, Kolkata",middle,94,1,54,9.0,10.44
1473476,2025-04-21,Gujarat Titans,"Eden Gardens, Kolkata",powerplay,45,0,36,6.0,7.5
1473476,2025-04-21,Kolkata Knight Riders,"Eden Gardens, Kolkata",death,45,4,30,5.0,9.0
1473476,2025-04-21,Kolkata Knight Riders,"Eden Gardens, Kolkata",middle,69,2,54,9.0,7.67
1473476,2025-04-21,Kolkata Knight Riders,"Eden Gardens, Kolkata",powerplay,45,2,36,6.0,7.5
1473477,2025-04-22,Delhi Capitals,"Bharat Ratna Shri Atal Bihari Vajpayee Ekana Cricket Stadium, Lucknow",death,34,0,17,2.83,12.01
1473477,2025-04-22,Delhi Capitals,"Bharat Ratna Shri Atal Bihari Vajpayee Ekana Cricket Stadium, Lucknow",middle,73,1,54,9.0,8.11
1473477,2025-04-22,Delhi Capitals,"Bharat Ratna Shri Atal Bihari Vajpayee Ekana Cricket Stadium, Lucknow",powerplay,54,1,36,6.0,9.0
1473477,2025-04-22,Lucknow Super Giants,"Bharat Ratna Shri Atal Bihari Vajpayee Ekana Cricket Stadium, Lucknow",death,41,2,30,5.0,8.2
1473477,2025-04-22,Lucknow Super Giants,"Bharat Ratna Shri Atal Bihari Vajpayee Ekana Cricket Stadium, Lucknow",middle,67,4,54,9.0,7.44
1473477,2025-04-22,Lucknow Super Giants,"Bharat Ratna Shri Atal Bihari Vajpayee Ekana Cricket Stadium, Lucknow",powerplay,51,0,36,6.0,8.5
1473478,2025-04-23,Mumbai Indians,"Rajiv Gandhi International Stadium, Uppal, Hyderabad",death,9,0,4,0.67,13.43
1473478,2025-04-23,Mumbai Indians,"Rajiv Gandhi International Stadium, Uppal, Hyderabad",middle,81,2,54,9.0,9.0
1473478,2025-04-23,Mumbai Indians,"Rajiv Gandhi International Stadium, Uppal, Hyderabad",powerplay,56,1,36,6.0,9.33
1473478,2025-04-23,Sunrisers Hyderabad,"Rajiv Gandhi International Stadium, Uppal, Hyderabad",death,53,3,30,5.0,10.6
1473478,2025-04-23,Sunrisers Hyderabad,"Rajiv Gandhi International Stadium, Uppal, Hyderabad",middle,66,1,54,9.0,7.33
1473478,2025-04-23,Sunrisers Hyderabad,"Rajiv Gandhi International Stadium, Uppal, Hyderabad",powerplay,24,4,36,6.0,4.0
1473479,2025-04-24,Rajasthan Royals,"M Chinnaswamy Stadium, Bengaluru",death,46,5,30,5.0,9.2
1473479,2025-04-24,Rajasthan Royals,"M Chinnaswamy Stadium, Bengaluru",middle,76,2,54,9.0,8.44
1473479,2025-04-24,Rajasthan Royals,"M Chinnaswamy Stadium, Bengaluru",powerplay,72,2,36,6.0,12.0
1473479,2025-04-24,Royal Challengers Bengaluru,"M Chinnaswamy Stadium, Bengaluru",death,49,4,30,5.0,9.8
1473479,2025-04-24,Royal Challengers Bengaluru,"M Chinnaswamy Stadium, Bengaluru",middle,97,1,54,9.0,10.78
1473479,2025-04-24,Royal Challengers Bengaluru,"M Chinnaswamy Stadium, Bengaluru",powerplay,59,0,36,6.0,9.83
1473480,2025-04-25,Chennai Super Kings,"MA Chidambaram Stadium, Chepauk, Chennai",death,27,4,29,4.83,5.59
1473480,2025-04-25,Chennai Super Kings,"MA Chidambaram Stadium, Chepauk, Chennai",middle,77,3,54,9.0,8.56
1473480,2025-04-25,Chennai Super Kings,"MA Chidambaram Stadium, Chepauk, Chennai",powerplay,50,3,36,6.0,8.33
1473480,2025-04-25,Sunrisers Hyderabad,"MA Chidambaram Stadium, Chepauk, Chennai",death,41,0,22,3.67,11.17
1473480,2025-04-25,Sunrisers Hyderabad,"MA Chidambaram Stadium, Chepauk, Chennai",middle,77,3,54,9.0,8.56
1473480,2025-04-25,Sunrisers Hyderabad,"MA Chidambaram Stadium, Chepauk, Chennai",powerplay,37,2,36,6.0,6.17
1473481,2025-04-26,Kolkata Knight Riders,"Eden Gardens, Kolkata",death,0,0,0,0.0,0.0
1473481,2025-04-26,Kolkata Knight Riders,"Eden Gardens, Kolkata",middle,0,0,0,0.0,0.0
1473481,2025-04-26,Kolkata Knight Riders,"Eden Gardens, Kolkata",powerplay,7,0,6,1.0,7.0
1473481,2025-04-26,Punjab Kings,"Eden Gardens, Kolkata",death,40,2,30,5.0,8.0
1473481,2025-04-26,Punjab Kings,"Eden Gardens, Kolkata",middle,105,2,54,9.0,11.67
1473481,2025-04-26,Punjab Kings,"Eden Gardens, Kolkata",powerplay,56,0,36,6.0,9.33
1473482,2025-04-27,Lucknow Super Giants,"Wankhede Stadium, Mumbai",death,21,5,30,5.0,4.2
1473482,2025-04-27,Lucknow Super Giants,"Wankhede Stadium, Mumbai",middle,80,4,54,9.0,8.89
1473482,2025-04-27,Lucknow Super Giants,"Wankhede Stadium, Mumbai",powerplay,60,1,36,6.0,10.0
1473482,2025-04-27,Mumbai Indians,"Wankhede Stadium, Mumbai",death,58,3,30,5.0,11.6
1473482,2025-04-27,Mumbai Indians,"Wankhede Stadium, Mumbai",middle,91,3,54,9.0,10.11
1473482,2025-04-27,Mumbai Indians,"Wankhede Stadium, Mumbai",powerplay,66,1,36,6.0,11.0
1473483,2025-04-27,Delhi Capitals,"Arun Jaitley Stadium, Delhi",death,54,4,30,5.0,10.8
1473483,2025-04-27,Delhi Capitals,"Arun Jaitley Stadium, Delhi",middle,56,2,54,9.0,6.22
1473483,2025-04-27,Delhi Capitals,"Arun Jaitley Stadium, Delhi",powerplay,52,2,36,6.0,8.67
1473483,2025-04-27,Royal Challengers Bengaluru,"Arun Jaitley Stadium, Delhi",death,51,1,21,3.5,14.57
1473483,2025-04-27,Royal Challengers Bengaluru,"Arun Jaitley Stadium, Delhi",middle,79,0,54,9.0,8.78
1473483,2025-04-27,Royal Challengers Bengaluru,"Arun Jaitley Stadium, Delhi",powerplay,35,3,36,6.0,5.83
1473484,2025-04-28,Gujarat Titans,"Sawai Mansingh Stadium, Jaipur",death,60,3,30,5.0,12.0
1473484,2025-04-28,Gujarat Titans,"Sawai Mansingh Stadium, Jaipur",middle,96,1,54,9.0,10.67
1473484,2025-04-28,Gujarat Titans,"Sawai Mansingh Stadium, Jaipur",powerplay,53,0,36,6.0,8.83
1473484,2025-04-28,Rajasthan Royals,"Sawai Mansingh Stadium, Jaipur",death,13,0,5,0.83,15.66
1473484,2025-04-28,Rajasthan Royals,"Sawai Mansingh Stadium, Jaipur",middle,112,2,54,9.0,12.44
1473484,2025-04-28,Rajasthan Royals,"Sawai Mansingh Stadium, Jaipur",powerplay,87,0,36,6.0,14.5
1473485,2025-04-29,Delhi Capitals,"Arun Jaitley Stadium, Delhi",death,44,4,30,5.0,8.8
1473485,2025-04-29,Delhi Capitals,"Arun Jaitley Stadium, Delhi",middle,88,3,54,9.0,9.78
1473485,2025-04-29,Delhi Capitals,"Arun Jaitley Stadium, Delhi",powerplay,58,2,36,6.0,9.67
1473485,2025-04-29,Kolkata Knight Riders,"Arun Jaitley Stadium, Delhi",death,45,5,30,5.0,9.0
1473485,2025-04-29,Kolkata Knight Riders,"Arun Jaitley Stadium, Delhi",middle,80,3,54,9.0,8.89
1473485,2025-04-29,Kolkata Knight Riders,"Arun Jaitley Stadium, Delhi",powerplay,79,1,36,6.0,13.17
1473486,2025-04-30,Chennai Super Kings,"MA Chidambaram Stadium, Chepauk, Chennai",death,56,6,26,4.33,12.93
1473486,2025-04-30,Chennai Super Kings,"MA Chidambaram Stadium, Chepauk, Chennai",middle,86,1,54,9.0,9.56
1473486,2025-04-30,Chennai Super Kings,"MA Chidambaram Stadium, Chepauk, Chennai",powerplay,48,3,36,6.0,8.0
1473486,2025-04-30,Punjab Kings,"MA Chidambaram Stadium, Chepauk, Chennai",death,55,3,28,4.67,11.78
1473486,2025-04-30,Punjab Kings,"MA Chidambaram Stadium, Chepauk, Chennai",middle,88,2,54,9.0,9.78
1473486,2025-04-30,Punjab Kings,"MA Chidambaram Stadium, Chepauk, Chennai",powerplay,51,1,36,6.0,8.5
1473487,2025-05-01,Mumbai Indians,"Sawai Mansingh Stadium, Jaipur",death,71,0,30,5.0,14.2
1473487,2025-05-01,Mumbai Indians,"Sawai Mansingh Stadium, Jaipur",middle,88,2,54,9.0,9.78
1473487,2025-05-01,Mumbai Indians,"Sawai Mansingh Stadium, Jaipur",powerplay,58,0,36,6.0,9.67
1473487,2025-05-01,Rajasthan Royals,"Sawai Mansingh Stadium, Jaipur",death,4,1,7,1.17,3.42
1473487,2025-05-01,Rajasthan Royals,"Sawai Mansingh Stadium, Jaipur",middle,51,4,54,9.0,5.67
1473487,2025-05-01,Rajasthan Royals,"Sawai Mansingh Stadium, Jaipur",powerplay,62,5,36,6.0,10.33
1473488,2025-05-02,Gujarat Titans,"Narendra Modi Stadium, Ahmedabad",death,62,4,30,5.0,12.4
1473488,2025-05-02,Gujarat Titans,"Narendra Modi Stadium, Ahmedabad",middle,80,2,54,9.0,8.89
1473488,2025-05-02,Gujarat Titans,"Narendra Modi Stadium, Ahmedabad",powerplay,82,0,36,6.0,13.67
1473488,2025-05-02,Sunrisers Hyderabad,"Narendra Modi Stadium, Ahmedabad",death,47,3,30,5.0,9.4
1473488,2025-05-02,Sunrisers Hyderabad,"Narendra Modi Stadium, Ahmedabad",middle,82,2,54,9.0,9.11
1473488,2025-05-02,Sunrisers Hyderabad,"Narendra Modi Stadium, Ahmedabad",powerplay,57,1,36,6.0,9.5
1473489,2025-05-03,Chennai Super Kings,"M Chinnaswamy Stadium, Bengaluru",death,51,3,30,5.0,10.2
1473489,2025-05-03,Chennai Super Kings,"M Chinnaswamy Stadium, Bengaluru",middle,102,0,54,9.0,11.33
1473489,2025-05-03,Chennai Super Kings,"M Chinnaswamy Stadium, Bengaluru",powerplay,58,2,36,6.0,9.67
1473489,2025-05-03,Royal Challengers Bengaluru,"M Chinnaswamy Stadium, Bengaluru",death,69,3,30,5.0,13.8
1473489,2025-05-03,Royal Challengers Bengaluru,"M Chinnaswamy Stadium, Bengaluru",middle,73,2,54,9.0,8.11
1473489,2025-05-03,Royal Challengers Bengaluru,"M Chinnaswamy Stadium, Bengaluru",powerplay,71,0,36,6.0,11.83
1473490,2025-05-04,Kolkata Knight Riders,"Eden Gardens, Kolkata",death,85,1,30,5.0,17.0
1473490,2025-05-04,Kolkata Knight Riders,"Eden Gardens, Kolkata",middle,65,2,54,9.0,7.22
1473490,2025-05-04,Kolkata Knight Riders,"Eden Gardens, Kolkata",powerplay,56,1,36,6.0,9.33
1473490,2025-05-04,Rajasthan Royals,"Eden Gardens, Kolkata",death,50,3,30,5.0,10.0
1473490,2025-05-04,Rajasthan Royals,"Eden Gardens, Kolkata",middle,96,3,54,9.0,10.67
1473490,2025-05-04,Rajasthan Royals,"Eden Gardens, Kolkata",powerplay,59,2,36,6.0,9.83
1473491,2025-05-04,Lucknow Super Giants,"Himachal Pradesh Cricket Association Stadium, Dharamsala",death,56,2,30,5.0,11.2
1473491,2025-05-04,Lucknow Super Giants,"Himachal Pradesh Cricket Association Stadium, Dharamsala",middle,105,2,54,9.0,11.67
1473491,2025-05-04,Lucknow Super Giants,"Himachal Pradesh Cricket Association Stadium, Dharamsala",powerplay,38,3,36,6.0,6.33
1473491,2025-05-04,Punjab Kings,"Himachal Pradesh Cricket Association Stadium, Dharamsala",death,75,2,30,5.0,15.0
1473491,2025-05-04,Punjab Kings,"Himachal Pradesh Cricket Association Stadium, Dharamsala",middle,95,1,54,9.0,10.56
1473491,2025-05-04,Punjab Kings,"Himachal Pradesh Cricket Association Stadium, Dharamsala",powerplay,66,2,36,6.0,11.0
1473493,2025-05-06,Gujarat Titans,"Wankhede Stadium, Mumbai",death,34,4,24,4.0,8.5
1473493,2025-05-06,Gujarat Titans,"Wankhede Stadium, Mumbai",middle,84,2,54,9.0,9.33
1473493,2025-05-06,Gujarat Titans,"Wankhede Stadium, Mumbai",powerplay,29,1,36,6.0,4.83
1473493,2025-05-06,Mumbai Indians,"Wankhede Stadium, Mumbai",death,39,2,30,5.0,7.8
1473493,2025-05-06,Mumbai Indians,"Wankhede Stadium, Mumbai",middle,60,4,54,9.0,6.67
1473493,2025-05-06,Mumbai Indians,"Wankhede Stadium, Mumbai",powerplay,56,2,36,6.0,9.33
1473494,2025-05-07,Chennai Super Kings,"Eden Gardens, Kolkata",death,43,2,28,4.67,9.21
1473494,2025-05-07,Chennai Super Kings,"Eden Gardens, Kolkata",middle,78,1,54,9.0,8.67
1473494,2025-05-07,Chennai Super Kings,"Eden Gardens, Kolkata",powerplay,62,5,36,6.0,10.33
1473494,2025-05-07,Kolkata Knight Riders,"Eden Gardens, Kolkata",death,55,2,30,5.0,11.0
1473494,2025-05-07,Kolkata Knight Riders,"Eden Gardens, Kolkata",middle,57,3,54,9.0,6.33
1473494,2025-05-07,Kolkata Knight Riders,"Eden Gardens, Kolkata",powerplay,67,1,36,6.0,11.17
1473497,2025-05-18,Punjab Kings,"Sawai Mansingh Stadium, Jaipur",death,72,1,30,5.0,14.4
1473497,2025-05-18,Punjab Kings,"Sawai Mansingh Stadium, Jaipur",middle,89,1,54,9.0,9.89
1473497,2025-05-18,Punjab Kings,"Sawai Mansingh Stadium, Jaipur",powerplay,58,3,36,6.0,9.67
1473497,2025-05-18,Rajasthan Royals,"Sawai Mansingh Stadium, Jaipur",death,55,3,30,5.0,11.0
1473497,2025-05-18,Rajasthan Royals,"Sawai Mansingh Stadium, Jaipur",middle,65,3,54,9.0,7.22
1473497,2025-05-18,Rajasthan Royals,"Sawai Mansingh Stadium, Jaipur",powerplay,89,1,36,6.0,14.83
1473498,2025-05-18,Delhi Capitals,"Arun Jaitley Stadium, Delhi",death,63,1,30,5.0,12.6
1473498,2025-05-18,Delhi Capitals,"Arun Jaitley Stadium, Delhi",middle,91,1,54,9.0,10.11
1473498,2025-05-18,Delhi Capitals,"Arun Jaitley Stadium, Delhi",powerplay,45,1,36,6.0,7.5
1473498,2025-05-18,Gujarat Titans,"Arun Jaitley Stadium, Delhi",death,51,0,24,4.0,12.75
1473498,2025-05-18,Gujarat Titans,"Arun Jaitley Stadium, Delhi",middle,95,0,54,9.0,10.56
1473498,2025-05-18,Gujarat Titans,"Arun Jaitley Stadium, Delhi",powerplay,59,0,36,6.0,9.83
1473499,2025-05-19,Lucknow Super Giants,"Bharat Ratna Shri Atal Bihari Vajpayee Ekana Cricket Stadium, Lucknow",death,59,5,30,5.0,11.8
1473499,2025-05-19,Lucknow Super Giants,"Bharat Ratna Shri Atal Bihari Vajpayee Ekana Cricket Stadium, Lucknow",middle,77,2,54,9.0,8.56
1473499,2025-05-19,Lucknow Super Giants,"Bharat Ratna Shri Atal Bihari Vajpayee Ekana Cricket Stadium, Lucknow",powerplay,69,0,36,6.0,11.5
1473499,2025-05-19,Sunrisers Hyderabad,"Bharat Ratna Shri Atal Bihari Vajpayee Ekana Cricket Stadium, Lucknow",death,35,2,20,3.33,10.51
1473499,2025-05-19,Sunrisers Hyderabad,"Bharat Ratna Shri Atal Bihari Vajpayee Ekana Cricket Stadium, Lucknow",middle,99,2,54,9.0,11.0
1473499,2025-05-19,Sunrisers Hyderabad,"Bharat Ratna Shri Atal Bihari Vajpayee Ekana Cricket Stadium, Lucknow",powerplay,72,1,36,6.0,12.0
1473500,2025-05-20,Chennai Super Kings,"Arun Jaitley Stadium, Delhi",death,41,2,30,5.0,8.2
1473500,2025-05-20,Chennai Super Kings,"Arun Jaitley Stadium, Delhi",middle,78,3,54,9.0,8.67
1473500,2025-05-20,Chennai Super Kings,"Arun Jaitley Stadium, Delhi",powerplay,68,3,36,6.0,11.33
1473500,2025-05-20,Rajasthan Royals,"Arun Jaitley Stadium, Delhi",death,38,1,13,2.17,17.51
1473500,2025-05-20,Rajasthan Royals,"Arun Jaitley Stadium, Delhi",middle,94,2,54,9.0,10.44
1473500,2025-05-20,Rajasthan Royals,"Arun Jaitley Stadium, Delhi",powerplay,56,1,36,6.0,9.33
1473501,2025-05-21,Delhi Capitals,"Wankhede Stadium, Mumbai",death,16,3,20,3.33,4.8
1473501,2025-05-21,Delhi Capitals,"Wankhede Stadium, Mumbai",middle,56,4,54,9.0,6.22
1473501,2025-05-21,Delhi Capitals,"Wankhede Stadium, Mumbai",powerplay,49,3,36,6.0,8.17
1473501,2025-05-21,Mumbai Indians,"Wankhede Stadium, Mumbai",death,66,1,30,5.0,13.2
1473501,2025-05-21,Mumbai Indians,"Wankhede Stadium, Mumbai",middle,60,2,54,9.0,6.67
1473501,2025-05-21,Mumbai Indians,"Wankhede Stadium, Mumbai",powerplay,54,2,36,6.0,9.0
1473502,2025-05-22,Gujarat Titans,"Narendra Modi Stadium, Ahmedabad",death,37,6,30,5.0,7.4
1473502,2025-05-22,Gujarat Titans,"Narendra Modi Stadium, Ahmedabad",middle,98,2,54,9.0,10.89
1473502,2025-05-22,Gujarat Titans,"Narendra Modi Stadium, Ahmedabad",powerplay,67,1,36,6.0,11.17
1473502,2025-05-22,Lucknow Super Giants,"Narendra Modi Stadium, Ahmedabad",death,75,1,30,5.0,15.0
1473502,2025-05-22,Lucknow Super Giants,"Narendra Modi Stadium, Ahmedabad",middle,107,1,54,9.0,11.89
1473502,2025-05-22,Lucknow Super Giants,"Narendra Modi Stadium, Ahmedabad",powerplay,53,0,36,6.0,8.83
1473503,2025-05-23,Royal Challengers Bengaluru,"Bharat Ratna Shri Atal Bihari Vajpayee Ekana Cricket Stadium, Lucknow",death,22,7,29,4.83,4.55
1473503,2025-05-23,Royal Challengers Bengaluru,"Bharat Ratna Shri Atal Bihari Vajpayee Ekana Cricket Stadium, Lucknow",middle,95,3,54,9.0,10.56
1473503,2025-05-23,Royal Challengers Bengaluru,"Bharat Ratna Shri Atal Bihari Vajpayee Ekana Cricket Stadium, Lucknow",powerplay,72,0,36,6.0,12.0
1473503,2025-05-23,Sunrisers Hyderabad,"Bharat Ratna Shri Atal Bihari Vajpayee Ekana Cricket Stadium, Lucknow",death,63,1,30,5.0,12.6
1473503,2025-05-23,Sunrisers Hyderabad,"Bharat Ratna Shri Atal Bihari Vajpayee Ekana Cricket Stadium, Lucknow",middle,97,3,54,9.0,10.78
1473503,2025-05-23,Sunrisers Hyderabad,"Bharat Ratna Shri Atal Bihari Vajpayee Ekana Cricket Stadium, Lucknow",powerplay,71,2,36,6.0,11.83
1485779,2025-05-24,Delhi Capitals,"Sawai Mansingh Stadium, Jaipur",death,53,0,27,4.5,11.78
1485779,2025-05-24,Delhi Capitals,"Sawai Mansingh Stadium, Jaipur",middle,94,3,54,9.0,10.44
1485779,2025-05-24,Delhi Capitals,"Sawai Mansingh Stadium, Jaipur",powerplay,61,1,36,6.0,10.17
1485779,2025-05-24,Punjab Kings,"Sawai Mansingh Stadium, Jaipur",death,64,4,30,5.0,12.8
1485779,2025-05-24,Punjab Kings,"Sawai Mansingh Stadium, Jaipur",middle,82,2,54,9.0,9.11
1485779,2025-05-24,Punjab Kings,"Sawai Mansingh Stadium, Jaipur",powerplay,60,2,36,6.0,10.0
1473504,2025-05-25,Chennai Super Kings,"Narendra Modi Stadium, Ahmedabad",death,67,1,30,5.0,13.4
1473504,2025-05-25,Chennai Super Kings,"Narendra Modi Stadium, Ahmedabad",middle,95,3,54,9.0,10.56
1473504,2025-05-25,Chennai Super Kings,"Narendra Modi Stadium, Ahmedabad",powerplay,68,1,36,6.0,11.33
1473504,2025-05-25,Gujarat Titans,"Narendra Modi Stadium, Ahmedabad",death,22,3,21,3.5,6.29
1473504,2025-05-25,Gujarat Titans,"Narendra Modi Stadium, Ahmedabad",middle,90,4,54,9.0,10.0
1473504,2025-05-25,Gujarat Titans,"Narendra Modi Stadium, Ahmedabad",powerplay,35,3,36,6.0,5.83
1473505,2025-05-25,Kolkata Knight Riders,"Arun Jaitley Stadium, Delhi",death,38,3,22,3.67,10.35
1473505,2025-05-25,Kolkata Knight Riders,"Arun Jaitley Stadium, Delhi",middle,71,5,54,9.0,7.89
1473505,2025-05-25,Kolkata Knight Riders,"Arun Jaitley Stadium, Delhi",powerplay,59,2,36,6.0,9.83
1473505,2025-05-25,Sunrisers Hyderabad,"Arun Jaitley Stadium, Delhi",death,74,1,30,5.0,14.8
1473505,2025-05-25,Sunrisers Hyderabad,"Arun Jaitley Stadium, Delhi",middle,125,2,54,9.0,13.89
1473505,2025-05-25,Sunrisers Hyderabad,"Arun Jaitley Stadium, Delhi",powerplay,79,0,36,6.0,13.17
1473506,2025-05-26,Mumbai Indians,"Sawai Mansingh Stadium, Jaipur",death,53,3,30,5.0,10.6
1473506,2025-05-26,Mumbai Indians,"Sawai Mansingh Stadium, Jaipur",middle,79,3,54,9.0,8.78
1473506,2025-05-26,Mumbai Indians,"Sawai Mansingh Stadium, Jaipur",powerplay,52,1,36,6.0,8.67
1473506,2025-05-26,Punjab Kings,"Sawai Mansingh Stadium, Jaipur",death,41,1,21,3.5,11.71
1473506,2025-05-26,Punjab Kings,"Sawai Mansingh Stadium, Jaipur",middle,99,1,54,9.0,11.0
1473506,2025-05-26,Punjab Kings,"Sawai Mansingh Stadium, Jaipur",powerplay,47,1,36,6.0,7.83
1473507,2025-05-27,Lucknow Super Giants,"Bharat Ratna Shri Atal Bihari Vajpayee Ekana Cricket Stadium, Lucknow",death,63,2,30,5.0,12.6
1473507,2025-05-27,Lucknow Super Giants,"Bharat Ratna Shri Atal Bihari Vajpayee Ekana Cricket Stadium, Lucknow",middle,109,0,54,9.0,12.11
1473507,2025-05-27,Lucknow Super Giants,"Bharat Ratna Shri Atal Bihari Vajpayee Ekana Cricket Stadium, Lucknow",powerplay,55,1,36,6.0,9.17
1473507,2025-05-27,Royal Challengers Bengaluru,"Bharat Ratna Shri Atal Bihari Vajpayee Ekana Cricket Stadium, Lucknow",death,53,0,22,3.67,14.44
1473507,2025-05-27,Royal Challengers Bengaluru,"Bharat Ratna Shri Atal Bihari Vajpayee Ekana Cricket Stadium, Lucknow",middle,111,3,54,9.0,12.33
1473507,2025-05-27,Royal Challengers Bengaluru,"Bharat Ratna Shri Atal Bihari Vajpayee Ekana Cricket Stadium, Lucknow",powerplay,66,1,36,6.0,11.0
1473508,2025-05-29,Punjab Kings,"Maharaja Yadavindra Singh International Cricket Stadium, Mullanpur",death,0,0,0,0.0,0.0
1473508,2025-05-29,Punjab Kings,"Maharaja Yadavindra Singh International Cricket Stadium, Mullanpur",middle,53,6,49,8.17,6.49
1473508,2025-05-29,Punjab Kings,"Maharaja Yadavindra Singh International Cricket Stadium, Mullanpur",powerplay,48,4,36,6.0,8.0
1473508,2025-05-29,Royal Challengers Bengaluru,"Maharaja Yadavindra Singh International Cricket Stadium, Mullanpur",death,0,0,0,0.0,0.0
1473508,2025-05-29,Royal Challengers Bengaluru,"Maharaja Yadavindra Singh International Cricket Stadium, Mullanpur",middle,45,1,24,4.0,11.25
1473508,2025-05-29,Royal Challengers Bengaluru,"Maharaja Yadavindra Singh International Cricket Stadium, Mullanpur",powerplay,61,1,36,6.0,10.17
1473509,2025-05-30,Gujarat Titans,"Maharaja Yadavindra Singh International Cricket Stadium, New Chandigarh",death,47,3,30,5.0,9.4
1473509,2025-05-30,Gujarat Titans,"Maharaja Yadavindra Singh International Cricket Stadium, New Chandigarh",middle,95,2,54,9.0,10.56
1473509,2025-05-30,Gujarat Titans,"Maharaja Yadavindra Singh International Cricket Stadium, New Chandigarh",powerplay,66,1,36,6.0,11.0
1473509,2025-05-30,Mumbai Indians,"Maharaja Yadavindra Singh International Cricket Stadium, New Chandigarh",death,68,3,30,5.0,13.6
1473509,2025-05-30,Mumbai Indians,"Maharaja Yadavindra Singh International Cricket Stadium, New Chandigarh",middle,81,2,54,9.0,9.0
1473509,2025-05-30,Mumbai Indians,"Maharaja Yadavindra Singh International Cricket Stadium, New Chandigarh",powerplay,79,0,36,6.0,13.17
1473510,2025-06-01,Mumbai Indians,"Narendra Modi Stadium, Ahmedabad",death,57,2,30,5.0,11.4
1473510,2025-06-01,Mumbai Indians,"Narendra Modi Stadium, Ahmedabad",middle,81,3,54,9.0,9.0
1473510,2025-06-01,Mumbai Indians,"Narendra Modi Stadium, Ahmedabad",powerplay,65,1,36,6.0,10.83
1473510,2025-06-01,Punjab Kings,"Narendra Modi Stadium, Ahmedabad",death,60,2,24,4.0,15.0
1473510,2025-06-01,Punjab Kings,"Narendra Modi Stadium, Ahmedabad",middle,83,1,54,9.0,9.22
1473510,2025-06-01,Punjab Kings,"Narendra Modi Stadium, Ahmedabad",powerplay,64,2,36,6.0,10.67
1473511,2025-06-03,Punjab Kings,"Narendra Modi Stadium, Ahmedabad",death,65,3,30,5.0,13.0
1473511,2025-06-03,Punjab Kings,"Narendra Modi Stadium, Ahmedabad",middle,67,3,54,9.0,7.44
1473511,2025-06-03,Punjab Kings,"Narendra Modi Stadium, Ahmedabad",powerplay,52,1,36,6.0,8.67
1473511,2025-06-03,Royal Challengers Bengaluru,"Narendra Modi Stadium, Ahmedabad",death,58,5,30,5.0,11.6
1473511,2025-06-03,Royal Challengers Bengaluru,"Narendra Modi Stadium, Ahmedabad",middle,77,3,54,9.0,8.56
1473511,2025-06-03,Royal Challengers Bengaluru,"Narendra Modi Stadium, Ahmedabad",powerplay,55,1,36,6.0,9.17
