match_id,date,team,opponent,venue,venue_avg_first_innings_score,venue_chase_win_pct,venue_avg_powerplay_runs,venue_avg_middle_runs,venue_avg_death_runs
335982,2008-04-18,Kolkata Knight Riders,Royal Challengers Bangalore,M Chinnaswamy Stadium,,,,,
335982,2008-04-18,Royal Challengers Bangalore,Kolkata Knight Riders,M Chinnaswamy Stadium,,,61.0,93.0,68.0
335983,2008-04-19,Chennai Super Kings,Kings XI Punjab,"Punjab Cricket Association Stadium, Mohali",,,,,
335983,2008-04-19,Kings XI Punjab,Chennai Super Kings,"Punjab Cricket Association Stadium, Mohali",,,53.0,108.0,79.0
335984,2008-04-19,Rajasthan Royals,Delhi Daredevils,Feroz Shah Kotla,,,,,
335984,2008-04-19,Delhi Daredevils,Rajasthan Royals,Feroz Shah Kotla,,,40.0,56.0,33.0
335985,2008-04-20,Mumbai Indians,Royal Challengers Bangalore,Wankhede Stadium,,,,,
335985,2008-04-20,Royal Challengers Bangalore,Mumbai Indians,Wankhede Stadium,,,47.0,58.0,60.0
335986,2008-04-20,Deccan Chargers,Kolkata Knight Riders,Eden Gardens,,,,,
335986,2008-04-20,Kolkata Knight Riders,Deccan Chargers,Eden Gardens,,,39.0,38.0,33.0
335987,2008-04-21,Kings XI Punjab,Rajasthan Royals,Sawai Mansingh Stadium,,,,,
335987,2008-04-21,Rajasthan Royals,Kings XI Punjab,Sawai Mansingh Stadium,,,54.0,61.0,51.0
335988,2008-04-22,Deccan Chargers,Delhi Daredevils,"Rajiv Gandhi International Stadium, Uppal",,,,,
335988,2008-04-22,Delhi Daredevils,Deccan Chargers,"Rajiv Gandhi International Stadium, Uppal",,,25.0,48.0,69.0
335989,2008-04-23,Chennai Super Kings,Mumbai Indians,"MA Chidambaram Stadium, Chepauk",,,,,
335989,2008-04-23,Mumbai Indians,Chennai Super Kings,"MA Chidambaram Stadium, Chepauk",,,53.0,90.0,65.0
335990,2008-04-24,Rajasthan Royals,Deccan Chargers,"Rajiv Gandhi International Stadium, Uppal",142.0,1.0,36.5,71.5,34.5
335990,2008-04-24,Deccan Chargers,Rajasthan Royals,"Rajiv Gandhi International Stadium, Uppal",142.0,1.0,48.666666666666664,76.33333333333333,42.333333333333336
335991,2008-04-25,Kings XI Punjab,Mumbai Indians,"Punjab Cricket Association Stadium, Mohali",240.0,0.0,58.0,105.0,60.5
335991,2008-04-25,Mumbai Indians,Kings XI Punjab,"Punjab Cricket Association Stadium, Mohali",240.0,0.0,58.666666666666664,96.0,55.0
335992,2008-04-26,Royal Challengers Bangalore,Rajasthan Royals,M Chinnaswamy Stadium,222.0,0.0,43.5,74.0,34.5
335992,2008-04-26,Rajasthan Royals,Royal Challengers Bangalore,M Chinnaswamy Stadium,222.0,0.0,48.0,62.0,36.333333333333336
335993,2008-04-26,Kolkata Knight Riders,Chennai Super Kings,"MA Chidambaram Stadium, Chepauk",208.0,0.0,52.5,86.0,66.5
335993,2008-04-26,Chennai Super Kings,Kolkata Knight Riders,"MA Chidambaram Stadium, Chepauk",208.0,0.0,55.333333333333336,71.66666666666667,58.666666666666664
335995,2008-04-27,Delhi Daredevils,Kings XI Punjab,"Punjab Cricket Association Stadium, Mohali",211.0,0.0,53.75,87.5,45.0
335995,2008-04-27,Kings XI Punjab,Delhi Daredevils,"Punjab Cricket Association Stadium, Mohali",211.0,0.0,52.0,82.4,46.2
335994,2008-04-27,Deccan Chargers,Mumbai Indians,Dr DY Patil Sports Academy,,,,,
335994,2008-04-27,Mumbai Indians,Deccan Chargers,Dr DY Patil Sports Academy,,,60.0,95.0,0.0
335996,2008-04-28,Chennai Super Kings,Royal Challengers Bangalore,M Chinnaswamy Stadium,178.5,0.5,47.25,65.5,31.5
335996,2008-04-28,Royal Challengers Bangalore,Chennai Super Kings,M Chinnaswamy Stadium,178.5,0.5,45.0,65.6,40.4
335997,2008-04-29,Kolkata Knight Riders,Mumbai Indians,Eden Gardens,110.0,1.0,32.5,46.5,32.0
335997,2008-04-29,Mumbai Indians,Kolkata Knight Riders,Eden Gardens,110.0,1.0,35.0,46.666666666666664,38.0
335998,2008-04-30,Delhi Daredevils,Royal Challengers Bangalore,Feroz Shah Kotla,129.0,1.0,47.5,64.5,18.5
335998,2008-04-30,Royal Challengers Bangalore,Delhi Daredevils,Feroz Shah Kotla,129.0,1.0,51.0,74.0,25.666666666666668
336000,2008-05-01,Kolkata Knight Riders,Rajasthan Royals,Sawai Mansingh Stadium,166.0,1.0,53.5,75.0,38.5
336000,2008-05-01,Rajasthan Royals,Kolkata Knight Riders,Sawai Mansingh Stadium,166.0,1.0,52.666666666666664,75.66666666666667,33.333333333333336
335999,2008-05-01,Deccan Chargers,Kings XI Punjab,"Rajiv Gandhi International Stadium, Uppal",178.0,1.0,51.0,79.75,48.25
335999,2008-05-01,Kings XI Punjab,Deccan Chargers,"Rajiv Gandhi International Stadium, Uppal",178.0,1.0,50.8,76.0,49.2
336001,2008-05-02,Chennai Super Kings,Delhi Daredevils,"MA Chidambaram Stadium, Chepauk",177.5,0.5,52.75,72.75,51.75
336001,2008-05-02,Delhi Daredevils,Chennai Super Kings,"MA Chidambaram Stadium, Chepauk",177.5,0.5,51.6,74.0,50.0
336003,2008-05-03,Kings XI Punjab,Kolkata Knight Riders,"Punjab Cricket Association Stadium, Mohali",193.33333333333334,0.3333333333333333,52.5,80.0,45.0
336003,2008-05-03,Kolkata Knight Riders,Kings XI Punjab,"Punjab Cricket Association Stadium, Mohali",193.33333333333334,0.3333333333333333,52.0,78.57142857142857,47.0
336034,2008-05-03,Royal Challengers Bangalore,Deccan Chargers,M Chinnaswamy Stadium,178.33333333333334,0.3333333333333333,45.0,69.16666666666667,39.166666666666664
336034,2008-05-03,Deccan Chargers,Royal Challengers Bangalore,M Chinnaswamy Stadium,178.33333333333334,0.3333333333333333,45.142857142857146,69.0,39.57142857142857
336004,2008-05-04,Mumbai Indians,Delhi Daredevils,Dr DY Patil Sports Academy,154.0,1.0,43.5,83.5,27.5
336004,2008-05-04,Delhi Daredevils,Mumbai Indians,Dr DY Patil Sports Academy,154.0,1.0,45.666666666666664,76.33333333333333,35.0
336005,2008-05-04,Chennai Super Kings,Rajasthan Royals,Sawai Mansingh Stadium,181.0,0.5,50.75,81.0,38.5
336005,2008-05-04,Rajasthan Royals,Chennai Super Kings,Sawai Mansingh Stadium,181.0,0.5,48.2,75.4,34.4
336006,2008-05-05,Royal Challengers Bangalore,Kings XI Punjab,M Chinnaswamy Stadium,172.75,0.25,43.625,70.25,39.75
336006,2008-05-05,Kings XI Punjab,Royal Challengers Bangalore,M Chinnaswamy Stadium,172.75,0.25,41.666666666666664,70.33333333333333,38.55555555555556
336007,2008-05-06,Chennai Super Kings,Deccan Chargers,"MA Chidambaram Stadium, Chepauk",174.66666666666666,0.6666666666666666,53.666666666666664,74.66666666666667,46.666666666666664
336007,2008-05-06,Deccan Chargers,Chennai Super Kings,"MA Chidambaram Stadium, Chepauk",174.66666666666666,0.6666666666666666,50.857142857142854,71.42857142857143,48.285714285714285
336008,2008-05-07,Mumbai Indians,Rajasthan Royals,Dr DY Patil Sports Academy,158.0,0.5,43.5,76.5,31.0
336008,2008-05-07,Rajasthan Royals,Mumbai Indians,Dr DY Patil Sports Academy,158.0,0.5,41.6,74.8,25.2
336009,2008-05-08,Delhi Daredevils,Chennai Super Kings,Feroz Shah Kotla,160.0,0.5,52.0,75.25,31.0
336009,2008-05-08,Chennai Super Kings,Delhi Daredevils,Feroz Shah Kotla,160.0,0.5,51.6,76.8,35.6
336010,2008-05-08,Kolkata Knight Riders,Royal Challengers Bangalore,Eden Gardens,123.5,1.0,35.75,53.0,35.5
336010,2008-05-08,Royal Challengers Bangalore,Kolkata Knight Riders,Eden Gardens,123.5,1.0,36.8,57.2,31.2
336011,2008-05-09,Deccan Chargers,Rajasthan Royals,Sawai Mansingh Stadium,157.0,0.6666666666666666,47.5,73.83333333333333,28.666666666666668
336011,2008-05-09,Rajasthan Royals,Deccan Chargers,Sawai Mansingh Stadium,157.0,0.6666666666666666,47.857142857142854,70.85714285714286,29.857142857142858
336013,2008-05-10,Chennai Super Kings,Kings XI Punjab,"MA Chidambaram Stadium, Chepauk",167.0,0.75,50.75,70.625,46.375
336013,2008-05-10,Kings XI Punjab,Chennai Super Kings,"MA Chidambaram Stadium, Chepauk",167.0,0.75,51.0,72.88888888888889,45.333333333333336
336014,2008-05-11,Kolkata Knight Riders,Deccan Chargers,"Rajiv Gandhi International Stadium, Uppal",173.33333333333334,1.0,49.166666666666664,78.0,47.333333333333336
336014,2008-05-11,Deccan Chargers,Kolkata Knight Riders,"Rajiv Gandhi International Stadium, Uppal",173.33333333333334,1.0,48.285714285714285,77.57142857142857,52.857142857142854
336015,2008-05-11,Delhi Daredevils,Rajasthan Royals,Sawai Mansingh Stadium,152.75,0.75,48.125,71.875,27.625
336015,2008-05-11,Rajasthan Royals,Delhi Daredevils,Sawai Mansingh Stadium,152.75,0.75,48.0,69.33333333333333,31.22222222222222
336016,2008-05-12,Royal Challengers Bangalore,Kings XI Punjab,"Punjab Cricket Association Stadium, Mohali",189.5,0.25,49.375,77.5,49.625
336016,2008-05-12,Kings XI Punjab,Royal Challengers Bangalore,"Punjab Cricket Association Stadium, Mohali",189.5,0.25,49.44444444444444,74.66666666666667,48.666666666666664
336017,2008-05-13,Kolkata Knight Riders,Delhi Daredevils,Eden Gardens,125.33333333333333,0.6666666666666666,36.5,60.333333333333336,28.166666666666668
336017,2008-05-13,Delhi Daredevils,Kolkata Knight Riders,Eden Gardens,125.33333333333333,0.6666666666666666,36.285714285714285,60.285714285714285,29.571428571428573
336018,2008-05-14,Mumbai Indians,Chennai Super Kings,Wankhede Stadium,165.0,1.0,43.5,68.0,54.0
336018,2008-05-14,Chennai Super Kings,Mumbai Indians,Wankhede Stadium,165.0,1.0,55.0,72.0,36.0
336020,2008-05-15,Delhi Daredevils,Deccan Chargers,Feroz Shah Kotla,169.0,0.6666666666666666,53.333333333333336,77.33333333333333,37.333333333333336
336020,2008-05-15,Deccan Chargers,Delhi Daredevils,Feroz Shah Kotla,169.0,0.6666666666666666,52.57142857142857,79.14285714285714,40.0
336021,2008-05-16,Kolkata Knight Riders,Mumbai Indians,Wankhede Stadium,160.5,1.0,48.25,69.25,43.75
336021,2008-05-16,Mumbai Indians,Kolkata Knight Riders,Wankhede Stadium,160.5,1.0,44.0,63.4,35.0
336022,2008-05-17,Delhi Daredevils,Kings XI Punjab,Feroz Shah Kotla,175.25,0.5,54.875,76.375,41.75
336022,2008-05-17,Kings XI Punjab,Delhi Daredevils,Feroz Shah Kotla,175.25,0.5,56.333333333333336,73.44444444444444,37.111111111111114
336023,2008-05-17,Rajasthan Royals,Royal Challengers Bangalore,Sawai Mansingh Stadium,153.4,0.8,45.3,72.3,32.0
336023,2008-05-17,Royal Challengers Bangalore,Rajasthan Royals,Sawai Mansingh Stadium,153.4,0.8,45.81818181818182,74.0909090909091,34.0
336025,2008-05-18,Chennai Super Kings,Kolkata Knight Riders,Eden Gardens,127.25,0.5,36.375,60.25,27.5
336025,2008-05-18,Kolkata Knight Riders,Chennai Super Kings,Eden Gardens,127.25,0.5,37.111111111111114,54.888888888888886,24.444444444444443
336024,2008-05-18,Mumbai Indians,Deccan Chargers,"Rajiv Gandhi International Stadium, Uppal",181.0,0.75,49.125,76.625,53.25
336024,2008-05-18,Deccan Chargers,Mumbai Indians,"Rajiv Gandhi International Stadium, Uppal",181.0,0.75,50.0,74.44444444444444,54.44444444444444
336026,2008-05-19,Royal Challengers Bangalore,Delhi Daredevils,M Chinnaswamy Stadium,163.4,0.4,42.7,69.0,36.5
336026,2008-05-19,Delhi Daredevils,Royal Challengers Bangalore,M Chinnaswamy Stadium,163.4,0.4,42.54545454545455,68.27272727272727,37.90909090909091
336027,2008-05-20,Kolkata Knight Riders,Rajasthan Royals,Eden Gardens,131.6,0.6,36.9,56.0,26.8
336027,2008-05-20,Rajasthan Royals,Kolkata Knight Riders,Eden Gardens,131.6,0.6,36.45454545454545,57.27272727272727,28.454545454545453
336029,2008-05-21,Royal Challengers Bangalore,Chennai Super Kings,"MA Chidambaram Stadium, Chepauk",169.8,0.6,49.4,73.6,45.6
336029,2008-05-21,Chennai Super Kings,Royal Challengers Bangalore,"MA Chidambaram Stadium, Chepauk",169.8,0.6,47.0,71.72727272727273,46.0
336028,2008-05-21,Mumbai Indians,Kings XI Punjab,Wankhede Stadium,129.33333333333334,1.0,48.0,52.833333333333336,29.166666666666668
336028,2008-05-21,Kings XI Punjab,Mumbai Indians,Wankhede Stadium,129.33333333333334,1.0,50.857142857142854,56.142857142857146,31.285714285714285
336031,2008-05-23,Deccan Chargers,Kings XI Punjab,"Punjab Cricket Association Stadium, Mohali",180.2,0.4,48.7,77.1,44.1
336031,2008-05-23,Kings XI Punjab,Deccan Chargers,"Punjab Cricket Association Stadium, Mohali",180.2,0.4,48.09090909090909,76.36363636363636,45.90909090909091
336032,2008-05-24,Mumbai Indians,Delhi Daredevils,Feroz Shah Kotla,163.8,0.6,58.0,68.2,33.4
336032,2008-05-24,Delhi Daredevils,Mumbai Indians,Feroz Shah Kotla,163.8,0.6,58.18181818181818,67.72727272727273,35.18181818181818
336033,2008-05-24,Rajasthan Royals,Chennai Super Kings,"MA Chidambaram Stadium, Chepauk",162.5,0.5,46.75,69.75,43.833333333333336
336033,2008-05-24,Chennai Super Kings,Rajasthan Royals,"MA Chidambaram Stadium, Chepauk",162.5,0.5,48.30769230769231,72.07692307692308,43.84615384615385
336002,2008-05-25,Deccan Chargers,Royal Challengers Bangalore,"Rajiv Gandhi International Stadium, Uppal",180.4,0.6,48.2,74.4,53.7
336002,2008-05-25,Royal Challengers Bangalore,Deccan Chargers,"Rajiv Gandhi International Stadium, Uppal",180.4,0.6,47.54545454545455,75.0909090909091,52.63636363636363
336035,2008-05-25,Kings XI Punjab,Kolkata Knight Riders,Eden Gardens,134.16666666666666,0.6666666666666666,36.916666666666664,59.666666666666664,27.916666666666668
336035,2008-05-25,Kolkata Knight Riders,Kings XI Punjab,Eden Gardens,134.16666666666666,0.6666666666666666,37.69230769230769,61.69230769230769,28.923076923076923
336036,2008-05-26,Rajasthan Royals,Mumbai Indians,Sawai Mansingh Stadium,160.66666666666666,0.6666666666666666,43.916666666666664,72.91666666666667,35.25
336036,2008-05-26,Mumbai Indians,Rajasthan Royals,Sawai Mansingh Stadium,160.66666666666666,0.6666666666666666,43.30769230769231,71.46153846153847,36.84615384615385
336037,2008-05-27,Chennai Super Kings,Deccan Chargers,"Rajiv Gandhi International Stadium, Uppal",177.83333333333334,0.6666666666666666,47.166666666666664,74.08333333333333,53.666666666666664
336037,2008-05-27,Deccan Chargers,Chennai Super Kings,"Rajiv Gandhi International Stadium, Uppal",177.83333333333334,0.6666666666666666,46.92307692307692,73.76923076923077,52.15384615384615
336019,2008-05-28,Rajasthan Royals,Kings XI Punjab,"Punjab Cricket Association Stadium, Mohali",179.33333333333334,0.5,50.25,75.08333333333333,45.666666666666664
336019,2008-05-28,Kings XI Punjab,Rajasthan Royals,"Punjab Cricket Association Stadium, Mohali",179.33333333333334,0.5,49.30769230769231,77.15384615384616,45.23076923076923
336012,2008-05-28,Royal Challengers Bangalore,Mumbai Indians,M Chinnaswamy Stadium,161.83333333333334,0.5,44.916666666666664,67.25,37.333333333333336
336012,2008-05-28,Mumbai Indians,Royal Challengers Bangalore,M Chinnaswamy Stadium,161.83333333333334,0.5,44.23076923076923,66.38461538461539,36.76923076923077
336038,2008-05-30,Rajasthan Royals,Delhi Daredevils,Wankhede Stadium,144.25,0.75,49.875,60.5,34.25
336038,2008-05-30,Delhi Daredevils,Rajasthan Royals,Wankhede Stadium,144.25,0.75,50.77777777777778,63.111111111111114,36.0
336039,2008-05-31,Kings XI Punjab,Chennai Super Kings,Wankhede Stadium,153.8,0.6,48.5,62.2,32.9
336039,2008-05-31,Chennai Super Kings,Kings XI Punjab,Wankhede Stadium,153.8,0.6,47.27272727272727,59.54545454545455,33.90909090909091
336040,2008-06-01,Chennai Super Kings,Rajasthan Royals,Dr DY Patil Sports Academy,139.66666666666666,0.6666666666666666,42.666666666666664,71.33333333333333,21.166666666666668
336040,2008-06-01,Rajasthan Royals,Chennai Super Kings,Dr DY Patil Sports Academy,139.66666666666666,0.6666666666666666,42.57142857142857,71.85714285714286,24.714285714285715
392181,2009-04-18,Mumbai Indians,Chennai Super Kings,Newlands,,,,,
392181,2009-04-18,Chennai Super Kings,Mumbai Indians,Newlands,,,40.0,65.0,60.0
392182,2009-04-18,Royal Challengers Bangalore,Rajasthan Royals,Newlands,165.0,0.0,40.0,66.5,49.0
392182,2009-04-18,Rajasthan Royals,Royal Challengers Bangalore,Newlands,165.0,0.0,36.333333333333336,63.666666666666664,48.0
392184,2009-04-19,Deccan Chargers,Kolkata Knight Riders,Newlands,149.0,0.0,30.75,58.75,36.0
392184,2009-04-19,Kolkata Knight Riders,Deccan Chargers,Newlands,149.0,0.0,32.0,60.4,28.8
392183,2009-04-19,Kings XI Punjab,Delhi Daredevils,Newlands,133.0,0.3333333333333333,30.166666666666668,57.5,30.166666666666668
392183,2009-04-19,Delhi Daredevils,Kings XI Punjab,Newlands,133.0,0.3333333333333333,35.42857142857143,54.57142857142857,25.857142857142858
392185,2009-04-20,Chennai Super Kings,Royal Challengers Bangalore,St George's Park,,,,,
392185,2009-04-20,Royal Challengers Bangalore,Chennai Super Kings,St George's Park,,,68.0,67.0,44.0
392186,2009-04-21,Kings XI Punjab,Kolkata Knight Riders,Kingsmead,,,,,
392186,2009-04-21,Kolkata Knight Riders,Kings XI Punjab,Kingsmead,,,46.0,71.0,41.0
392188,2009-04-22,Deccan Chargers,Royal Challengers Bangalore,Newlands,125.75,0.5,38.25,47.75,22.625
392188,2009-04-22,Royal Challengers Bangalore,Deccan Chargers,Newlands,125.75,0.5,40.888888888888886,51.0,25.11111111111111
392189,2009-04-23,Delhi Daredevils,Chennai Super Kings,Kingsmead,158.0,1.0,53.0,45.0,20.5
392189,2009-04-23,Chennai Super Kings,Delhi Daredevils,Kingsmead,158.0,1.0,55.0,51.333333333333336,35.666666666666664
392190,2009-04-23,Rajasthan Royals,Kolkata Knight Riders,Newlands,137.4,0.4,39.9,53.7,27.7
392190,2009-04-23,Kolkata Knight Riders,Rajasthan Royals,Newlands,137.4,0.4,41.18181818181818,53.63636363636363,29.09090909090909
392191,2009-04-24,Royal Challengers Bangalore,Kings XI Punjab,Kingsmead,173.5,0.5,56.5,60.25,34.75
392191,2009-04-24,Kings XI Punjab,Royal Challengers Bangalore,Kingsmead,173.5,0.5,55.0,62.0,37.8
392192,2009-04-25,Mumbai Indians,Deccan Chargers,Kingsmead,171.66666666666666,0.6666666666666666,53.166666666666664,62.5,42.166666666666664
392192,2009-04-25,Deccan Chargers,Mumbai Indians,Kingsmead,171.66666666666666,0.6666666666666666,52.714285714285715,61.857142857142854,43.0
392195,2009-04-26,Kings XI Punjab,Rajasthan Royals,Newlands,139.5,0.3333333333333333,40.916666666666664,54.166666666666664,31.0
392195,2009-04-26,Rajasthan Royals,Kings XI Punjab,Newlands,139.5,0.3333333333333333,40.69230769230769,54.61538461538461,31.76923076923077
392194,2009-04-26,Royal Challengers Bangalore,Delhi Daredevils,St George's Park,179.0,0.0,57.0,53.0,23.0
392194,2009-04-26,Delhi Daredevils,Royal Challengers Bangalore,St George's Park,179.0,0.0,53.0,53.666666666666664,31.666666666666668
392197,2009-04-27,Mumbai Indians,Kolkata Knight Riders,St George's Park,164.0,0.5,50.5,54.25,36.5
392197,2009-04-27,Kolkata Knight Riders,Mumbai Indians,St George's Park,164.0,0.5,52.6,61.4,36.4
392196,2009-04-27,Chennai Super Kings,Deccan Chargers,Kingsmead,170.75,0.5,53.0,64.375,41.5
392196,2009-04-27,Deccan Chargers,Chennai Super Kings,Kingsmead,170.75,0.5,54.0,62.888888888888886,42.666666666666664
392198,2009-04-28,Delhi Daredevils,Rajasthan Royals,SuperSport Park,,,,,
392198,2009-04-28,Rajasthan Royals,Delhi Daredevils,SuperSport Park,,,42.0,59.0,42.0
392199,2009-04-29,Kolkata Knight Riders,Royal Challengers Bangalore,Kingsmead,161.16666666666666,0.5,55.5,62.6,42.4
392199,2009-04-29,Royal Challengers Bangalore,Kolkata Knight Riders,Kingsmead,161.16666666666666,0.5,54.54545454545455,61.36363636363637,42.63636363636363
392200,2009-04-29,Kings XI Punjab,Mumbai Indians,Kingsmead,169.6,0.6,53.833333333333336,60.583333333333336,42.833333333333336
392200,2009-04-29,Mumbai Indians,Kings XI Punjab,Kingsmead,169.6,0.6,51.69230769230769,60.53846153846154,42.07692307692308
392201,2009-04-30,Deccan Chargers,Delhi Daredevils,SuperSport Park,153.5,0.5,37.5,61.0,46.5
392201,2009-04-30,Delhi Daredevils,Deccan Chargers,SuperSport Park,153.5,0.5,37.333333333333336,67.66666666666667,41.0
392202,2009-04-30,Chennai Super Kings,Rajasthan Royals,SuperSport Park,143.0,1.0,38.25,65.75,43.0
392202,2009-04-30,Rajasthan Royals,Chennai Super Kings,SuperSport Park,143.0,1.0,38.6,65.4,46.4
392203,2009-05-01,Mumbai Indians,Kolkata Knight Riders,Buffalo Park,,,,,
392203,2009-05-01,Kolkata Knight Riders,Mumbai Indians,Buffalo Park,,,40.0,48.0,60.0
392204,2009-05-01,Royal Challengers Bangalore,Kings XI Punjab,Kingsmead,158.0,0.5714285714285714,49.642857142857146,60.357142857142854,41.57142857142857
392204,2009-05-01,Kings XI Punjab,Royal Challengers Bangalore,Kingsmead,158.0,0.5714285714285714,48.86666666666667,60.46666666666667,41.8
392206,2009-05-02,Delhi Daredevils,Chennai Super Kings,New Wanderers Stadium,,,,,
392206,2009-05-02,Chennai Super Kings,Delhi Daredevils,New Wanderers Stadium,,,49.0,71.0,25.0
392205,2009-05-02,Deccan Chargers,Rajasthan Royals,St George's Park,171.66666666666666,0.3333333333333333,51.666666666666664,59.166666666666664,30.333333333333332
392205,2009-05-02,Rajasthan Royals,Deccan Chargers,St George's Park,171.66666666666666,0.3333333333333333,49.857142857142854,59.714285714285715,31.571428571428573
392207,2009-05-03,Kolkata Knight Riders,Kings XI Punjab,St George's Park,164.0,0.5,47.375,60.75,33.125
392207,2009-05-03,Kings XI Punjab,Kolkata Knight Riders,St George's Park,164.0,0.5,45.22222222222222,61.111111111111114,36.22222222222222
392208,2009-05-03,Mumbai Indians,Royal Challengers Bangalore,New Wanderers Stadium,163.0,0.0,51.0,74.0,29.0
392208,2009-05-03,Royal Challengers Bangalore,Mumbai Indians,New Wanderers Stadium,163.0,0.0,42.333333333333336,69.66666666666667,40.333333333333336
392209,2009-05-04,Chennai Super Kings,Deccan Chargers,Buffalo Park,148.0,0.0,33.0,60.0,50.5
392209,2009-05-04,Deccan Chargers,Chennai Super Kings,Buffalo Park,148.0,0.0,39.666666666666664,65.66666666666667,49.666666666666664
392210,2009-05-05,Rajasthan Royals,Kings XI Punjab,Kingsmead,156.375,0.5,48.0,60.4375,41.8125
392210,2009-05-05,Kings XI Punjab,Rajasthan Royals,Kingsmead,156.375,0.5,48.529411764705884,61.529411764705884,43.76470588235294
392211,2009-05-05,Kolkata Knight Riders,Delhi Daredevils,Kingsmead,162.44444444444446,0.4444444444444444,47.44444444444444,61.833333333333336,43.388888888888886
392211,2009-05-05,Delhi Daredevils,Kolkata Knight Riders,Kingsmead,162.44444444444446,0.4444444444444444,47.78947368421053,61.1578947368421,43.78947368421053
392212,2009-05-06,Deccan Chargers,Mumbai Indians,SuperSport Park,151.66666666666666,0.6666666666666666,38.5,64.5,43.333333333333336
392212,2009-05-06,Mumbai Indians,Deccan Chargers,SuperSport Park,151.66666666666666,0.6666666666666666,38.285714285714285,64.14285714285714,43.714285714285715
392213,2009-05-07,Rajasthan Royals,Royal Challengers Bangalore,SuperSport Park,150.0,0.5,38.625,63.5,41.5
392214,2009-05-07,Chennai Super Kings,Kings XI Punjab,SuperSport Park,141.0,0.6,37.77777777777778,64.88888888888889,36.888888888888886
392213,2009-05-07,Royal Challengers Bangalore,Rajasthan Royals,SuperSport Park,150.0,0.5,39.7,67.2,37.2
392214,2009-05-07,Kings XI Punjab,Chennai Super Kings,SuperSport Park,141.0,0.6,38.72727272727273,65.36363636363636,36.45454545454545
392215,2009-05-08,Delhi Daredevils,Mumbai Indians,Buffalo Park,163.0,0.0,42.75,61.25,37.25
392215,2009-05-08,Mumbai Indians,Delhi Daredevils,Buffalo Park,163.0,0.0,41.4,56.6,38.6
392216,2009-05-09,Deccan Chargers,Kings XI Punjab,De Beers Diamond Oval,,,,,
392216,2009-05-09,Kings XI Punjab,Deccan Chargers,De Beers Diamond Oval,,,52.0,48.0,68.0
392217,2009-05-09,Rajasthan Royals,Chennai Super Kings,De Beers Diamond Oval,168.0,1.0,48.5,61.0,59.0
392217,2009-05-09,Chennai Super Kings,Rajasthan Royals,De Beers Diamond Oval,168.0,1.0,43.666666666666664,62.333333333333336,53.0
392218,2009-05-10,Mumbai Indians,Royal Challengers Bangalore,St George's Park,161.8,0.6,45.8,61.5,36.4
392218,2009-05-10,Royal Challengers Bangalore,Mumbai Indians,St George's Park,161.8,0.6,45.81818181818182,61.18181818181818,37.90909090909091
392219,2009-05-10,Kolkata Knight Riders,Delhi Daredevils,New Wanderers Stadium,156.0,0.5,44.5,70.0,37.25
392219,2009-05-10,Delhi Daredevils,Kolkata Knight Riders,New Wanderers Stadium,156.0,0.5,43.0,64.0,39.0
392220,2009-05-11,Rajasthan Royals,Deccan Chargers,De Beers Diamond Oval,154.0,1.0,42.0,61.75,50.75
392220,2009-05-11,Deccan Chargers,Rajasthan Royals,De Beers Diamond Oval,154.0,1.0,39.6,62.4,44.2
392221,2009-05-12,Kolkata Knight Riders,Royal Challengers Bangalore,SuperSport Park,148.33333333333334,0.5,39.916666666666664,67.83333333333333,35.583333333333336
392221,2009-05-12,Royal Challengers Bangalore,Kolkata Knight Riders,SuperSport Park,148.33333333333334,0.5,39.76923076923077,67.53846153846153,38.30769230769231
392222,2009-05-12,Kings XI Punjab,Mumbai Indians,SuperSport Park,151.85714285714286,0.5714285714285714,40.214285714285715,67.92857142857143,39.642857142857146
392222,2009-05-12,Mumbai Indians,Kings XI Punjab,SuperSport Park,151.85714285714286,0.5714285714285714,40.93333333333333,66.13333333333334,38.8
392223,2009-05-13,Delhi Daredevils,Deccan Chargers,Kingsmead,161.6,0.5,48.25,60.95,43.75
392223,2009-05-13,Deccan Chargers,Delhi Daredevils,Kingsmead,161.6,0.5,48.61904761904762,60.57142857142857,44.714285714285715
392225,2009-05-14,Mumbai Indians,Rajasthan Royals,Kingsmead,162.63636363636363,0.45454545454545453,48.68181818181818,61.63636363636363,43.90909090909091
392225,2009-05-14,Rajasthan Royals,Mumbai Indians,Kingsmead,162.63636363636363,0.45454545454545453,47.69565217391305,62.08695652173913,43.95652173913044
392224,2009-05-14,Royal Challengers Bangalore,Chennai Super Kings,Kingsmead,161.16666666666666,0.4166666666666667,47.458333333333336,62.875,43.041666666666664
392224,2009-05-14,Chennai Super Kings,Royal Challengers Bangalore,Kingsmead,161.16666666666666,0.4166666666666667,46.88,62.68,42.96
392226,2009-05-15,Delhi Daredevils,Kings XI Punjab,OUTsurance Oval,,,,,
392226,2009-05-15,Kings XI Punjab,Delhi Daredevils,OUTsurance Oval,,,38.0,59.0,23.0
392227,2009-05-16,Mumbai Indians,Chennai Super Kings,St George's Park,161.0,0.5,45.25,61.166666666666664,38.166666666666664
392227,2009-05-16,Chennai Super Kings,Mumbai Indians,St George's Park,161.0,0.5,45.53846153846154,60.07692307692308,39.15384615384615
392228,2009-05-16,Kolkata Knight Riders,Deccan Chargers,New Wanderers Stadium,145.0,0.6666666666666666,43.666666666666664,62.166666666666664,36.666666666666664
392228,2009-05-16,Deccan Chargers,Kolkata Knight Riders,New Wanderers Stadium,145.0,0.6666666666666666,41.857142857142854,61.57142857142857,41.57142857142857
392230,2009-05-17,Rajasthan Royals,Delhi Daredevils,OUTsurance Oval,120.0,1.0,37.5,54.0,30.0
392230,2009-05-17,Delhi Daredevils,Rajasthan Royals,OUTsurance Oval,120.0,1.0,33.0,59.0,34.333333333333336
392229,2009-05-17,Deccan Chargers,Kings XI Punjab,New Wanderers Stadium,148.75,0.75,42.875,60.75,44.0
392229,2009-05-17,Kings XI Punjab,Deccan Chargers,New Wanderers Stadium,148.75,0.75,43.22222222222222,58.44444444444444,44.333333333333336
392231,2009-05-18,Chennai Super Kings,Kolkata Knight Riders,SuperSport Park,147.75,0.625,41.0,66.4375,36.9375
392231,2009-05-18,Kolkata Knight Riders,Chennai Super Kings,SuperSport Park,147.75,0.625,41.76470588235294,66.58823529411765,38.588235294117645
392232,2009-05-19,Delhi Daredevils,Royal Challengers Bangalore,New Wanderers Stadium,145.8,0.6,42.8,58.1,43.9
392232,2009-05-19,Royal Challengers Bangalore,Delhi Daredevils,New Wanderers Stadium,145.8,0.6,42.27272727272727,57.54545454545455,44.0
392234,2009-05-20,Chennai Super Kings,Kings XI Punjab,Kingsmead,158.69230769230768,0.46153846153846156,47.07692307692308,62.30769230769231,42.23076923076923
392234,2009-05-20,Kings XI Punjab,Chennai Super Kings,Kingsmead,158.69230769230768,0.46153846153846156,47.18518518518518,61.7037037037037,41.407407407407405
392233,2009-05-20,Kolkata Knight Riders,Rajasthan Royals,Kingsmead,155.64285714285714,0.42857142857142855,46.535714285714285,60.57142857142857,41.107142857142854
392233,2009-05-20,Rajasthan Royals,Kolkata Knight Riders,Kingsmead,155.64285714285714,0.42857142857142855,45.93103448275862,59.724137931034484,40.96551724137931
392235,2009-05-21,Mumbai Indians,Delhi Daredevils,SuperSport Park,154.0,0.6,42.55555555555556,67.05555555555556,39.666666666666664
392235,2009-05-21,Delhi Daredevils,Mumbai Indians,SuperSport Park,154.0,0.6,41.89473684210526,67.6842105263158,40.526315789473685
392236,2009-05-21,Royal Challengers Bangalore,Deccan Chargers,SuperSport Park,152.22222222222223,0.6666666666666666,42.8,68.6,39.5
392236,2009-05-21,Deccan Chargers,Royal Challengers Bangalore,SuperSport Park,152.22222222222223,0.6666666666666666,42.333333333333336,69.28571428571429,40.19047619047619
392237,2009-05-22,Delhi Daredevils,Deccan Chargers,SuperSport Park,155.0,0.6363636363636364,43.31818181818182,68.63636363636364,40.13636363636363
392237,2009-05-22,Deccan Chargers,Delhi Daredevils,SuperSport Park,155.0,0.6363636363636364,43.56521739130435,68.26086956521739,40.30434782608695
392238,2009-05-23,Chennai Super Kings,Royal Challengers Bangalore,New Wanderers Stadium,143.83333333333334,0.6666666666666666,41.0,59.0,43.083333333333336
392238,2009-05-23,Royal Challengers Bangalore,Chennai Super Kings,New Wanderers Stadium,143.83333333333334,0.6666666666666666,41.84615384615385,58.69230769230769,42.76923076923077
392239,2009-05-24,Royal Challengers Bangalore,Deccan Chargers,New Wanderers Stadium,144.14285714285714,0.7142857142857143,43.07142857142857,58.142857142857146,42.5
392239,2009-05-24,Deccan Chargers,Royal Challengers Bangalore,New Wanderers Stadium,144.14285714285714,0.7142857142857143,42.6,58.733333333333334,41.93333333333333
419106,2010-03-12,Kolkata Knight Riders,Deccan Chargers,Dr DY Patil Sports Academy,145.5,0.75,42.375,71.75,28.125
419106,2010-03-12,Deccan Chargers,Kolkata Knight Riders,Dr DY Patil Sports Academy,145.5,0.75,41.888888888888886,69.77777777777777,32.666666666666664
419107,2010-03-13,Mumbai Indians,Rajasthan Royals,Brabourne Stadium,,,,,
419107,2010-03-13,Rajasthan Royals,Mumbai Indians,Brabourne Stadium,,,69.0,90.0,53.0
419108,2010-03-13,Delhi Daredevils,Kings XI Punjab,"Punjab Cricket Association Stadium, Mohali",185.28571428571428,0.42857142857142855,49.42857142857143,78.28571428571429,47.5
419108,2010-03-13,Kings XI Punjab,Delhi Daredevils,"Punjab Cricket Association Stadium, Mohali",185.28571428571428,0.42857142857142855,48.733333333333334,77.46666666666667,47.06666666666667
419110,2010-03-14,Chennai Super Kings,Deccan Chargers,"MA Chidambaram Stadium, Chepauk",169.42857142857142,0.42857142857142855,49.5,73.5,43.857142857142854
419110,2010-03-14,Deccan Chargers,Chennai Super Kings,"MA Chidambaram Stadium, Chepauk",169.42857142857142,0.42857142857142855,48.46666666666667,73.53333333333333,44.333333333333336
419109,2010-03-14,Kolkata Knight Riders,Royal Challengers Bangalore,Eden Gardens,139.85714285714286,0.7142857142857143,38.642857142857146,61.07142857142857,31.928571428571427
419109,2010-03-14,Royal Challengers Bangalore,Kolkata Knight Riders,Eden Gardens,139.85714285714286,0.7142857142857143,40.13333333333333,60.666666666666664,31.133333333333333
419111,2010-03-15,Rajasthan Royals,Delhi Daredevils,"Sardar Patel Stadium, Motera",,,,,
419111,2010-03-15,Delhi Daredevils,Rajasthan Royals,"Sardar Patel Stadium, Motera",,,47.0,44.0,50.0
419112,2010-03-16,Kings XI Punjab,Royal Challengers Bangalore,M Chinnaswamy Stadium,156.14285714285714,0.5714285714285714,43.857142857142854,67.21428571428571,34.785714285714285
419112,2010-03-16,Royal Challengers Bangalore,Kings XI Punjab,M Chinnaswamy Stadium,156.14285714285714,0.5714285714285714,44.266666666666666,68.26666666666667,37.13333333333333
419113,2010-03-16,Chennai Super Kings,Kolkata Knight Riders,Eden Gardens,139.25,0.75,39.125,60.9375,32.0625
419113,2010-03-16,Kolkata Knight Riders,Chennai Super Kings,Eden Gardens,139.25,0.75,38.64705882352941,61.1764705882353,34.1764705882353
419114,2010-03-17,Mumbai Indians,Delhi Daredevils,Feroz Shah Kotla,165.83333333333334,0.6666666666666666,58.0,68.25,36.333333333333336
419114,2010-03-17,Delhi Daredevils,Mumbai Indians,Feroz Shah Kotla,165.83333333333334,0.6666666666666666,58.69230769230769,70.53846153846153,37.61538461538461
419115,2010-03-18,Royal Challengers Bangalore,Rajasthan Royals,M Chinnaswamy Stadium,162.0,0.625,45.3125,69.5,38.25
419115,2010-03-18,Rajasthan Royals,Royal Challengers Bangalore,M Chinnaswamy Stadium,162.0,0.625,46.11764705882353,67.41176470588235,36.0
419117,2010-03-19,Deccan Chargers,Kings XI Punjab,Barabati Stadium,,,,,
419117,2010-03-19,Kings XI Punjab,Deccan Chargers,Barabati Stadium,,,56.0,69.0,45.0
419116,2010-03-19,Delhi Daredevils,Chennai Super Kings,Feroz Shah Kotla,173.28571428571428,0.5714285714285714,58.5,70.0,35.0
419116,2010-03-19,Chennai Super Kings,Delhi Daredevils,Feroz Shah Kotla,173.28571428571428,0.5714285714285714,58.06666666666667,71.13333333333334,35.733333333333334
419119,2010-03-20,Royal Challengers Bangalore,Mumbai Indians,Brabourne Stadium,212.0,0.0,54.0,97.0,59.0
419119,2010-03-20,Mumbai Indians,Royal Challengers Bangalore,Brabourne Stadium,212.0,0.0,54.333333333333336,85.33333333333333,52.0
419118,2010-03-20,Rajasthan Royals,Kolkata Knight Riders,"Sardar Patel Stadium, Motera",141.0,1.0,53.5,57.5,30.5
419118,2010-03-20,Kolkata Knight Riders,Rajasthan Royals,"Sardar Patel Stadium, Motera",141.0,1.0,54.333333333333336,61.0,35.0
419120,2010-03-21,Deccan Chargers,Delhi Daredevils,Barabati Stadium,170.0,0.0,41.5,70.0,55.5
419120,2010-03-21,Delhi Daredevils,Deccan Chargers,Barabati Stadium,170.0,0.0,43.333333333333336,69.33333333333333,55.666666666666664
419121,2010-03-21,Kings XI Punjab,Chennai Super Kings,"MA Chidambaram Stadium, Chepauk",172.0,0.375,49.0,73.3125,45.5
419121,2010-03-21,Chennai Super Kings,Kings XI Punjab,"MA Chidambaram Stadium, Chepauk",172.0,0.375,48.35294117647059,72.52941176470588,45.05882352941177
419122,2010-03-22,Kolkata Knight Riders,Mumbai Indians,Brabourne Stadium,181.5,0.5,52.0,78.25,51.25
419122,2010-03-22,Mumbai Indians,Kolkata Knight Riders,Brabourne Stadium,181.5,0.5,49.8,74.8,51.6
419123,2010-03-23,Royal Challengers Bangalore,Chennai Super Kings,M Chinnaswamy Stadium,154.22222222222223,0.6666666666666666,45.27777777777778,66.27777777777777,34.77777777777778
419123,2010-03-23,Chennai Super Kings,Royal Challengers Bangalore,M Chinnaswamy Stadium,154.22222222222223,0.6666666666666666,44.89473684210526,66.26315789473684,36.473684210526315
419124,2010-03-24,Rajasthan Royals,Kings XI Punjab,"Punjab Cricket Association Stadium, Mohali",179.875,0.5,48.4375,76.9375,45.9375
419124,2010-03-24,Kings XI Punjab,Rajasthan Royals,"Punjab Cricket Association Stadium, Mohali",179.875,0.5,48.705882352941174,77.11764705882354,46.1764705882353
419128,2010-03-25,Delhi Daredevils,Royal Challengers Bangalore,M Chinnaswamy Stadium,155.9,0.6,44.1,66.25,36.65
419125,2010-03-25,Chennai Super Kings,Mumbai Indians,"Brabourne Stadium, Mumbai",,,,,
419125,2010-03-25,Mumbai Indians,Chennai Super Kings,"Brabourne Stadium, Mumbai",,,51.0,75.0,54.0
419128,2010-03-25,Royal Challengers Bangalore,Delhi Daredevils,M Chinnaswamy Stadium,155.9,0.6,45.04761904761905,66.14285714285714,37.523809523809526
419126,2010-03-26,Rajasthan Royals,Deccan Chargers,"Sardar Patel Stadium, Motera",154.5,0.5,50.25,61.0,35.0
419126,2010-03-26,Deccan Chargers,Rajasthan Royals,"Sardar Patel Stadium, Motera",154.5,0.5,51.0,65.8,30.4
419127,2010-03-27,Kolkata Knight Riders,Kings XI Punjab,"Punjab Cricket Association Stadium, Mohali",180.22222222222223,0.4444444444444444,50.22222222222222,75.66666666666667,45.0
419127,2010-03-27,Kings XI Punjab,Kolkata Knight Riders,"Punjab Cricket Association Stadium, Mohali",180.22222222222223,0.4444444444444444,50.21052631578947,75.6842105263158,45.63157894736842
419129,2010-03-28,Rajasthan Royals,Chennai Super Kings,"Sardar Patel Stadium, Motera",152.33333333333334,0.6666666666666666,51.666666666666664,63.666666666666664,32.0
419129,2010-03-28,Chennai Super Kings,Rajasthan Royals,"Sardar Patel Stadium, Motera",152.33333333333334,0.6666666666666666,52.57142857142857,64.71428571428571,34.285714285714285
419130,2010-03-28,Mumbai Indians,Deccan Chargers,Dr DY Patil Sports Academy,148.6,0.6,43.9,68.8,32.2
419130,2010-03-28,Deccan Chargers,Mumbai Indians,Dr DY Patil Sports Academy,148.6,0.6,44.63636363636363,66.9090909090909,35.81818181818182
419131,2010-03-29,Delhi Daredevils,Kolkata Knight Riders,Feroz Shah Kotla,174.75,0.625,57.9375,72.75,35.8125
419131,2010-03-29,Kolkata Knight Riders,Delhi Daredevils,Feroz Shah Kotla,174.75,0.625,58.1764705882353,72.76470588235294,36.1764705882353
419132,2010-03-30,Kings XI Punjab,Mumbai Indians,Brabourne Stadium,172.66666666666666,0.6666666666666666,51.0,73.16666666666667,48.666666666666664
419132,2010-03-30,Mumbai Indians,Kings XI Punjab,Brabourne Stadium,172.66666666666666,0.6666666666666666,50.57142857142857,72.71428571428571,48.142857142857146
419133,2010-03-31,Chennai Super Kings,Royal Challengers Bangalore,"MA Chidambaram Stadium, Chepauk",168.0,0.3333333333333333,48.0,72.22222222222223,44.05555555555556
419134,2010-03-31,Delhi Daredevils,Rajasthan Royals,Feroz Shah Kotla,175.0,0.5555555555555556,56.94444444444444,72.16666666666667,36.333333333333336
419133,2010-03-31,Royal Challengers Bangalore,Chennai Super Kings,"MA Chidambaram Stadium, Chepauk",168.0,0.3333333333333333,48.421052631578945,72.05263157894737,43.68421052631579
419134,2010-03-31,Rajasthan Royals,Delhi Daredevils,Feroz Shah Kotla,175.0,0.5555555555555556,56.68421052631579,71.94736842105263,38.0
419135,2010-04-01,Deccan Chargers,Kolkata Knight Riders,Eden Gardens,142.0,0.6666666666666666,39.0,60.27777777777778,33.333333333333336
419135,2010-04-01,Kolkata Knight Riders,Deccan Chargers,Eden Gardens,142.0,0.6666666666666666,40.05263157894737,60.578947368421055,33.26315789473684
419136,2010-04-02,Royal Challengers Bangalore,Kings XI Punjab,"Punjab Cricket Association Stadium, Mohali",180.5,0.4,49.8,74.9,45.45
419136,2010-04-02,Kings XI Punjab,Royal Challengers Bangalore,"Punjab Cricket Association Stadium, Mohali",180.5,0.4,49.857142857142854,74.71428571428571,46.23809523809524
419137,2010-04-03,Chennai Super Kings,Rajasthan Royals,"MA Chidambaram Stadium, Chepauk",167.3,0.4,48.6,71.7,43.7
419137,2010-04-03,Rajasthan Royals,Chennai Super Kings,"MA Chidambaram Stadium, Chepauk",167.3,0.4,49.42857142857143,73.23809523809524,45.23809523809524
419138,2010-04-03,Mumbai Indians,Deccan Chargers,Brabourne Stadium,170.25,0.75,49.875,72.75,47.875
419138,2010-04-03,Deccan Chargers,Mumbai Indians,Brabourne Stadium,170.25,0.75,50.22222222222222,71.44444444444444,49.666666666666664
419139,2010-04-04,Kolkata Knight Riders,Kings XI Punjab,Eden Gardens,145.9,0.6,40.35,61.05,34.85
419139,2010-04-04,Kings XI Punjab,Kolkata Knight Riders,Eden Gardens,145.9,0.6,40.95238095238095,62.714285714285715,35.61904761904762
419140,2010-04-04,Delhi Daredevils,Royal Challengers Bangalore,Feroz Shah Kotla,176.3,0.5,55.8,71.75,36.8
419140,2010-04-04,Royal Challengers Bangalore,Delhi Daredevils,Feroz Shah Kotla,176.3,0.5,55.714285714285715,71.71428571428571,37.857142857142854
419141,2010-04-05,Deccan Chargers,Rajasthan Royals,"Vidarbha Cricket Association Stadium, Jamtha",,,,,
419141,2010-04-05,Rajasthan Royals,Deccan Chargers,"Vidarbha Cricket Association Stadium, Jamtha",,,52.0,66.0,39.0
419142,2010-04-06,Chennai Super Kings,Mumbai Indians,"MA Chidambaram Stadium, Chepauk",174.45454545454547,0.36363636363636365,50.0,75.04545454545455,45.36363636363637
419142,2010-04-06,Mumbai Indians,Chennai Super Kings,"MA Chidambaram Stadium, Chepauk",174.45454545454547,0.36363636363636365,49.65217391304348,75.34782608695652,45.17391304347826
419143,2010-04-07,Kings XI Punjab,Rajasthan Royals,Sawai Mansingh Stadium,158.42857142857142,0.7142857142857143,42.285714285714285,71.21428571428571,37.642857142857146
419143,2010-04-07,Rajasthan Royals,Kings XI Punjab,Sawai Mansingh Stadium,158.42857142857142,0.7142857142857143,42.93333333333333,71.4,36.93333333333333
419144,2010-04-07,Kolkata Knight Riders,Delhi Daredevils,Eden Gardens,150.8181818181818,0.6363636363636364,42.22727272727273,63.81818181818182,36.18181818181818
419144,2010-04-07,Delhi Daredevils,Kolkata Knight Riders,Eden Gardens,150.8181818181818,0.6363636363636364,42.56521739130435,64.34782608695652,37.0
419145,2010-04-08,Deccan Chargers,Royal Challengers Bangalore,M Chinnaswamy Stadium,158.36363636363637,0.5454545454545454,45.09090909090909,66.54545454545455,37.86363636363637
419145,2010-04-08,Royal Challengers Bangalore,Deccan Chargers,M Chinnaswamy Stadium,158.36363636363637,0.5454545454545454,44.52173913043478,67.69565217391305,38.869565217391305
419146,2010-04-09,Mumbai Indians,Kings XI Punjab,"Punjab Cricket Association Stadium, Mohali",180.54545454545453,0.45454545454545453,49.45454545454545,74.86363636363636,46.95454545454545
419146,2010-04-09,Kings XI Punjab,Mumbai Indians,"Punjab Cricket Association Stadium, Mohali",180.54545454545453,0.45454545454545453,49.52173913043478,74.1304347826087,46.869565217391305
419147,2010-04-10,Chennai Super Kings,Deccan Chargers,"Vidarbha Cricket Association Stadium, Jamtha",159.0,0.0,50.0,73.0,35.0
419147,2010-04-10,Deccan Chargers,Chennai Super Kings,"Vidarbha Cricket Association Stadium, Jamtha",159.0,0.0,51.666666666666664,67.0,32.666666666666664
419148,2010-04-10,Kolkata Knight Riders,Royal Challengers Bangalore,M Chinnaswamy Stadium,160.5,0.5833333333333334,44.583333333333336,67.41666666666667,40.458333333333336
419148,2010-04-10,Royal Challengers Bangalore,Kolkata Knight Riders,M Chinnaswamy Stadium,160.5,0.5833333333333334,45.24,67.24,40.28
419149,2010-04-11,Delhi Daredevils,Kings XI Punjab,Feroz Shah Kotla,177.0,0.45454545454545453,54.90909090909091,71.77272727272727,37.77272727272727
419149,2010-04-11,Kings XI Punjab,Delhi Daredevils,Feroz Shah Kotla,177.0,0.45454545454545453,54.47826086956522,70.21739130434783,37.43478260869565
419150,2010-04-11,Mumbai Indians,Rajasthan Royals,Sawai Mansingh Stadium,157.75,0.75,44.625,72.375,34.625
419150,2010-04-11,Rajasthan Royals,Mumbai Indians,Sawai Mansingh Stadium,157.75,0.75,44.76470588235294,71.58823529411765,36.588235294117645
419151,2010-04-12,Deccan Chargers,Royal Challengers Bangalore,"Vidarbha Cricket Association Stadium, Jamtha",148.5,0.5,48.0,66.5,33.75
419151,2010-04-12,Royal Challengers Bangalore,Deccan Chargers,"Vidarbha Cricket Association Stadium, Jamtha",148.5,0.5,45.4,68.4,35.0
419152,2010-04-13,Mumbai Indians,Delhi Daredevils,Brabourne Stadium,171.8,0.6,49.2,70.1,46.4
419152,2010-04-13,Delhi Daredevils,Mumbai Indians,Brabourne Stadium,171.8,0.6,48.72727272727273,69.54545454545455,49.0
419153,2010-04-13,Kolkata Knight Riders,Chennai Super Kings,"MA Chidambaram Stadium, Chepauk",173.66666666666666,0.3333333333333333,49.5,74.125,45.333333333333336
419153,2010-04-13,Chennai Super Kings,Kolkata Knight Riders,"MA Chidambaram Stadium, Chepauk",173.66666666666666,0.3333333333333333,48.4,74.0,45.36
419154,2010-04-14,Royal Challengers Bangalore,Rajasthan Royals,Sawai Mansingh Stadium,159.55555555555554,0.6666666666666666,44.166666666666664,70.66666666666667,37.22222222222222
419154,2010-04-14,Rajasthan Royals,Royal Challengers Bangalore,Sawai Mansingh Stadium,159.55555555555554,0.6666666666666666,44.94736842105263,70.36842105263158,35.68421052631579
419155,2010-04-15,Chennai Super Kings,Delhi Daredevils,"MA Chidambaram Stadium, Chepauk",171.0,0.38461538461538464,49.11538461538461,74.07692307692308,43.61538461538461
419155,2010-04-15,Delhi Daredevils,Chennai Super Kings,"MA Chidambaram Stadium, Chepauk",171.0,0.38461538461538464,48.74074074074074,72.62962962962963,43.407407407407405
419156,2010-04-16,Kings XI Punjab,Deccan Chargers,Himachal Pradesh Cricket Association Stadium,,,,,
419156,2010-04-16,Deccan Chargers,Kings XI Punjab,Himachal Pradesh Cricket Association Stadium,,,43.0,55.0,76.0
419158,2010-04-17,Rajasthan Royals,Kolkata Knight Riders,Eden Gardens,153.33333333333334,0.5833333333333334,42.625,65.45833333333333,36.791666666666664
419158,2010-04-17,Kolkata Knight Riders,Rajasthan Royals,Eden Gardens,153.33333333333334,0.5833333333333334,42.76,65.04,36.56
419157,2010-04-17,Mumbai Indians,Royal Challengers Bangalore,M Chinnaswamy Stadium,160.46153846153845,0.6153846153846154,45.34615384615385,67.42307692307692,40.34615384615385
419157,2010-04-17,Royal Challengers Bangalore,Mumbai Indians,M Chinnaswamy Stadium,160.46153846153845,0.6153846153846154,44.925925925925924,68.77777777777777,40.81481481481482
419159,2010-04-18,Kings XI Punjab,Chennai Super Kings,Himachal Pradesh Cricket Association Stadium,174.0,1.0,44.0,70.5,61.5
419159,2010-04-18,Chennai Super Kings,Kings XI Punjab,Himachal Pradesh Cricket Association Stadium,174.0,1.0,45.666666666666664,74.33333333333333,61.333333333333336
419160,2010-04-18,Deccan Chargers,Delhi Daredevils,Feroz Shah Kotla,171.5,0.5,53.833333333333336,69.33333333333333,36.875
419160,2010-04-18,Delhi Daredevils,Deccan Chargers,Feroz Shah Kotla,171.5,0.5,53.2,69.72,36.52
419161,2010-04-19,Mumbai Indians,Kolkata Knight Riders,Eden Gardens,151.69230769230768,0.6153846153846154,42.73076923076923,65.46153846153847,35.73076923076923
419161,2010-04-19,Kolkata Knight Riders,Mumbai Indians,Eden Gardens,151.69230769230768,0.6153846153846154,42.7037037037037,64.66666666666667,36.148148148148145
419162,2010-04-21,Mumbai Indians,Royal Challengers Bangalore,Dr DY Patil Sports Academy,152.5,0.5,45.083333333333336,67.33333333333333,33.583333333333336
419162,2010-04-21,Royal Challengers Bangalore,Mumbai Indians,Dr DY Patil Sports Academy,152.5,0.5,45.76923076923077,66.23076923076923,36.92307692307692
419163,2010-04-22,Deccan Chargers,Chennai Super Kings,Dr DY Patil Sports Academy,157.0,0.42857142857142855,45.642857142857146,66.78571428571429,36.5
419163,2010-04-22,Chennai Super Kings,Deccan Chargers,Dr DY Patil Sports Academy,157.0,0.42857142857142855,44.13333333333333,66.2,35.6
419164,2010-04-24,Deccan Chargers,Royal Challengers Bangalore,Dr DY Patil Sports Academy,155.125,0.375,43.8125,65.625,36.25
419164,2010-04-24,Royal Challengers Bangalore,Deccan Chargers,Dr DY Patil Sports Academy,155.125,0.375,42.8235294117647,64.76470588235294,34.35294117647059
419165,2010-04-25,Chennai Super Kings,Mumbai Indians,Dr DY Patil Sports Academy,147.0,0.4444444444444444,42.27777777777778,64.11111111111111,32.44444444444444
419165,2010-04-25,Mumbai Indians,Chennai Super Kings,Dr DY Patil Sports Academy,147.0,0.4444444444444444,42.1578947368421,64.3157894736842,33.89473684210526
501198,2011-04-08,Chennai Super Kings,Kolkata Knight Riders,"MA Chidambaram Stadium, Chepauk",166.78571428571428,0.42857142857142855,48.17857142857143,71.71428571428571,43.035714285714285
501198,2011-04-08,Kolkata Knight Riders,Chennai Super Kings,"MA Chidambaram Stadium, Chepauk",166.78571428571428,0.42857142857142855,48.06896551724138,71.37931034482759,43.13793103448276
501199,2011-04-09,Deccan Chargers,Rajasthan Royals,"Rajiv Gandhi International Stadium, Uppal",173.42857142857142,0.7142857142857143,45.42857142857143,73.28571428571429,52.285714285714285
501199,2011-04-09,Rajasthan Royals,Deccan Chargers,"Rajiv Gandhi International Stadium, Uppal",173.42857142857142,0.7142857142857143,45.333333333333336,71.46666666666667,51.93333333333333
501200,2011-04-09,Kochi Tuskers Kerala,Royal Challengers Bangalore,Nehru Stadium,,,,,
501200,2011-04-09,Royal Challengers Bangalore,Kochi Tuskers Kerala,Nehru Stadium,,,61.0,63.0,37.0
501201,2011-04-10,Delhi Daredevils,Mumbai Indians,Feroz Shah Kotla,169.46153846153845,0.46153846153846156,52.65384615384615,68.84615384615384,36.96153846153846
501201,2011-04-10,Mumbai Indians,Delhi Daredevils,Feroz Shah Kotla,169.46153846153845,0.46153846153846156,52.111111111111114,68.11111111111111,35.888888888888886
501202,2011-04-10,Kings XI Punjab,Pune Warriors,Dr DY Patil Sports Academy,149.1,0.4,41.7,64.5,34.45
501202,2011-04-10,Pune Warriors,Kings XI Punjab,Dr DY Patil Sports Academy,149.1,0.4,41.42857142857143,62.95238095238095,34.904761904761905
501203,2011-04-11,Deccan Chargers,Kolkata Knight Riders,Eden Gardens,150.35714285714286,0.6428571428571429,42.75,64.60714285714286,35.857142857142854
501203,2011-04-11,Kolkata Knight Riders,Deccan Chargers,Eden Gardens,150.35714285714286,0.6428571428571429,42.310344827586206,64.82758620689656,36.44827586206897
501205,2011-04-12,Mumbai Indians,Royal Challengers Bangalore,M Chinnaswamy Stadium,162.64285714285714,0.5714285714285714,44.535714285714285,68.60714285714286,40.642857142857146
501205,2011-04-12,Royal Challengers Bangalore,Mumbai Indians,M Chinnaswamy Stadium,162.64285714285714,0.5714285714285714,44.37931034482759,68.86206896551724,40.172413793103445
501204,2011-04-12,Rajasthan Royals,Delhi Daredevils,Sawai Mansingh Stadium,156.6,0.7,44.2,69.7,36.05
501204,2011-04-12,Delhi Daredevils,Rajasthan Royals,Sawai Mansingh Stadium,156.6,0.7,44.80952380952381,69.42857142857143,35.80952380952381
501206,2011-04-13,Chennai Super Kings,Kings XI Punjab,"Punjab Cricket Association Stadium, Mohali",178.33333333333334,0.5,49.791666666666664,73.54166666666667,46.666666666666664
501206,2011-04-13,Kings XI Punjab,Chennai Super Kings,"Punjab Cricket Association Stadium, Mohali",178.33333333333334,0.5,49.04,74.4,47.28
501207,2011-04-13,Kochi Tuskers Kerala,Pune Warriors,Dr DY Patil Sports Academy,145.72727272727272,0.45454545454545453,41.54545454545455,63.22727272727273,33.31818181818182
501207,2011-04-13,Pune Warriors,Kochi Tuskers Kerala,Dr DY Patil Sports Academy,145.72727272727272,0.45454545454545453,41.34782608695652,63.69565217391305,33.47826086956522
501208,2011-04-14,Deccan Chargers,Royal Challengers Bangalore,"Rajiv Gandhi International Stadium, Uppal",168.875,0.75,44.4375,70.875,51.6875
501208,2011-04-14,Royal Challengers Bangalore,Deccan Chargers,"Rajiv Gandhi International Stadium, Uppal",168.875,0.75,44.23529411764706,71.0,52.23529411764706
501210,2011-04-15,Kochi Tuskers Kerala,Mumbai Indians,Wankhede Stadium,146.83333333333334,0.6666666666666666,46.25,61.333333333333336,31.083333333333332
501210,2011-04-15,Mumbai Indians,Kochi Tuskers Kerala,Wankhede Stadium,146.83333333333334,0.6666666666666666,46.53846153846154,63.07692307692308,32.53846153846154
501209,2011-04-15,Rajasthan Royals,Kolkata Knight Riders,Sawai Mansingh Stadium,156.0909090909091,0.7272727272727273,44.13636363636363,68.95454545454545,37.0
501209,2011-04-15,Kolkata Knight Riders,Rajasthan Royals,Sawai Mansingh Stadium,156.0909090909091,0.7272727272727273,43.56521739130435,69.04347826086956,37.869565217391305
501211,2011-04-16,Chennai Super Kings,Royal Challengers Bangalore,"MA Chidambaram Stadium, Chepauk",165.86666666666667,0.4,48.2,70.96666666666667,43.03333333333333
501211,2011-04-16,Royal Challengers Bangalore,Chennai Super Kings,"MA Chidambaram Stadium, Chepauk",165.86666666666667,0.4,48.096774193548384,71.29032258064517,43.483870967741936
501212,2011-04-16,Deccan Chargers,Kings XI Punjab,"Rajiv Gandhi International Stadium, Uppal",169.55555555555554,0.6666666666666666,43.333333333333336,70.61111111111111,52.111111111111114
501212,2011-04-16,Kings XI Punjab,Deccan Chargers,"Rajiv Gandhi International Stadium, Uppal",169.55555555555554,0.6666666666666666,43.578947368421055,70.3157894736842,52.10526315789474
501214,2011-04-17,Kolkata Knight Riders,Rajasthan Royals,Eden Gardens,151.2,0.6,42.43333333333333,65.06666666666666,36.733333333333334
501214,2011-04-17,Rajasthan Royals,Kolkata Knight Riders,Eden Gardens,151.2,0.6,41.903225806451616,64.87096774193549,35.54838709677419
501213,2011-04-17,Pune Warriors,Delhi Daredevils,Dr DY Patil Sports Academy,145.91666666666666,0.5,41.458333333333336,64.0,33.583333333333336
501213,2011-04-17,Delhi Daredevils,Pune Warriors,Dr DY Patil Sports Academy,145.91666666666666,0.5,42.32,64.04,34.6
501215,2011-04-18,Chennai Super Kings,Kochi Tuskers Kerala,Nehru Stadium,161.0,1.0,54.5,66.5,40.5
501215,2011-04-18,Kochi Tuskers Kerala,Chennai Super Kings,Nehru Stadium,161.0,1.0,50.333333333333336,66.66666666666667,34.333333333333336
501216,2011-04-19,Deccan Chargers,Delhi Daredevils,Feroz Shah Kotla,164.14285714285714,0.5,51.357142857142854,67.60714285714286,35.107142857142854
501216,2011-04-19,Delhi Daredevils,Deccan Chargers,Feroz Shah Kotla,164.14285714285714,0.5,51.06896551724138,68.24137931034483,35.241379310344826
501218,2011-04-20,Pune Warriors,Mumbai Indians,Wankhede Stadium,151.85714285714286,0.7142857142857143,46.357142857142854,64.35714285714286,34.285714285714285
501218,2011-04-20,Mumbai Indians,Pune Warriors,Wankhede Stadium,151.85714285714286,0.7142857142857143,45.46666666666667,64.53333333333333,33.2
501219,2011-04-20,Kochi Tuskers Kerala,Kolkata Knight Riders,Eden Gardens,146.8125,0.625,41.71875,64.21875,34.46875
501219,2011-04-20,Kolkata Knight Riders,Kochi Tuskers Kerala,Eden Gardens,146.8125,0.625,41.81818181818182,63.93939393939394,34.39393939393939
501220,2011-04-21,Kings XI Punjab,Rajasthan Royals,"Punjab Cricket Association Stadium, Mohali",179.07692307692307,0.5384615384615384,49.65384615384615,74.34615384615384,47.57692307692308
501220,2011-04-21,Rajasthan Royals,Kings XI Punjab,"Punjab Cricket Association Stadium, Mohali",179.07692307692307,0.5384615384615384,50.666666666666664,75.0,46.77777777777778
501222,2011-04-22,Kolkata Knight Riders,Royal Challengers Bangalore,Eden Gardens,145.94117647058823,0.5882352941176471,41.6764705882353,63.5,34.55882352941177
501221,2011-04-22,Mumbai Indians,Chennai Super Kings,Wankhede Stadium,147.625,0.75,44.625,64.0625,33.3125
501221,2011-04-22,Chennai Super Kings,Mumbai Indians,Wankhede Stadium,147.625,0.75,44.35294117647059,64.23529411764706,34.705882352941174
501222,2011-04-22,Royal Challengers Bangalore,Kolkata Knight Riders,Eden Gardens,145.94117647058823,0.5882352941176471,41.91428571428571,63.51428571428571,35.2
501223,2011-04-23,Kings XI Punjab,Delhi Daredevils,Feroz Shah Kotla,164.4,0.4666666666666667,50.63333333333333,68.26666666666667,35.56666666666667
501223,2011-04-23,Delhi Daredevils,Kings XI Punjab,Feroz Shah Kotla,164.4,0.4666666666666667,50.483870967741936,69.3225806451613,36.193548387096776
501225,2011-04-24,Rajasthan Royals,Kochi Tuskers Kerala,Sawai Mansingh Stadium,156.33333333333334,0.75,44.333333333333336,69.0,37.541666666666664
501225,2011-04-24,Kochi Tuskers Kerala,Rajasthan Royals,Sawai Mansingh Stadium,156.33333333333334,0.75,44.08,69.16,36.04
501224,2011-04-24,Mumbai Indians,Deccan Chargers,"Rajiv Gandhi International Stadium, Uppal",169.1,0.7,44.5,70.65,50.85
501224,2011-04-24,Deccan Chargers,Mumbai Indians,"Rajiv Gandhi International Stadium, Uppal",169.1,0.7,45.095238095238095,69.42857142857143,51.76190476190476
501226,2011-04-25,Chennai Super Kings,Pune Warriors,"MA Chidambaram Stadium, Chepauk",166.9375,0.375,47.625,71.53125,43.6875
501226,2011-04-25,Pune Warriors,Chennai Super Kings,"MA Chidambaram Stadium, Chepauk",166.9375,0.375,47.54545454545455,71.0,43.666666666666664
501227,2011-04-26,Delhi Daredevils,Royal Challengers Bangalore,Feroz Shah Kotla,168.5625,0.4375,51.09375,70.375,36.875
501227,2011-04-26,Royal Challengers Bangalore,Delhi Daredevils,Feroz Shah Kotla,168.5625,0.4375,50.81818181818182,70.45454545454545,37.121212121212125
501229,2011-04-27,Deccan Chargers,Kochi Tuskers Kerala,Nehru Stadium,146.0,1.0,50.0,71.5,25.75
501229,2011-04-27,Kochi Tuskers Kerala,Deccan Chargers,Nehru Stadium,146.0,1.0,44.0,71.2,28.4
501228,2011-04-27,Pune Warriors,Chennai Super Kings,Dr DY Patil Sports Academy,149.07692307692307,0.5384615384615384,43.26923076923077,63.92307692307692,35.65384615384615
501228,2011-04-27,Chennai Super Kings,Pune Warriors,Dr DY Patil Sports Academy,149.07692307692307,0.5384615384615384,43.03703703703704,63.55555555555556,36.18518518518518
501230,2011-04-28,Kolkata Knight Riders,Delhi Daredevils,Feroz Shah Kotla,168.05882352941177,0.47058823529411764,51.23529411764706,69.91176470588235,37.3235294117647
501230,2011-04-28,Delhi Daredevils,Kolkata Knight Riders,Feroz Shah Kotla,168.05882352941177,0.47058823529411764,50.97142857142857,69.71428571428571,37.48571428571429
501231,2011-04-29,Mumbai Indians,Rajasthan Royals,Sawai Mansingh Stadium,152.69230769230768,0.7692307692307693,43.61538461538461,68.65384615384616,35.46153846153846
501231,2011-04-29,Rajasthan Royals,Mumbai Indians,Sawai Mansingh Stadium,152.69230769230768,0.7692307692307693,43.148148148148145,67.44444444444444,35.148148148148145
501232,2011-04-29,Royal Challengers Bangalore,Pune Warriors,M Chinnaswamy Stadium,161.13333333333333,0.6,43.7,68.8,40.46666666666667
501232,2011-04-29,Pune Warriors,Royal Challengers Bangalore,M Chinnaswamy Stadium,161.13333333333333,0.6,44.12903225806452,68.54838709677419,41.193548387096776
501234,2011-04-30,Kings XI Punjab,Kolkata Knight Riders,Eden Gardens,147.33333333333334,0.6111111111111112,42.333333333333336,64.38888888888889,34.861111111111114
501234,2011-04-30,Kolkata Knight Riders,Kings XI Punjab,Eden Gardens,147.33333333333334,0.6111111111111112,42.270270270270274,63.891891891891895,34.810810810810814
501233,2011-04-30,Kochi Tuskers Kerala,Delhi Daredevils,Nehru Stadium,140.33333333333334,0.6666666666666666,41.5,66.66666666666667,23.833333333333332
501233,2011-04-30,Delhi Daredevils,Kochi Tuskers Kerala,Nehru Stadium,140.33333333333334,0.6666666666666666,40.857142857142854,65.0,24.285714285714285
501235,2011-05-01,Pune Warriors,Rajasthan Royals,Sawai Mansingh Stadium,148.5,0.7857142857142857,42.25,67.0,34.67857142857143
501235,2011-05-01,Rajasthan Royals,Pune Warriors,Sawai Mansingh Stadium,148.5,0.7857142857142857,42.48275862068966,66.51724137931035,34.89655172413793
501236,2011-05-01,Chennai Super Kings,Deccan Chargers,"MA Chidambaram Stadium, Chepauk",165.47058823529412,0.35294117647058826,47.3235294117647,70.47058823529412,43.088235294117645
501236,2011-05-01,Deccan Chargers,Chennai Super Kings,"MA Chidambaram Stadium, Chepauk",165.47058823529412,0.35294117647058826,46.94285714285714,70.22857142857143,43.82857142857143
501237,2011-05-02,Mumbai Indians,Kings XI Punjab,Wankhede Stadium,149.44444444444446,0.6666666666666666,44.333333333333336,64.83333333333333,34.833333333333336
501237,2011-05-02,Kings XI Punjab,Mumbai Indians,Wankhede Stadium,149.44444444444446,0.6666666666666666,43.8421052631579,65.57894736842105,35.36842105263158
501238,2011-05-02,Delhi Daredevils,Kochi Tuskers Kerala,Feroz Shah Kotla,166.94444444444446,0.4444444444444444,50.69444444444444,69.02777777777777,37.69444444444444
501238,2011-05-02,Kochi Tuskers Kerala,Delhi Daredevils,Feroz Shah Kotla,166.94444444444446,0.4444444444444444,50.45945945945946,68.67567567567568,37.810810810810814
501239,2011-05-03,Deccan Chargers,Kolkata Knight Riders,"Rajiv Gandhi International Stadium, Uppal",169.36363636363637,0.6363636363636364,44.90909090909091,68.95454545454545,51.0
501239,2011-05-03,Kolkata Knight Riders,Deccan Chargers,"Rajiv Gandhi International Stadium, Uppal",169.36363636363637,0.6363636363636364,44.73913043478261,68.8695652173913,50.56521739130435
501240,2011-05-04,Chennai Super Kings,Rajasthan Royals,"MA Chidambaram Stadium, Chepauk",165.44444444444446,0.3333333333333333,47.416666666666664,69.77777777777777,43.388888888888886
501241,2011-05-04,Mumbai Indians,Pune Warriors,Dr DY Patil Sports Academy,148.5,0.5714285714285714,42.5,64.0,36.357142857142854
501240,2011-05-04,Rajasthan Royals,Chennai Super Kings,"MA Chidambaram Stadium, Chepauk",165.44444444444446,0.3333333333333333,47.2972972972973,69.91891891891892,43.054054054054056
501241,2011-05-04,Pune Warriors,Mumbai Indians,Dr DY Patil Sports Academy,148.5,0.5714285714285714,42.724137931034484,63.44827586206897,37.275862068965516
501243,2011-05-05,Delhi Daredevils,Deccan Chargers,"Rajiv Gandhi International Stadium, Uppal",169.33333333333334,0.5833333333333334,44.583333333333336,68.875,50.916666666666664
501243,2011-05-05,Deccan Chargers,Delhi Daredevils,"Rajiv Gandhi International Stadium, Uppal",169.33333333333334,0.5833333333333334,43.96,70.92,50.08
501242,2011-05-05,Kochi Tuskers Kerala,Kolkata Knight Riders,Nehru Stadium,144.5,0.5,40.0,64.375,29.125
501242,2011-05-05,Kolkata Knight Riders,Kochi Tuskers Kerala,Nehru Stadium,144.5,0.5,39.44444444444444,64.22222222222223,32.333333333333336
501244,2011-05-06,Royal Challengers Bangalore,Kings XI Punjab,M Chinnaswamy Stadium,162.375,0.5625,44.0625,68.46875,41.375
501244,2011-05-06,Kings XI Punjab,Royal Challengers Bangalore,M Chinnaswamy Stadium,162.375,0.5625,44.18181818181818,69.63636363636364,41.63636363636363
501245,2011-05-07,Chennai Super Kings,Kolkata Knight Riders,Eden Gardens,145.8421052631579,0.631578947368421,42.3421052631579,63.71052631578947,34.36842105263158
501245,2011-05-07,Kolkata Knight Riders,Chennai Super Kings,Eden Gardens,145.8421052631579,0.631578947368421,41.64102564102564,63.666666666666664,34.43589743589744
501246,2011-05-07,Mumbai Indians,Delhi Daredevils,Wankhede Stadium,150.4,0.6,42.85,66.15,35.35
501246,2011-05-07,Delhi Daredevils,Mumbai Indians,Wankhede Stadium,150.4,0.6,43.19047619047619,66.76190476190476,36.0
501247,2011-05-08,Kochi Tuskers Kerala,Royal Challengers Bangalore,M Chinnaswamy Stadium,164.88235294117646,0.5294117647058824,44.0,69.08823529411765,41.3235294117647
501247,2011-05-08,Royal Challengers Bangalore,Kochi Tuskers Kerala,M Chinnaswamy Stadium,164.88235294117646,0.5294117647058824,44.142857142857146,68.48571428571428,40.94285714285714
501248,2011-05-08,Kings XI Punjab,Pune Warriors,"Punjab Cricket Association Stadium, Mohali",180.21428571428572,0.5,50.464285714285715,74.75,46.32142857142857
501248,2011-05-08,Pune Warriors,Kings XI Punjab,"Punjab Cricket Association Stadium, Mohali",180.21428571428572,0.5,49.89655172413793,74.3103448275862,45.51724137931034
501249,2011-05-09,Chennai Super Kings,Rajasthan Royals,Sawai Mansingh Stadium,148.13333333333333,0.8,42.2,66.23333333333333,35.46666666666667
501249,2011-05-09,Rajasthan Royals,Chennai Super Kings,Sawai Mansingh Stadium,148.13333333333333,0.8,42.61290322580645,66.70967741935483,36.25806451612903
501251,2011-05-10,Kings XI Punjab,Mumbai Indians,"Punjab Cricket Association Stadium, Mohali",176.13333333333333,0.5333333333333333,49.56666666666667,74.3,44.2
501251,2011-05-10,Mumbai Indians,Kings XI Punjab,"Punjab Cricket Association Stadium, Mohali",176.13333333333333,0.5333333333333333,49.225806451612904,74.64516129032258,44.03225806451613
501250,2011-05-10,Deccan Chargers,Pune Warriors,"Rajiv Gandhi International Stadium, Uppal",169.76923076923077,0.6153846153846154,43.92307692307692,71.34615384615384,50.07692307692308
501250,2011-05-10,Pune Warriors,Deccan Chargers,"Rajiv Gandhi International Stadium, Uppal",169.76923076923077,0.6153846153846154,44.148148148148145,70.55555555555556,49.55555555555556
501252,2011-05-11,Rajasthan Royals,Royal Challengers Bangalore,Sawai Mansingh Stadium,151.125,0.75,42.78125,66.6875,35.71875
501252,2011-05-11,Royal Challengers Bangalore,Rajasthan Royals,Sawai Mansingh Stadium,151.125,0.75,42.78787878787879,66.75757575757575,35.666666666666664
501253,2011-05-12,Chennai Super Kings,Delhi Daredevils,"MA Chidambaram Stadium, Chepauk",164.47368421052633,0.3684210526315789,47.28947368421053,69.8157894736842,42.81578947368421
501253,2011-05-12,Delhi Daredevils,Chennai Super Kings,"MA Chidambaram Stadium, Chepauk",164.47368421052633,0.3684210526315789,47.15384615384615,69.64102564102564,43.53846153846154
501254,2011-05-13,Kochi Tuskers Kerala,Kings XI Punjab,Holkar Cricket Stadium,,,,,
501254,2011-05-13,Kings XI Punjab,Kochi Tuskers Kerala,Holkar Cricket Stadium,,,62.0,68.0,48.0
501256,2011-05-14,Mumbai Indians,Deccan Chargers,Wankhede Stadium,152.9090909090909,0.5454545454545454,42.27272727272727,67.18181818181819,36.5
501256,2011-05-14,Deccan Chargers,Mumbai Indians,Wankhede Stadium,152.9090909090909,0.5454545454545454,41.56521739130435,66.43478260869566,37.04347826086956
501255,2011-05-14,Royal Challengers Bangalore,Kolkata Knight Riders,M Chinnaswamy Stadium,162.66666666666666,0.5555555555555556,45.111111111111114,67.94444444444444,39.80555555555556
501255,2011-05-14,Kolkata Knight Riders,Royal Challengers Bangalore,M Chinnaswamy Stadium,162.66666666666666,0.5555555555555556,45.648648648648646,67.1891891891892,38.729729729729726
501257,2011-05-15,Kings XI Punjab,Delhi Daredevils,Himachal Pradesh Cricket Association Stadium,183.0,1.0,46.5,76.0,62.25
501257,2011-05-15,Delhi Daredevils,Kings XI Punjab,Himachal Pradesh Cricket Association Stadium,183.0,1.0,45.8,77.4,58.6
501258,2011-05-15,Rajasthan Royals,Kochi Tuskers Kerala,Holkar Cricket Stadium,178.0,1.0,55.5,82.0,42.0
501258,2011-05-15,Kochi Tuskers Kerala,Rajasthan Royals,Holkar Cricket Stadium,178.0,1.0,47.666666666666664,73.0,31.333333333333332
501259,2011-05-16,Deccan Chargers,Pune Warriors,Dr DY Patil Sports Academy,149.26666666666668,0.5333333333333333,42.333333333333336,63.3,37.666666666666664
501259,2011-05-16,Pune Warriors,Deccan Chargers,Dr DY Patil Sports Academy,149.26666666666668,0.5333333333333333,42.806451612903224,62.903225806451616,37.41935483870968
501260,2011-05-17,Royal Challengers Bangalore,Kings XI Punjab,Himachal Pradesh Cricket Association Stadium,178.66666666666666,0.6666666666666666,45.166666666666664,73.66666666666667,56.166666666666664
501260,2011-05-17,Kings XI Punjab,Royal Challengers Bangalore,Himachal Pradesh Cricket Association Stadium,178.66666666666666,0.6666666666666666,43.57142857142857,72.14285714285714,51.57142857142857
501261,2011-05-18,Chennai Super Kings,Kochi Tuskers Kerala,"MA Chidambaram Stadium, Chepauk",165.05,0.35,47.275,69.275,43.725
501261,2011-05-18,Kochi Tuskers Kerala,Chennai Super Kings,"MA Chidambaram Stadium, Chepauk",165.05,0.35,47.1219512195122,69.04878048780488,43.90243902439025
501262,2011-05-19,Pune Warriors,Kolkata Knight Riders,Dr DY Patil Sports Academy,148.4375,0.5625,42.6875,62.59375,37.625
501262,2011-05-19,Kolkata Knight Riders,Pune Warriors,Dr DY Patil Sports Academy,148.4375,0.5625,42.27272727272727,62.27272727272727,37.60606060606061
501263,2011-05-20,Mumbai Indians,Rajasthan Royals,Wankhede Stadium,151.41666666666666,0.5,41.166666666666664,65.75,37.708333333333336
501263,2011-05-20,Rajasthan Royals,Mumbai Indians,Wankhede Stadium,151.41666666666666,0.5,40.56,65.84,37.76
501264,2011-05-21,Deccan Chargers,Kings XI Punjab,Himachal Pradesh Cricket Association Stadium,192.0,0.5,41.875,81.0,52.5
501264,2011-05-21,Kings XI Punjab,Deccan Chargers,Himachal Pradesh Cricket Association Stadium,192.0,0.5,43.666666666666664,81.88888888888889,52.333333333333336
501267,2011-05-22,Mumbai Indians,Kolkata Knight Riders,Eden Gardens,144.25,0.65,41.425,62.775,33.575
501267,2011-05-22,Kolkata Knight Riders,Mumbai Indians,Eden Gardens,144.25,0.65,41.73170731707317,62.609756097560975,34.41463414634146
501266,2011-05-22,Chennai Super Kings,Royal Challengers Bangalore,M Chinnaswamy Stadium,158.78947368421052,0.5789473684210527,45.31578947368421,66.89473684210526,37.71052631578947
501266,2011-05-22,Royal Challengers Bangalore,Chennai Super Kings,M Chinnaswamy Stadium,158.78947368421052,0.5789473684210527,44.743589743589745,66.61538461538461,38.0
501268,2011-05-24,Royal Challengers Bangalore,Chennai Super Kings,Wankhede Stadium,150.0,0.5384615384615384,41.0,66.46153846153847,36.30769230769231
501268,2011-05-24,Chennai Super Kings,Royal Challengers Bangalore,Wankhede Stadium,150.0,0.5384615384615384,41.111111111111114,66.88888888888889,36.925925925925924
501269,2011-05-25,Mumbai Indians,Kolkata Knight Riders,Wankhede Stadium,151.78571428571428,0.5714285714285714,40.535714285714285,67.53571428571429,38.0
501269,2011-05-25,Kolkata Knight Riders,Mumbai Indians,Wankhede Stadium,151.78571428571428,0.5714285714285714,41.275862068965516,67.20689655172414,37.6551724137931
501270,2011-05-27,Mumbai Indians,Royal Challengers Bangalore,"MA Chidambaram Stadium, Chepauk",164.42857142857142,0.3333333333333333,46.95238095238095,68.5952380952381,44.07142857142857
501270,2011-05-27,Royal Challengers Bangalore,Mumbai Indians,"MA Chidambaram Stadium, Chepauk",164.42857142857142,0.3333333333333333,47.06976744186046,68.18604651162791,43.95348837209303
501271,2011-05-28,Chennai Super Kings,Royal Challengers Bangalore,"MA Chidambaram Stadium, Chepauk",165.36363636363637,0.3181818181818182,47.54545454545455,68.5,43.75
501271,2011-05-28,Royal Challengers Bangalore,Chennai Super Kings,"MA Chidambaram Stadium, Chepauk",165.36363636363637,0.3181818181818182,47.733333333333334,69.31111111111112,43.75555555555555
548306,2012-04-04,Chennai Super Kings,Mumbai Indians,"MA Chidambaram Stadium, Chepauk",167.08695652173913,0.30434782608695654,47.71739130434783,69.1086956521739,43.67391304347826
548306,2012-04-04,Mumbai Indians,Chennai Super Kings,"MA Chidambaram Stadium, Chepauk",167.08695652173913,0.30434782608695654,47.59574468085106,68.76595744680851,43.1063829787234
548307,2012-04-05,Kolkata Knight Riders,Delhi Daredevils,Eden Gardens,145.71428571428572,0.6666666666666666,41.833333333333336,62.904761904761905,34.88095238095238
548307,2012-04-05,Delhi Daredevils,Kolkata Knight Riders,Eden Gardens,145.71428571428572,0.6666666666666666,41.93023255813954,62.627906976744185,34.06976744186046
548308,2012-04-06,Pune Warriors,Mumbai Indians,Wankhede Stadium,151.46666666666667,0.6,40.733333333333334,67.53333333333333,37.9
548308,2012-04-06,Mumbai Indians,Pune Warriors,Wankhede Stadium,151.46666666666667,0.6,40.38709677419355,67.3225806451613,37.903225806451616
548309,2012-04-06,Rajasthan Royals,Kings XI Punjab,Sawai Mansingh Stadium,150.8235294117647,0.7647058823529411,43.470588235294116,66.55882352941177,35.35294117647059
548309,2012-04-06,Kings XI Punjab,Rajasthan Royals,Sawai Mansingh Stadium,150.8235294117647,0.7647058823529411,43.857142857142854,66.65714285714286,36.17142857142857
548310,2012-04-07,Royal Challengers Bangalore,Delhi Daredevils,M Chinnaswamy Stadium,157.25,0.6,44.725,66.45,37.675
548310,2012-04-07,Delhi Daredevils,Royal Challengers Bangalore,M Chinnaswamy Stadium,157.25,0.6,44.75609756097561,66.34146341463415,37.951219512195124
548311,2012-04-07,Chennai Super Kings,Deccan Chargers,Dr. Y.S. Rajasekhara Reddy ACA-VDCA Cricket Stadium,,,,,
548311,2012-04-07,Deccan Chargers,Chennai Super Kings,Dr. Y.S. Rajasekhara Reddy ACA-VDCA Cricket Stadium,,,44.0,77.0,72.0
548313,2012-04-08,Kings XI Punjab,Pune Warriors,Subrata Roy Sahara Stadium,,,,,
548313,2012-04-08,Pune Warriors,Kings XI Punjab,Subrata Roy Sahara Stadium,,,19.0,80.0,45.0
548312,2012-04-08,Kolkata Knight Riders,Rajasthan Royals,Sawai Mansingh Stadium,153.05555555555554,0.7222222222222222,43.888888888888886,66.80555555555556,36.361111111111114
548312,2012-04-08,Rajasthan Royals,Kolkata Knight Riders,Sawai Mansingh Stadium,153.05555555555554,0.7222222222222222,43.432432432432435,66.8108108108108,36.67567567567568
548314,2012-04-09,Deccan Chargers,Mumbai Indians,Dr. Y.S. Rajasekhara Reddy ACA-VDCA Cricket Stadium,193.0,0.0,44.5,66.5,45.0
548314,2012-04-09,Mumbai Indians,Deccan Chargers,Dr. Y.S. Rajasekhara Reddy ACA-VDCA Cricket Stadium,193.0,0.0,44.666666666666664,61.333333333333336,44.0
548315,2012-04-10,Kolkata Knight Riders,Royal Challengers Bangalore,M Chinnaswamy Stadium,157.23809523809524,0.5714285714285714,44.785714285714285,65.83333333333333,38.142857142857146
548315,2012-04-10,Royal Challengers Bangalore,Kolkata Knight Riders,M Chinnaswamy Stadium,157.23809523809524,0.5714285714285714,45.13953488372093,65.88372093023256,38.116279069767444
548316,2012-04-10,Chennai Super Kings,Delhi Daredevils,Feroz Shah Kotla,165.52631578947367,0.47368421052631576,50.89473684210526,68.8157894736842,36.81578947368421
548316,2012-04-10,Delhi Daredevils,Chennai Super Kings,Feroz Shah Kotla,165.52631578947367,0.47368421052631576,50.64102564102564,68.05128205128206,36.64102564102564
548317,2012-04-11,Mumbai Indians,Rajasthan Royals,Wankhede Stadium,150.0625,0.5625,39.96875,66.6875,37.5625
548317,2012-04-11,Rajasthan Royals,Mumbai Indians,Wankhede Stadium,150.0625,0.5625,40.39393939393939,67.18181818181819,38.24242424242424
548318,2012-04-12,Royal Challengers Bangalore,Chennai Super Kings,"MA Chidambaram Stadium, Chepauk",164.79166666666666,0.3333333333333333,47.708333333333336,68.3125,42.520833333333336
548318,2012-04-12,Chennai Super Kings,Royal Challengers Bangalore,"MA Chidambaram Stadium, Chepauk",164.79166666666666,0.3333333333333333,47.87755102040816,68.81632653061224,42.795918367346935
548319,2012-04-12,Pune Warriors,Kings XI Punjab,"Punjab Cricket Association Stadium, Mohali",175.3125,0.5,48.71875,74.0,42.65625
548319,2012-04-12,Kings XI Punjab,Pune Warriors,"Punjab Cricket Association Stadium, Mohali",175.3125,0.5,48.121212121212125,73.78787878787878,41.93939393939394
548320,2012-04-13,Rajasthan Royals,Kolkata Knight Riders,Eden Gardens,143.5,0.6818181818181818,42.06818181818182,62.38636363636363,33.29545454545455
548320,2012-04-13,Kolkata Knight Riders,Rajasthan Royals,Eden Gardens,143.5,0.6818181818181818,42.13333333333333,61.888888888888886,33.577777777777776
548322,2012-04-14,Pune Warriors,Chennai Super Kings,Subrata Roy Sahara Stadium,166.0,0.0,28.5,77.5,49.0
548322,2012-04-14,Chennai Super Kings,Pune Warriors,Subrata Roy Sahara Stadium,166.0,0.0,37.666666666666664,68.33333333333333,49.333333333333336
548323,2012-04-15,Kings XI Punjab,Kolkata Knight Riders,Eden Gardens,142.95652173913044,0.6956521739130435,42.0,61.82608695652174,33.76086956521739
548323,2012-04-15,Kolkata Knight Riders,Kings XI Punjab,Eden Gardens,142.95652173913044,0.6956521739130435,41.659574468085104,61.808510638297875,34.04255319148936
548324,2012-04-15,Rajasthan Royals,Royal Challengers Bangalore,M Chinnaswamy Stadium,157.5909090909091,0.5454545454545454,44.56818181818182,65.77272727272727,38.20454545454545
548324,2012-04-15,Royal Challengers Bangalore,Rajasthan Royals,M Chinnaswamy Stadium,157.5909090909091,0.5454545454545454,44.53333333333333,65.86666666666666,39.17777777777778
548325,2012-04-16,Mumbai Indians,Delhi Daredevils,Wankhede Stadium,152.8235294117647,0.5294117647058824,40.5,67.91176470588235,38.11764705882353
548325,2012-04-16,Delhi Daredevils,Mumbai Indians,Wankhede Stadium,152.8235294117647,0.5294117647058824,40.0,67.57142857142857,37.4
548326,2012-04-17,Rajasthan Royals,Deccan Chargers,Sawai Mansingh Stadium,153.6315789473684,0.6842105263157895,43.26315789473684,67.13157894736842,36.973684210526315
548326,2012-04-17,Deccan Chargers,Rajasthan Royals,Sawai Mansingh Stadium,153.6315789473684,0.6842105263157895,43.743589743589745,67.25641025641026,37.64102564102564
548327,2012-04-17,Pune Warriors,Royal Challengers Bangalore,M Chinnaswamy Stadium,159.2173913043478,0.5217391304347826,44.73913043478261,65.54347826086956,39.0
548327,2012-04-17,Royal Challengers Bangalore,Pune Warriors,M Chinnaswamy Stadium,159.2173913043478,0.5217391304347826,45.02127659574468,65.76595744680851,39.191489361702125
548328,2012-04-18,Kings XI Punjab,Kolkata Knight Riders,"Punjab Cricket Association Stadium, Mohali",171.76470588235293,0.5294117647058824,47.8235294117647,73.08823529411765,41.529411764705884
548328,2012-04-18,Kolkata Knight Riders,Kings XI Punjab,"Punjab Cricket Association Stadium, Mohali",171.76470588235293,0.5294117647058824,47.74285714285714,72.25714285714285,41.34285714285714
548330,2012-04-19,Chennai Super Kings,Pune Warriors,"MA Chidambaram Stadium, Chepauk",166.4,0.36,47.96,69.02,43.48
548330,2012-04-19,Pune Warriors,Chennai Super Kings,"MA Chidambaram Stadium, Chepauk",166.4,0.36,47.84313725490196,69.09803921568627,43.588235294117645
548321,2012-04-19,Deccan Chargers,Delhi Daredevils,Feroz Shah Kotla,162.75,0.5,50.625,67.875,35.725
548321,2012-04-19,Delhi Daredevils,Deccan Chargers,Feroz Shah Kotla,162.75,0.5,50.609756097560975,67.92682926829268,35.75609756097561
548331,2012-04-20,Royal Challengers Bangalore,Kings XI Punjab,"Punjab Cricket Association Stadium, Mohali",169.11111111111111,0.5555555555555556,47.888888888888886,71.75,40.75
548331,2012-04-20,Kings XI Punjab,Royal Challengers Bangalore,"Punjab Cricket Association Stadium, Mohali",169.11111111111111,0.5555555555555556,47.567567567567565,71.97297297297297,41.0
548332,2012-04-21,Rajasthan Royals,Chennai Super Kings,"MA Chidambaram Stadium, Chepauk",166.30769230769232,0.34615384615384615,47.94230769230769,68.8076923076923,43.59615384615385
548332,2012-04-21,Chennai Super Kings,Rajasthan Royals,"MA Chidambaram Stadium, Chepauk",166.30769230769232,0.34615384615384615,47.81132075471698,68.75471698113208,43.509433962264154
548333,2012-04-21,Pune Warriors,Delhi Daredevils,Feroz Shah Kotla,162.47619047619048,0.5238095238095238,50.214285714285715,68.23809523809524,36.023809523809526
548333,2012-04-21,Delhi Daredevils,Pune Warriors,Feroz Shah Kotla,162.47619047619048,0.5238095238095238,50.25581395348837,68.34883720930233,36.74418604651163
548334,2012-04-22,Mumbai Indians,Kings XI Punjab,Wankhede Stadium,149.44444444444446,0.5555555555555556,40.02777777777778,67.13888888888889,36.361111111111114
548334,2012-04-22,Kings XI Punjab,Mumbai Indians,Wankhede Stadium,149.44444444444446,0.5555555555555556,40.0,67.75675675675676,36.2972972972973
548335,2012-04-22,Deccan Chargers,Kolkata Knight Riders,Barabati Stadium,170.5,0.0,44.5,69.0,53.0
548335,2012-04-22,Kolkata Knight Riders,Deccan Chargers,Barabati Stadium,170.5,0.0,43.4,67.0,48.0
548336,2012-04-23,Royal Challengers Bangalore,Rajasthan Royals,Sawai Mansingh Stadium,155.75,0.7,44.075,67.125,38.625
548336,2012-04-23,Rajasthan Royals,Royal Challengers Bangalore,Sawai Mansingh Stadium,155.75,0.7,43.90243902439025,67.1951219512195,39.68292682926829
548337,2012-04-24,Pune Warriors,Delhi Daredevils,Subrata Roy Sahara Stadium,160.5,0.5,39.0,69.0,47.25
548337,2012-04-24,Delhi Daredevils,Pune Warriors,Subrata Roy Sahara Stadium,160.5,0.5,36.8,68.6,48.0
548339,2012-04-25,Kings XI Punjab,Mumbai Indians,"Punjab Cricket Association Stadium, Mohali",168.78947368421052,0.5789473684210527,47.39473684210526,71.76315789473684,41.44736842105263
548339,2012-04-25,Mumbai Indians,Kings XI Punjab,"Punjab Cricket Association Stadium, Mohali",168.78947368421052,0.5789473684210527,47.30769230769231,71.35897435897436,42.12820512820513
548341,2012-04-26,Pune Warriors,Deccan Chargers,Subrata Roy Sahara Stadium,155.66666666666666,0.6666666666666666,40.833333333333336,69.33333333333333,42.333333333333336
548341,2012-04-26,Deccan Chargers,Pune Warriors,Subrata Roy Sahara Stadium,155.66666666666666,0.6666666666666666,41.285714285714285,67.57142857142857,44.57142857142857
548342,2012-04-27,Delhi Daredevils,Mumbai Indians,Feroz Shah Kotla,163.8181818181818,0.5,50.22727272727273,68.6590909090909,36.84090909090909
548342,2012-04-27,Mumbai Indians,Delhi Daredevils,Feroz Shah Kotla,163.8181818181818,0.5,50.31111111111111,69.33333333333333,37.22222222222222
548343,2012-04-28,Kings XI Punjab,Chennai Super Kings,"MA Chidambaram Stadium, Chepauk",165.55555555555554,0.37037037037037035,47.75925925925926,68.57407407407408,43.5
548343,2012-04-28,Chennai Super Kings,Kings XI Punjab,"MA Chidambaram Stadium, Chepauk",165.55555555555554,0.37037037037037035,47.67272727272727,68.74545454545455,43.345454545454544
548344,2012-04-28,Kolkata Knight Riders,Royal Challengers Bangalore,Eden Gardens,142.58333333333334,0.6666666666666666,41.791666666666664,61.479166666666664,34.125
548344,2012-04-28,Royal Challengers Bangalore,Kolkata Knight Riders,Eden Gardens,142.58333333333334,0.6666666666666666,41.87755102040816,62.02040816326531,34.57142857142857
548345,2012-04-29,Rajasthan Royals,Delhi Daredevils,Feroz Shah Kotla,165.69565217391303,0.4782608695652174,50.28260869565217,69.78260869565217,37.08695652173913
548345,2012-04-29,Delhi Daredevils,Rajasthan Royals,Feroz Shah Kotla,165.69565217391303,0.4782608695652174,50.06382978723404,69.74468085106383,37.212765957446805
548346,2012-04-29,Deccan Chargers,Mumbai Indians,Wankhede Stadium,150.1578947368421,0.5789473684210527,40.21052631578947,67.84210526315789,36.526315789473685
548346,2012-04-29,Mumbai Indians,Deccan Chargers,Wankhede Stadium,150.1578947368421,0.5789473684210527,40.15384615384615,67.23076923076923,36.05128205128205
548347,2012-04-30,Chennai Super Kings,Kolkata Knight Riders,"MA Chidambaram Stadium, Chepauk",165.21428571428572,0.35714285714285715,47.67857142857143,68.42857142857143,43.464285714285715
548347,2012-04-30,Kolkata Knight Riders,Chennai Super Kings,"MA Chidambaram Stadium, Chepauk",165.21428571428572,0.35714285714285715,47.59649122807018,68.19298245614036,43.421052631578945
548348,2012-05-01,Pune Warriors,Deccan Chargers,Barabati Stadium,155.66666666666666,0.3333333333333333,43.166666666666664,65.0,45.0
548349,2012-05-01,Rajasthan Royals,Delhi Daredevils,Sawai Mansingh Stadium,157.33333333333334,0.6666666666666666,44.0,66.9047619047619,39.69047619047619
548348,2012-05-01,Deccan Chargers,Pune Warriors,Barabati Stadium,155.66666666666666,0.3333333333333333,43.857142857142854,65.42857142857143,46.714285714285715
548349,2012-05-01,Delhi Daredevils,Rajasthan Royals,Sawai Mansingh Stadium,157.33333333333334,0.6666666666666666,44.27906976744186,66.46511627906976,39.627906976744185
548350,2012-05-02,Royal Challengers Bangalore,Kings XI Punjab,M Chinnaswamy Stadium,160.16666666666666,0.5416666666666666,44.958333333333336,65.95833333333333,39.8125
548350,2012-05-02,Kings XI Punjab,Royal Challengers Bangalore,M Chinnaswamy Stadium,160.16666666666666,0.5416666666666666,44.714285714285715,66.42857142857143,39.734693877551024
548351,2012-05-03,Pune Warriors,Mumbai Indians,Subrata Roy Sahara Stadium,161.0,0.5,42.375,68.125,45.875
548351,2012-05-03,Mumbai Indians,Pune Warriors,Subrata Roy Sahara Stadium,161.0,0.5,41.77777777777778,64.88888888888889,45.55555555555556
548352,2012-05-04,Deccan Chargers,Chennai Super Kings,"MA Chidambaram Stadium, Chepauk",164.31034482758622,0.3793103448275862,47.41379310344828,68.15517241379311,43.310344827586206
548352,2012-05-04,Chennai Super Kings,Deccan Chargers,"MA Chidambaram Stadium, Chepauk",164.31034482758622,0.3793103448275862,47.40677966101695,67.9322033898305,43.389830508474574
548353,2012-05-05,Kolkata Knight Riders,Pune Warriors,Eden Gardens,144.48,0.64,41.74,61.82,35.0
548353,2012-05-05,Pune Warriors,Kolkata Knight Riders,Eden Gardens,144.48,0.64,42.254901960784316,61.64705882352941,34.88235294117647
548354,2012-05-05,Rajasthan Royals,Kings XI Punjab,"Punjab Cricket Association Stadium, Mohali",168.75,0.6,47.125,71.225,42.7
548354,2012-05-05,Kings XI Punjab,Rajasthan Royals,"Punjab Cricket Association Stadium, Mohali",168.75,0.6,47.53658536585366,71.0,42.90243902439025
548355,2012-05-06,Chennai Super Kings,Mumbai Indians,Wankhede Stadium,147.65,0.6,39.925,66.7,35.75
548355,2012-05-06,Mumbai Indians,Chennai Super Kings,Wankhede Stadium,147.65,0.6,40.21951219512195,66.8048780487805,36.09756097560975
548356,2012-05-06,Deccan Chargers,Royal Challengers Bangalore,M Chinnaswamy Stadium,160.08,0.56,44.88,66.68,39.56
548356,2012-05-06,Royal Challengers Bangalore,Deccan Chargers,M Chinnaswamy Stadium,160.08,0.56,44.90196078431372,66.76470588235294,40.03921568627451
548357,2012-05-07,Kolkata Knight Riders,Delhi Daredevils,Feroz Shah Kotla,165.125,0.4583333333333333,49.895833333333336,69.60416666666667,37.416666666666664
548357,2012-05-07,Delhi Daredevils,Kolkata Knight Riders,Feroz Shah Kotla,165.125,0.4583333333333333,50.10204081632653,69.57142857142857,37.183673469387756
548358,2012-05-08,Pune Warriors,Rajasthan Royals,Subrata Roy Sahara Stadium,152.8,0.4,41.8,63.4,43.8
548358,2012-05-08,Rajasthan Royals,Pune Warriors,Subrata Roy Sahara Stadium,152.8,0.4,41.18181818181818,62.72727272727273,42.90909090909091
548359,2012-05-08,Kings XI Punjab,Deccan Chargers,"Rajiv Gandhi International Stadium, Uppal",167.35714285714286,0.6428571428571429,44.42857142857143,70.17857142857143,48.67857142857143
548359,2012-05-08,Deccan Chargers,Kings XI Punjab,"Rajiv Gandhi International Stadium, Uppal",167.35714285714286,0.6428571428571429,44.6551724137931,70.44827586206897,48.41379310344828
548360,2012-05-09,Mumbai Indians,Royal Challengers Bangalore,Wankhede Stadium,148.85714285714286,0.6190476190476191,40.357142857142854,67.23809523809524,36.26190476190476
548360,2012-05-09,Royal Challengers Bangalore,Mumbai Indians,Wankhede Stadium,148.85714285714286,0.6190476190476191,40.0,67.30232558139535,36.48837209302326
548361,2012-05-10,Chennai Super Kings,Rajasthan Royals,Sawai Mansingh Stadium,156.5909090909091,0.6818181818181818,44.65909090909091,66.61363636363636,38.95454545454545
548361,2012-05-10,Rajasthan Royals,Chennai Super Kings,Sawai Mansingh Stadium,156.5909090909091,0.6818181818181818,44.46666666666667,66.04444444444445,39.2
548329,2012-05-10,Deccan Chargers,Delhi Daredevils,"Rajiv Gandhi International Stadium, Uppal",167.53333333333333,0.6,44.5,70.06666666666666,48.333333333333336
548329,2012-05-10,Delhi Daredevils,Deccan Chargers,"Rajiv Gandhi International Stadium, Uppal",167.53333333333333,0.6,44.12903225806452,70.83870967741936,48.70967741935484
548362,2012-05-11,Royal Challengers Bangalore,Pune Warriors,Subrata Roy Sahara Stadium,148.16666666666666,0.5,41.833333333333336,62.75,40.5
548362,2012-05-11,Pune Warriors,Royal Challengers Bangalore,Subrata Roy Sahara Stadium,148.16666666666666,0.5,43.69230769230769,62.76923076923077,40.76923076923077
548363,2012-05-12,Mumbai Indians,Kolkata Knight Riders,Eden Gardens,144.69230769230768,0.6153846153846154,42.30769230769231,61.69230769230769,34.86538461538461
548363,2012-05-12,Kolkata Knight Riders,Mumbai Indians,Eden Gardens,144.69230769230768,0.6153846153846154,42.43396226415094,62.094339622641506,35.15094339622642
548364,2012-05-12,Delhi Daredevils,Chennai Super Kings,"MA Chidambaram Stadium, Chepauk",164.16666666666666,0.36666666666666664,47.55,67.93333333333334,43.266666666666666
548364,2012-05-12,Chennai Super Kings,Delhi Daredevils,"MA Chidambaram Stadium, Chepauk",164.16666666666666,0.36666666666666664,47.21311475409836,67.65573770491804,43.14754098360656
548365,2012-05-13,Rajasthan Royals,Pune Warriors,Sawai Mansingh Stadium,155.2608695652174,0.6956521739130435,44.108695652173914,65.93478260869566,39.15217391304348
548365,2012-05-13,Pune Warriors,Rajasthan Royals,Sawai Mansingh Stadium,155.2608695652174,0.6956521739130435,44.12765957446808,66.25531914893617,39.255319148936174
548366,2012-05-13,Deccan Chargers,Kings XI Punjab,"Punjab Cricket Association Stadium, Mohali",169.14285714285714,0.5714285714285714,47.19047619047619,70.83333333333333,42.76190476190476
548366,2012-05-13,Kings XI Punjab,Deccan Chargers,"Punjab Cricket Association Stadium, Mohali",169.14285714285714,0.5714285714285714,47.18604651162791,71.02325581395348,43.25581395348837
548368,2012-05-14,Kolkata Knight Riders,Chennai Super Kings,Eden Gardens,146.07407407407408,0.5925925925925926,42.24074074074074,62.31481481481482,35.407407407407405
548367,2012-05-14,Royal Challengers Bangalore,Mumbai Indians,M Chinnaswamy Stadium,160.8846153846154,0.5769230769230769,44.92307692307692,66.76923076923077,40.65384615384615
548367,2012-05-14,Mumbai Indians,Royal Challengers Bangalore,M Chinnaswamy Stadium,160.8846153846154,0.5769230769230769,44.83018867924528,66.77358490566037,41.094339622641506
548368,2012-05-14,Chennai Super Kings,Kolkata Knight Riders,Eden Gardens,146.07407407407408,0.5925925925925926,42.38181818181818,62.30909090909091,35.6
548369,2012-05-15,Delhi Daredevils,Kings XI Punjab,Feroz Shah Kotla,164.64,0.48,50.1,69.34,37.34
548369,2012-05-15,Kings XI Punjab,Delhi Daredevils,Feroz Shah Kotla,164.64,0.48,49.84313725490196,69.27450980392157,37.333333333333336
548370,2012-05-16,Kolkata Knight Riders,Mumbai Indians,Wankhede Stadium,148.5,0.6363636363636364,39.88636363636363,67.5,36.36363636363637
548370,2012-05-16,Mumbai Indians,Kolkata Knight Riders,Wankhede Stadium,148.5,0.6363636363636364,39.71111111111111,67.37777777777778,36.577777777777776
548371,2012-05-17,Chennai Super Kings,Kings XI Punjab,Himachal Pradesh Cricket Association Stadium,193.2,0.4,43.8,79.1,48.8
548371,2012-05-17,Kings XI Punjab,Chennai Super Kings,Himachal Pradesh Cricket Association Stadium,193.2,0.4,42.09090909090909,76.63636363636364,48.27272727272727
548372,2012-05-17,Royal Challengers Bangalore,Delhi Daredevils,Feroz Shah Kotla,163.53846153846155,0.5,49.78846153846154,68.9423076923077,37.32692307692308
548372,2012-05-17,Delhi Daredevils,Royal Challengers Bangalore,Feroz Shah Kotla,163.53846153846155,0.5,49.64150943396226,69.43396226415095,38.094339622641506
548373,2012-05-18,Deccan Chargers,Rajasthan Royals,"Rajiv Gandhi International Stadium, Uppal",168.75,0.625,44.75,71.84375,48.0
548373,2012-05-18,Rajasthan Royals,Deccan Chargers,"Rajiv Gandhi International Stadium, Uppal",168.75,0.625,45.15151515151515,70.9090909090909,47.42424242424242
548374,2012-05-19,Kings XI Punjab,Delhi Daredevils,Himachal Pradesh Cricket Association Stadium,181.0,0.5,42.166666666666664,76.16666666666667,45.0
548374,2012-05-19,Delhi Daredevils,Kings XI Punjab,Himachal Pradesh Cricket Association Stadium,181.0,0.5,40.46153846153846,75.23076923076923,45.92307692307692
548375,2012-05-19,Kolkata Knight Riders,Pune Warriors,Subrata Roy Sahara Stadium,151.71428571428572,0.42857142857142855,44.142857142857146,62.214285714285715,40.214285714285715
548375,2012-05-19,Pune Warriors,Kolkata Knight Riders,Subrata Roy Sahara Stadium,151.71428571428572,0.42857142857142855,43.0,63.0,39.86666666666667
548377,2012-05-20,Mumbai Indians,Rajasthan Royals,Sawai Mansingh Stadium,155.875,0.6666666666666666,43.895833333333336,66.20833333333333,39.020833333333336
548376,2012-05-20,Deccan Chargers,Royal Challengers Bangalore,"Rajiv Gandhi International Stadium, Uppal",166.23529411764707,0.6470588235294118,45.029411764705884,70.3529411764706,47.0
548376,2012-05-20,Royal Challengers Bangalore,Deccan Chargers,"Rajiv Gandhi International Stadium, Uppal",166.23529411764707,0.6470588235294118,44.4,69.82857142857142,47.285714285714285
548377,2012-05-20,Rajasthan Royals,Mumbai Indians,Sawai Mansingh Stadium,155.875,0.6666666666666666,43.89795918367347,66.81632653061224,38.69387755102041
548378,2012-05-22,Delhi Daredevils,Kolkata Knight Riders,Subrata Roy Sahara Stadium,149.75,0.375,42.8125,61.6875,38.625
548378,2012-05-22,Kolkata Knight Riders,Delhi Daredevils,Subrata Roy Sahara Stadium,149.75,0.375,43.1764705882353,61.588235294117645,38.411764705882355
548379,2012-05-23,Chennai Super Kings,Mumbai Indians,M Chinnaswamy Stadium,161.25925925925927,0.5925925925925926,44.592592592592595,66.9074074074074,41.574074074074076
548379,2012-05-23,Mumbai Indians,Chennai Super Kings,M Chinnaswamy Stadium,161.25925925925927,0.5925925925925926,44.32727272727273,67.21818181818182,42.14545454545455
548380,2012-05-25,Chennai Super Kings,Delhi Daredevils,"MA Chidambaram Stadium, Chepauk",162.5483870967742,0.3870967741935484,47.17741935483871,67.64516129032258,42.5
548380,2012-05-25,Delhi Daredevils,Chennai Super Kings,"MA Chidambaram Stadium, Chepauk",162.5483870967742,0.3870967741935484,47.25396825396825,68.31746031746032,42.77777777777778
548381,2012-05-27,Chennai Super Kings,Kolkata Knight Riders,"MA Chidambaram Stadium, Chepauk",164.40625,0.375,47.234375,68.53125,42.234375
548381,2012-05-27,Kolkata Knight Riders,Chennai Super Kings,"MA Chidambaram Stadium, Chepauk",164.40625,0.375,47.33846153846154,68.73846153846154,42.41538461538462
597998,2013-04-03,Delhi Daredevils,Kolkata Knight Riders,Eden Gardens,146.5,0.6071428571428571,42.535714285714285,62.339285714285715,35.767857142857146
597998,2013-04-03,Kolkata Knight Riders,Delhi Daredevils,Eden Gardens,146.5,0.6071428571428571,42.578947368421055,62.14035087719298,35.70175438596491
597999,2013-04-04,Royal Challengers Bangalore,Mumbai Indians,M Chinnaswamy Stadium,162.17857142857142,0.5714285714285714,44.5,67.05357142857143,42.05357142857143
597999,2013-04-04,Mumbai Indians,Royal Challengers Bangalore,M Chinnaswamy Stadium,162.17857142857142,0.5714285714285714,44.26315789473684,67.08771929824562,42.29824561403509
598000,2013-04-05,Sunrisers Hyderabad,Pune Warriors,"Rajiv Gandhi International Stadium, Uppal",164.33333333333334,0.6111111111111112,44.27777777777778,69.25,46.916666666666664
598000,2013-04-05,Pune Warriors,Sunrisers Hyderabad,"Rajiv Gandhi International Stadium, Uppal",164.33333333333334,0.6111111111111112,44.108108108108105,68.70270270270271,46.7027027027027
598002,2013-04-06,Mumbai Indians,Chennai Super Kings,"MA Chidambaram Stadium, Chepauk",165.1818181818182,0.3939393939393939,47.46969696969697,68.98484848484848,42.54545454545455
598002,2013-04-06,Chennai Super Kings,Mumbai Indians,"MA Chidambaram Stadium, Chepauk",165.1818181818182,0.3939393939393939,47.37313432835821,68.77611940298507,42.6865671641791
598001,2013-04-06,Rajasthan Royals,Delhi Daredevils,Feroz Shah Kotla,165.44444444444446,0.48148148148148145,49.666666666666664,69.96296296296296,38.22222222222222
598001,2013-04-06,Delhi Daredevils,Rajasthan Royals,Feroz Shah Kotla,165.44444444444446,0.48148148148148145,49.58181818181818,70.18181818181819,38.21818181818182
598004,2013-04-07,Sunrisers Hyderabad,Royal Challengers Bangalore,"Rajiv Gandhi International Stadium, Uppal",162.31578947368422,0.5789473684210527,43.6578947368421,68.23684210526316,46.1578947368421
598004,2013-04-07,Royal Challengers Bangalore,Sunrisers Hyderabad,"Rajiv Gandhi International Stadium, Uppal",162.31578947368422,0.5789473684210527,43.48717948717949,67.87179487179488,45.97435897435897
598003,2013-04-07,Kings XI Punjab,Pune Warriors,Subrata Roy Sahara Stadium,151.11111111111111,0.3333333333333333,43.44444444444444,61.0,39.77777777777778
598003,2013-04-07,Pune Warriors,Kings XI Punjab,Subrata Roy Sahara Stadium,151.11111111111111,0.3333333333333333,44.10526315789474,60.10526315789474,37.68421052631579
598005,2013-04-08,Rajasthan Royals,Kolkata Knight Riders,Sawai Mansingh Stadium,156.12,0.68,43.64,66.98,39.04
598005,2013-04-08,Kolkata Knight Riders,Rajasthan Royals,Sawai Mansingh Stadium,156.12,0.68,43.470588235294116,66.94117647058823,39.13725490196079
598006,2013-04-09,Mumbai Indians,Delhi Daredevils,Wankhede Stadium,148.1304347826087,0.6086956521739131,39.41304347826087,67.08695652173913,36.391304347826086
598006,2013-04-09,Delhi Daredevils,Mumbai Indians,Wankhede Stadium,148.1304347826087,0.6086956521739131,39.38297872340426,67.7872340425532,37.12765957446808
598048,2013-04-09,Sunrisers Hyderabad,Royal Challengers Bangalore,M Chinnaswamy Stadium,161.9655172413793,0.5517241379310345,44.1551724137931,66.93103448275862,42.56896551724138
598048,2013-04-09,Royal Challengers Bangalore,Sunrisers Hyderabad,M Chinnaswamy Stadium,161.9655172413793,0.5517241379310345,44.08474576271186,66.77966101694915,42.91525423728814
598007,2013-04-10,Chennai Super Kings,Kings XI Punjab,"Punjab Cricket Association Stadium, Mohali",170.0909090909091,0.5909090909090909,47.11363636363637,71.36363636363636,43.72727272727273
598007,2013-04-10,Kings XI Punjab,Chennai Super Kings,"Punjab Cricket Association Stadium, Mohali",170.0909090909091,0.5909090909090909,46.91111111111111,71.22222222222223,43.55555555555556
598008,2013-04-11,Kolkata Knight Riders,Royal Challengers Bangalore,M Chinnaswamy Stadium,161.93333333333334,0.5666666666666667,44.13333333333333,66.83333333333333,42.95
598008,2013-04-11,Royal Challengers Bangalore,Kolkata Knight Riders,M Chinnaswamy Stadium,161.93333333333334,0.5666666666666667,44.131147540983605,66.8688524590164,42.91803278688525
598009,2013-04-11,Rajasthan Royals,Pune Warriors,Subrata Roy Sahara Stadium,145.9,0.4,43.1,59.1,37.55
598009,2013-04-11,Pune Warriors,Rajasthan Royals,Subrata Roy Sahara Stadium,145.9,0.4,43.142857142857146,59.04761904761905,37.80952380952381
598010,2013-04-12,Delhi Daredevils,Sunrisers Hyderabad,Feroz Shah Kotla,165.42857142857142,0.4642857142857143,49.392857142857146,70.375,38.25
598010,2013-04-12,Sunrisers Hyderabad,Delhi Daredevils,Feroz Shah Kotla,165.42857142857142,0.4642857142857143,49.03508771929825,69.89473684210526,38.31578947368421
598012,2013-04-13,Chennai Super Kings,Royal Challengers Bangalore,"MA Chidambaram Stadium, Chepauk",164.6764705882353,0.38235294117647056,47.205882352941174,68.6029411764706,42.73529411764706
598012,2013-04-13,Royal Challengers Bangalore,Chennai Super Kings,"MA Chidambaram Stadium, Chepauk",164.6764705882353,0.38235294117647056,46.971014492753625,68.6231884057971,43.05797101449275
598011,2013-04-13,Mumbai Indians,Pune Warriors,Wankhede Stadium,150.66666666666666,0.5833333333333334,39.520833333333336,68.04166666666667,37.166666666666664
598011,2013-04-13,Pune Warriors,Mumbai Indians,Wankhede Stadium,150.66666666666666,0.5833333333333334,39.69387755102041,68.0204081632653,37.795918367346935
598013,2013-04-14,Kolkata Knight Riders,Sunrisers Hyderabad,Eden Gardens,145.86206896551724,0.6206896551724138,42.63793103448276,62.0,35.58620689655172
598013,2013-04-14,Sunrisers Hyderabad,Kolkata Knight Riders,Eden Gardens,145.86206896551724,0.6206896551724138,42.728813559322035,61.983050847457626,36.186440677966104
598014,2013-04-14,Kings XI Punjab,Rajasthan Royals,Sawai Mansingh Stadium,155.65384615384616,0.6538461538461539,43.40384615384615,66.78846153846153,38.88461538461539
598014,2013-04-14,Rajasthan Royals,Kings XI Punjab,Sawai Mansingh Stadium,155.65384615384616,0.6538461538461539,43.22641509433962,66.54716981132076,38.83018867924528
598015,2013-04-15,Pune Warriors,Chennai Super Kings,"MA Chidambaram Stadium, Chepauk",164.68571428571428,0.4,46.77142857142857,68.81428571428572,43.15714285714286
598015,2013-04-15,Chennai Super Kings,Pune Warriors,"MA Chidambaram Stadium, Chepauk",164.68571428571428,0.4,46.7887323943662,68.66197183098592,43.29577464788732
598016,2013-04-16,Kolkata Knight Riders,Kings XI Punjab,"Punjab Cricket Association Stadium, Mohali",168.69565217391303,0.6086956521739131,46.82608695652174,71.26086956521739,43.08695652173913
598016,2013-04-16,Kings XI Punjab,Kolkata Knight Riders,"Punjab Cricket Association Stadium, Mohali",168.69565217391303,0.6086956521739131,46.787234042553195,71.25531914893617,42.95744680851064
598017,2013-04-16,Delhi Daredevils,Royal Challengers Bangalore,M Chinnaswamy Stadium,161.67741935483872,0.5806451612903226,44.11290322580645,66.98387096774194,42.88709677419355
598017,2013-04-16,Royal Challengers Bangalore,Delhi Daredevils,M Chinnaswamy Stadium,161.67741935483872,0.5806451612903226,44.095238095238095,66.73015873015873,43.12698412698413
598018,2013-04-17,Sunrisers Hyderabad,Pune Warriors,Maharashtra Cricket Association Stadium,,,,,
598018,2013-04-17,Pune Warriors,Sunrisers Hyderabad,Maharashtra Cricket Association Stadium,,,25.0,50.0,44.0
598019,2013-04-17,Rajasthan Royals,Mumbai Indians,Sawai Mansingh Stadium,154.4814814814815,0.6666666666666666,43.31481481481482,66.16666666666667,38.7037037037037
598019,2013-04-17,Mumbai Indians,Rajasthan Royals,Sawai Mansingh Stadium,154.4814814814815,0.6666666666666666,43.58181818181818,66.18181818181819,38.981818181818184
598020,2013-04-18,Delhi Daredevils,Chennai Super Kings,Feroz Shah Kotla,163.6551724137931,0.4827586206896552,48.8448275862069,69.34482758620689,38.327586206896555
598020,2013-04-18,Chennai Super Kings,Delhi Daredevils,Feroz Shah Kotla,163.6551724137931,0.4827586206896552,48.559322033898304,68.98305084745763,37.728813559322035
598021,2013-04-19,Sunrisers Hyderabad,Kings XI Punjab,"Rajiv Gandhi International Stadium, Uppal",160.7,0.55,43.4,67.525,45.725
598021,2013-04-19,Kings XI Punjab,Sunrisers Hyderabad,"Rajiv Gandhi International Stadium, Uppal",160.7,0.55,43.146341463414636,67.1951219512195,45.58536585365854
598022,2013-04-20,Kolkata Knight Riders,Chennai Super Kings,Eden Gardens,147.0,0.6,42.666666666666664,62.03333333333333,36.05
598022,2013-04-20,Chennai Super Kings,Kolkata Knight Riders,Eden Gardens,147.0,0.6,42.73770491803279,61.704918032786885,35.950819672131146
598023,2013-04-20,Rajasthan Royals,Royal Challengers Bangalore,M Chinnaswamy Stadium,161.375,0.5625,44.15625,66.90625,42.859375
598023,2013-04-20,Royal Challengers Bangalore,Rajasthan Royals,M Chinnaswamy Stadium,161.375,0.5625,43.95384615384615,66.95384615384616,42.44615384615385
598024,2013-04-21,Mumbai Indians,Delhi Daredevils,Feroz Shah Kotla,163.83333333333334,0.4666666666666667,48.4,69.11666666666666,37.983333333333334
598024,2013-04-21,Delhi Daredevils,Mumbai Indians,Feroz Shah Kotla,163.83333333333334,0.4666666666666667,48.0,69.34426229508196,38.24590163934426
598025,2013-04-21,Pune Warriors,Kings XI Punjab,"Punjab Cricket Association Stadium, Mohali",168.20833333333334,0.5833333333333334,46.541666666666664,71.10416666666667,43.270833333333336
598025,2013-04-21,Kings XI Punjab,Pune Warriors,"Punjab Cricket Association Stadium, Mohali",168.20833333333334,0.5833333333333334,46.57142857142857,71.20408163265306,43.63265306122449
598026,2013-04-22,Chennai Super Kings,Rajasthan Royals,"MA Chidambaram Stadium, Chepauk",164.52777777777777,0.3888888888888889,46.666666666666664,68.55555555555556,43.19444444444444
598026,2013-04-22,Rajasthan Royals,Chennai Super Kings,"MA Chidambaram Stadium, Chepauk",164.52777777777777,0.3888888888888889,46.821917808219176,68.73972602739725,43.23287671232877
598027,2013-04-23,Royal Challengers Bangalore,Pune Warriors,M Chinnaswamy Stadium,160.03030303030303,0.5757575757575758,44.015151515151516,66.6969696969697,42.18181818181818
598027,2013-04-23,Pune Warriors,Royal Challengers Bangalore,M Chinnaswamy Stadium,160.03030303030303,0.5757575757575758,44.28358208955224,67.70149253731343,42.55223880597015
598059,2013-04-23,Delhi Daredevils,Kings XI Punjab,Feroz Shah Kotla,163.74193548387098,0.4838709677419355,48.193548387096776,69.58064516129032,37.96774193548387
598059,2013-04-23,Kings XI Punjab,Delhi Daredevils,Feroz Shah Kotla,163.74193548387098,0.4838709677419355,48.06349206349206,69.26984126984127,37.84126984126984
598029,2013-04-24,Kolkata Knight Riders,Mumbai Indians,Eden Gardens,146.09677419354838,0.6129032258064516,42.483870967741936,61.403225806451616,36.24193548387097
598029,2013-04-24,Mumbai Indians,Kolkata Knight Riders,Eden Gardens,146.09677419354838,0.6129032258064516,42.77777777777778,61.23809523809524,36.41269841269841
598030,2013-04-25,Chennai Super Kings,Sunrisers Hyderabad,"MA Chidambaram Stadium, Chepauk",165.0810810810811,0.40540540540540543,46.932432432432435,68.83783783783784,43.37837837837838
598030,2013-04-25,Sunrisers Hyderabad,Chennai Super Kings,"MA Chidambaram Stadium, Chepauk",165.0810810810811,0.40540540540540543,47.08,68.66666666666667,43.413333333333334
598031,2013-04-26,Kings XI Punjab,Kolkata Knight Riders,Eden Gardens,146.5,0.625,42.765625,61.4375,36.5625
598031,2013-04-26,Kolkata Knight Riders,Kings XI Punjab,Eden Gardens,146.5,0.625,42.8,61.50769230769231,36.58461538461538
598032,2013-04-27,Sunrisers Hyderabad,Rajasthan Royals,Sawai Mansingh Stadium,155.35714285714286,0.6428571428571429,43.267857142857146,65.80357142857143,38.660714285714285
598032,2013-04-27,Rajasthan Royals,Sunrisers Hyderabad,Sawai Mansingh Stadium,155.35714285714286,0.6428571428571429,43.01754385964912,65.75438596491227,38.89473684210526
598033,2013-04-27,Mumbai Indians,Royal Challengers Bangalore,Wankhede Stadium,151.96,0.56,39.7,68.22,37.52
598033,2013-04-27,Royal Challengers Bangalore,Mumbai Indians,Wankhede Stadium,151.96,0.56,39.94117647058823,68.66666666666667,37.78431372549019
598034,2013-04-28,Chennai Super Kings,Kolkata Knight Riders,"MA Chidambaram Stadium, Chepauk",164.92105263157896,0.42105263157894735,46.98684210526316,68.5,43.671052631578945
598034,2013-04-28,Kolkata Knight Riders,Chennai Super Kings,"MA Chidambaram Stadium, Chepauk",164.92105263157896,0.42105263157894735,47.246753246753244,68.7012987012987,43.74025974025974
598035,2013-04-28,Delhi Daredevils,Pune Warriors,Shaheed Veer Narayan Singh International Stadium,,,,,
598035,2013-04-28,Pune Warriors,Delhi Daredevils,Shaheed Veer Narayan Singh International Stadium,,,37.0,64.0,63.0
598036,2013-04-29,Royal Challengers Bangalore,Rajasthan Royals,Sawai Mansingh Stadium,154.9655172413793,0.6551724137931034,42.793103448275865,65.98275862068965,38.86206896551724
598036,2013-04-29,Rajasthan Royals,Royal Challengers Bangalore,Sawai Mansingh Stadium,154.9655172413793,0.6551724137931034,43.0,65.89830508474576,39.13559322033898
598037,2013-04-29,Mumbai Indians,Kings XI Punjab,Wankhede Stadium,153.57692307692307,0.5384615384615384,39.84615384615385,68.48076923076923,37.86538461538461
598037,2013-04-29,Kings XI Punjab,Mumbai Indians,Wankhede Stadium,153.57692307692307,0.5384615384615384,39.77358490566038,68.43396226415095,38.509433962264154
598038,2013-04-30,Chennai Super Kings,Pune Warriors,Subrata Roy Sahara Stadium,145.8181818181818,0.45454545454545453,44.09090909090909,58.77272727272727,37.5
598038,2013-04-30,Pune Warriors,Chennai Super Kings,Subrata Roy Sahara Stadium,145.8181818181818,0.45454545454545453,43.43478260869565,59.391304347826086,38.56521739130435
598040,2013-05-01,Delhi Daredevils,Kolkata Knight Riders,Shaheed Veer Narayan Singh International Stadium,164.0,0.0,40.0,65.5,51.0
598040,2013-05-01,Kolkata Knight Riders,Delhi Daredevils,Shaheed Veer Narayan Singh International Stadium,164.0,0.0,38.0,65.66666666666667,46.333333333333336
598039,2013-05-01,Mumbai Indians,Sunrisers Hyderabad,"Rajiv Gandhi International Stadium, Uppal",158.9047619047619,0.5714285714285714,42.976190476190474,66.92857142857143,45.23809523809524
598039,2013-05-01,Sunrisers Hyderabad,Mumbai Indians,"Rajiv Gandhi International Stadium, Uppal",158.9047619047619,0.5714285714285714,42.93023255813954,66.48837209302326,45.116279069767444
598041,2013-05-02,Chennai Super Kings,Kings XI Punjab,"MA Chidambaram Stadium, Chepauk",165.82051282051282,0.41025641025641024,47.44871794871795,68.62820512820512,43.94871794871795
598041,2013-05-02,Kings XI Punjab,Chennai Super Kings,"MA Chidambaram Stadium, Chepauk",165.82051282051282,0.41025641025641024,47.30379746835443,68.77215189873418,44.278481012658226
598042,2013-05-02,Royal Challengers Bangalore,Pune Warriors,Subrata Roy Sahara Stadium,147.33333333333334,0.4166666666666667,43.541666666666664,58.875,38.375
598042,2013-05-02,Pune Warriors,Royal Challengers Bangalore,Subrata Roy Sahara Stadium,147.33333333333334,0.4166666666666667,43.0,60.08,39.56
598043,2013-05-03,Rajasthan Royals,Kolkata Knight Riders,Eden Gardens,146.57575757575756,0.6363636363636364,42.833333333333336,61.68181818181818,36.515151515151516
598043,2013-05-03,Kolkata Knight Riders,Rajasthan Royals,Eden Gardens,146.57575757575756,0.6363636363636364,42.701492537313435,61.776119402985074,36.417910447761194
598044,2013-05-04,Delhi Daredevils,Sunrisers Hyderabad,"Rajiv Gandhi International Stadium, Uppal",157.54545454545453,0.5909090909090909,42.77272727272727,66.56818181818181,44.63636363636363
598044,2013-05-04,Sunrisers Hyderabad,Delhi Daredevils,"Rajiv Gandhi International Stadium, Uppal",157.54545454545453,0.5909090909090909,42.4,66.06666666666666,43.86666666666667
598046,2013-05-05,Mumbai Indians,Chennai Super Kings,Wankhede Stadium,154.33333333333334,0.5185185185185185,40.05555555555556,68.33333333333333,38.75925925925926
598046,2013-05-05,Chennai Super Kings,Mumbai Indians,Wankhede Stadium,154.33333333333334,0.5185185185185185,39.90909090909091,68.0,39.09090909090909
598047,2013-05-05,Pune Warriors,Rajasthan Royals,Sawai Mansingh Stadium,155.5,0.6666666666666666,43.03333333333333,66.05,39.36666666666667
598047,2013-05-05,Rajasthan Royals,Pune Warriors,Sawai Mansingh Stadium,155.5,0.6666666666666666,43.32786885245902,66.01639344262296,39.59016393442623
598064,2013-05-06,Royal Challengers Bangalore,Kings XI Punjab,"Punjab Cricket Association Stadium, Mohali",168.88,0.6,46.74,71.26,43.9
598064,2013-05-06,Kings XI Punjab,Royal Challengers Bangalore,"Punjab Cricket Association Stadium, Mohali",168.88,0.6,46.96078431372549,71.33333333333333,44.15686274509804
598050,2013-05-07,Kolkata Knight Riders,Mumbai Indians,Wankhede Stadium,153.78571428571428,0.5,39.767857142857146,67.60714285714286,38.410714285714285
598050,2013-05-07,Mumbai Indians,Kolkata Knight Riders,Wankhede Stadium,153.78571428571428,0.5,39.73684210526316,67.36842105263158,37.96491228070175
598049,2013-05-07,Delhi Daredevils,Rajasthan Royals,Sawai Mansingh Stadium,156.2258064516129,0.6774193548387096,43.483870967741936,66.16129032258064,39.82258064516129
598049,2013-05-07,Rajasthan Royals,Delhi Daredevils,Sawai Mansingh Stadium,156.2258064516129,0.6774193548387096,43.46031746031746,66.04761904761905,40.03174603174603
598051,2013-05-08,Chennai Super Kings,Sunrisers Hyderabad,"Rajiv Gandhi International Stadium, Uppal",154.17391304347825,0.6086956521739131,42.369565217391305,65.5,42.91304347826087
598051,2013-05-08,Sunrisers Hyderabad,Chennai Super Kings,"Rajiv Gandhi International Stadium, Uppal",154.17391304347825,0.6086956521739131,42.53191489361702,65.93617021276596,43.851063829787236
598052,2013-05-09,Kings XI Punjab,Rajasthan Royals,"Punjab Cricket Association Stadium, Mohali",169.69230769230768,0.6153846153846154,46.84615384615385,71.82692307692308,44.38461538461539
598052,2013-05-09,Rajasthan Royals,Kings XI Punjab,"Punjab Cricket Association Stadium, Mohali",169.69230769230768,0.6153846153846154,46.660377358490564,71.79245283018868,44.264150943396224
598053,2013-05-09,Kolkata Knight Riders,Pune Warriors,Subrata Roy Sahara Stadium,150.3846153846154,0.38461538461538464,42.84615384615385,60.96153846153846,39.88461538461539
598053,2013-05-09,Pune Warriors,Kolkata Knight Riders,Subrata Roy Sahara Stadium,150.3846153846154,0.38461538461538464,43.111111111111114,60.407407407407405,40.48148148148148
598054,2013-05-10,Delhi Daredevils,Royal Challengers Bangalore,Feroz Shah Kotla,162.375,0.5,48.1875,68.890625,37.5625
598054,2013-05-10,Royal Challengers Bangalore,Delhi Daredevils,Feroz Shah Kotla,162.375,0.5,48.2,68.96923076923076,37.84615384615385
598055,2013-05-11,Pune Warriors,Mumbai Indians,Subrata Roy Sahara Stadium,150.5,0.35714285714285715,42.785714285714285,59.892857142857146,39.964285714285715
598055,2013-05-11,Mumbai Indians,Pune Warriors,Subrata Roy Sahara Stadium,150.5,0.35714285714285715,42.55172413793103,59.62068965517241,39.41379310344828
598056,2013-05-11,Sunrisers Hyderabad,Kings XI Punjab,"Punjab Cricket Association Stadium, Mohali",168.77777777777777,0.6296296296296297,46.5,71.70370370370371,44.22222222222222
598056,2013-05-11,Kings XI Punjab,Sunrisers Hyderabad,"Punjab Cricket Association Stadium, Mohali",168.77777777777777,0.6296296296296297,46.32727272727273,71.50909090909092,44.36363636363637
598058,2013-05-12,Chennai Super Kings,Rajasthan Royals,Sawai Mansingh Stadium,156.15625,0.6875,43.546875,66.21875,39.859375
598058,2013-05-12,Rajasthan Royals,Chennai Super Kings,Sawai Mansingh Stadium,156.15625,0.6875,43.44615384615385,66.16923076923077,39.87692307692308
598057,2013-05-12,Royal Challengers Bangalore,Kolkata Knight Riders,JSCA International Stadium Complex,,,,,
598057,2013-05-12,Kolkata Knight Riders,Royal Challengers Bangalore,JSCA International Stadium Complex,,,22.0,62.0,31.0
598060,2013-05-13,Mumbai Indians,Sunrisers Hyderabad,Wankhede Stadium,154.3448275862069,0.4827586206896552,39.758620689655174,67.32758620689656,38.41379310344828
598060,2013-05-13,Sunrisers Hyderabad,Mumbai Indians,Wankhede Stadium,154.3448275862069,0.4827586206896552,39.74576271186441,67.44067796610169,38.96610169491525
598045,2013-05-14,Royal Challengers Bangalore,Kings XI Punjab,M Chinnaswamy Stadium,163.05882352941177,0.5588235294117647,44.26470588235294,67.70588235294117,42.25
598045,2013-05-14,Kings XI Punjab,Royal Challengers Bangalore,M Chinnaswamy Stadium,163.05882352941177,0.5588235294117647,44.072463768115945,67.8840579710145,42.55072463768116
598062,2013-05-14,Chennai Super Kings,Delhi Daredevils,"MA Chidambaram Stadium, Chepauk",166.325,0.4,47.1625,68.9875,44.3375
598062,2013-05-14,Delhi Daredevils,Chennai Super Kings,"MA Chidambaram Stadium, Chepauk",166.325,0.4,47.160493827160494,68.90123456790124,44.51851851851852
598061,2013-05-15,Pune Warriors,Kolkata Knight Riders,JSCA International Stadium Complex,115.0,1.0,26.5,58.0,31.0
598061,2013-05-15,Kolkata Knight Riders,Pune Warriors,JSCA International Stadium Complex,115.0,1.0,31.666666666666668,62.0,40.0
598063,2013-05-15,Mumbai Indians,Rajasthan Royals,Wankhede Stadium,155.13333333333333,0.5,39.95,67.63333333333334,39.1
598063,2013-05-15,Rajasthan Royals,Mumbai Indians,Wankhede Stadium,155.13333333333333,0.5,40.09836065573771,67.88524590163935,39.01639344262295
598028,2013-05-16,Delhi Daredevils,Kings XI Punjab,Himachal Pradesh Cricket Association Stadium,175.28571428571428,0.5714285714285714,40.714285714285715,75.14285714285714,44.57142857142857
598028,2013-05-16,Kings XI Punjab,Delhi Daredevils,Himachal Pradesh Cricket Association Stadium,175.28571428571428,0.5714285714285714,39.4,75.4,45.86666666666667
598065,2013-05-17,Sunrisers Hyderabad,Rajasthan Royals,"Rajiv Gandhi International Stadium, Uppal",157.04166666666666,0.5833333333333334,42.666666666666664,65.8125,43.708333333333336
598065,2013-05-17,Rajasthan Royals,Sunrisers Hyderabad,"Rajiv Gandhi International Stadium, Uppal",157.04166666666666,0.5833333333333334,42.224489795918366,65.87755102040816,43.755102040816325
598066,2013-05-18,Kings XI Punjab,Mumbai Indians,Himachal Pradesh Cricket Association Stadium,174.75,0.5,40.25,73.8125,47.25
598066,2013-05-18,Mumbai Indians,Kings XI Punjab,Himachal Pradesh Cricket Association Stadium,174.75,0.5,39.94117647058823,75.11764705882354,47.529411764705884
598068,2013-05-18,Royal Challengers Bangalore,Chennai Super Kings,M Chinnaswamy Stadium,163.37142857142857,0.5714285714285714,44.1,68.25714285714285,42.457142857142856
598068,2013-05-18,Chennai Super Kings,Royal Challengers Bangalore,M Chinnaswamy Stadium,163.37142857142857,0.5714285714285714,44.54929577464789,67.71830985915493,41.859154929577464
598069,2013-05-19,Sunrisers Hyderabad,Kolkata Knight Riders,"Rajiv Gandhi International Stadium, Uppal",156.2,0.56,42.04,65.36,43.68
598069,2013-05-19,Kolkata Knight Riders,Sunrisers Hyderabad,"Rajiv Gandhi International Stadium, Uppal",156.2,0.56,42.09803921568628,65.27450980392157,43.333333333333336
598067,2013-05-19,Pune Warriors,Delhi Daredevils,Subrata Roy Sahara Stadium,147.93333333333334,0.4,42.36666666666667,59.166666666666664,39.2
598067,2013-05-19,Delhi Daredevils,Pune Warriors,Subrata Roy Sahara Stadium,147.93333333333334,0.4,42.29032258064516,59.41935483870968,40.03225806451613
598070,2013-05-21,Chennai Super Kings,Mumbai Indians,Feroz Shah Kotla,163.0,0.48484848484848486,48.07575757575758,68.81818181818181,38.54545454545455
598070,2013-05-21,Mumbai Indians,Chennai Super Kings,Feroz Shah Kotla,163.0,0.48484848484848486,48.059701492537314,68.95522388059702,38.97014925373134
598071,2013-05-22,Sunrisers Hyderabad,Rajasthan Royals,Feroz Shah Kotla,163.85294117647058,0.47058823529411764,48.1764705882353,68.98529411764706,38.64705882352941
598071,2013-05-22,Rajasthan Royals,Sunrisers Hyderabad,Feroz Shah Kotla,163.85294117647058,0.47058823529411764,47.869565217391305,68.71014492753623,38.88405797101449
598072,2013-05-24,Rajasthan Royals,Mumbai Indians,Eden Gardens,146.14705882352942,0.6470588235294118,42.779411764705884,61.838235294117645,36.161764705882355
598072,2013-05-24,Mumbai Indians,Rajasthan Royals,Eden Gardens,146.14705882352942,0.6470588235294118,42.768115942028984,61.84057971014493,36.52173913043478
598073,2013-05-26,Mumbai Indians,Chennai Super Kings,Eden Gardens,146.68571428571428,0.6571428571428571,42.8,62.114285714285714,36.614285714285714
598073,2013-05-26,Chennai Super Kings,Mumbai Indians,Eden Gardens,146.68571428571428,0.6571428571428571,42.67605633802817,62.16901408450704,36.774647887323944
729279,2014-04-16,Kolkata Knight Riders,Mumbai Indians,Sheikh Zayed Stadium,,,,,
729279,2014-04-16,Mumbai Indians,Kolkata Knight Riders,Sheikh Zayed Stadium,,,31.0,79.0,53.0
729281,2014-04-17,Delhi Daredevils,Royal Challengers Bangalore,Sharjah Cricket Stadium,,,,,
729281,2014-04-17,Royal Challengers Bangalore,Delhi Daredevils,Sharjah Cricket Stadium,,,30.0,52.0,63.0
729285,2014-04-18,Rajasthan Royals,Sunrisers Hyderabad,Sheikh Zayed Stadium,163.0,0.0,31.5,71.0,40.0
729285,2014-04-18,Sunrisers Hyderabad,Rajasthan Royals,Sheikh Zayed Stadium,163.0,0.0,31.0,71.33333333333333,37.666666666666664
729283,2014-04-18,Kings XI Punjab,Chennai Super Kings,Sheikh Zayed Stadium,148.0,0.5,33.5,65.75,39.0
729283,2014-04-18,Chennai Super Kings,Kings XI Punjab,Sheikh Zayed Stadium,148.0,0.5,39.6,71.0,41.2
729287,2014-04-19,Mumbai Indians,Royal Challengers Bangalore,Dubai International Cricket Stadium,,,,,
729287,2014-04-19,Royal Challengers Bangalore,Mumbai Indians,Dubai International Cricket Stadium,,,49.0,43.0,23.0
729289,2014-04-19,Kolkata Knight Riders,Delhi Daredevils,Dubai International Cricket Stadium,115.0,1.0,39.5,52.5,23.5
729289,2014-04-19,Delhi Daredevils,Kolkata Knight Riders,Dubai International Cricket Stadium,115.0,1.0,36.666666666666664,62.0,33.666666666666664
729291,2014-04-20,Rajasthan Royals,Kings XI Punjab,Sharjah Cricket Stadium,145.0,1.0,40.0,63.0,42.5
729291,2014-04-20,Kings XI Punjab,Rajasthan Royals,Sharjah Cricket Stadium,145.0,1.0,44.666666666666664,71.66666666666667,44.333333333333336
729293,2014-04-21,Delhi Daredevils,Chennai Super Kings,Sheikh Zayed Stadium,167.0,0.6666666666666666,44.666666666666664,71.66666666666667,44.333333333333336
729293,2014-04-21,Chennai Super Kings,Delhi Daredevils,Sheikh Zayed Stadium,167.0,0.6666666666666666,41.714285714285715,69.71428571428571,38.285714285714285
729295,2014-04-22,Kings XI Punjab,Sunrisers Hyderabad,Sharjah Cricket Stadium,168.0,1.0,43.25,77.0,48.5
729295,2014-04-22,Sunrisers Hyderabad,Kings XI Punjab,Sharjah Cricket Stadium,168.0,1.0,43.2,83.4,47.0
729297,2014-04-23,Chennai Super Kings,Rajasthan Royals,Dubai International Cricket Stadium,140.5,1.0,39.75,65.0,36.25
729297,2014-04-23,Rajasthan Royals,Chennai Super Kings,Dubai International Cricket Stadium,140.5,1.0,42.0,62.0,36.8
729299,2014-04-24,Kolkata Knight Riders,Royal Challengers Bangalore,Sharjah Cricket Stadium,176.33333333333334,0.6666666666666666,43.5,78.5,42.833333333333336
729299,2014-04-24,Royal Challengers Bangalore,Kolkata Knight Riders,Sharjah Cricket Stadium,176.33333333333334,0.6666666666666666,43.285714285714285,76.42857142857143,43.0
729303,2014-04-25,Chennai Super Kings,Mumbai Indians,Dubai International Cricket Stadium,151.25,0.5,41.333333333333336,59.833333333333336,38.333333333333336
729303,2014-04-25,Mumbai Indians,Chennai Super Kings,Dubai International Cricket Stadium,151.25,0.5,42.714285714285715,59.285714285714285,37.857142857142854
729301,2014-04-25,Delhi Daredevils,Sunrisers Hyderabad,Dubai International Cricket Stadium,140.33333333333334,0.6666666666666666,41.25,61.5,37.25
729301,2014-04-25,Sunrisers Hyderabad,Delhi Daredevils,Dubai International Cricket Stadium,140.33333333333334,0.6666666666666666,41.55555555555556,63.0,39.888888888888886
729305,2014-04-26,Royal Challengers Bangalore,Rajasthan Royals,Sheikh Zayed Stadium,169.5,0.5,40.75,70.625,41.75
729305,2014-04-26,Rajasthan Royals,Royal Challengers Bangalore,Sheikh Zayed Stadium,169.5,0.5,38.666666666666664,68.11111111111111,37.111111111111114
729307,2014-04-26,Kings XI Punjab,Kolkata Knight Riders,Sheikh Zayed Stadium,149.6,0.6,38.4,64.8,33.4
729307,2014-04-26,Kolkata Knight Riders,Kings XI Punjab,Sheikh Zayed Stadium,149.6,0.6,39.54545454545455,64.36363636363636,32.27272727272727
729309,2014-04-27,Mumbai Indians,Delhi Daredevils,Sharjah Cricket Stadium,169.75,0.5,44.0,75.25,41.625
729309,2014-04-27,Delhi Daredevils,Mumbai Indians,Sharjah Cricket Stadium,169.75,0.5,43.22222222222222,70.44444444444444,43.22222222222222
729311,2014-04-27,Sunrisers Hyderabad,Chennai Super Kings,Sharjah Cricket Stadium,160.8,0.6,42.0,70.6,41.2
729311,2014-04-27,Chennai Super Kings,Sunrisers Hyderabad,Sharjah Cricket Stadium,160.8,0.6,41.54545454545455,69.72727272727273,41.72727272727273
729313,2014-04-28,Royal Challengers Bangalore,Kings XI Punjab,Dubai International Cricket Stadium,149.2,0.6,42.9,63.0,42.5
729313,2014-04-28,Kings XI Punjab,Royal Challengers Bangalore,Dubai International Cricket Stadium,149.2,0.6,43.0,62.18181818181818,41.0
729315,2014-04-29,Rajasthan Royals,Kolkata Knight Riders,Sheikh Zayed Stadium,146.66666666666666,0.5,38.25,63.25,32.416666666666664
729315,2014-04-29,Kolkata Knight Riders,Rajasthan Royals,Sheikh Zayed Stadium,146.66666666666666,0.5,38.76923076923077,63.07692307692308,33.46153846153846
729317,2014-04-30,Sunrisers Hyderabad,Mumbai Indians,Dubai International Cricket Stadium,145.0,0.6666666666666666,42.166666666666664,62.666666666666664,39.75
729317,2014-04-30,Mumbai Indians,Sunrisers Hyderabad,Dubai International Cricket Stadium,145.0,0.6666666666666666,42.30769230769231,63.46153846153846,40.92307692307692
733971,2014-05-02,Kolkata Knight Riders,Chennai Super Kings,JSCA International Stadium Complex,142.5,0.5,32.0,68.75,40.25
733971,2014-05-02,Chennai Super Kings,Kolkata Knight Riders,JSCA International Stadium Complex,142.5,0.5,33.4,65.4,36.8
733973,2014-05-03,Kings XI Punjab,Mumbai Indians,Wankhede Stadium,155.48387096774192,0.4838709677419355,39.91935483870968,68.03225806451613,39.12903225806452
733973,2014-05-03,Mumbai Indians,Kings XI Punjab,Wankhede Stadium,155.48387096774192,0.4838709677419355,39.857142857142854,68.38095238095238,39.17460317460318
733975,2014-05-03,Delhi Daredevils,Rajasthan Royals,Feroz Shah Kotla,162.94285714285715,0.4857142857142857,47.81428571428572,68.51428571428572,38.84285714285714
733975,2014-05-03,Rajasthan Royals,Delhi Daredevils,Feroz Shah Kotla,162.94285714285715,0.4857142857142857,47.7887323943662,68.22535211267606,39.11267605633803
733977,2014-05-04,Sunrisers Hyderabad,Royal Challengers Bangalore,M Chinnaswamy Stadium,161.77777777777777,0.5555555555555556,44.708333333333336,67.13888888888889,41.27777777777778
733977,2014-05-04,Royal Challengers Bangalore,Sunrisers Hyderabad,M Chinnaswamy Stadium,161.77777777777777,0.5555555555555556,44.73972602739726,67.02739726027397,41.38356164383562
733981,2014-05-05,Chennai Super Kings,Delhi Daredevils,Feroz Shah Kotla,162.63888888888889,0.5,47.65277777777778,68.34722222222223,39.138888888888886
733981,2014-05-05,Delhi Daredevils,Chennai Super Kings,Feroz Shah Kotla,162.63888888888889,0.5,47.67123287671233,68.47945205479452,39.342465753424655
733979,2014-05-05,Kolkata Knight Riders,Rajasthan Royals,"Sardar Patel Stadium, Motera",158.5,0.5,53.25,64.25,35.125
733979,2014-05-05,Rajasthan Royals,Kolkata Knight Riders,"Sardar Patel Stadium, Motera",158.5,0.5,52.888888888888886,65.11111111111111,35.44444444444444
733983,2014-05-06,Mumbai Indians,Royal Challengers Bangalore,Wankhede Stadium,155.875,0.5,40.0,68.390625,39.375
733983,2014-05-06,Royal Challengers Bangalore,Mumbai Indians,Wankhede Stadium,155.875,0.5,40.15384615384615,68.4,39.815384615384616
733985,2014-05-07,Delhi Daredevils,Kolkata Knight Riders,Feroz Shah Kotla,163.05405405405406,0.5135135135135135,47.648648648648646,68.58108108108108,39.567567567567565
733985,2014-05-07,Kolkata Knight Riders,Delhi Daredevils,Feroz Shah Kotla,163.05405405405406,0.5135135135135135,47.4,68.65333333333334,39.8
733987,2014-05-07,Chennai Super Kings,Kings XI Punjab,Barabati Stadium,163.25,0.25,42.5,66.875,50.375
733987,2014-05-07,Kings XI Punjab,Chennai Super Kings,Barabati Stadium,163.25,0.25,42.888888888888886,67.55555555555556,52.333333333333336
733989,2014-05-08,Rajasthan Royals,Sunrisers Hyderabad,"Sardar Patel Stadium, Motera",160.8,0.4,52.6,65.2,37.3
733989,2014-05-08,Sunrisers Hyderabad,Rajasthan Royals,"Sardar Patel Stadium, Motera",160.8,0.4,51.18181818181818,63.27272727272727,35.81818181818182
733991,2014-05-09,Kings XI Punjab,Royal Challengers Bangalore,M Chinnaswamy Stadium,161.59459459459458,0.5675675675675675,44.62162162162162,66.94594594594595,41.648648648648646
733991,2014-05-09,Royal Challengers Bangalore,Kings XI Punjab,M Chinnaswamy Stadium,161.59459459459458,0.5675675675675675,44.88,67.06666666666666,41.86666666666667
733993,2014-05-10,Delhi Daredevils,Sunrisers Hyderabad,Feroz Shah Kotla,162.97368421052633,0.5263157894736842,47.46052631578947,68.75,39.71052631578947
733993,2014-05-10,Sunrisers Hyderabad,Delhi Daredevils,Feroz Shah Kotla,162.97368421052633,0.5263157894736842,47.51948051948052,68.75324675324676,39.48051948051948
733995,2014-05-10,Mumbai Indians,Chennai Super Kings,Wankhede Stadium,156.8181818181818,0.48484848484848486,40.515151515151516,68.28787878787878,39.86363636363637
733995,2014-05-10,Chennai Super Kings,Mumbai Indians,Wankhede Stadium,156.8181818181818,0.48484848484848486,40.53731343283582,68.11940298507463,40.134328358208954
733997,2014-05-11,Kings XI Punjab,Kolkata Knight Riders,Barabati Stadium,176.8,0.2,42.4,72.3,54.9
733997,2014-05-11,Kolkata Knight Riders,Kings XI Punjab,Barabati Stadium,176.8,0.2,43.0,71.81818181818181,52.90909090909091
733999,2014-05-11,Royal Challengers Bangalore,Rajasthan Royals,M Chinnaswamy Stadium,162.55263157894737,0.5526315789473685,44.73684210526316,67.17105263157895,42.06578947368421
733999,2014-05-11,Rajasthan Royals,Royal Challengers Bangalore,M Chinnaswamy Stadium,162.55263157894737,0.5526315789473685,44.55844155844156,67.27272727272727,42.61038961038961
734001,2014-05-12,Sunrisers Hyderabad,Mumbai Indians,"Rajiv Gandhi International Stadium, Uppal",155.19230769230768,0.5769230769230769,41.92307692307692,65.09615384615384,43.28846153846154
734001,2014-05-12,Mumbai Indians,Sunrisers Hyderabad,"Rajiv Gandhi International Stadium, Uppal",155.19230769230768,0.5769230769230769,41.943396226415096,65.0,43.490566037735846
734003,2014-05-13,Chennai Super Kings,Rajasthan Royals,JSCA International Stadium Complex,144.33333333333334,0.3333333333333333,35.0,68.33333333333333,34.333333333333336
734005,2014-05-13,Royal Challengers Bangalore,Delhi Daredevils,M Chinnaswamy Stadium,163.25641025641025,0.5641025641025641,44.56410256410256,67.3974358974359,42.94871794871795
734003,2014-05-13,Rajasthan Royals,Chennai Super Kings,JSCA International Stadium Complex,144.33333333333334,0.3333333333333333,36.857142857142854,66.85714285714286,35.57142857142857
734005,2014-05-13,Delhi Daredevils,Royal Challengers Bangalore,M Chinnaswamy Stadium,163.25641025641025,0.5641025641025641,44.43037974683544,67.48101265822785,43.392405063291136
734009,2014-05-14,Kolkata Knight Riders,Mumbai Indians,Barabati Stadium,172.16666666666666,0.3333333333333333,44.0,71.5,50.75
734009,2014-05-14,Mumbai Indians,Kolkata Knight Riders,Barabati Stadium,172.16666666666666,0.3333333333333333,44.07692307692308,70.23076923076923,50.07692307692308
734007,2014-05-14,Kings XI Punjab,Sunrisers Hyderabad,"Rajiv Gandhi International Stadium, Uppal",155.25925925925927,0.5925925925925926,41.870370370370374,65.4074074074074,43.333333333333336
734007,2014-05-14,Sunrisers Hyderabad,Kings XI Punjab,"Rajiv Gandhi International Stadium, Uppal",155.25925925925927,0.5925925925925926,42.67272727272727,65.72727272727273,43.30909090909091
734011,2014-05-15,Rajasthan Royals,Delhi Daredevils,"Sardar Patel Stadium, Motera",156.33333333333334,0.3333333333333333,51.083333333333336,62.333333333333336,35.5
734011,2014-05-15,Delhi Daredevils,Rajasthan Royals,"Sardar Patel Stadium, Motera",156.33333333333334,0.3333333333333333,51.15384615384615,64.38461538461539,37.38461538461539
734013,2014-05-18,Chennai Super Kings,Royal Challengers Bangalore,JSCA International Stadium Complex,145.25,0.5,37.5,67.5,35.375
734013,2014-05-18,Royal Challengers Bangalore,Chennai Super Kings,JSCA International Stadium Complex,145.25,0.5,37.666666666666664,67.55555555555556,34.888888888888886
734015,2014-05-18,Sunrisers Hyderabad,Kolkata Knight Riders,"Rajiv Gandhi International Stadium, Uppal",157.03571428571428,0.6071428571428571,42.892857142857146,65.83928571428571,43.92857142857143
734015,2014-05-18,Kolkata Knight Riders,Sunrisers Hyderabad,"Rajiv Gandhi International Stadium, Uppal",157.03571428571428,0.6071428571428571,42.85964912280702,65.87719298245614,43.73684210526316
734019,2014-05-19,Kings XI Punjab,Delhi Daredevils,Feroz Shah Kotla,162.46153846153845,0.5384615384615384,47.47435897435897,67.87179487179488,38.97435897435897
734019,2014-05-19,Delhi Daredevils,Kings XI Punjab,Feroz Shah Kotla,162.46153846153845,0.5384615384615384,47.70886075949367,67.78481012658227,38.962025316455694
734017,2014-05-19,Mumbai Indians,Rajasthan Royals,"Sardar Patel Stadium, Motera",162.71428571428572,0.2857142857142857,49.92857142857143,64.0,38.0
734017,2014-05-19,Rajasthan Royals,Mumbai Indians,"Sardar Patel Stadium, Motera",162.71428571428572,0.2857142857142857,49.4,65.06666666666666,39.2
734021,2014-05-20,Royal Challengers Bangalore,Sunrisers Hyderabad,"Rajiv Gandhi International Stadium, Uppal",156.51724137931035,0.6206896551724138,42.63793103448276,66.0,43.724137931034484
734021,2014-05-20,Sunrisers Hyderabad,Royal Challengers Bangalore,"Rajiv Gandhi International Stadium, Uppal",156.51724137931035,0.6206896551724138,42.33898305084746,66.23728813559322,43.91525423728814
734023,2014-05-20,Chennai Super Kings,Kolkata Knight Riders,Eden Gardens,146.72222222222223,0.6388888888888888,42.56944444444444,61.97222222222222,36.84722222222222
734023,2014-05-20,Kolkata Knight Riders,Chennai Super Kings,Eden Gardens,146.72222222222223,0.6388888888888888,42.465753424657535,62.0958904109589,37.0
734025,2014-05-21,Kings XI Punjab,Mumbai Indians,"Punjab Cricket Association Stadium, Mohali",168.10714285714286,0.6071428571428571,46.232142857142854,71.16071428571429,44.05357142857143
734025,2014-05-21,Mumbai Indians,Kings XI Punjab,"Punjab Cricket Association Stadium, Mohali",168.10714285714286,0.6071428571428571,46.26315789473684,70.94736842105263,44.14035087719298
734029,2014-05-22,Sunrisers Hyderabad,Chennai Super Kings,JSCA International Stadium Complex,143.8,0.6,35.6,67.7,37.0
734029,2014-05-22,Chennai Super Kings,Sunrisers Hyderabad,JSCA International Stadium Complex,143.8,0.6,38.18181818181818,69.18181818181819,37.36363636363637
734027,2014-05-22,Kolkata Knight Riders,Royal Challengers Bangalore,Eden Gardens,146.9189189189189,0.6486486486486487,42.5945945945946,62.16216216216216,37.0
734027,2014-05-22,Royal Challengers Bangalore,Kolkata Knight Riders,Eden Gardens,146.9189189189189,0.6486486486486487,42.626666666666665,62.61333333333334,37.22666666666667
734031,2014-05-23,Mumbai Indians,Delhi Daredevils,Wankhede Stadium,156.8235294117647,0.5,40.5,68.20588235294117,40.25
734031,2014-05-23,Delhi Daredevils,Mumbai Indians,Wankhede Stadium,156.8235294117647,0.5,40.85507246376812,68.43478260869566,40.01449275362319
734033,2014-05-23,Kings XI Punjab,Rajasthan Royals,"Punjab Cricket Association Stadium, Mohali",167.68965517241378,0.6206896551724138,46.53448275862069,70.94827586206897,43.827586206896555
734033,2014-05-23,Rajasthan Royals,Kings XI Punjab,"Punjab Cricket Association Stadium, Mohali",167.68965517241378,0.6206896551724138,46.644067796610166,70.88135593220339,44.08474576271186
734035,2014-05-24,Royal Challengers Bangalore,Chennai Super Kings,M Chinnaswamy Stadium,163.825,0.55,44.45,67.55,43.4875
734035,2014-05-24,Chennai Super Kings,Royal Challengers Bangalore,M Chinnaswamy Stadium,163.825,0.55,44.32098765432099,67.54320987654322,43.60493827160494
734037,2014-05-24,Sunrisers Hyderabad,Kolkata Knight Riders,Eden Gardens,148.18421052631578,0.631578947368421,42.53947368421053,62.71052631578947,37.51315789473684
734037,2014-05-24,Kolkata Knight Riders,Sunrisers Hyderabad,Eden Gardens,148.18421052631578,0.631578947368421,42.62337662337662,62.83116883116883,37.532467532467535
734039,2014-05-25,Delhi Daredevils,Kings XI Punjab,"Punjab Cricket Association Stadium, Mohali",168.06666666666666,0.6,46.6,70.5,44.53333333333333
734039,2014-05-25,Kings XI Punjab,Delhi Daredevils,"Punjab Cricket Association Stadium, Mohali",168.06666666666666,0.6,46.557377049180324,70.31147540983606,44.0
734041,2014-05-25,Rajasthan Royals,Mumbai Indians,Wankhede Stadium,157.28571428571428,0.4857142857142857,40.94285714285714,68.28571428571429,40.2
734041,2014-05-25,Mumbai Indians,Rajasthan Royals,Wankhede Stadium,157.28571428571428,0.4857142857142857,40.859154929577464,68.71830985915493,40.40845070422535
734043,2014-05-27,Kings XI Punjab,Kolkata Knight Riders,Eden Gardens,148.48717948717947,0.6410256410256411,42.705128205128204,63.46153846153846,37.05128205128205
734043,2014-05-27,Kolkata Knight Riders,Kings XI Punjab,Eden Gardens,148.48717948717947,0.6410256410256411,42.74683544303797,63.24050632911393,37.12658227848101
734045,2014-05-28,Chennai Super Kings,Mumbai Indians,Brabourne Stadium,173.66666666666666,0.5,50.416666666666664,67.0,47.916666666666664
734045,2014-05-28,Mumbai Indians,Chennai Super Kings,Brabourne Stadium,173.66666666666666,0.5,51.15384615384615,67.38461538461539,47.61538461538461
734047,2014-05-30,Kings XI Punjab,Chennai Super Kings,Wankhede Stadium,158.16666666666666,0.5,41.27777777777778,69.48611111111111,39.84722222222222
734047,2014-05-30,Chennai Super Kings,Kings XI Punjab,Wankhede Stadium,158.16666666666666,0.5,41.67123287671233,69.86301369863014,40.10958904109589
734049,2014-06-01,Kings XI Punjab,Kolkata Knight Riders,M Chinnaswamy Stadium,163.58536585365854,0.5609756097560976,44.5609756097561,67.29268292682927,43.670731707317074
734049,2014-06-01,Kolkata Knight Riders,Kings XI Punjab,M Chinnaswamy Stadium,163.58536585365854,0.5609756097560976,44.40963855421687,67.67469879518072,43.963855421686745
829705,2015-04-08,Mumbai Indians,Kolkata Knight Riders,Eden Gardens,148.85,0.625,42.9,63.1625,37.3
829705,2015-04-08,Kolkata Knight Riders,Mumbai Indians,Eden Gardens,148.85,0.625,42.82716049382716,63.17283950617284,37.666666666666664
829707,2015-04-09,Chennai Super Kings,Delhi Daredevils,"MA Chidambaram Stadium, Chepauk",166.3658536585366,0.3902439024390244,47.18292682926829,68.71951219512195,44.36585365853659
829707,2015-04-09,Delhi Daredevils,Chennai Super Kings,"MA Chidambaram Stadium, Chepauk",166.3658536585366,0.3902439024390244,47.325301204819276,68.57831325301204,44.24096385542169
829709,2015-04-10,Rajasthan Royals,Kings XI Punjab,Maharashtra Cricket Association Stadium,119.0,0.0,33.0,48.0,32.5
829709,2015-04-10,Kings XI Punjab,Rajasthan Royals,Maharashtra Cricket Association Stadium,119.0,0.0,33.666666666666664,57.0,39.0
829711,2015-04-11,Chennai Super Kings,Sunrisers Hyderabad,"MA Chidambaram Stadium, Chepauk",165.97619047619048,0.38095238095238093,47.23809523809524,68.5,44.273809523809526
829711,2015-04-11,Sunrisers Hyderabad,Chennai Super Kings,"MA Chidambaram Stadium, Chepauk",165.97619047619048,0.38095238095238093,47.258823529411764,68.8,44.529411764705884
829713,2015-04-11,Kolkata Knight Riders,Royal Challengers Bangalore,Eden Gardens,149.3170731707317,0.6341463414634146,42.76829268292683,63.51219512195122,37.707317073170735
829713,2015-04-11,Royal Challengers Bangalore,Kolkata Knight Riders,Eden Gardens,149.3170731707317,0.6341463414634146,42.89156626506024,63.57831325301205,37.91566265060241
829717,2015-04-12,Mumbai Indians,Kings XI Punjab,Wankhede Stadium,160.0,0.4864864864864865,42.45945945945946,69.66216216216216,40.2027027027027
829717,2015-04-12,Kings XI Punjab,Mumbai Indians,Wankhede Stadium,160.0,0.4864864864864865,42.12,69.56,40.733333333333334
829715,2015-04-12,Delhi Daredevils,Rajasthan Royals,Feroz Shah Kotla,162.5,0.55,47.8,67.7625,39.0125
829715,2015-04-12,Rajasthan Royals,Delhi Daredevils,Feroz Shah Kotla,162.5,0.55,47.839506172839506,67.76543209876543,39.333333333333336
829719,2015-04-13,Royal Challengers Bangalore,Sunrisers Hyderabad,M Chinnaswamy Stadium,164.42857142857142,0.5714285714285714,44.583333333333336,67.96428571428571,44.023809523809526
829719,2015-04-13,Sunrisers Hyderabad,Royal Challengers Bangalore,M Chinnaswamy Stadium,164.42857142857142,0.5714285714285714,44.61176470588235,67.95294117647059,44.11764705882353
829721,2015-04-14,Mumbai Indians,Rajasthan Royals,"Sardar Patel Stadium, Motera",164.625,0.25,49.25,64.0625,40.3125
829721,2015-04-14,Rajasthan Royals,Mumbai Indians,"Sardar Patel Stadium, Motera",164.625,0.25,48.1764705882353,63.35294117647059,42.705882352941174
829725,2015-04-15,Kings XI Punjab,Delhi Daredevils,Maharashtra Cricket Association Stadium,140.5,0.0,38.0,56.0,37.25
829725,2015-04-15,Delhi Daredevils,Kings XI Punjab,Maharashtra Cricket Association Stadium,140.5,0.0,38.6,59.6,39.8
829727,2015-04-16,Sunrisers Hyderabad,Rajasthan Royals,Dr. Y.S. Rajasekhara Reddy ACA-VDCA Cricket Stadium,165.5,0.5,40.75,60.0,47.25
829727,2015-04-16,Rajasthan Royals,Sunrisers Hyderabad,Dr. Y.S. Rajasekhara Reddy ACA-VDCA Cricket Stadium,165.5,0.5,39.6,59.0,45.2
829729,2015-04-17,Mumbai Indians,Chennai Super Kings,Wankhede Stadium,160.44736842105263,0.47368421052631576,42.31578947368421,69.5657894736842,40.85526315789474
829729,2015-04-17,Chennai Super Kings,Mumbai Indians,Wankhede Stadium,160.44736842105263,0.47368421052631576,42.16883116883117,69.97402597402598,40.98701298701299
829731,2015-04-18,Delhi Daredevils,Sunrisers Hyderabad,Dr. Y.S. Rajasekhara Reddy ACA-VDCA Cricket Stadium,152.66666666666666,0.6666666666666666,39.0,59.166666666666664,43.5
829731,2015-04-18,Sunrisers Hyderabad,Delhi Daredevils,Dr. Y.S. Rajasekhara Reddy ACA-VDCA Cricket Stadium,152.66666666666666,0.6666666666666666,39.142857142857146,62.285714285714285,43.857142857142854
829733,2015-04-18,Kings XI Punjab,Kolkata Knight Riders,Maharashtra Cricket Association Stadium,148.66666666666666,0.3333333333333333,40.0,61.833333333333336,41.333333333333336
829733,2015-04-18,Kolkata Knight Riders,Kings XI Punjab,Maharashtra Cricket Association Stadium,148.66666666666666,0.3333333333333333,41.142857142857146,62.142857142857146,41.57142857142857
829737,2015-04-19,Royal Challengers Bangalore,Mumbai Indians,M Chinnaswamy Stadium,164.46511627906978,0.5813953488372093,44.848837209302324,68.0,44.01162790697674
829737,2015-04-19,Mumbai Indians,Royal Challengers Bangalore,M Chinnaswamy Stadium,164.46511627906978,0.5813953488372093,44.71264367816092,68.32183908045977,44.2183908045977
829735,2015-04-19,Rajasthan Royals,Chennai Super Kings,"Sardar Patel Stadium, Motera",164.55555555555554,0.3333333333333333,47.833333333333336,63.77777777777778,43.22222222222222
829735,2015-04-19,Chennai Super Kings,Rajasthan Royals,"Sardar Patel Stadium, Motera",164.55555555555554,0.3333333333333333,47.78947368421053,65.21052631578948,41.94736842105263
829739,2015-04-20,Delhi Daredevils,Kolkata Knight Riders,Feroz Shah Kotla,163.02439024390245,0.5609756097560976,47.76829268292683,68.01219512195122,39.53658536585366
829739,2015-04-20,Kolkata Knight Riders,Delhi Daredevils,Feroz Shah Kotla,163.02439024390245,0.5609756097560976,47.602409638554214,68.02409638554217,39.57831325301205
829741,2015-04-21,Rajasthan Royals,Kings XI Punjab,"Sardar Patel Stadium, Motera",163.7,0.4,47.35,65.3,42.35
829741,2015-04-21,Kings XI Punjab,Rajasthan Royals,"Sardar Patel Stadium, Motera",163.7,0.4,47.142857142857146,66.61904761904762,42.95238095238095
829745,2015-04-22,Chennai Super Kings,Royal Challengers Bangalore,M Chinnaswamy Stadium,165.47727272727272,0.5681818181818182,44.75,68.51136363636364,44.57954545454545
829745,2015-04-22,Royal Challengers Bangalore,Chennai Super Kings,M Chinnaswamy Stadium,165.47727272727272,0.5681818181818182,44.752808988764045,68.74157303370787,44.60674157303371
829743,2015-04-22,Sunrisers Hyderabad,Kolkata Knight Riders,Dr. Y.S. Rajasekhara Reddy ACA-VDCA Cricket Stadium,156.25,0.5,40.5,62.0,45.0
829743,2015-04-22,Kolkata Knight Riders,Sunrisers Hyderabad,Dr. Y.S. Rajasekhara Reddy ACA-VDCA Cricket Stadium,156.25,0.5,40.77777777777778,65.11111111111111,44.77777777777778
829747,2015-04-23,Delhi Daredevils,Mumbai Indians,Feroz Shah Kotla,162.61904761904762,0.5714285714285714,47.607142857142854,68.05952380952381,39.44047619047619
829747,2015-04-23,Mumbai Indians,Delhi Daredevils,Feroz Shah Kotla,162.61904761904762,0.5714285714285714,47.576470588235296,68.34117647058824,39.6
829749,2015-04-24,Rajasthan Royals,Royal Challengers Bangalore,"Sardar Patel Stadium, Motera",166.1818181818182,0.36363636363636365,46.81818181818182,67.22727272727273,44.22727272727273
829749,2015-04-24,Royal Challengers Bangalore,Rajasthan Royals,"Sardar Patel Stadium, Motera",166.1818181818182,0.36363636363636365,46.869565217391305,66.56521739130434,43.608695652173914
829753,2015-04-25,Kings XI Punjab,Chennai Super Kings,"MA Chidambaram Stadium, Chepauk",166.97674418604652,0.37209302325581395,47.24418604651163,68.80232558139535,44.58139534883721
829751,2015-04-25,Mumbai Indians,Sunrisers Hyderabad,Wankhede Stadium,161.02564102564102,0.48717948717948717,42.782051282051285,70.07692307692308,40.73076923076923
829751,2015-04-25,Sunrisers Hyderabad,Mumbai Indians,Wankhede Stadium,161.02564102564102,0.48717948717948717,42.822784810126585,70.0253164556962,40.78481012658228
829753,2015-04-25,Chennai Super Kings,Kings XI Punjab,"MA Chidambaram Stadium, Chepauk",166.97674418604652,0.37209302325581395,47.14942528735632,68.47126436781609,44.252873563218394
829757,2015-04-26,Royal Challengers Bangalore,Delhi Daredevils,Feroz Shah Kotla,163.25581395348837,0.5581395348837209,47.58139534883721,68.38372093023256,39.52325581395349
829757,2015-04-26,Delhi Daredevils,Royal Challengers Bangalore,Feroz Shah Kotla,163.25581395348837,0.5581395348837209,47.60919540229885,68.16091954022988,39.06896551724138
829759,2015-04-27,Sunrisers Hyderabad,Kings XI Punjab,"Punjab Cricket Association Stadium, Mohali",166.3548387096774,0.6129032258064516,46.58064516129032,70.3225806451613,43.29032258064516
829759,2015-04-27,Kings XI Punjab,Sunrisers Hyderabad,"Punjab Cricket Association Stadium, Mohali",166.3548387096774,0.6129032258064516,46.73015873015873,69.96825396825396,43.333333333333336
829765,2015-04-28,Chennai Super Kings,Kolkata Knight Riders,"MA Chidambaram Stadium, Chepauk",167.54545454545453,0.36363636363636365,47.22727272727273,68.64772727272727,44.36363636363637
829765,2015-04-28,Kolkata Knight Riders,Chennai Super Kings,"MA Chidambaram Stadium, Chepauk",167.54545454545453,0.36363636363636365,47.29213483146067,68.3932584269663,44.258426966292134
829723,2015-04-30,Chennai Super Kings,Kolkata Knight Riders,Eden Gardens,149.97619047619048,0.6428571428571429,42.86904761904762,63.75,38.17857142857143
829723,2015-04-30,Kolkata Knight Riders,Chennai Super Kings,Eden Gardens,149.97619047619048,0.6428571428571429,43.1764705882353,63.61176470588235,38.247058823529414
829767,2015-05-01,Kings XI Punjab,Delhi Daredevils,Feroz Shah Kotla,161.70454545454547,0.5681818181818182,47.5,67.92045454545455,38.73863636363637
829767,2015-05-01,Delhi Daredevils,Kings XI Punjab,Feroz Shah Kotla,161.70454545454547,0.5681818181818182,47.26966292134831,67.68539325842697,38.79775280898876
829769,2015-05-01,Mumbai Indians,Rajasthan Royals,Wankhede Stadium,160.925,0.475,42.9375,69.8,40.6875
829769,2015-05-01,Rajasthan Royals,Mumbai Indians,Wankhede Stadium,160.925,0.475,42.98765432098765,69.8395061728395,41.01234567901235
829771,2015-05-02,Kolkata Knight Riders,Royal Challengers Bangalore,M Chinnaswamy Stadium,165.82222222222222,0.5555555555555556,44.67777777777778,68.78888888888889,44.58888888888889
829771,2015-05-02,Royal Challengers Bangalore,Kolkata Knight Riders,M Chinnaswamy Stadium,165.82222222222222,0.5555555555555556,44.857142857142854,68.58241758241758,44.0989010989011
829773,2015-05-02,Sunrisers Hyderabad,Chennai Super Kings,"Rajiv Gandhi International Stadium, Uppal",156.63333333333333,0.6333333333333333,42.483333333333334,66.21666666666667,43.93333333333333
829773,2015-05-02,Chennai Super Kings,Sunrisers Hyderabad,"Rajiv Gandhi International Stadium, Uppal",156.63333333333333,0.6333333333333333,43.032786885245905,66.22950819672131,44.01639344262295
829777,2015-05-03,Delhi Daredevils,Rajasthan Royals,Brabourne Stadium,173.57142857142858,0.5714285714285714,51.285714285714285,67.85714285714286,47.5
829777,2015-05-03,Rajasthan Royals,Delhi Daredevils,Brabourne Stadium,173.57142857142858,0.5714285714285714,51.53333333333333,67.66666666666667,48.0
829775,2015-05-03,Kings XI Punjab,Mumbai Indians,"Punjab Cricket Association Stadium, Mohali",165.84375,0.59375,46.5625,69.765625,43.234375
829775,2015-05-03,Mumbai Indians,Kings XI Punjab,"Punjab Cricket Association Stadium, Mohali",165.84375,0.59375,46.53846153846154,69.73846153846154,43.12307692307692
829779,2015-05-04,Chennai Super Kings,Royal Challengers Bangalore,"MA Chidambaram Stadium, Chepauk",166.8,0.35555555555555557,47.36666666666667,68.03333333333333,44.233333333333334
829779,2015-05-04,Royal Challengers Bangalore,Chennai Super Kings,"MA Chidambaram Stadium, Chepauk",166.8,0.35555555555555557,47.252747252747255,67.98901098901099,44.26373626373626
829781,2015-05-04,Kolkata Knight Riders,Sunrisers Hyderabad,Eden Gardens,150.32558139534885,0.6511627906976745,43.116279069767444,63.80232558139535,38.395348837209305
829781,2015-05-04,Sunrisers Hyderabad,Kolkata Knight Riders,Eden Gardens,150.32558139534885,0.6511627906976745,43.252873563218394,63.71264367816092,38.59770114942529
829783,2015-05-05,Delhi Daredevils,Mumbai Indians,Wankhede Stadium,161.5609756097561,0.4634146341463415,43.13414634146341,69.86585365853658,41.146341463414636
829783,2015-05-05,Mumbai Indians,Delhi Daredevils,Wankhede Stadium,161.5609756097561,0.4634146341463415,43.144578313253014,69.63855421686748,41.33734939759036
829785,2015-05-06,Kings XI Punjab,Royal Challengers Bangalore,M Chinnaswamy Stadium,164.6304347826087,0.5652173913043478,45.04347826086956,68.41304347826087,43.619565217391305
829785,2015-05-06,Royal Challengers Bangalore,Kings XI Punjab,M Chinnaswamy Stadium,164.6304347826087,0.5652173913043478,44.924731182795696,68.25806451612904,43.1505376344086
829761,2015-05-07,Kolkata Knight Riders,Delhi Daredevils,Eden Gardens,150.70454545454547,0.6363636363636364,43.13636363636363,63.61363636363637,38.65909090909091
829761,2015-05-07,Delhi Daredevils,Kolkata Knight Riders,Eden Gardens,150.70454545454547,0.6363636363636364,43.21348314606742,63.561797752808985,38.92134831460674
829787,2015-05-07,Sunrisers Hyderabad,Rajasthan Royals,Brabourne Stadium,175.5,0.5,51.0,67.875,49.6875
829787,2015-05-07,Rajasthan Royals,Sunrisers Hyderabad,Brabourne Stadium,175.5,0.5,51.294117647058826,68.41176470588235,50.76470588235294
829789,2015-05-08,Chennai Super Kings,Mumbai Indians,"MA Chidambaram Stadium, Chepauk",166.3913043478261,0.34782608695652173,47.19565217391305,67.8804347826087,44.04347826086956
829789,2015-05-08,Mumbai Indians,Chennai Super Kings,"MA Chidambaram Stadium, Chepauk",166.3913043478261,0.34782608695652173,47.16129032258065,67.78494623655914,44.16129032258065
829793,2015-05-09,Delhi Daredevils,Sunrisers Hyderabad,Shaheed Veer Narayan Singh International Stadium,150.0,0.5,37.75,60.75,48.0
829793,2015-05-09,Sunrisers Hyderabad,Delhi Daredevils,Shaheed Veer Narayan Singh International Stadium,150.0,0.5,40.0,59.6,49.0
829791,2015-05-09,Kolkata Knight Riders,Kings XI Punjab,Eden Gardens,151.15555555555557,0.6222222222222222,43.13333333333333,63.63333333333333,39.06666666666667
829791,2015-05-09,Kings XI Punjab,Kolkata Knight Riders,Eden Gardens,151.15555555555557,0.6222222222222222,43.285714285714285,63.8021978021978,39.16483516483517
829795,2015-05-10,Royal Challengers Bangalore,Mumbai Indians,Wankhede Stadium,161.33333333333334,0.47619047619047616,43.11904761904762,69.5,41.48809523809524
829795,2015-05-10,Mumbai Indians,Royal Challengers Bangalore,Wankhede Stadium,161.33333333333334,0.47619047619047616,43.07058823529412,69.95294117647059,42.03529411764706
829797,2015-05-10,Chennai Super Kings,Rajasthan Royals,"MA Chidambaram Stadium, Chepauk",166.2127659574468,0.3617021276595745,47.308510638297875,67.48936170212765,44.308510638297875
829797,2015-05-10,Rajasthan Royals,Chennai Super Kings,"MA Chidambaram Stadium, Chepauk",166.2127659574468,0.3617021276595745,47.189473684210526,67.53684210526316,44.357894736842105
829799,2015-05-11,Sunrisers Hyderabad,Kings XI Punjab,"Rajiv Gandhi International Stadium, Uppal",157.7741935483871,0.6129032258064516,43.20967741935484,66.38709677419355,43.95161290322581
829799,2015-05-11,Kings XI Punjab,Sunrisers Hyderabad,"Rajiv Gandhi International Stadium, Uppal",157.7741935483871,0.6129032258064516,43.41269841269841,66.66666666666667,43.96825396825397
829801,2015-05-12,Chennai Super Kings,Delhi Daredevils,Shaheed Veer Narayan Singh International Stadium,154.33333333333334,0.3333333333333333,40.166666666666664,59.333333333333336,51.5
829801,2015-05-12,Delhi Daredevils,Chennai Super Kings,Shaheed Veer Narayan Singh International Stadium,154.33333333333334,0.3333333333333333,36.714285714285715,60.42857142857143,49.285714285714285
829803,2015-05-13,Kings XI Punjab,Royal Challengers Bangalore,"Punjab Cricket Association Stadium, Mohali",166.03030303030303,0.5757575757575758,46.60606060606061,69.77272727272727,43.21212121212121
829803,2015-05-13,Royal Challengers Bangalore,Kings XI Punjab,"Punjab Cricket Association Stadium, Mohali",166.03030303030303,0.5757575757575758,46.985074626865675,69.23880597014926,42.56716417910448
829805,2015-05-14,Mumbai Indians,Kolkata Knight Riders,Wankhede Stadium,163.04651162790697,0.46511627906976744,43.093023255813954,70.18604651162791,42.25581395348837
829805,2015-05-14,Kolkata Knight Riders,Mumbai Indians,Wankhede Stadium,163.04651162790697,0.46511627906976744,43.12643678160919,69.98850574712644,42.59770114942529
829807,2015-05-15,Sunrisers Hyderabad,Royal Challengers Bangalore,"Rajiv Gandhi International Stadium, Uppal",158.625,0.59375,43.46875,66.515625,44.46875
829807,2015-05-15,Royal Challengers Bangalore,Sunrisers Hyderabad,"Rajiv Gandhi International Stadium, Uppal",158.625,0.59375,43.84615384615385,66.52307692307693,43.784615384615385
829811,2015-05-16,Kolkata Knight Riders,Rajasthan Royals,Brabourne Stadium,178.33333333333334,0.4444444444444444,50.44444444444444,69.61111111111111,51.72222222222222
829811,2015-05-16,Rajasthan Royals,Kolkata Knight Riders,Brabourne Stadium,178.33333333333334,0.4444444444444444,50.578947368421055,70.73684210526316,51.421052631578945
829809,2015-05-16,Chennai Super Kings,Kings XI Punjab,"Punjab Cricket Association Stadium, Mohali",164.26470588235293,0.5588235294117647,47.19117647058823,68.55882352941177,41.94117647058823
829809,2015-05-16,Kings XI Punjab,Chennai Super Kings,"Punjab Cricket Association Stadium, Mohali",164.26470588235293,0.5588235294117647,47.18840579710145,68.4927536231884,41.666666666666664
829813,2015-05-17,Delhi Daredevils,Royal Challengers Bangalore,M Chinnaswamy Stadium,165.93617021276594,0.5531914893617021,45.170212765957444,68.62765957446808,43.276595744680854
829813,2015-05-17,Royal Challengers Bangalore,Delhi Daredevils,M Chinnaswamy Stadium,165.93617021276594,0.5531914893617021,45.26315789473684,68.82105263157895,43.305263157894736
829815,2015-05-17,Sunrisers Hyderabad,Mumbai Indians,"Rajiv Gandhi International Stadium, Uppal",157.9090909090909,0.6060606060606061,44.43939393939394,65.51515151515152,43.121212121212125
829815,2015-05-17,Mumbai Indians,Sunrisers Hyderabad,"Rajiv Gandhi International Stadium, Uppal",157.9090909090909,0.6060606060606061,44.208955223880594,65.29850746268657,42.97014925373134
829817,2015-05-19,Mumbai Indians,Chennai Super Kings,Wankhede Stadium,163.22727272727272,0.45454545454545453,43.20454545454545,70.01136363636364,42.61363636363637
829817,2015-05-19,Chennai Super Kings,Mumbai Indians,Wankhede Stadium,163.22727272727272,0.45454545454545453,43.258426966292134,70.20224719101124,42.71910112359551
829819,2015-05-20,Rajasthan Royals,Royal Challengers Bangalore,Maharashtra Cricket Association Stadium,150.25,0.5,42.625,63.375,40.625
829819,2015-05-20,Royal Challengers Bangalore,Rajasthan Royals,Maharashtra Cricket Association Stadium,150.25,0.5,42.333333333333336,62.111111111111114,38.0
829821,2015-05-22,Royal Challengers Bangalore,Chennai Super Kings,JSCA International Stadium Complex,150.66666666666666,0.6666666666666666,40.0,68.16666666666667,39.916666666666664
829821,2015-05-22,Chennai Super Kings,Royal Challengers Bangalore,JSCA International Stadium Complex,150.66666666666666,0.6666666666666666,39.15384615384615,67.61538461538461,40.61538461538461
829823,2015-05-24,Mumbai Indians,Chennai Super Kings,Eden Gardens,151.84782608695653,0.6304347826086957,43.30434782608695,64.07608695652173,39.27173913043478
829823,2015-05-24,Chennai Super Kings,Mumbai Indians,Eden Gardens,151.84782608695653,0.6304347826086957,43.494623655913976,64.3010752688172,39.45161290322581
980901,2016-04-09,Mumbai Indians,Rising Pune Supergiants,Wankhede Stadium,163.75555555555556,0.4444444444444444,43.37777777777778,70.16666666666667,42.7
980901,2016-04-09,Rising Pune Supergiants,Mumbai Indians,Wankhede Stadium,163.75555555555556,0.4444444444444444,43.30769230769231,69.73626373626374,42.81318681318681
980903,2016-04-10,Kolkata Knight Riders,Delhi Daredevils,Eden Gardens,152.91489361702128,0.6170212765957447,43.361702127659576,64.47872340425532,39.5531914893617
980903,2016-04-10,Delhi Daredevils,Kolkata Knight Riders,Eden Gardens,152.91489361702128,0.6170212765957447,43.4,64.34736842105264,39.136842105263156
980905,2016-04-11,Gujarat Lions,Kings XI Punjab,"Punjab Cricket Association IS Bindra Stadium, Mohali",,,,,
980905,2016-04-11,Kings XI Punjab,Gujarat Lions,"Punjab Cricket Association IS Bindra Stadium, Mohali",,,57.0,77.0,28.0
980907,2016-04-12,Royal Challengers Bangalore,Sunrisers Hyderabad,M Chinnaswamy Stadium,166.375,0.5416666666666666,44.8125,68.10416666666667,42.854166666666664
980907,2016-04-12,Sunrisers Hyderabad,Royal Challengers Bangalore,M Chinnaswamy Stadium,166.375,0.5416666666666666,44.855670103092784,68.50515463917526,43.144329896907216
980909,2016-04-13,Kolkata Knight Riders,Mumbai Indians,Eden Gardens,151.77083333333334,0.625,43.3125,64.27083333333333,38.791666666666664
980909,2016-04-13,Mumbai Indians,Kolkata Knight Riders,Eden Gardens,151.77083333333334,0.625,43.27835051546392,64.61855670103093,38.896907216494846
980911,2016-04-14,Rising Pune Supergiants,Gujarat Lions,Saurashtra Cricket Association Stadium,,,,,
980911,2016-04-14,Gujarat Lions,Rising Pune Supergiants,Saurashtra Cricket Association Stadium,,,57.0,64.0,42.0
980913,2016-04-15,Kings XI Punjab,Delhi Daredevils,Feroz Shah Kotla,160.73333333333332,0.5777777777777777,47.2,67.8,38.36666666666667
980913,2016-04-15,Delhi Daredevils,Kings XI Punjab,Feroz Shah Kotla,160.73333333333332,0.5777777777777777,47.08791208791209,67.45054945054945,38.362637362637365
980917,2016-04-16,Gujarat Lions,Mumbai Indians,Wankhede Stadium,162.82608695652175,0.45652173913043476,43.45652173913044,69.72826086956522,42.34782608695652
980917,2016-04-16,Mumbai Indians,Gujarat Lions,Wankhede Stadium,162.82608695652175,0.45652173913043476,43.44086021505376,69.59139784946237,42.40860215053763
980915,2016-04-16,Sunrisers Hyderabad,Kolkata Knight Riders,"Rajiv Gandhi International Stadium, Uppal",156.58823529411765,0.6176470588235294,44.11764705882353,65.45588235294117,42.338235294117645
980915,2016-04-16,Kolkata Knight Riders,Sunrisers Hyderabad,"Rajiv Gandhi International Stadium, Uppal",156.58823529411765,0.6176470588235294,44.0,65.34782608695652,42.42028985507246
980921,2016-04-17,Delhi Daredevils,Royal Challengers Bangalore,M Chinnaswamy Stadium,167.6122448979592,0.5306122448979592,44.96938775510204,68.65306122448979,43.142857142857146
980919,2016-04-17,Rising Pune Supergiants,Kings XI Punjab,"Punjab Cricket Association IS Bindra Stadium, Mohali",161.0,1.0,54.5,75.0,32.0
980919,2016-04-17,Kings XI Punjab,Rising Pune Supergiants,"Punjab Cricket Association IS Bindra Stadium, Mohali",161.0,1.0,52.666666666666664,70.0,35.666666666666664
980921,2016-04-17,Royal Challengers Bangalore,Delhi Daredevils,M Chinnaswamy Stadium,167.6122448979592,0.5306122448979592,45.03030303030303,68.91919191919192,43.17171717171717
980923,2016-04-18,Sunrisers Hyderabad,Mumbai Indians,"Rajiv Gandhi International Stadium, Uppal",156.17142857142858,0.6285714285714286,43.885714285714286,65.5,42.3
980923,2016-04-18,Mumbai Indians,Sunrisers Hyderabad,"Rajiv Gandhi International Stadium, Uppal",156.17142857142858,0.6285714285714286,43.732394366197184,65.63380281690141,42.225352112676056
980925,2016-04-19,Kings XI Punjab,Kolkata Knight Riders,"Punjab Cricket Association IS Bindra Stadium, Mohali",156.5,1.0,52.0,68.0,37.0
980925,2016-04-19,Kolkata Knight Riders,Kings XI Punjab,"Punjab Cricket Association IS Bindra Stadium, Mohali",156.5,1.0,49.8,65.2,38.2
980927,2016-04-20,Royal Challengers Bangalore,Mumbai Indians,Wankhede Stadium,162.40425531914894,0.46808510638297873,43.308510638297875,69.3936170212766,42.6063829787234
980927,2016-04-20,Mumbai Indians,Royal Challengers Bangalore,Wankhede Stadium,162.40425531914894,0.46808510638297873,43.36842105263158,69.32631578947368,42.76842105263158
980929,2016-04-21,Gujarat Lions,Sunrisers Hyderabad,Saurashtra Cricket Association Stadium,163.0,1.0,59.5,67.0,37.0
980929,2016-04-21,Sunrisers Hyderabad,Gujarat Lions,Saurashtra Cricket Association Stadium,163.0,1.0,56.333333333333336,62.666666666666664,35.0
980931,2016-04-22,Royal Challengers Bangalore,Rising Pune Supergiants,Maharashtra Cricket Association Stadium,156.2,0.4,42.2,63.1,40.9
980931,2016-04-22,Rising Pune Supergiants,Royal Challengers Bangalore,Maharashtra Cricket Association Stadium,156.2,0.4,42.72727272727273,64.63636363636364,42.36363636363637
980933,2016-04-23,Delhi Daredevils,Mumbai Indians,Feroz Shah Kotla,159.65217391304347,0.5869565217391305,46.880434782608695,67.6413043478261,37.94565217391305
980933,2016-04-23,Mumbai Indians,Delhi Daredevils,Feroz Shah Kotla,159.65217391304347,0.5869565217391305,46.81720430107527,67.65591397849462,38.11827956989247
980935,2016-04-23,Kings XI Punjab,Sunrisers Hyderabad,"Rajiv Gandhi International Stadium, Uppal",155.77777777777777,0.6388888888888888,43.68055555555556,65.70833333333333,42.06944444444444
980935,2016-04-23,Sunrisers Hyderabad,Kings XI Punjab,"Rajiv Gandhi International Stadium, Uppal",155.77777777777777,0.6388888888888888,43.56164383561644,65.73972602739725,42.04109589041096
980937,2016-04-24,Royal Challengers Bangalore,Gujarat Lions,Saurashtra Cricket Association Stadium,149.0,1.0,58.0,65.5,26.25
980937,2016-04-24,Gujarat Lions,Royal Challengers Bangalore,Saurashtra Cricket Association Stadium,149.0,1.0,56.4,65.4,34.0
980939,2016-04-24,Rising Pune Supergiants,Kolkata Knight Riders,Maharashtra Cricket Association Stadium,161.0,0.3333333333333333,42.166666666666664,65.83333333333333,43.583333333333336
980939,2016-04-24,Kolkata Knight Riders,Rising Pune Supergiants,Maharashtra Cricket Association Stadium,161.0,0.3333333333333333,41.30769230769231,66.07692307692308,44.84615384615385
980941,2016-04-25,Kings XI Punjab,Mumbai Indians,"Punjab Cricket Association IS Bindra Stadium, Mohali",150.33333333333334,1.0,52.333333333333336,63.0,35.833333333333336
980941,2016-04-25,Mumbai Indians,Kings XI Punjab,"Punjab Cricket Association IS Bindra Stadium, Mohali",150.33333333333334,1.0,50.57142857142857,65.57142857142857,36.857142857142854
980943,2016-04-26,Sunrisers Hyderabad,Rising Pune Supergiants,"Rajiv Gandhi International Stadium, Uppal",155.43243243243242,0.6486486486486487,43.851351351351354,65.58108108108108,41.83783783783784
980943,2016-04-26,Rising Pune Supergiants,Sunrisers Hyderabad,"Rajiv Gandhi International Stadium, Uppal",155.43243243243242,0.6486486486486487,43.626666666666665,65.30666666666667,41.89333333333333
980945,2016-04-27,Gujarat Lions,Delhi Daredevils,Feroz Shah Kotla,159.74468085106383,0.574468085106383,46.87234042553192,67.59574468085107,38.138297872340424
980945,2016-04-27,Delhi Daredevils,Gujarat Lions,Feroz Shah Kotla,159.74468085106383,0.574468085106383,47.126315789473686,67.52631578947368,38.1578947368421
980947,2016-04-28,Kolkata Knight Riders,Mumbai Indians,Wankhede Stadium,162.5625,0.4791666666666667,43.447916666666664,69.40625,42.770833333333336
980947,2016-04-28,Mumbai Indians,Kolkata Knight Riders,Wankhede Stadium,162.5625,0.4791666666666667,43.608247422680414,69.38144329896907,42.824742268041234
980949,2016-04-29,Gujarat Lions,Rising Pune Supergiants,Maharashtra Cricket Association Stadium,160.85714285714286,0.42857142857142855,42.57142857142857,65.28571428571429,45.07142857142857
980949,2016-04-29,Rising Pune Supergiants,Gujarat Lions,Maharashtra Cricket Association Stadium,160.85714285714286,0.42857142857142855,44.53333333333333,65.93333333333334,45.333333333333336
980951,2016-04-30,Delhi Daredevils,Kolkata Knight Riders,Feroz Shah Kotla,160.0,0.5625,46.864583333333336,67.80208333333333,38.333333333333336
980951,2016-04-30,Kolkata Knight Riders,Delhi Daredevils,Feroz Shah Kotla,160.0,0.5625,46.76288659793814,67.95876288659794,38.618556701030926
980953,2016-04-30,Sunrisers Hyderabad,Royal Challengers Bangalore,"Rajiv Gandhi International Stadium, Uppal",154.44736842105263,0.6578947368421053,43.6578947368421,65.07894736842105,41.3421052631579
980953,2016-04-30,Royal Challengers Bangalore,Sunrisers Hyderabad,"Rajiv Gandhi International Stadium, Uppal",154.44736842105263,0.6578947368421053,43.72727272727273,65.42857142857143,41.493506493506494
980955,2016-05-01,Gujarat Lions,Kings XI Punjab,Saurashtra Cricket Association Stadium,159.33333333333334,1.0,59.0,65.16666666666667,36.0
980957,2016-05-01,Mumbai Indians,Rising Pune Supergiants,Maharashtra Cricket Association Stadium,165.125,0.5,44.75,67.25,46.25
980955,2016-05-01,Kings XI Punjab,Gujarat Lions,Saurashtra Cricket Association Stadium,159.33333333333334,1.0,55.714285714285715,63.142857142857146,37.142857142857146
980957,2016-05-01,Rising Pune Supergiants,Mumbai Indians,Maharashtra Cricket Association Stadium,165.125,0.5,44.88235294117647,67.29411764705883,46.23529411764706
980959,2016-05-02,Kolkata Knight Riders,Royal Challengers Bangalore,M Chinnaswamy Stadium,168.08,0.54,45.21,69.03,43.22
980959,2016-05-02,Royal Challengers Bangalore,Kolkata Knight Riders,M Chinnaswamy Stadium,168.08,0.54,45.12871287128713,69.1980198019802,43.445544554455445
980961,2016-05-03,Gujarat Lions,Delhi Daredevils,Saurashtra Cricket Association Stadium,158.0,0.75,56.125,61.625,38.0
980961,2016-05-03,Delhi Daredevils,Gujarat Lions,Saurashtra Cricket Association Stadium,158.0,0.75,53.77777777777778,61.888888888888886,39.333333333333336
980963,2016-05-04,Kolkata Knight Riders,Kings XI Punjab,Eden Gardens,152.48979591836735,0.6326530612244898,43.37755102040816,64.83673469387755,39.0
980963,2016-05-04,Kings XI Punjab,Kolkata Knight Riders,Eden Gardens,152.48979591836735,0.6326530612244898,43.343434343434346,65.0,39.04040404040404
980965,2016-05-05,Delhi Daredevils,Rising Pune Supergiants,Feroz Shah Kotla,160.53061224489795,0.5510204081632653,46.724489795918366,68.12244897959184,38.55102040816327
980965,2016-05-05,Rising Pune Supergiants,Delhi Daredevils,Feroz Shah Kotla,160.53061224489795,0.5510204081632653,46.73737373737374,68.08080808080808,38.666666666666664
980967,2016-05-06,Gujarat Lions,Sunrisers Hyderabad,"Rajiv Gandhi International Stadium, Uppal",155.46153846153845,0.6410256410256411,43.743589743589745,65.7051282051282,41.56410256410256
980967,2016-05-06,Sunrisers Hyderabad,Gujarat Lions,"Rajiv Gandhi International Stadium, Uppal",155.46153846153845,0.6410256410256411,43.51898734177215,65.62025316455696,41.55696202531646
980969,2016-05-07,Rising Pune Supergiants,Royal Challengers Bangalore,M Chinnaswamy Stadium,168.41176470588235,0.5490196078431373,45.07843137254902,69.22549019607843,43.73529411764706
980969,2016-05-07,Royal Challengers Bangalore,Rising Pune Supergiants,M Chinnaswamy Stadium,168.41176470588235,0.5490196078431373,45.22330097087379,69.31067961165049,43.8252427184466
980971,2016-05-07,Kings XI Punjab,Delhi Daredevils,"Punjab Cricket Association IS Bindra Stadium, Mohali",160.0,0.75,49.125,70.0,38.375
980971,2016-05-07,Delhi Daredevils,Kings XI Punjab,"Punjab Cricket Association IS Bindra Stadium, Mohali",160.0,0.75,48.666666666666664,70.44444444444444,41.0
980975,2016-05-08,Kolkata Knight Riders,Gujarat Lions,Eden Gardens,152.72,0.62,43.28,65.15,39.05
980975,2016-05-08,Gujarat Lions,Kolkata Knight Riders,Eden Gardens,152.72,0.62,43.12871287128713,65.1980198019802,39.257425742574256
980973,2016-05-08,Sunrisers Hyderabad,Mumbai Indians,Dr. Y.S. Rajasekhara Reddy ACA-VDCA Cricket Stadium,160.2,0.4,41.6,63.8,40.3
980973,2016-05-08,Mumbai Indians,Sunrisers Hyderabad,Dr. Y.S. Rajasekhara Reddy ACA-VDCA Cricket Stadium,160.2,0.4,42.45454545454545,63.90909090909091,42.18181818181818
980977,2016-05-09,Royal Challengers Bangalore,Kings XI Punjab,"Punjab Cricket Association IS Bindra Stadium, Mohali",164.2,0.6,48.9,71.5,40.9
980977,2016-05-09,Kings XI Punjab,Royal Challengers Bangalore,"Punjab Cricket Association IS Bindra Stadium, Mohali",164.2,0.6,49.54545454545455,70.18181818181819,42.81818181818182
980979,2016-05-10,Sunrisers Hyderabad,Rising Pune Supergiants,Dr. Y.S. Rajasekhara Reddy ACA-VDCA Cricket Stadium,163.0,0.3333333333333333,41.583333333333336,63.0,39.25
980979,2016-05-10,Rising Pune Supergiants,Sunrisers Hyderabad,Dr. Y.S. Rajasekhara Reddy ACA-VDCA Cricket Stadium,163.0,0.3333333333333333,41.0,62.92307692307692,39.38461538461539
980981,2016-05-11,Royal Challengers Bangalore,Mumbai Indians,M Chinnaswamy Stadium,168.84615384615384,0.5576923076923077,45.23076923076923,69.5673076923077,43.91346153846154
980981,2016-05-11,Mumbai Indians,Royal Challengers Bangalore,M Chinnaswamy Stadium,168.84615384615384,0.5576923076923077,45.03809523809524,69.53333333333333,44.06666666666667
980983,2016-05-12,Delhi Daredevils,Sunrisers Hyderabad,"Rajiv Gandhi International Stadium, Uppal",154.725,0.65,43.45,65.4625,41.5125
980983,2016-05-12,Sunrisers Hyderabad,Delhi Daredevils,"Rajiv Gandhi International Stadium, Uppal",154.725,0.65,43.53086419753087,65.44444444444444,41.44444444444444
980985,2016-05-13,Mumbai Indians,Kings XI Punjab,Dr. Y.S. Rajasekhara Reddy ACA-VDCA Cricket Stadium,159.28571428571428,0.2857142857142857,39.857142857142854,62.785714285714285,39.92857142857143
980985,2016-05-13,Kings XI Punjab,Mumbai Indians,Dr. Y.S. Rajasekhara Reddy ACA-VDCA Cricket Stadium,159.28571428571428,0.2857142857142857,38.6,62.53333333333333,40.2
980987,2016-05-14,Royal Challengers Bangalore,Gujarat Lions,M Chinnaswamy Stadium,168.50943396226415,0.5660377358490566,44.9811320754717,69.4245283018868,44.179245283018865
980987,2016-05-14,Gujarat Lions,Royal Challengers Bangalore,M Chinnaswamy Stadium,168.50943396226415,0.5660377358490566,44.953271028037385,69.65420560747664,44.81308411214953
980989,2016-05-14,Rising Pune Supergiants,Kolkata Knight Riders,Eden Gardens,152.8235294117647,0.6274509803921569,43.15686274509804,65.43137254901961,39.15686274509804
980989,2016-05-14,Kolkata Knight Riders,Rising Pune Supergiants,Eden Gardens,152.8235294117647,0.6274509803921569,43.09708737864078,65.3495145631068,38.86407766990291
980993,2016-05-15,Mumbai Indians,Delhi Daredevils,Dr. Y.S. Rajasekhara Reddy ACA-VDCA Cricket Stadium,154.875,0.375,38.1875,63.5,38.75
980993,2016-05-15,Delhi Daredevils,Mumbai Indians,Dr. Y.S. Rajasekhara Reddy ACA-VDCA Cricket Stadium,154.875,0.375,38.588235294117645,65.58823529411765,40.11764705882353
980991,2016-05-15,Kings XI Punjab,Sunrisers Hyderabad,"Punjab Cricket Association IS Bindra Stadium, Mohali",166.0,0.5,49.583333333333336,70.41666666666667,43.5
980991,2016-05-15,Sunrisers Hyderabad,Kings XI Punjab,"Punjab Cricket Association IS Bindra Stadium, Mohali",166.0,0.5,49.38461538461539,70.6923076923077,44.61538461538461
980995,2016-05-16,Kolkata Knight Riders,Royal Challengers Bangalore,Eden Gardens,151.8653846153846,0.6346153846153846,43.31730769230769,64.72115384615384,38.49038461538461
980995,2016-05-16,Royal Challengers Bangalore,Kolkata Knight Riders,Eden Gardens,151.8653846153846,0.6346153846153846,43.39047619047619,64.8,38.68571428571428
980997,2016-05-17,Delhi Daredevils,Rising Pune Supergiants,Dr. Y.S. Rajasekhara Reddy ACA-VDCA Cricket Stadium,160.55555555555554,0.3333333333333333,39.166666666666664,65.22222222222223,38.888888888888886
980997,2016-05-17,Rising Pune Supergiants,Delhi Daredevils,Dr. Y.S. Rajasekhara Reddy ACA-VDCA Cricket Stadium,160.55555555555554,0.3333333333333333,38.578947368421055,64.15789473684211,39.36842105263158
980999,2016-05-18,Royal Challengers Bangalore,Kings XI Punjab,M Chinnaswamy Stadium,169.9814814814815,0.5555555555555556,44.916666666666664,69.5,44.49074074074074
980999,2016-05-18,Kings XI Punjab,Royal Challengers Bangalore,M Chinnaswamy Stadium,169.9814814814815,0.5555555555555556,45.08256880733945,70.22018348623853,44.08256880733945
981001,2016-05-19,Gujarat Lions,Kolkata Knight Riders,Green Park,,,,,
981001,2016-05-19,Kolkata Knight Riders,Gujarat Lions,Green Park,,,55.0,70.0,0.0
981003,2016-05-20,Sunrisers Hyderabad,Delhi Daredevils,Shaheed Veer Narayan Singh International Stadium,145.5,0.5,35.625,61.5,46.0
981003,2016-05-20,Delhi Daredevils,Sunrisers Hyderabad,Shaheed Veer Narayan Singh International Stadium,145.5,0.5,36.77777777777778,62.333333333333336,45.666666666666664
981005,2016-05-21,Kings XI Punjab,Rising Pune Supergiants,Dr. Y.S. Rajasekhara Reddy ACA-VDCA Cricket Stadium,156.6,0.4,38.85,62.55,37.4
981005,2016-05-21,Rising Pune Supergiants,Kings XI Punjab,Dr. Y.S. Rajasekhara Reddy ACA-VDCA Cricket Stadium,156.6,0.4,39.476190476190474,62.80952380952381,38.095238095238095
981007,2016-05-21,Mumbai Indians,Gujarat Lions,Green Park,124.0,1.0,49.5,54.5,20.5
981007,2016-05-21,Gujarat Lions,Mumbai Indians,Green Park,124.0,1.0,49.333333333333336,64.66666666666667,26.333333333333332
981011,2016-05-22,Delhi Daredevils,Royal Challengers Bangalore,Shaheed Veer Narayan Singh International Stadium,148.0,0.6,36.8,63.1,46.5
981011,2016-05-22,Royal Challengers Bangalore,Delhi Daredevils,Shaheed Veer Narayan Singh International Stadium,148.0,0.6,37.36363636363637,62.36363636363637,45.90909090909091
981009,2016-05-22,Sunrisers Hyderabad,Kolkata Knight Riders,Eden Gardens,152.45283018867926,0.6415094339622641,43.575471698113205,64.86792452830188,38.801886792452834
981009,2016-05-22,Kolkata Knight Riders,Sunrisers Hyderabad,Eden Gardens,152.45283018867926,0.6415094339622641,43.61682242990654,64.8785046728972,38.76635514018692
981013,2016-05-24,Gujarat Lions,Royal Challengers Bangalore,M Chinnaswamy Stadium,170.72727272727272,0.5454545454545454,45.20909090909091,70.13636363636364,43.68181818181818
981013,2016-05-24,Royal Challengers Bangalore,Gujarat Lions,M Chinnaswamy Stadium,170.72727272727272,0.5454545454545454,45.009009009009006,70.23423423423424,43.77477477477478
981015,2016-05-25,Sunrisers Hyderabad,Kolkata Knight Riders,Feroz Shah Kotla,160.56,0.56,46.77,68.06,38.78
981015,2016-05-25,Kolkata Knight Riders,Sunrisers Hyderabad,Feroz Shah Kotla,160.56,0.56,46.73267326732673,68.03960396039604,38.92079207920792
981017,2016-05-27,Gujarat Lions,Sunrisers Hyderabad,Feroz Shah Kotla,160.58823529411765,0.5490196078431373,46.72549019607843,68.0,38.833333333333336
981017,2016-05-27,Sunrisers Hyderabad,Gujarat Lions,Feroz Shah Kotla,160.58823529411765,0.5490196078431373,46.640776699029125,68.02912621359224,38.970873786407765
981019,2016-05-29,Sunrisers Hyderabad,Royal Challengers Bangalore,M Chinnaswamy Stadium,170.5,0.5535714285714286,44.88392857142857,70.3125,43.82142857142857
981019,2016-05-29,Royal Challengers Bangalore,Sunrisers Hyderabad,M Chinnaswamy Stadium,170.5,0.5535714285714286,45.008849557522126,70.40707964601769,44.0353982300885
1082591,2017-04-05,Sunrisers Hyderabad,Royal Challengers Bangalore,"Rajiv Gandhi International Stadium, Uppal",154.5121951219512,0.6585365853658537,43.6219512195122,65.40243902439025,41.34146341463415
1082591,2017-04-05,Royal Challengers Bangalore,Sunrisers Hyderabad,"Rajiv Gandhi International Stadium, Uppal",154.5121951219512,0.6585365853658537,43.80722891566265,65.72289156626506,41.51807228915663
1082592,2017-04-06,Mumbai Indians,Rising Pune Supergiant,Maharashtra Cricket Association Stadium,164.44444444444446,0.5555555555555556,45.388888888888886,67.22222222222223,45.833333333333336
1082592,2017-04-06,Rising Pune Supergiant,Mumbai Indians,Maharashtra Cricket Association Stadium,164.44444444444446,0.5555555555555556,46.21052631578947,66.78947368421052,46.78947368421053
1082593,2017-04-07,Kolkata Knight Riders,Gujarat Lions,Saurashtra Cricket Association Stadium,156.2,0.8,54.5,61.7,38.3
1082593,2017-04-07,Gujarat Lions,Kolkata Knight Riders,Saurashtra Cricket Association Stadium,156.2,0.8,56.18181818181818,66.18181818181819,34.81818181818182
1082595,2017-04-08,Royal Challengers Bangalore,Delhi Daredevils,M.Chinnaswamy Stadium,,,,,
1082595,2017-04-08,Delhi Daredevils,Royal Challengers Bangalore,M.Chinnaswamy Stadium,,,41.0,80.0,36.0
1082594,2017-04-08,Rising Pune Supergiant,Kings XI Punjab,Holkar Cricket Stadium,137.5,1.0,57.5,57.5,23.5
1082594,2017-04-08,Kings XI Punjab,Rising Pune Supergiant,Holkar Cricket Stadium,137.5,1.0,53.0,60.6,29.8
1082597,2017-04-09,Kolkata Knight Riders,Mumbai Indians,Wankhede Stadium,162.79591836734693,0.4897959183673469,43.816326530612244,69.3061224489796,42.91836734693877
1082597,2017-04-09,Mumbai Indians,Kolkata Knight Riders,Wankhede Stadium,162.79591836734693,0.4897959183673469,43.96969696969697,69.1919191919192,43.101010101010104
1082596,2017-04-09,Gujarat Lions,Sunrisers Hyderabad,"Rajiv Gandhi International Stadium, Uppal",155.76190476190476,0.6428571428571429,43.92857142857143,65.95238095238095,41.416666666666664
1082596,2017-04-09,Sunrisers Hyderabad,Gujarat Lions,"Rajiv Gandhi International Stadium, Uppal",155.76190476190476,0.6428571428571429,43.88235294117647,65.90588235294118,41.31764705882353
1082598,2017-04-10,Royal Challengers Bangalore,Kings XI Punjab,Holkar Cricket Stadium,146.0,1.0,53.5,62.5,30.833333333333332
1082598,2017-04-10,Kings XI Punjab,Royal Challengers Bangalore,Holkar Cricket Stadium,146.0,1.0,49.142857142857146,60.42857142857143,37.42857142857143
1082599,2017-04-11,Delhi Daredevils,Rising Pune Supergiant,Maharashtra Cricket Association Stadium,166.4,0.6,46.85,67.45,46.85
1082599,2017-04-11,Rising Pune Supergiant,Delhi Daredevils,Maharashtra Cricket Association Stadium,166.4,0.6,47.57142857142857,67.14285714285714,48.523809523809526
1082600,2017-04-12,Sunrisers Hyderabad,Mumbai Indians,Wankhede Stadium,163.1,0.5,44.02,69.16,43.32
1082600,2017-04-12,Mumbai Indians,Sunrisers Hyderabad,Wankhede Stadium,163.1,0.5,43.92079207920792,69.3069306930693,43.28712871287129
1082601,2017-04-13,Kings XI Punjab,Kolkata Knight Riders,Eden Gardens,152.7962962962963,0.6296296296296297,43.657407407407405,65.13888888888889,38.68518518518518
1082601,2017-04-13,Kolkata Knight Riders,Kings XI Punjab,Eden Gardens,152.7962962962963,0.6296296296296297,43.77981651376147,65.24770642201835,38.6605504587156
1082603,2017-04-14,Gujarat Lions,Rising Pune Supergiant,Saurashtra Cricket Association Stadium,160.66666666666666,0.8333333333333334,55.833333333333336,66.75,36.75
1082603,2017-04-14,Rising Pune Supergiant,Gujarat Lions,Saurashtra Cricket Association Stadium,160.66666666666666,0.8333333333333334,56.23076923076923,67.15384615384616,36.92307692307692
1082602,2017-04-14,Royal Challengers Bangalore,Mumbai Indians,M Chinnaswamy Stadium,171.1578947368421,0.543859649122807,45.13157894736842,70.65789473684211,44.01754385964912
1082602,2017-04-14,Mumbai Indians,Royal Challengers Bangalore,M Chinnaswamy Stadium,171.1578947368421,0.543859649122807,45.095652173913045,70.64347826086957,43.91304347826087
1082604,2017-04-15,Kolkata Knight Riders,Sunrisers Hyderabad,Eden Gardens,153.1090909090909,0.6363636363636364,44.07272727272727,65.39090909090909,38.43636363636364
1082604,2017-04-15,Sunrisers Hyderabad,Kolkata Knight Riders,Eden Gardens,153.1090909090909,0.6363636363636364,44.03603603603604,65.55855855855856,38.52252252252252
1082605,2017-04-15,Delhi Daredevils,Kings XI Punjab,Feroz Shah Kotla,160.6153846153846,0.5576923076923077,46.63461538461539,68.04807692307692,39.04807692307692
1082605,2017-04-15,Kings XI Punjab,Delhi Daredevils,Feroz Shah Kotla,160.6153846153846,0.5576923076923077,46.65714285714286,68.07619047619048,39.32380952380952
1082607,2017-04-16,Royal Challengers Bangalore,Rising Pune Supergiant,M Chinnaswamy Stadium,170.6551724137931,0.5517241379310345,44.88793103448276,70.63793103448276,44.0
1082607,2017-04-16,Rising Pune Supergiant,Royal Challengers Bangalore,M Chinnaswamy Stadium,170.6551724137931,0.5517241379310345,44.863247863247864,70.46153846153847,43.98290598290598
1082606,2017-04-16,Gujarat Lions,Mumbai Indians,Wankhede Stadium,163.0,0.5098039215686274,44.088235294117645,69.2156862745098,43.23529411764706
1082606,2017-04-16,Mumbai Indians,Gujarat Lions,Wankhede Stadium,163.0,0.5098039215686274,44.10679611650485,69.2621359223301,43.359223300970875
1082608,2017-04-17,Delhi Daredevils,Kolkata Knight Riders,Feroz Shah Kotla,161.1320754716981,0.5471698113207547,46.594339622641506,68.02830188679245,39.27358490566038
1082608,2017-04-17,Kolkata Knight Riders,Delhi Daredevils,Feroz Shah Kotla,161.1320754716981,0.5471698113207547,46.654205607476634,67.92523364485982,39.44859813084112
1082609,2017-04-17,Sunrisers Hyderabad,Kings XI Punjab,"Rajiv Gandhi International Stadium, Uppal",155.27906976744185,0.6511627906976745,44.05813953488372,65.97674418604652,40.94186046511628
1082609,2017-04-17,Kings XI Punjab,Sunrisers Hyderabad,"Rajiv Gandhi International Stadium, Uppal",155.27906976744185,0.6511627906976745,43.88505747126437,66.1264367816092,41.05747126436781
1082610,2017-04-18,Royal Challengers Bangalore,Gujarat Lions,Saurashtra Cricket Association Stadium,162.14285714285714,0.8571428571428571,56.785714285714285,66.78571428571429,37.5
1082610,2017-04-18,Gujarat Lions,Royal Challengers Bangalore,Saurashtra Cricket Association Stadium,162.14285714285714,0.8571428571428571,56.0,69.53333333333333,39.0
1082611,2017-04-19,Sunrisers Hyderabad,Delhi Daredevils,"Rajiv Gandhi International Stadium, Uppal",155.36363636363637,0.6363636363636364,43.96590909090909,65.97727272727273,41.15909090909091
1082611,2017-04-19,Delhi Daredevils,Sunrisers Hyderabad,"Rajiv Gandhi International Stadium, Uppal",155.36363636363637,0.6363636363636364,43.91011235955056,66.31460674157303,41.325842696629216
1082612,2017-04-20,Kings XI Punjab,Mumbai Indians,Holkar Cricket Stadium,146.5,1.0,50.75,63.875,32.75
1082612,2017-04-20,Mumbai Indians,Kings XI Punjab,Holkar Cricket Stadium,146.5,1.0,50.22222222222222,67.11111111111111,35.666666666666664
1082613,2017-04-21,Gujarat Lions,Kolkata Knight Riders,Eden Gardens,153.44642857142858,0.625,44.044642857142854,65.58035714285714,38.55357142857143
1082613,2017-04-21,Kolkata Knight Riders,Gujarat Lions,Eden Gardens,153.44642857142858,0.625,44.29203539823009,65.65486725663717,38.584070796460175
1082615,2017-04-22,Sunrisers Hyderabad,Rising Pune Supergiant,Maharashtra Cricket Association Stadium,169.9090909090909,0.5454545454545454,47.68181818181818,66.63636363636364,46.40909090909091
1082615,2017-04-22,Rising Pune Supergiant,Sunrisers Hyderabad,Maharashtra Cricket Association Stadium,169.9090909090909,0.5454545454545454,47.56521739130435,66.69565217391305,47.130434782608695
1082614,2017-04-22,Mumbai Indians,Delhi Daredevils,Wankhede Stadium,163.25,0.5192307692307693,44.22115384615385,69.32692307692308,43.375
1082614,2017-04-22,Delhi Daredevils,Mumbai Indians,Wankhede Stadium,163.25,0.5192307692307693,44.25714285714286,69.18095238095238,43.34285714285714
1082616,2017-04-23,Kings XI Punjab,Gujarat Lions,Saurashtra Cricket Association Stadium,168.5,0.75,56.0625,70.3125,39.875
1082616,2017-04-23,Gujarat Lions,Kings XI Punjab,Saurashtra Cricket Association Stadium,168.5,0.75,55.705882352941174,71.17647058823529,40.64705882352941
1082617,2017-04-23,Kolkata Knight Riders,Royal Challengers Bangalore,Eden Gardens,154.03508771929825,0.631578947368421,44.473684210526315,65.74561403508773,38.64912280701754
1082617,2017-04-23,Royal Challengers Bangalore,Kolkata Knight Riders,Eden Gardens,154.03508771929825,0.631578947368421,44.65217391304348,65.5391304347826,38.52173913043478
1082618,2017-04-24,Rising Pune Supergiant,Mumbai Indians,Wankhede Stadium,162.8490566037736,0.5094339622641509,44.056603773584904,69.16981132075472,43.283018867924525
1082618,2017-04-24,Mumbai Indians,Rising Pune Supergiant,Wankhede Stadium,162.8490566037736,0.5094339622641509,44.09345794392523,69.19626168224299,43.25233644859813
1082620,2017-04-26,Kolkata Knight Riders,Rising Pune Supergiant,Maharashtra Cricket Association Stadium,170.41666666666666,0.5833333333333334,47.875,66.41666666666667,47.833333333333336
1082620,2017-04-26,Rising Pune Supergiant,Kolkata Knight Riders,Maharashtra Cricket Association Stadium,170.41666666666666,0.5833333333333334,47.76,68.32,46.92
1082621,2017-04-27,Royal Challengers Bangalore,Gujarat Lions,M Chinnaswamy Stadium,170.4915254237288,0.5423728813559322,44.94915254237288,70.38983050847457,43.983050847457626
1082621,2017-04-27,Gujarat Lions,Royal Challengers Bangalore,M Chinnaswamy Stadium,170.4915254237288,0.5423728813559322,44.865546218487395,70.40336134453781,43.84033613445378
1082623,2017-04-28,Kings XI Punjab,Sunrisers Hyderabad,"Punjab Cricket Association IS Bindra Stadium, Mohali",167.85714285714286,0.5714285714285714,49.785714285714285,71.0,45.0
1082622,2017-04-28,Delhi Daredevils,Kolkata Knight Riders,Eden Gardens,153.63793103448276,0.6206896551724138,44.60344827586207,65.0603448275862,38.189655172413794
1082622,2017-04-28,Kolkata Knight Riders,Delhi Daredevils,Eden Gardens,153.63793103448276,0.6206896551724138,44.675213675213676,65.17094017094017,38.111111111111114
1082623,2017-04-28,Sunrisers Hyderabad,Kings XI Punjab,"Punjab Cricket Association IS Bindra Stadium, Mohali",167.85714285714286,0.5714285714285714,50.4,71.53333333333333,44.86666666666667
1082625,2017-04-29,Mumbai Indians,Gujarat Lions,Saurashtra Cricket Association Stadium,170.66666666666666,0.6666666666666666,55.388888888888886,71.16666666666667,40.666666666666664
1082625,2017-04-29,Gujarat Lions,Mumbai Indians,Saurashtra Cricket Association Stadium,170.66666666666666,0.6666666666666666,55.68421052631579,70.21052631578948,40.578947368421055
1082624,2017-04-29,Rising Pune Supergiant,Royal Challengers Bangalore,Maharashtra Cricket Association Stadium,171.30769230769232,0.6153846153846154,48.11538461538461,68.46153846153847,47.15384615384615
1082624,2017-04-29,Royal Challengers Bangalore,Rising Pune Supergiant,Maharashtra Cricket Association Stadium,171.30769230769232,0.6153846153846154,47.925925925925924,68.44444444444444,47.111111111111114
1082626,2017-04-30,Delhi Daredevils,Kings XI Punjab,"Punjab Cricket Association IS Bindra Stadium, Mohali",172.75,0.5,51.0,73.0,45.3125
1082626,2017-04-30,Kings XI Punjab,Delhi Daredevils,"Punjab Cricket Association IS Bindra Stadium, Mohali",172.75,0.5,49.470588235294116,70.76470588235294,43.05882352941177
1082627,2017-04-30,Sunrisers Hyderabad,Kolkata Knight Riders,"Rajiv Gandhi International Stadium, Uppal",156.15555555555557,0.6222222222222222,44.044444444444444,66.36666666666666,41.41111111111111
1082627,2017-04-30,Kolkata Knight Riders,Sunrisers Hyderabad,"Rajiv Gandhi International Stadium, Uppal",156.15555555555557,0.6222222222222222,44.42857142857143,66.46153846153847,41.56043956043956
1082629,2017-05-01,Gujarat Lions,Rising Pune Supergiant,Maharashtra Cricket Association Stadium,170.28571428571428,0.5714285714285714,47.607142857142854,67.14285714285714,46.32142857142857
1082629,2017-05-01,Rising Pune Supergiant,Gujarat Lions,Maharashtra Cricket Association Stadium,170.28571428571428,0.5714285714285714,47.86206896551724,67.58620689655173,45.62068965517241
1082628,2017-05-01,Royal Challengers Bangalore,Mumbai Indians,Wankhede Stadium,162.7962962962963,0.5,44.092592592592595,69.19444444444444,43.25925925925926
1082628,2017-05-01,Mumbai Indians,Royal Challengers Bangalore,Wankhede Stadium,162.7962962962963,0.5,44.1651376146789,69.13761467889908,43.293577981651374
1082630,2017-05-02,Sunrisers Hyderabad,Delhi Daredevils,Feroz Shah Kotla,161.25925925925927,0.5555555555555556,46.675925925925924,68.0925925925926,39.398148148148145
1082630,2017-05-02,Delhi Daredevils,Sunrisers Hyderabad,Feroz Shah Kotla,161.25925925925927,0.5555555555555556,46.85321100917431,67.90825688073394,39.68807339449541
1082631,2017-05-03,Kolkata Knight Riders,Rising Pune Supergiant,Eden Gardens,153.74576271186442,0.6271186440677966,44.69491525423729,65.40677966101696,37.96610169491525
1082631,2017-05-03,Rising Pune Supergiant,Kolkata Knight Riders,Eden Gardens,153.74576271186442,0.6271186440677966,44.66386554621849,65.43697478991596,38.02521008403362
1082632,2017-05-04,Gujarat Lions,Delhi Daredevils,Feroz Shah Kotla,161.6909090909091,0.5636363636363636,46.99090909090909,68.01818181818182,39.75454545454546
1082632,2017-05-04,Delhi Daredevils,Gujarat Lions,Feroz Shah Kotla,161.6909090909091,0.5636363636363636,47.090090090090094,68.36036036036036,39.792792792792795
1082633,2017-05-05,Kings XI Punjab,Royal Challengers Bangalore,M Chinnaswamy Stadium,169.88333333333333,0.55,44.9,70.53333333333333,43.475
1082633,2017-05-05,Royal Challengers Bangalore,Kings XI Punjab,M Chinnaswamy Stadium,169.88333333333333,0.55,44.81818181818182,70.35537190082644,43.56198347107438
1082635,2017-05-06,Delhi Daredevils,Mumbai Indians,Feroz Shah Kotla,162.51785714285714,0.5714285714285714,47.232142857142854,68.8125,39.723214285714285
1082635,2017-05-06,Mumbai Indians,Delhi Daredevils,Feroz Shah Kotla,162.51785714285714,0.5714285714285714,47.123893805309734,68.47787610619469,39.3716814159292
1082634,2017-05-06,Sunrisers Hyderabad,Rising Pune Supergiant,"Rajiv Gandhi International Stadium, Uppal",157.30434782608697,0.6086956521739131,44.42391304347826,66.58695652173913,41.53260869565217
1082634,2017-05-06,Rising Pune Supergiant,Sunrisers Hyderabad,"Rajiv Gandhi International Stadium, Uppal",157.30434782608697,0.6086956521739131,44.45161290322581,66.45161290322581,41.46236559139785
1082636,2017-05-07,Royal Challengers Bangalore,Kolkata Knight Riders,M Chinnaswamy Stadium,169.36065573770492,0.5409836065573771,44.82786885245902,70.20491803278688,43.377049180327866
1082636,2017-05-07,Kolkata Knight Riders,Royal Challengers Bangalore,M Chinnaswamy Stadium,169.36065573770492,0.5409836065573771,44.78861788617886,70.16260162601625,43.45528455284553
1082637,2017-05-07,Kings XI Punjab,Gujarat Lions,"Punjab Cricket Association IS Bindra Stadium, Mohali",161.0,0.5555555555555556,49.5,67.83333333333333,40.666666666666664
1082637,2017-05-07,Gujarat Lions,Kings XI Punjab,"Punjab Cricket Association IS Bindra Stadium, Mohali",161.0,0.5555555555555556,49.21052631578947,68.42105263157895,42.0
1082638,2017-05-08,Mumbai Indians,Sunrisers Hyderabad,"Rajiv Gandhi International Stadium, Uppal",157.10638297872342,0.5957446808510638,44.351063829787236,66.43617021276596,41.53191489361702
1082638,2017-05-08,Sunrisers Hyderabad,Mumbai Indians,"Rajiv Gandhi International Stadium, Uppal",157.10638297872342,0.5957446808510638,44.26315789473684,66.4,41.50526315789474
1082639,2017-05-09,Kolkata Knight Riders,Kings XI Punjab,"Punjab Cricket Association IS Bindra Stadium, Mohali",163.8,0.6,49.65,69.5,42.1
1082639,2017-05-09,Kings XI Punjab,Kolkata Knight Riders,"Punjab Cricket Association IS Bindra Stadium, Mohali",163.8,0.6,50.19047619047619,68.9047619047619,41.76190476190476
1082640,2017-05-10,Gujarat Lions,Delhi Daredevils,Green Park,148.0,1.0,54.5,67.75,26.25
1082640,2017-05-10,Delhi Daredevils,Gujarat Lions,Green Park,148.0,1.0,53.6,71.0,33.2
1082641,2017-05-11,Kings XI Punjab,Mumbai Indians,Wankhede Stadium,162.78181818181818,0.509090909090909,44.263636363636365,69.04545454545455,43.36363636363637
1082641,2017-05-11,Mumbai Indians,Kings XI Punjab,Wankhede Stadium,162.78181818181818,0.509090909090909,44.5045045045045,69.34234234234235,43.486486486486484
1082642,2017-05-12,Delhi Daredevils,Rising Pune Supergiant,Feroz Shah Kotla,163.3859649122807,0.5614035087719298,47.23684210526316,68.64912280701755,39.58771929824562
1082642,2017-05-12,Rising Pune Supergiant,Delhi Daredevils,Feroz Shah Kotla,163.3859649122807,0.5614035087719298,47.29565217391304,68.65217391304348,39.63478260869565
1082644,2017-05-13,Kolkata Knight Riders,Mumbai Indians,Eden Gardens,153.76666666666668,0.6333333333333333,44.90833333333333,65.39166666666667,37.90833333333333
1082644,2017-05-13,Mumbai Indians,Kolkata Knight Riders,Eden Gardens,153.76666666666668,0.6333333333333333,44.97520661157025,65.49586776859505,37.86776859504132
1082643,2017-05-13,Sunrisers Hyderabad,Gujarat Lions,Green Park,163.66666666666666,1.0,55.333333333333336,71.5,37.5
1082643,2017-05-13,Gujarat Lions,Sunrisers Hyderabad,Green Park,163.66666666666666,1.0,54.142857142857146,72.71428571428571,36.57142857142857
1082645,2017-05-14,Kings XI Punjab,Rising Pune Supergiant,Maharashtra Cricket Association Stadium,169.66666666666666,0.6,47.7,67.3,46.266666666666666
1082645,2017-05-14,Rising Pune Supergiant,Kings XI Punjab,Maharashtra Cricket Association Stadium,169.66666666666666,0.6,47.193548387096776,66.38709677419355,44.83870967741935
1082646,2017-05-14,Royal Challengers Bangalore,Delhi Daredevils,Feroz Shah Kotla,163.4655172413793,0.5517241379310345,47.3448275862069,68.61206896551724,39.672413793103445
1082646,2017-05-14,Delhi Daredevils,Royal Challengers Bangalore,Feroz Shah Kotla,163.4655172413793,0.5517241379310345,47.256410256410255,68.62393162393163,39.794871794871796
1082647,2017-05-16,Rising Pune Supergiant,Mumbai Indians,Wankhede Stadium,163.98214285714286,0.5,44.714285714285715,69.4375,43.767857142857146
1082647,2017-05-16,Mumbai Indians,Rising Pune Supergiant,Wankhede Stadium,163.98214285714286,0.5,44.610619469026545,69.45132743362832,43.89380530973451
1082648,2017-05-17,Sunrisers Hyderabad,Kolkata Knight Riders,M Chinnaswamy Stadium,169.17741935483872,0.5483870967741935,45.274193548387096,70.01612903225806,43.12096774193548
1082648,2017-05-17,Kolkata Knight Riders,Sunrisers Hyderabad,M Chinnaswamy Stadium,169.17741935483872,0.5483870967741935,45.152,70.0,43.016
1082649,2017-05-19,Kolkata Knight Riders,Mumbai Indians,M Chinnaswamy Stadium,168.52380952380952,0.5555555555555556,45.17460317460318,69.44444444444444,42.67460317460318
1082649,2017-05-19,Mumbai Indians,Kolkata Knight Riders,M Chinnaswamy Stadium,168.52380952380952,0.5555555555555556,45.01574803149607,69.39370078740157,42.488188976377955
1082650,2017-05-21,Mumbai Indians,Rising Pune Supergiant,"Rajiv Gandhi International Stadium, Uppal",156.70833333333334,0.6041666666666666,44.25,66.4375,41.354166666666664
1082650,2017-05-21,Rising Pune Supergiant,Mumbai Indians,"Rajiv Gandhi International Stadium, Uppal",156.70833333333334,0.6041666666666666,44.123711340206185,66.25773195876289,41.422680412371136
1136561,2018-04-07,Mumbai Indians,Chennai Super Kings,Wankhede Stadium,163.94736842105263,0.49122807017543857,44.58771929824562,69.37719298245614,43.85087719298246
1136561,2018-04-07,Chennai Super Kings,Mumbai Indians,Wankhede Stadium,163.94736842105263,0.49122807017543857,44.53913043478261,69.45217391304348,43.88695652173913
1136563,2018-04-08,Kolkata Knight Riders,Royal Challengers Bangalore,Eden Gardens,154.08196721311475,0.6229508196721312,45.02459016393443,65.50819672131148,38.00819672131148
1136563,2018-04-08,Royal Challengers Bangalore,Kolkata Knight Riders,Eden Gardens,154.08196721311475,0.6229508196721312,45.21138211382114,65.5691056910569,37.99186991869919
1136562,2018-04-08,Kings XI Punjab,Delhi Daredevils,Punjab Cricket Association IS Bindra Stadium,,,,,
1136562,2018-04-08,Delhi Daredevils,Kings XI Punjab,Punjab Cricket Association IS Bindra Stadium,,,73.0,59.0,35.0
1136564,2018-04-09,Rajasthan Royals,Sunrisers Hyderabad,Rajiv Gandhi International Stadium,,,,,
1136564,2018-04-09,Sunrisers Hyderabad,Rajasthan Royals,Rajiv Gandhi International Stadium,,,48.0,49.0,28.0
1136565,2018-04-10,Kolkata Knight Riders,Chennai Super Kings,MA Chidambaram Stadium,,,,,
1136565,2018-04-10,Chennai Super Kings,Kolkata Knight Riders,MA Chidambaram Stadium,,,64.0,59.0,79.0
1136566,2018-04-11,Rajasthan Royals,Delhi Daredevils,Sawai Mansingh Stadium,155.6969696969697,0.696969696969697,43.15151515151515,66.77272727272727,39.484848484848484
1136566,2018-04-11,Delhi Daredevils,Rajasthan Royals,Sawai Mansingh Stadium,155.6969696969697,0.696969696969697,43.26865671641791,66.76119402985074,39.43283582089552
1136567,2018-04-12,Sunrisers Hyderabad,Mumbai Indians,Rajiv Gandhi International Stadium,125.0,1.0,52.5,57.5,16.0
1136567,2018-04-12,Mumbai Indians,Sunrisers Hyderabad,Rajiv Gandhi International Stadium,125.0,1.0,53.666666666666664,60.0,20.666666666666668
1136568,2018-04-13,Kings XI Punjab,Royal Challengers Bangalore,M.Chinnaswamy Stadium,157.0,0.0,42.0,75.0,32.5
1136568,2018-04-13,Royal Challengers Bangalore,Kings XI Punjab,M.Chinnaswamy Stadium,157.0,0.0,44.666666666666664,74.0,32.666666666666664
1136569,2018-04-14,Mumbai Indians,Delhi Daredevils,Wankhede Stadium,163.9655172413793,0.5,44.51724137931034,69.40517241379311,44.05172413793103
1136569,2018-04-14,Delhi Daredevils,Mumbai Indians,Wankhede Stadium,163.9655172413793,0.5,44.85470085470085,69.44444444444444,43.98290598290598
1136570,2018-04-14,Kolkata Knight Riders,Sunrisers Hyderabad,Eden Gardens,154.43548387096774,0.6290322580645161,45.266129032258064,65.68548387096774,38.04032258064516
1136570,2018-04-14,Sunrisers Hyderabad,Kolkata Knight Riders,Eden Gardens,154.43548387096774,0.6290322580645161,45.296,65.616,37.992
1136572,2018-04-15,Chennai Super Kings,Kings XI Punjab,Punjab Cricket Association IS Bindra Stadium,166.0,1.0,59.0,68.5,39.0
1136571,2018-04-15,Royal Challengers Bangalore,Rajasthan Royals,M.Chinnaswamy Stadium,156.0,0.5,43.75,72.5,37.0
1136571,2018-04-15,Rajasthan Royals,Royal Challengers Bangalore,M.Chinnaswamy Stadium,156.0,0.5,47.8,72.0,42.4
1136572,2018-04-15,Kings XI Punjab,Chennai Super Kings,Punjab Cricket Association IS Bindra Stadium,166.0,1.0,57.0,68.66666666666667,49.666666666666664
1136573,2018-04-16,Kolkata Knight Riders,Delhi Daredevils,Eden Gardens,154.17460317460316,0.6349206349206349,45.301587301587304,65.61904761904762,37.904761904761905
1136573,2018-04-16,Delhi Daredevils,Kolkata Knight Riders,Eden Gardens,154.17460317460316,0.6349206349206349,45.338582677165356,65.85039370078741,38.039370078740156
1136574,2018-04-17,Mumbai Indians,Royal Challengers Bangalore,Wankhede Stadium,164.47457627118644,0.5084745762711864,44.92372881355932,69.66101694915254,44.00847457627118
1136574,2018-04-17,Royal Challengers Bangalore,Mumbai Indians,Wankhede Stadium,164.47457627118644,0.5084745762711864,45.05042016806723,69.77310924369748,44.226890756302524
1136575,2018-04-18,Rajasthan Royals,Kolkata Knight Riders,Sawai Mansingh Stadium,155.61764705882354,0.6764705882352942,43.51470588235294,65.77941176470588,38.85294117647059
1136575,2018-04-18,Kolkata Knight Riders,Rajasthan Royals,Sawai Mansingh Stadium,155.61764705882354,0.6764705882352942,43.57971014492754,65.7536231884058,38.98550724637681
1136576,2018-04-19,Kings XI Punjab,Sunrisers Hyderabad,Punjab Cricket Association IS Bindra Stadium,181.5,0.5,61.5,71.25,48.0
1136576,2018-04-19,Sunrisers Hyderabad,Kings XI Punjab,Punjab Cricket Association IS Bindra Stadium,181.5,0.5,59.0,75.8,48.4
1136577,2018-04-20,Chennai Super Kings,Rajasthan Royals,Maharashtra Cricket Association Stadium,163.625,0.625,47.0625,65.40625,43.4375
1136577,2018-04-20,Rajasthan Royals,Chennai Super Kings,Maharashtra Cricket Association Stadium,163.625,0.625,47.72727272727273,66.21212121212122,43.42424242424242
1136579,2018-04-21,Delhi Daredevils,Royal Challengers Bangalore,M.Chinnaswamy Stadium,176.33333333333334,0.3333333333333333,48.5,72.83333333333333,50.0
1136578,2018-04-21,Kolkata Knight Riders,Kings XI Punjab,Eden Gardens,154.890625,0.625,45.421875,65.90625,37.7421875
1136578,2018-04-21,Kings XI Punjab,Kolkata Knight Riders,Eden Gardens,154.890625,0.625,45.457364341085274,66.13953488372093,37.798449612403104
1136579,2018-04-21,Royal Challengers Bangalore,Delhi Daredevils,M.Chinnaswamy Stadium,176.33333333333334,0.3333333333333333,45.57142857142857,73.14285714285714,53.0
1136581,2018-04-22,Rajasthan Royals,Mumbai Indians,Sawai Mansingh Stadium,155.74285714285713,0.6857142857142857,43.714285714285715,65.78571428571429,39.02857142857143
1136581,2018-04-22,Mumbai Indians,Rajasthan Royals,Sawai Mansingh Stadium,155.74285714285713,0.6857142857142857,43.70422535211268,65.91549295774648,39.183098591549296
1136580,2018-04-22,Sunrisers Hyderabad,Chennai Super Kings,Rajiv Gandhi International Stadium,136.0,1.0,53.75,59.25,24.5
1136580,2018-04-22,Chennai Super Kings,Sunrisers Hyderabad,Rajiv Gandhi International Stadium,136.0,1.0,51.0,62.8,31.8
1136582,2018-04-23,Kings XI Punjab,Delhi Daredevils,Arun Jaitley Stadium,,,,,
1136582,2018-04-23,Delhi Daredevils,Kings XI Punjab,Arun Jaitley Stadium,,,51.0,49.0,43.0
1136583,2018-04-24,Sunrisers Hyderabad,Mumbai Indians,Wankhede Stadium,165.28333333333333,0.5,45.13333333333333,69.63333333333334,44.35
1136583,2018-04-24,Mumbai Indians,Sunrisers Hyderabad,Wankhede Stadium,165.28333333333333,0.5,45.18181818181818,69.51239669421487,44.082644628099175
1136584,2018-04-25,Royal Challengers Bangalore,Chennai Super Kings,M.Chinnaswamy Stadium,175.75,0.5,45.25,76.125,50.875
1136584,2018-04-25,Chennai Super Kings,Royal Challengers Bangalore,M.Chinnaswamy Stadium,175.75,0.5,46.0,77.66666666666667,52.22222222222222
1136585,2018-04-26,Kings XI Punjab,Sunrisers Hyderabad,Rajiv Gandhi International Stadium,151.33333333333334,0.6666666666666666,47.0,67.83333333333333,36.833333333333336
1136585,2018-04-26,Sunrisers Hyderabad,Kings XI Punjab,Rajiv Gandhi International Stadium,151.33333333333334,0.6666666666666666,46.57142857142857,64.85714285714286,35.57142857142857
1136586,2018-04-27,Delhi Daredevils,Kolkata Knight Riders,Arun Jaitley Stadium,143.0,0.0,49.5,48.5,43.0
1136586,2018-04-27,Kolkata Knight Riders,Delhi Daredevils,Arun Jaitley Stadium,143.0,0.0,52.0,60.0,55.0
1136587,2018-04-28,Chennai Super Kings,Mumbai Indians,Maharashtra Cricket Association Stadium,166.0,0.5882352941176471,47.35294117647059,66.61764705882354,42.88235294117647
1136587,2018-04-28,Mumbai Indians,Chennai Super Kings,Maharashtra Cricket Association Stadium,166.0,0.5882352941176471,47.457142857142856,66.6,43.142857142857146
1136589,2018-04-29,Kolkata Knight Riders,Royal Challengers Bangalore,M.Chinnaswamy Stadium,181.6,0.6,46.9,77.9,54.2
1136588,2018-04-29,Sunrisers Hyderabad,Rajasthan Royals,Sawai Mansingh Stadium,156.05555555555554,0.6944444444444444,43.69444444444444,66.27777777777777,39.083333333333336
1136588,2018-04-29,Rajasthan Royals,Sunrisers Hyderabad,Sawai Mansingh Stadium,156.05555555555554,0.6944444444444444,43.63013698630137,66.47945205479452,38.97260273972603
1136589,2018-04-29,Royal Challengers Bangalore,Kolkata Knight Riders,M.Chinnaswamy Stadium,181.6,0.6,47.27272727272727,77.45454545454545,54.0
1136590,2018-04-30,Delhi Daredevils,Chennai Super Kings,Maharashtra Cricket Association Stadium,166.16666666666666,0.6111111111111112,47.52777777777778,66.77777777777777,43.25
1136590,2018-04-30,Chennai Super Kings,Delhi Daredevils,Maharashtra Cricket Association Stadium,166.16666666666666,0.6111111111111112,47.83783783783784,66.83783783783784,43.972972972972975
1136591,2018-05-01,Royal Challengers Bangalore,Mumbai Indians,M.Chinnaswamy Stadium,180.5,0.6666666666666666,46.666666666666664,76.75,55.0
1136591,2018-05-01,Mumbai Indians,Royal Challengers Bangalore,M.Chinnaswamy Stadium,180.5,0.6666666666666666,46.38461538461539,77.0,54.15384615384615
1136592,2018-05-02,Delhi Daredevils,Rajasthan Royals,Arun Jaitley Stadium,181.0,0.0,51.75,67.25,47.25
1136592,2018-05-02,Rajasthan Royals,Delhi Daredevils,Arun Jaitley Stadium,181.0,0.0,53.8,75.8,42.6
1136593,2018-05-03,Chennai Super Kings,Kolkata Knight Riders,Eden Gardens,155.44615384615383,0.6307692307692307,45.66923076923077,66.03846153846153,37.50769230769231
1136593,2018-05-03,Kolkata Knight Riders,Chennai Super Kings,Eden Gardens,155.44615384615383,0.6307692307692307,45.7557251908397,66.02290076335878,37.64885496183206
1136594,2018-05-04,Kings XI Punjab,Mumbai Indians,Holkar Cricket Stadium,156.8,1.0,53.4,71.3,32.9
1136594,2018-05-04,Mumbai Indians,Kings XI Punjab,Holkar Cricket Stadium,156.8,1.0,53.0,71.54545454545455,34.54545454545455
1136596,2018-05-05,Sunrisers Hyderabad,Delhi Daredevils,Rajiv Gandhi International Stadium,146.5,0.5,45.375,64.25,35.5
1136596,2018-05-05,Delhi Daredevils,Sunrisers Hyderabad,Rajiv Gandhi International Stadium,146.5,0.5,47.111111111111114,63.111111111111114,37.0
1136595,2018-05-05,Royal Challengers Bangalore,Chennai Super Kings,Maharashtra Cricket Association Stadium,168.52631578947367,0.5789473684210527,48.05263157894737,67.21052631578948,44.76315789473684
1136595,2018-05-05,Chennai Super Kings,Royal Challengers Bangalore,Maharashtra Cricket Association Stadium,168.52631578947367,0.5789473684210527,48.02564102564103,66.56410256410257,44.58974358974359
1136598,2018-05-06,Kings XI Punjab,Rajasthan Royals,Holkar Cricket Stadium,159.66666666666666,1.0,51.833333333333336,72.16666666666667,36.5
1136597,2018-05-06,Mumbai Indians,Kolkata Knight Riders,Wankhede Stadium,164.50819672131146,0.4918032786885246,44.99180327868852,69.39344262295081,43.80327868852459
1136597,2018-05-06,Kolkata Knight Riders,Mumbai Indians,Wankhede Stadium,164.50819672131146,0.4918032786885246,45.08130081300813,69.44715447154472,43.84552845528455
1136598,2018-05-06,Rajasthan Royals,Kings XI Punjab,Holkar Cricket Stadium,159.66666666666666,1.0,50.46153846153846,71.84615384615384,37.76923076923077
1136599,2018-05-07,Royal Challengers Bangalore,Sunrisers Hyderabad,Rajiv Gandhi International Stadium,149.8,0.6,48.4,63.3,37.1
1136599,2018-05-07,Sunrisers Hyderabad,Royal Challengers Bangalore,Rajiv Gandhi International Stadium,149.8,0.6,49.0,61.81818181818182,37.27272727272727
1136600,2018-05-08,Rajasthan Royals,Kings XI Punjab,Sawai Mansingh Stadium,155.9189189189189,0.6756756756756757,43.62162162162162,66.37837837837837,38.95945945945946
1136600,2018-05-08,Kings XI Punjab,Rajasthan Royals,Sawai Mansingh Stadium,155.9189189189189,0.6756756756756757,43.88,66.25333333333333,38.946666666666665
1136601,2018-05-09,Mumbai Indians,Kolkata Knight Riders,Eden Gardens,155.77272727272728,0.6363636363636364,45.833333333333336,66.16666666666667,37.65909090909091
1136601,2018-05-09,Kolkata Knight Riders,Mumbai Indians,Eden Gardens,155.77272727272728,0.6363636363636364,45.8421052631579,66.40601503759399,37.86466165413534
1136602,2018-05-10,Delhi Daredevils,Sunrisers Hyderabad,Arun Jaitley Stadium,186.0,0.0,58.0,74.33333333333333,35.5
1136602,2018-05-10,Sunrisers Hyderabad,Delhi Daredevils,Arun Jaitley Stadium,186.0,0.0,55.142857142857146,74.14285714285714,41.285714285714285
1136603,2018-05-11,Chennai Super Kings,Rajasthan Royals,Sawai Mansingh Stadium,155.97368421052633,0.6578947368421053,43.73684210526316,66.15789473684211,39.10526315789474
1136603,2018-05-11,Rajasthan Royals,Chennai Super Kings,Sawai Mansingh Stadium,155.97368421052633,0.6578947368421053,43.883116883116884,66.23376623376623,39.23376623376623
1136604,2018-05-12,Kolkata Knight Riders,Kings XI Punjab,Holkar Cricket Stadium,158.57142857142858,1.0,50.07142857142857,71.35714285714286,38.07142857142857
1136604,2018-05-12,Kings XI Punjab,Kolkata Knight Riders,Holkar Cricket Stadium,158.57142857142858,1.0,50.666666666666664,73.93333333333334,40.6
1136605,2018-05-12,Delhi Daredevils,Royal Challengers Bangalore,Arun Jaitley Stadium,186.25,0.25,54.625,77.5,41.0
1136605,2018-05-12,Royal Challengers Bangalore,Delhi Daredevils,Arun Jaitley Stadium,186.25,0.25,53.44444444444444,77.33333333333333,43.22222222222222
1136606,2018-05-13,Sunrisers Hyderabad,Chennai Super Kings,Maharashtra Cricket Association Stadium,166.45,0.6,47.875,66.075,44.45
1136606,2018-05-13,Chennai Super Kings,Sunrisers Hyderabad,Maharashtra Cricket Association Stadium,166.45,0.6,47.41463414634146,66.92682926829268,44.5609756097561
1136607,2018-05-13,Mumbai Indians,Rajasthan Royals,Wankhede Stadium,164.7741935483871,0.4838709677419355,45.096774193548384,69.49193548387096,43.86290322580645
1136607,2018-05-13,Rajasthan Royals,Mumbai Indians,Wankhede Stadium,164.7741935483871,0.4838709677419355,45.144,69.512,43.872
1136608,2018-05-14,Royal Challengers Bangalore,Kings XI Punjab,Holkar Cricket Stadium,169.375,0.875,51.125,75.0625,42.0625
1136608,2018-05-14,Kings XI Punjab,Royal Challengers Bangalore,Holkar Cricket Stadium,169.375,0.875,52.0,72.17647058823529,39.588235294117645
1136609,2018-05-15,Rajasthan Royals,Kolkata Knight Riders,Eden Gardens,156.5820895522388,0.6268656716417911,45.850746268656714,66.26865671641791,37.67910447761194
1136609,2018-05-15,Kolkata Knight Riders,Rajasthan Royals,Eden Gardens,156.5820895522388,0.6268656716417911,46.01481481481481,66.14814814814815,37.577777777777776
1136610,2018-05-16,Mumbai Indians,Kings XI Punjab,Wankhede Stadium,164.82539682539684,0.49206349206349204,45.19047619047619,69.60317460317461,43.833333333333336
1136610,2018-05-16,Kings XI Punjab,Mumbai Indians,Wankhede Stadium,164.82539682539684,0.49206349206349204,45.30708661417323,69.77165354330708,43.76377952755905
1136611,2018-05-17,Royal Challengers Bangalore,Sunrisers Hyderabad,M.Chinnaswamy Stadium,178.57142857142858,0.5714285714285714,45.92857142857143,76.21428571428571,53.642857142857146
1136611,2018-05-17,Sunrisers Hyderabad,Royal Challengers Bangalore,M.Chinnaswamy Stadium,178.57142857142858,0.5714285714285714,45.8,78.13333333333334,54.666666666666664
1136612,2018-05-18,Chennai Super Kings,Delhi Daredevils,Arun Jaitley Stadium,185.2,0.4,53.9,78.5,42.9
1136612,2018-05-18,Delhi Daredevils,Chennai Super Kings,Arun Jaitley Stadium,185.2,0.4,53.0,75.9090909090909,42.09090909090909
1136613,2018-05-19,Rajasthan Royals,Royal Challengers Bangalore,Sawai Mansingh Stadium,156.48717948717947,0.6666666666666666,44.05128205128205,66.21794871794872,39.43589743589744
1136613,2018-05-19,Royal Challengers Bangalore,Rajasthan Royals,Sawai Mansingh Stadium,156.48717948717947,0.6666666666666666,44.063291139240505,66.24050632911393,39.58227848101266
1136614,2018-05-19,Sunrisers Hyderabad,Kolkata Knight Riders,Rajiv Gandhi International Stadium,149.16666666666666,0.5,48.083333333333336,62.25,37.583333333333336
1136614,2018-05-19,Kolkata Knight Riders,Sunrisers Hyderabad,Rajiv Gandhi International Stadium,149.16666666666666,0.5,49.0,63.69230769230769,37.07692307692308
1136616,2018-05-20,Kings XI Punjab,Chennai Super Kings,Maharashtra Cricket Association Stadium,167.04761904761904,0.6190476190476191,47.54761904761905,67.47619047619048,44.38095238095238
1136616,2018-05-20,Chennai Super Kings,Kings XI Punjab,Maharashtra Cricket Association Stadium,167.04761904761904,0.6190476190476191,47.116279069767444,67.6046511627907,44.53488372093023
1136615,2018-05-20,Delhi Daredevils,Mumbai Indians,Arun Jaitley Stadium,181.33333333333334,0.3333333333333333,51.833333333333336,74.83333333333333,43.583333333333336
1136615,2018-05-20,Mumbai Indians,Delhi Daredevils,Arun Jaitley Stadium,181.33333333333334,0.3333333333333333,51.38461538461539,74.76923076923077,44.38461538461539
1136617,2018-05-22,Chennai Super Kings,Sunrisers Hyderabad,Wankhede Stadium,165.15625,0.484375,45.3984375,69.7734375,43.859375
1136617,2018-05-22,Sunrisers Hyderabad,Chennai Super Kings,Wankhede Stadium,165.15625,0.484375,45.30232558139535,69.68992248062015,43.89147286821706
1136618,2018-05-23,Kolkata Knight Riders,Rajasthan Royals,Eden Gardens,156.36764705882354,0.6323529411764706,46.0514705882353,66.13970588235294,37.51470588235294
1136618,2018-05-23,Rajasthan Royals,Kolkata Knight Riders,Eden Gardens,156.36764705882354,0.6323529411764706,46.051094890510946,66.15328467153284,37.64233576642336
1136619,2018-05-25,Sunrisers Hyderabad,Kolkata Knight Riders,Eden Gardens,156.55072463768116,0.6231884057971014,46.08695652173913,66.1086956521739,37.608695652173914
1136619,2018-05-25,Kolkata Knight Riders,Sunrisers Hyderabad,Eden Gardens,156.55072463768116,0.6231884057971014,46.07913669064748,66.12230215827338,37.776978417266186
1136620,2018-05-27,Sunrisers Hyderabad,Chennai Super Kings,Wankhede Stadium,164.75384615384615,0.49230769230769234,45.315384615384616,69.46923076923076,43.94615384615385
1136620,2018-05-27,Chennai Super Kings,Sunrisers Hyderabad,Wankhede Stadium,164.75384615384615,0.49230769230769234,45.29007633587786,69.58015267175573,44.00763358778626
1175356,2019-03-23,Royal Challengers Bangalore,Chennai Super Kings,MA Chidambaram Stadium,202.0,1.0,69.5,64.5,69.5
1175356,2019-03-23,Chennai Super Kings,Royal Challengers Bangalore,MA Chidambaram Stadium,202.0,1.0,57.333333333333336,54.0,47.666666666666664
1175357,2019-03-24,Sunrisers Hyderabad,Kolkata Knight Riders,Eden Gardens,156.8,0.6142857142857143,46.22857142857143,66.01428571428572,37.80714285714286
1175357,2019-03-24,Kolkata Knight Riders,Sunrisers Hyderabad,Eden Gardens,156.8,0.6142857142857143,46.283687943262414,66.11347517730496,37.87234042553192
1175358,2019-03-24,Delhi Capitals,Mumbai Indians,Wankhede Stadium,164.95454545454547,0.5,45.21212121212121,69.89393939393939,43.93939393939394
1175358,2019-03-24,Mumbai Indians,Delhi Capitals,Wankhede Stadium,164.95454545454547,0.5,45.21052631578947,70.01503759398496,44.225563909774436
1175359,2019-03-25,Kings XI Punjab,Rajasthan Royals,Sawai Mansingh Stadium,156.675,0.65,44.2,66.075,39.4125
1175359,2019-03-25,Rajasthan Royals,Kings XI Punjab,Sawai Mansingh Stadium,156.675,0.65,44.04938271604938,66.4074074074074,39.65432098765432
1175360,2019-03-26,Delhi Capitals,Chennai Super Kings,Arun Jaitley Stadium,180.28571428571428,0.2857142857142857,51.785714285714285,74.07142857142857,44.142857142857146
1175360,2019-03-26,Chennai Super Kings,Delhi Capitals,Arun Jaitley Stadium,180.28571428571428,0.2857142857142857,51.2,74.13333333333334,43.13333333333333
1175361,2019-03-27,Kings XI Punjab,Kolkata Knight Riders,Eden Gardens,157.14084507042253,0.6197183098591549,46.2887323943662,66.11971830985915,38.09154929577465
1175361,2019-03-27,Kolkata Knight Riders,Kings XI Punjab,Eden Gardens,157.14084507042253,0.6197183098591549,46.32167832167832,66.23076923076923,38.22377622377623
1175362,2019-03-28,Mumbai Indians,Royal Challengers Bangalore,M.Chinnaswamy Stadium,183.5,0.5,46.4375,79.25,54.5
1175362,2019-03-28,Royal Challengers Bangalore,Mumbai Indians,M.Chinnaswamy Stadium,183.5,0.5,46.76470588235294,79.70588235294117,54.11764705882353
1175363,2019-03-29,Rajasthan Royals,Sunrisers Hyderabad,Rajiv Gandhi International Stadium,152.42857142857142,0.5714285714285714,50.214285714285715,63.857142857142854,37.357142857142854
1175363,2019-03-29,Sunrisers Hyderabad,Rajasthan Royals,Rajiv Gandhi International Stadium,152.42857142857142,0.5714285714285714,49.2,65.4,39.93333333333333
1175365,2019-03-30,Delhi Capitals,Kolkata Knight Riders,Arun Jaitley Stadium,176.125,0.375,51.625,73.375,42.3125
1175364,2019-03-30,Mumbai Indians,Kings XI Punjab,Punjab Cricket Association IS Bindra Stadium,185.33333333333334,0.3333333333333333,55.833333333333336,76.16666666666667,50.333333333333336
1175364,2019-03-30,Kings XI Punjab,Mumbai Indians,Punjab Cricket Association IS Bindra Stadium,185.33333333333334,0.3333333333333333,56.714285714285715,75.14285714285714,49.57142857142857
1175365,2019-03-30,Kolkata Knight Riders,Delhi Capitals,Arun Jaitley Stadium,176.125,0.375,51.23529411764706,74.6470588235294,42.470588235294116
1175366,2019-03-31,Sunrisers Hyderabad,Royal Challengers Bangalore,Rajiv Gandhi International Stadium,158.125,0.625,50.4375,67.3125,39.6875
1175366,2019-03-31,Royal Challengers Bangalore,Sunrisers Hyderabad,Rajiv Gandhi International Stadium,158.125,0.625,50.94117647058823,69.52941176470588,41.294117647058826
1175367,2019-03-31,Chennai Super Kings,Rajasthan Royals,MA Chidambaram Stadium,136.0,1.0,47.0,52.25,37.75
1175367,2019-03-31,Rajasthan Royals,Chennai Super Kings,MA Chidambaram Stadium,136.0,1.0,43.4,55.8,45.4
1175368,2019-04-01,Kings XI Punjab,Delhi Capitals,Punjab Cricket Association IS Bindra Stadium,183.0,0.5,54.375,78.5,48.0
1175368,2019-04-01,Delhi Capitals,Kings XI Punjab,Punjab Cricket Association IS Bindra Stadium,183.0,0.5,54.333333333333336,78.11111111111111,46.77777777777778
1175369,2019-04-02,Rajasthan Royals,Royal Challengers Bangalore,Sawai Mansingh Stadium,157.34146341463415,0.6341463414634146,44.292682926829265,66.46341463414635,39.59756097560975
1175369,2019-04-02,Royal Challengers Bangalore,Rajasthan Royals,Sawai Mansingh Stadium,157.34146341463415,0.6341463414634146,44.42168674698795,66.4578313253012,39.63855421686747
1175370,2019-04-03,Chennai Super Kings,Mumbai Indians,Wankhede Stadium,165.67164179104478,0.4925373134328358,45.21641791044776,70.14925373134328,44.208955223880594
1175370,2019-04-03,Mumbai Indians,Chennai Super Kings,Wankhede Stadium,165.67164179104478,0.4925373134328358,45.13333333333333,70.07407407407408,44.17037037037037
1175371,2019-04-04,Delhi Capitals,Sunrisers Hyderabad,Arun Jaitley Stadium,177.11111111111111,0.3333333333333333,50.388888888888886,75.05555555555556,43.833333333333336
1175371,2019-04-04,Sunrisers Hyderabad,Delhi Capitals,Arun Jaitley Stadium,177.11111111111111,0.3333333333333333,49.63157894736842,73.6842105263158,43.8421052631579
1175372,2019-04-05,Royal Challengers Bangalore,Kolkata Knight Riders,M.Chinnaswamy Stadium,183.88888888888889,0.4444444444444444,47.5,79.0,54.111111111111114
1175372,2019-04-05,Kolkata Knight Riders,Royal Challengers Bangalore,M.Chinnaswamy Stadium,183.88888888888889,0.4444444444444444,47.78947368421053,79.52631578947368,54.578947368421055
1178393,2019-04-06,Chennai Super Kings,Kings XI Punjab,MA Chidambaram Stadium,149.0,0.6666666666666666,43.666666666666664,57.5,47.166666666666664
1178393,2019-04-06,Kings XI Punjab,Chennai Super Kings,MA Chidambaram Stadium,149.0,0.6666666666666666,45.142857142857146,57.0,47.857142857142854
1178394,2019-04-06,Mumbai Indians,Sunrisers Hyderabad,Rajiv Gandhi International Stadium,166.22222222222223,0.5555555555555556,49.77777777777778,68.77777777777777,40.5
1178394,2019-04-06,Sunrisers Hyderabad,Mumbai Indians,Rajiv Gandhi International Stadium,166.22222222222223,0.5555555555555556,48.73684210526316,67.52631578947368,41.578947368421055
1178396,2019-04-07,Kolkata Knight Riders,Rajasthan Royals,Sawai Mansingh Stadium,157.35714285714286,0.6428571428571429,44.464285714285715,66.36904761904762,39.773809523809526
1178396,2019-04-07,Rajasthan Royals,Kolkata Knight Riders,Sawai Mansingh Stadium,157.35714285714286,0.6428571428571429,44.705882352941174,66.47058823529412,39.305882352941175
1178395,2019-04-07,Royal Challengers Bangalore,Delhi Capitals,M.Chinnaswamy Stadium,186.0,0.5,48.35,79.3,55.45
1178395,2019-04-07,Delhi Capitals,Royal Challengers Bangalore,M.Chinnaswamy Stadium,186.0,0.5,47.95238095238095,78.76190476190476,54.76190476190476
1178397,2019-04-08,Sunrisers Hyderabad,Kings XI Punjab,Punjab Cricket Association IS Bindra Stadium,179.6,0.4,53.8,78.2,44.5
1178397,2019-04-08,Kings XI Punjab,Sunrisers Hyderabad,Punjab Cricket Association IS Bindra Stadium,179.6,0.4,51.36363636363637,77.0,45.72727272727273
1178398,2019-04-09,Chennai Super Kings,Kolkata Knight Riders,MA Chidambaram Stadium,151.75,0.5,45.25,57.25,46.0
1178398,2019-04-09,Kolkata Knight Riders,Chennai Super Kings,MA Chidambaram Stadium,151.75,0.5,44.666666666666664,55.888888888888886,43.77777777777778
1178399,2019-04-10,Mumbai Indians,Kings XI Punjab,Wankhede Stadium,165.73529411764707,0.4852941176470588,45.095588235294116,69.94852941176471,44.411764705882355
1178399,2019-04-10,Kings XI Punjab,Mumbai Indians,Wankhede Stadium,165.73529411764707,0.4852941176470588,45.13138686131387,70.05839416058394,44.54744525547445
1178400,2019-04-11,Rajasthan Royals,Chennai Super Kings,Sawai Mansingh Stadium,156.93023255813952,0.6511627906976745,44.51162790697674,66.56976744186046,39.26744186046512
1178400,2019-04-11,Chennai Super Kings,Rajasthan Royals,Sawai Mansingh Stadium,156.93023255813952,0.6511627906976745,44.62068965517241,66.36781609195403,39.367816091954026
1178401,2019-04-12,Kolkata Knight Riders,Delhi Capitals,Eden Gardens,157.98611111111111,0.6111111111111112,46.36805555555556,66.42361111111111,38.451388888888886
1178401,2019-04-12,Delhi Capitals,Kolkata Knight Riders,Eden Gardens,157.98611111111111,0.6111111111111112,46.33103448275862,66.52413793103449,38.57241379310345
1178402,2019-04-13,Mumbai Indians,Rajasthan Royals,Wankhede Stadium,166.18840579710144,0.4927536231884058,45.166666666666664,70.1376811594203,44.70289855072464
1178402,2019-04-13,Rajasthan Royals,Mumbai Indians,Wankhede Stadium,166.18840579710144,0.4927536231884058,45.25179856115108,70.12949640287769,44.82014388489208
1178403,2019-04-13,Kings XI Punjab,Royal Challengers Bangalore,Punjab Cricket Association IS Bindra Stadium,174.66666666666666,0.5,50.25,76.66666666666667,45.25
1178403,2019-04-13,Royal Challengers Bangalore,Kings XI Punjab,Punjab Cricket Association IS Bindra Stadium,174.66666666666666,0.5,51.0,75.53846153846153,45.69230769230769
1178404,2019-04-14,Kolkata Knight Riders,Chennai Super Kings,Eden Gardens,158.26027397260273,0.6164383561643836,46.4041095890411,66.62328767123287,38.5958904109589
1178404,2019-04-14,Chennai Super Kings,Kolkata Knight Riders,Eden Gardens,158.26027397260273,0.6164383561643836,46.42176870748299,66.74149659863946,38.523809523809526
1178405,2019-04-14,Delhi Capitals,Sunrisers Hyderabad,Rajiv Gandhi International Stadium,163.2,0.5,48.25,66.4,40.1
1178405,2019-04-14,Sunrisers Hyderabad,Delhi Capitals,Rajiv Gandhi International Stadium,163.2,0.5,48.38095238095238,66.57142857142857,39.80952380952381
1178406,2019-04-15,Royal Challengers Bangalore,Mumbai Indians,Wankhede Stadium,166.4857142857143,0.5,45.35,70.33571428571429,44.714285714285715
1178406,2019-04-15,Mumbai Indians,Royal Challengers Bangalore,Wankhede Stadium,166.4857142857143,0.5,45.347517730496456,70.36170212765957,44.765957446808514
1178407,2019-04-16,Kings XI Punjab,Rajasthan Royals,Punjab Cricket Association IS Bindra Stadium,174.42857142857142,0.5714285714285714,51.857142857142854,74.64285714285714,45.857142857142854
1178407,2019-04-16,Rajasthan Royals,Kings XI Punjab,Punjab Cricket Association IS Bindra Stadium,174.42857142857142,0.5714285714285714,51.0,76.13333333333334,45.86666666666667
1178408,2019-04-17,Sunrisers Hyderabad,Chennai Super Kings,Rajiv Gandhi International Stadium,162.45454545454547,0.45454545454545453,48.0,66.27272727272727,38.72727272727273
1178408,2019-04-17,Chennai Super Kings,Sunrisers Hyderabad,Rajiv Gandhi International Stadium,162.45454545454547,0.45454545454545453,48.869565217391305,65.47826086956522,37.95652173913044
1178409,2019-04-18,Delhi Capitals,Mumbai Indians,Arun Jaitley Stadium,172.3,0.4,50.25,72.05,43.05
1178409,2019-04-18,Mumbai Indians,Delhi Capitals,Arun Jaitley Stadium,172.3,0.4,50.142857142857146,70.42857142857143,43.0
1178410,2019-04-19,Royal Challengers Bangalore,Kolkata Knight Riders,Eden Gardens,158.2972972972973,0.6216216216216216,46.4054054054054,66.80405405405405,38.5472972972973
1178410,2019-04-19,Kolkata Knight Riders,Royal Challengers Bangalore,Eden Gardens,158.2972972972973,0.6216216216216216,46.375838926174495,66.89261744966443,38.899328859060404
1178411,2019-04-20,Mumbai Indians,Rajasthan Royals,Sawai Mansingh Stadium,156.79545454545453,0.6590909090909091,44.38636363636363,66.48863636363636,39.53409090909091
1178411,2019-04-20,Rajasthan Royals,Mumbai Indians,Sawai Mansingh Stadium,156.79545454545453,0.6590909090909091,44.40449438202247,66.48314606741573,39.640449438202246
1178412,2019-04-20,Kings XI Punjab,Delhi Capitals,Arun Jaitley Stadium,171.9090909090909,0.36363636363636365,50.45454545454545,69.36363636363636,43.95454545454545
1178412,2019-04-20,Delhi Capitals,Kings XI Punjab,Arun Jaitley Stadium,171.9090909090909,0.36363636363636365,50.43478260869565,69.30434782608695,44.0
1178413,2019-04-21,Kolkata Knight Riders,Sunrisers Hyderabad,Rajiv Gandhi International Stadium,159.91666666666666,0.5,48.541666666666664,65.29166666666667,37.625
1178413,2019-04-21,Sunrisers Hyderabad,Kolkata Knight Riders,Rajiv Gandhi International Stadium,159.91666666666666,0.5,49.04,64.88,37.84
1178414,2019-04-21,Royal Challengers Bangalore,Chennai Super Kings,M.Chinnaswamy Stadium,182.63636363636363,0.5454545454545454,48.18181818181818,78.36363636363636,53.59090909090909
1178414,2019-04-21,Chennai Super Kings,Royal Challengers Bangalore,M.Chinnaswamy Stadium,182.63636363636363,0.5454545454545454,48.21739130434783,77.95652173913044,53.130434782608695
1178415,2019-04-22,Rajasthan Royals,Delhi Capitals,Sawai Mansingh Stadium,156.88888888888889,0.6666666666666666,44.577777777777776,66.5,39.577777777777776
1178415,2019-04-22,Delhi Capitals,Rajasthan Royals,Sawai Mansingh Stadium,156.88888888888889,0.6666666666666666,44.65934065934066,66.84615384615384,39.59340659340659
1178416,2019-04-23,Sunrisers Hyderabad,Chennai Super Kings,MA Chidambaram Stadium,143.0,0.6,43.1,54.9,42.7
1178416,2019-04-23,Chennai Super Kings,Sunrisers Hyderabad,MA Chidambaram Stadium,143.0,0.6,44.09090909090909,57.18181818181818,42.54545454545455
1178417,2019-04-24,Kings XI Punjab,Royal Challengers Bangalore,M.Chinnaswamy Stadium,180.83333333333334,0.5,47.541666666666664,77.20833333333333,53.75
1178417,2019-04-24,Royal Challengers Bangalore,Kings XI Punjab,M.Chinnaswamy Stadium,180.83333333333334,0.5,48.36,77.12,53.28
1178418,2019-04-25,Kolkata Knight Riders,Rajasthan Royals,Eden Gardens,159.02666666666667,0.6133333333333333,46.31333333333333,67.00666666666666,39.18666666666667
1178418,2019-04-25,Rajasthan Royals,Kolkata Knight Riders,Eden Gardens,159.02666666666667,0.6133333333333333,46.21854304635762,67.01324503311258,39.42384105960265
1178419,2019-04-26,Mumbai Indians,Chennai Super Kings,MA Chidambaram Stadium,148.33333333333334,0.6666666666666666,44.5,59.583333333333336,42.416666666666664
1178419,2019-04-26,Chennai Super Kings,Mumbai Indians,MA Chidambaram Stadium,148.33333333333334,0.6666666666666666,44.53846153846154,59.61538461538461,43.0
1178420,2019-04-27,Sunrisers Hyderabad,Rajasthan Royals,Sawai Mansingh Stadium,157.6304347826087,0.6739130434782609,44.81521739130435,67.02173913043478,39.71739130434783
1178420,2019-04-27,Rajasthan Royals,Sunrisers Hyderabad,Sawai Mansingh Stadium,157.6304347826087,0.6739130434782609,44.88172043010753,67.05376344086021,39.70967741935484
1178421,2019-04-28,Royal Challengers Bangalore,Delhi Capitals,Arun Jaitley Stadium,171.16666666666666,0.4166666666666667,50.833333333333336,69.25,43.75
1178421,2019-04-28,Delhi Capitals,Royal Challengers Bangalore,Arun Jaitley Stadium,171.16666666666666,0.4166666666666667,51.36,68.96,43.8
1178422,2019-04-28,Kolkata Knight Riders,Mumbai Indians,Eden Gardens,159.23684210526315,0.618421052631579,46.276315789473685,67.01315789473684,39.526315789473685
1178422,2019-04-28,Mumbai Indians,Kolkata Knight Riders,Eden Gardens,159.23684210526315,0.618421052631579,46.30065359477124,67.27450980392157,39.75816993464052
1178423,2019-04-29,Sunrisers Hyderabad,Kings XI Punjab,Rajiv Gandhi International Stadium,159.84615384615384,0.5384615384615384,49.92307692307692,65.8076923076923,36.38461538461539
1178423,2019-04-29,Kings XI Punjab,Sunrisers Hyderabad,Rajiv Gandhi International Stadium,159.84615384615384,0.5384615384615384,50.925925925925924,66.4074074074074,37.0
1178424,2019-04-30,Royal Challengers Bangalore,Rajasthan Royals,M.Chinnaswamy Stadium,182.46153846153845,0.46153846153846156,49.19230769230769,76.15384615384616,54.30769230769231
1178424,2019-04-30,Rajasthan Royals,Royal Challengers Bangalore,M.Chinnaswamy Stadium,182.46153846153845,0.46153846153846156,49.666666666666664,73.33333333333333,52.2962962962963
1178425,2019-05-01,Chennai Super Kings,Delhi Capitals,MA Chidambaram Stadium,149.28571428571428,0.5714285714285714,44.214285714285715,58.785714285714285,41.42857142857143
1178425,2019-05-01,Delhi Capitals,Chennai Super Kings,MA Chidambaram Stadium,149.28571428571428,0.5714285714285714,43.06666666666667,59.86666666666667,43.8
1178426,2019-05-02,Sunrisers Hyderabad,Mumbai Indians,Wankhede Stadium,166.54929577464787,0.5070422535211268,45.5,70.28873239436619,44.767605633802816
1178426,2019-05-02,Mumbai Indians,Sunrisers Hyderabad,Wankhede Stadium,166.54929577464787,0.5070422535211268,45.59440559440559,70.12587412587412,44.84615384615385
1178427,2019-05-03,Kings XI Punjab,Kolkata Knight Riders,Punjab Cricket Association IS Bindra Stadium,175.375,0.5,51.1875,75.625,46.0
1178427,2019-05-03,Kolkata Knight Riders,Kings XI Punjab,Punjab Cricket Association IS Bindra Stadium,175.375,0.5,50.588235294117645,76.11764705882354,46.705882352941174
1178428,2019-05-04,Rajasthan Royals,Delhi Capitals,Arun Jaitley Stadium,172.3846153846154,0.38461538461538464,51.65384615384615,68.92307692307692,44.42307692307692
1178428,2019-05-04,Delhi Capitals,Rajasthan Royals,Arun Jaitley Stadium,172.3846153846154,0.38461538461538464,50.851851851851855,67.85185185185185,44.44444444444444
1178429,2019-05-04,Sunrisers Hyderabad,Royal Challengers Bangalore,M.Chinnaswamy Stadium,173.85714285714286,0.42857142857142855,49.357142857142854,70.71428571428571,50.42857142857143
1178429,2019-05-04,Royal Challengers Bangalore,Sunrisers Hyderabad,M.Chinnaswamy Stadium,173.85714285714286,0.42857142857142855,49.44827586206897,70.6896551724138,50.51724137931034
1178431,2019-05-05,Mumbai Indians,Kolkata Knight Riders,Wankhede Stadium,166.48611111111111,0.5,45.583333333333336,70.11805555555556,44.875
1178431,2019-05-05,Kolkata Knight Riders,Mumbai Indians,Wankhede Stadium,166.48611111111111,0.5,45.58620689655172,70.15172413793104,44.6551724137931
1178430,2019-05-05,Kings XI Punjab,Chennai Super Kings,Punjab Cricket Association IS Bindra Stadium,176.22222222222223,0.5555555555555556,51.22222222222222,76.83333333333333,46.0
1178430,2019-05-05,Chennai Super Kings,Kings XI Punjab,Punjab Cricket Association IS Bindra Stadium,176.22222222222223,0.5555555555555556,52.10526315789474,77.15789473684211,44.73684210526316
1181764,2019-05-07,Chennai Super Kings,Mumbai Indians,MA Chidambaram Stadium,153.0,0.5,44.0625,58.1875,41.5
1181764,2019-05-07,Mumbai Indians,Chennai Super Kings,MA Chidambaram Stadium,153.0,0.5,43.35294117647059,58.23529411764706,41.411764705882355
1181766,2019-05-08,Sunrisers Hyderabad,Delhi Capitals,Dr. Y.S. Rajasekhara Reddy ACA-VDCA Cricket Stadium,158.0,0.45454545454545453,39.68181818181818,62.63636363636363,39.54545454545455
1181766,2019-05-08,Delhi Capitals,Sunrisers Hyderabad,Dr. Y.S. Rajasekhara Reddy ACA-VDCA Cricket Stadium,158.0,0.45454545454545453,40.30434782608695,62.08695652173913,40.34782608695652
1181767,2019-05-10,Delhi Capitals,Chennai Super Kings,Dr. Y.S. Rajasekhara Reddy ACA-VDCA Cricket Stadium,158.33333333333334,0.5,40.916666666666664,61.833333333333336,40.916666666666664
1181767,2019-05-10,Chennai Super Kings,Delhi Capitals,Dr. Y.S. Rajasekhara Reddy ACA-VDCA Cricket Stadium,158.33333333333334,0.5,40.92,61.44,41.44
1181768,2019-05-12,Chennai Super Kings,Mumbai Indians,Rajiv Gandhi International Stadium,163.57142857142858,0.5,50.67857142857143,66.85714285714286,37.25
1181768,2019-05-12,Mumbai Indians,Chennai Super Kings,Rajiv Gandhi International Stadium,163.57142857142858,0.5,50.758620689655174,65.75862068965517,38.03448275862069
1216492,2020-09-19,Mumbai Indians,Chennai Super Kings,Sheikh Zayed Stadium,147.42857142857142,0.42857142857142855,38.357142857142854,63.42857142857143,34.714285714285715
1216492,2020-09-19,Chennai Super Kings,Mumbai Indians,Sheikh Zayed Stadium,147.42857142857142,0.42857142857142855,39.2,64.2,34.8
1216493,2020-09-20,Delhi Capitals,Kings XI Punjab,Dubai International Cricket Stadium,148.85714285714286,0.5714285714285714,41.57142857142857,64.21428571428571,41.642857142857146
1216493,2020-09-20,Kings XI Punjab,Delhi Capitals,Dubai International Cricket Stadium,148.85714285714286,0.5714285714285714,40.333333333333336,64.6,43.13333333333333
1216534,2020-09-21,Royal Challengers Bangalore,Sunrisers Hyderabad,Dubai International Cricket Stadium,149.875,0.5,40.0,64.5,44.125
1216534,2020-09-21,Sunrisers Hyderabad,Royal Challengers Bangalore,Dubai International Cricket Stadium,149.875,0.5,40.76470588235294,64.41176470588235,44.294117647058826
1216496,2020-09-22,Rajasthan Royals,Chennai Super Kings,Sharjah Cricket Stadium,158.16666666666666,0.6666666666666666,42.0,70.33333333333333,40.083333333333336
1216496,2020-09-22,Chennai Super Kings,Rajasthan Royals,Sharjah Cricket Stadium,158.16666666666666,0.6666666666666666,42.92307692307692,72.61538461538461,41.76923076923077
1216508,2020-09-23,Mumbai Indians,Kolkata Knight Riders,Sheikh Zayed Stadium,149.25,0.5,39.0625,65.125,35.75
1216508,2020-09-23,Kolkata Knight Riders,Mumbai Indians,Sheikh Zayed Stadium,149.25,0.5,40.23529411764706,66.47058823529412,36.470588235294116
1216510,2020-09-24,Kings XI Punjab,Royal Challengers Bangalore,Dubai International Cricket Stadium,151.33333333333334,0.4444444444444444,41.166666666666664,64.88888888888889,43.611111111111114
1216510,2020-09-24,Royal Challengers Bangalore,Kings XI Punjab,Dubai International Cricket Stadium,151.33333333333334,0.4444444444444444,41.63157894736842,65.47368421052632,45.526315789473685
1216539,2020-09-25,Delhi Capitals,Chennai Super Kings,Dubai International Cricket Stadium,156.8,0.4,41.55,64.95,43.95
1216539,2020-09-25,Chennai Super Kings,Delhi Capitals,Dubai International Cricket Stadium,156.8,0.4,41.285714285714285,66.04761904761905,44.285714285714285
1216545,2020-09-26,Sunrisers Hyderabad,Kolkata Knight Riders,Sheikh Zayed Stadium,154.33333333333334,0.4444444444444444,39.833333333333336,66.5,37.0
1216545,2020-09-26,Kolkata Knight Riders,Sunrisers Hyderabad,Sheikh Zayed Stadium,154.33333333333334,0.4444444444444444,39.8421052631579,66.10526315789474,37.31578947368421
1216527,2020-09-27,Rajasthan Royals,Kings XI Punjab,Sharjah Cricket Stadium,166.42857142857142,0.5714285714285714,43.642857142857146,73.0,43.714285714285715
1216527,2020-09-27,Kings XI Punjab,Rajasthan Royals,Sharjah Cricket Stadium,166.42857142857142,0.5714285714285714,45.333333333333336,72.86666666666666,46.53333333333333
1216547,2020-09-28,Mumbai Indians,Royal Challengers Bangalore,Dubai International Cricket Stadium,158.45454545454547,0.36363636363636365,40.95454545454545,65.81818181818181,43.90909090909091
1216547,2020-09-28,Royal Challengers Bangalore,Mumbai Indians,Dubai International Cricket Stadium,158.45454545454547,0.36363636363636365,40.69565217391305,66.30434782608695,45.869565217391305
1216532,2020-09-29,Sunrisers Hyderabad,Delhi Capitals,Sheikh Zayed Stadium,153.1,0.5,40.45,65.85,37.05
1216532,2020-09-29,Delhi Capitals,Sunrisers Hyderabad,Sheikh Zayed Stadium,153.1,0.5,40.333333333333336,66.47619047619048,37.42857142857143
1216504,2020-09-30,Kolkata Knight Riders,Rajasthan Royals,Dubai International Cricket Stadium,162.0,0.3333333333333333,41.458333333333336,66.20833333333333,47.208333333333336
1216504,2020-09-30,Rajasthan Royals,Kolkata Knight Riders,Dubai International Cricket Stadium,162.0,0.3333333333333333,41.48,66.68,47.48
1216503,2020-10-01,Kings XI Punjab,Mumbai Indians,Sheikh Zayed Stadium,153.9090909090909,0.45454545454545453,40.04545454545455,66.63636363636364,37.68181818181818
1216503,2020-10-01,Mumbai Indians,Kings XI Punjab,Sheikh Zayed Stadium,153.9090909090909,0.45454545454545453,40.08695652173913,66.69565217391305,37.52173913043478
1216516,2020-10-02,Sunrisers Hyderabad,Chennai Super Kings,Dubai International Cricket Stadium,162.92307692307693,0.3076923076923077,41.38461538461539,66.07692307692308,47.46153846153846
1216516,2020-10-02,Chennai Super Kings,Sunrisers Hyderabad,Dubai International Cricket Stadium,162.92307692307693,0.3076923076923077,41.407407407407405,65.77777777777777,48.074074074074076
1216514,2020-10-03,Rajasthan Royals,Royal Challengers Bangalore,Sheikh Zayed Stadium,157.0,0.4166666666666667,40.125,66.45833333333333,39.666666666666664
1216514,2020-10-03,Royal Challengers Bangalore,Rajasthan Royals,Sheikh Zayed Stadium,157.0,0.4166666666666667,40.04,66.24,40.28
1216515,2020-10-03,Delhi Capitals,Kolkata Knight Riders,Sharjah Cricket Stadium,173.5,0.625,46.25,75.3125,46.8125
1216515,2020-10-03,Kolkata Knight Riders,Delhi Capitals,Sharjah Cricket Stadium,173.5,0.625,46.88235294117647,76.41176470588235,48.588235294117645
1216538,2020-10-04,Sunrisers Hyderabad,Mumbai Indians,Sharjah Cricket Stadium,179.55555555555554,0.5555555555555556,47.55555555555556,76.5,49.94444444444444
1216538,2020-10-04,Mumbai Indians,Sunrisers Hyderabad,Sharjah Cricket Stadium,179.55555555555554,0.5555555555555556,48.0,76.84210526315789,49.1578947368421
1216513,2020-10-04,Chennai Super Kings,Kings XI Punjab,Dubai International Cricket Stadium,163.0,0.2857142857142857,41.214285714285715,64.96428571428571,49.142857142857146
1216513,2020-10-04,Kings XI Punjab,Chennai Super Kings,Dubai International Cricket Stadium,163.0,0.2857142857142857,41.86206896551724,65.82758620689656,48.51724137931034
1216519,2020-10-05,Delhi Capitals,Royal Challengers Bangalore,Dubai International Cricket Stadium,164.0,0.3333333333333333,42.0,66.43333333333334,48.5
1216519,2020-10-05,Royal Challengers Bangalore,Delhi Capitals,Dubai International Cricket Stadium,164.0,0.3333333333333333,42.67741935483871,66.58064516129032,48.935483870967744
1216511,2020-10-06,Mumbai Indians,Rajasthan Royals,Sheikh Zayed Stadium,156.76923076923077,0.46153846153846156,40.42307692307692,66.3076923076923,40.26923076923077
1216511,2020-10-06,Rajasthan Royals,Mumbai Indians,Sheikh Zayed Stadium,156.76923076923077,0.46153846153846156,41.03703703703704,66.37037037037037,41.2962962962963
1216501,2020-10-07,Kolkata Knight Riders,Chennai Super Kings,Sheikh Zayed Stadium,159.35714285714286,0.42857142857142855,40.67857142857143,66.92857142857143,40.642857142857146
1216501,2020-10-07,Chennai Super Kings,Kolkata Knight Riders,Sheikh Zayed Stadium,159.35714285714286,0.42857142857142855,41.06896551724138,67.24137931034483,40.58620689655172
1216542,2020-10-08,Sunrisers Hyderabad,Kings XI Punjab,Dubai International Cricket Stadium,166.0,0.3125,42.6875,66.4375,48.40625
1216542,2020-10-08,Kings XI Punjab,Sunrisers Hyderabad,Dubai International Cricket Stadium,166.0,0.3125,43.15151515151515,67.51515151515152,48.18181818181818
1216500,2020-10-09,Delhi Capitals,Rajasthan Royals,Sharjah Cricket Stadium,182.4,0.5,48.0,77.95,49.75
1216500,2020-10-09,Rajasthan Royals,Delhi Capitals,Sharjah Cricket Stadium,182.4,0.5,48.142857142857146,77.61904761904762,50.333333333333336
1216523,2020-10-10,Kolkata Knight Riders,Kings XI Punjab,Sheikh Zayed Stadium,159.86666666666667,0.4,41.5,66.86666666666666,40.8
1216523,2020-10-10,Kings XI Punjab,Kolkata Knight Riders,Sheikh Zayed Stadium,159.86666666666667,0.4,40.96774193548387,67.16129032258064,41.516129032258064
1216525,2020-10-10,Royal Challengers Bangalore,Chennai Super Kings,Dubai International Cricket Stadium,168.05882352941177,0.29411764705882354,43.205882352941174,67.91176470588235,46.94117647058823
1216525,2020-10-10,Chennai Super Kings,Royal Challengers Bangalore,Dubai International Cricket Stadium,168.05882352941177,0.29411764705882354,43.0,67.65714285714286,47.714285714285715
1216529,2020-10-11,Delhi Capitals,Mumbai Indians,Sheikh Zayed Stadium,160.125,0.375,41.15625,67.25,41.625
1216529,2020-10-11,Mumbai Indians,Delhi Capitals,Sheikh Zayed Stadium,160.125,0.375,41.303030303030305,67.18181818181819,41.90909090909091
1216507,2020-10-11,Sunrisers Hyderabad,Rajasthan Royals,Dubai International Cricket Stadium,168.11111111111111,0.2777777777777778,42.52777777777778,67.72222222222223,47.388888888888886
1216507,2020-10-11,Rajasthan Royals,Sunrisers Hyderabad,Dubai International Cricket Stadium,168.11111111111111,0.2777777777777778,42.08108108108108,67.78378378378379,47.78378378378378
1216540,2020-10-12,Royal Challengers Bangalore,Kolkata Knight Riders,Sharjah Cricket Stadium,182.54545454545453,0.45454545454545453,47.81818181818182,76.81818181818181,49.72727272727273
1216540,2020-10-12,Kolkata Knight Riders,Royal Challengers Bangalore,Sharjah Cricket Stadium,182.54545454545453,0.45454545454545453,47.78260869565217,76.26086956521739,51.17391304347826
1216528,2020-10-13,Chennai Super Kings,Sunrisers Hyderabad,Dubai International Cricket Stadium,167.57894736842104,0.3157894736842105,41.921052631578945,67.52631578947368,48.3421052631579
1216528,2020-10-13,Sunrisers Hyderabad,Chennai Super Kings,Dubai International Cricket Stadium,167.57894736842104,0.3157894736842105,41.97435897435897,67.64102564102564,48.41025641025641
1216543,2020-10-14,Delhi Capitals,Rajasthan Royals,Dubai International Cricket Stadium,167.55,0.3,41.925,67.475,48.35
1216543,2020-10-14,Rajasthan Royals,Delhi Capitals,Dubai International Cricket Stadium,167.55,0.3,42.048780487804876,67.82926829268293,47.951219512195124
1216531,2020-10-15,Kings XI Punjab,Royal Challengers Bangalore,Sharjah Cricket Stadium,183.5,0.4166666666666667,47.583333333333336,75.04166666666667,49.958333333333336
1216531,2020-10-15,Royal Challengers Bangalore,Kings XI Punjab,Sharjah Cricket Stadium,183.5,0.4166666666666667,47.92,74.84,50.0
1216526,2020-10-16,Kolkata Knight Riders,Mumbai Indians,Sheikh Zayed Stadium,160.23529411764707,0.4117647058823529,41.38235294117647,67.73529411764706,41.73529411764706
1216526,2020-10-16,Mumbai Indians,Kolkata Knight Riders,Sheikh Zayed Stadium,160.23529411764707,0.4117647058823529,41.142857142857146,67.57142857142857,42.05714285714286
1216509,2020-10-17,Chennai Super Kings,Delhi Capitals,Sharjah Cricket Stadium,182.53846153846155,0.46153846153846156,48.26923076923077,74.46153846153847,49.96153846153846
1216509,2020-10-17,Delhi Capitals,Chennai Super Kings,Sharjah Cricket Stadium,182.53846153846155,0.46153846153846156,47.925925925925924,74.4074074074074,50.592592592592595
1216522,2020-10-17,Rajasthan Royals,Royal Challengers Bangalore,Dubai International Cricket Stadium,167.23809523809524,0.2857142857142857,42.23809523809524,67.95238095238095,47.404761904761905
1216522,2020-10-17,Royal Challengers Bangalore,Rajasthan Royals,Dubai International Cricket Stadium,167.23809523809524,0.2857142857142857,42.46511627906977,67.93023255813954,47.651162790697676
1216517,2020-10-18,Mumbai Indians,Kings XI Punjab,Dubai International Cricket Stadium,167.6818181818182,0.3181818181818182,42.56818181818182,67.9090909090909,48.04545454545455
1216517,2020-10-18,Kings XI Punjab,Mumbai Indians,Dubai International Cricket Stadium,167.6818181818182,0.3181818181818182,42.577777777777776,67.97777777777777,48.355555555555554
1216512,2020-10-18,Kolkata Knight Riders,Sunrisers Hyderabad,Sheikh Zayed Stadium,159.55555555555554,0.4444444444444444,41.416666666666664,67.77777777777777,41.52777777777778
1216512,2020-10-18,Sunrisers Hyderabad,Kolkata Knight Riders,Sheikh Zayed Stadium,159.55555555555554,0.4444444444444444,41.5945945945946,67.48648648648648,41.972972972972975
1216533,2020-10-19,Chennai Super Kings,Rajasthan Royals,Sheikh Zayed Stadium,159.73684210526315,0.42105263157894735,42.026315789473685,67.05263157894737,42.28947368421053
1216533,2020-10-19,Rajasthan Royals,Chennai Super Kings,Sheikh Zayed Stadium,159.73684210526315,0.42105263157894735,42.05128205128205,66.51282051282051,42.12820512820513
1216546,2020-10-20,Delhi Capitals,Kings XI Punjab,Dubai International Cricket Stadium,168.04347826086956,0.30434782608695654,42.76086956521739,68.1086956521739,48.41304347826087
1216546,2020-10-20,Kings XI Punjab,Delhi Capitals,Dubai International Cricket Stadium,168.04347826086956,0.30434782608695654,42.97872340425532,68.02127659574468,48.38297872340426
1216494,2020-10-21,Kolkata Knight Riders,Royal Challengers Bangalore,Sheikh Zayed Stadium,158.0,0.45,41.775,66.775,41.525
1216494,2020-10-21,Royal Challengers Bangalore,Kolkata Knight Riders,Sheikh Zayed Stadium,158.0,0.45,41.170731707317074,66.0,41.292682926829265
1216518,2020-10-22,Rajasthan Royals,Sunrisers Hyderabad,Dubai International Cricket Stadium,167.875,0.3333333333333333,43.270833333333336,68.35416666666667,47.916666666666664
1216518,2020-10-22,Sunrisers Hyderabad,Rajasthan Royals,Dubai International Cricket Stadium,167.875,0.3333333333333333,43.3469387755102,68.14285714285714,47.93877551020408
1216521,2020-10-23,Mumbai Indians,Chennai Super Kings,Sharjah Cricket Stadium,182.28571428571428,0.5,47.67857142857143,74.89285714285714,50.785714285714285
1216521,2020-10-23,Chennai Super Kings,Mumbai Indians,Sharjah Cricket Stadium,182.28571428571428,0.5,47.827586206896555,74.51724137931035,49.03448275862069
1216497,2020-10-24,Kolkata Knight Riders,Delhi Capitals,Sheikh Zayed Stadium,154.47619047619048,0.47619047619047616,41.23809523809524,65.4047619047619,40.30952380952381
1216497,2020-10-24,Delhi Capitals,Kolkata Knight Riders,Sheikh Zayed Stadium,154.47619047619048,0.47619047619047616,41.116279069767444,66.34883720930233,40.58139534883721
1216498,2020-10-24,Kings XI Punjab,Sunrisers Hyderabad,Dubai International Cricket Stadium,167.32,0.36,43.64,67.98,47.74
1216498,2020-10-24,Sunrisers Hyderabad,Kings XI Punjab,Dubai International Cricket Stadium,167.32,0.36,43.705882352941174,67.45098039215686,47.549019607843135
1216541,2020-10-25,Mumbai Indians,Rajasthan Royals,Sheikh Zayed Stadium,156.27272727272728,0.45454545454545453,41.0,66.52272727272727,40.22727272727273
1216541,2020-10-25,Rajasthan Royals,Mumbai Indians,Sheikh Zayed Stadium,156.27272727272728,0.45454545454545453,41.4,66.31111111111112,41.08888888888889
1216544,2020-10-25,Royal Challengers Bangalore,Chennai Super Kings,Dubai International Cricket Stadium,165.73076923076923,0.34615384615384615,43.86538461538461,67.01923076923077,46.96153846153846
1216544,2020-10-25,Chennai Super Kings,Royal Challengers Bangalore,Dubai International Cricket Stadium,165.73076923076923,0.34615384615384615,43.905660377358494,66.79245283018868,46.905660377358494
1216520,2020-10-26,Kings XI Punjab,Kolkata Knight Riders,Sharjah Cricket Stadium,177.73333333333332,0.5333333333333333,47.03333333333333,73.6,48.833333333333336
1216520,2020-10-26,Kolkata Knight Riders,Kings XI Punjab,Sharjah Cricket Stadium,177.73333333333332,0.5333333333333333,46.67741935483871,73.70967741935483,48.45161290322581
1216524,2020-10-27,Sunrisers Hyderabad,Delhi Capitals,Dubai International Cricket Stadium,164.96296296296296,0.37037037037037035,43.98148148148148,67.01851851851852,46.46296296296296
1216524,2020-10-27,Delhi Capitals,Sunrisers Hyderabad,Dubai International Cricket Stadium,164.96296296296296,0.37037037037037035,44.58181818181818,67.58181818181818,46.41818181818182
1216499,2020-10-28,Royal Challengers Bangalore,Mumbai Indians,Sheikh Zayed Stadium,157.95652173913044,0.4782608695652174,41.69565217391305,67.08695652173913,41.04347826086956
1216499,2020-10-28,Mumbai Indians,Royal Challengers Bangalore,Sheikh Zayed Stadium,157.95652173913044,0.4782608695652174,41.95744680851064,67.25531914893617,40.91489361702128
1216536,2020-10-29,Kolkata Knight Riders,Chennai Super Kings,Dubai International Cricket Stadium,166.89285714285714,0.35714285714285715,44.75,67.125,46.214285714285715
1216536,2020-10-29,Chennai Super Kings,Kolkata Knight Riders,Dubai International Cricket Stadium,166.89285714285714,0.35714285714285715,44.80701754385965,66.96491228070175,46.56140350877193
1216537,2020-10-30,Kings XI Punjab,Rajasthan Royals,Sheikh Zayed Stadium,158.20833333333334,0.5,42.020833333333336,67.35416666666667,41.083333333333336
1216537,2020-10-30,Rajasthan Royals,Kings XI Punjab,Sheikh Zayed Stadium,158.20833333333334,0.5,42.244897959183675,67.40816326530613,41.51020408163265
1216535,2020-10-31,Mumbai Indians,Delhi Capitals,Dubai International Cricket Stadium,167.06896551724137,0.3793103448275862,44.793103448275865,67.13793103448276,46.741379310344826
1216535,2020-10-31,Delhi Capitals,Mumbai Indians,Dubai International Cricket Stadium,167.06896551724137,0.3793103448275862,44.67796610169491,67.23728813559322,45.94915254237288
1216502,2020-10-31,Sunrisers Hyderabad,Royal Challengers Bangalore,Sharjah Cricket Stadium,175.9375,0.5625,46.90625,73.28125,48.03125
1216502,2020-10-31,Royal Challengers Bangalore,Sunrisers Hyderabad,Sharjah Cricket Stadium,175.9375,0.5625,47.24242424242424,72.96969696969697,46.57575757575758
1216506,2020-11-01,Kings XI Punjab,Chennai Super Kings,Sheikh Zayed Stadium,159.28,0.52,42.72,67.66,41.48
1216506,2020-11-01,Chennai Super Kings,Kings XI Punjab,Sheikh Zayed Stadium,159.28,0.52,42.92156862745098,67.15686274509804,41.80392156862745
1216530,2020-11-01,Kolkata Knight Riders,Rajasthan Royals,Dubai International Cricket Stadium,165.16666666666666,0.4,44.3,67.05,45.71666666666667
1216530,2020-11-01,Rajasthan Royals,Kolkata Knight Riders,Dubai International Cricket Stadium,165.16666666666666,0.4,44.47540983606557,67.21311475409836,45.9344262295082
1216505,2020-11-02,Royal Challengers Bangalore,Delhi Capitals,Sheikh Zayed Stadium,159.03846153846155,0.5384615384615384,43.19230769230769,67.03846153846153,41.69230769230769
1216505,2020-11-02,Delhi Capitals,Royal Challengers Bangalore,Sheikh Zayed Stadium,159.03846153846155,0.5384615384615384,43.132075471698116,66.9622641509434,41.83018867924528
1216495,2020-11-03,Sunrisers Hyderabad,Mumbai Indians,Sharjah Cricket Stadium,172.64705882352942,0.5882352941176471,46.73529411764706,72.67647058823529,46.0
1216495,2020-11-03,Mumbai Indians,Sunrisers Hyderabad,Sharjah Cricket Stadium,172.64705882352942,0.5882352941176471,47.0,72.91428571428571,45.08571428571429
1237177,2020-11-05,Mumbai Indians,Delhi Capitals,Dubai International Cricket Stadium,166.0,0.3870967741935484,44.41935483870968,67.19354838709677,45.58064516129032
1237177,2020-11-05,Delhi Capitals,Mumbai Indians,Dubai International Cricket Stadium,166.0,0.3870967741935484,44.714285714285715,67.06349206349206,46.095238095238095
1237178,2020-11-06,Royal Challengers Bangalore,Sunrisers Hyderabad,Sheikh Zayed Stadium,158.77777777777777,0.5555555555555556,43.31481481481482,66.98148148148148,41.666666666666664
1237178,2020-11-06,Sunrisers Hyderabad,Royal Challengers Bangalore,Sheikh Zayed Stadium,158.77777777777777,0.5555555555555556,43.10909090909091,66.87272727272727,41.6
1237180,2020-11-08,Delhi Capitals,Sunrisers Hyderabad,Sheikh Zayed Stadium,157.78571428571428,0.5714285714285714,43.19642857142857,66.375,41.660714285714285
1237180,2020-11-08,Sunrisers Hyderabad,Delhi Capitals,Sheikh Zayed Stadium,157.78571428571428,0.5714285714285714,43.578947368421055,66.50877192982456,41.80701754385965
1237181,2020-11-10,Delhi Capitals,Mumbai Indians,Dubai International Cricket Stadium,167.0625,0.375,44.515625,67.265625,45.859375
1237181,2020-11-10,Mumbai Indians,Delhi Capitals,Dubai International Cricket Stadium,167.0625,0.375,44.46153846153846,67.41538461538461,45.738461538461536
1254058,2021-04-09,Royal Challengers Bangalore,Mumbai Indians,"MA Chidambaram Stadium, Chepauk, Chennai",,,,,
1254058,2021-04-09,Mumbai Indians,Royal Challengers Bangalore,"MA Chidambaram Stadium, Chepauk, Chennai",,,46.0,60.0,54.0
1254059,2021-04-10,Chennai Super Kings,Delhi Capitals,"Wankhede Stadium, Mumbai",,,,,
1254059,2021-04-10,Delhi Capitals,Chennai Super Kings,"Wankhede Stadium, Mumbai",,,33.0,103.0,52.0
1254060,2021-04-11,Kolkata Knight Riders,Sunrisers Hyderabad,"MA Chidambaram Stadium, Chepauk, Chennai",159.0,1.0,43.5,73.5,42.5
1254060,2021-04-11,Sunrisers Hyderabad,Kolkata Knight Riders,"MA Chidambaram Stadium, Chepauk, Chennai",159.0,1.0,45.666666666666664,80.66666666666667,42.333333333333336
1254061,2021-04-12,Punjab Kings,Rajasthan Royals,"Wankhede Stadium, Mumbai",188.0,1.0,49.0,94.5,45.5
1254061,2021-04-12,Rajasthan Royals,Punjab Kings,"Wankhede Stadium, Mumbai",188.0,1.0,48.0,101.33333333333333,50.333333333333336
1254062,2021-04-13,Kolkata Knight Riders,Mumbai Indians,"MA Chidambaram Stadium, Chepauk, Chennai",173.0,0.5,43.0,81.5,46.25
1254062,2021-04-13,Mumbai Indians,Kolkata Knight Riders,"MA Chidambaram Stadium, Chepauk, Chennai",173.0,0.5,43.4,80.6,41.0
1254063,2021-04-14,Royal Challengers Bangalore,Sunrisers Hyderabad,"MA Chidambaram Stadium, Chepauk, Chennai",166.0,0.3333333333333333,43.166666666666664,79.16666666666667,40.5
1254063,2021-04-14,Sunrisers Hyderabad,Royal Challengers Bangalore,"MA Chidambaram Stadium, Chepauk, Chennai",166.0,0.3333333333333333,43.714285714285715,75.85714285714286,41.285714285714285
1254064,2021-04-15,Delhi Capitals,Rajasthan Royals,"Wankhede Stadium, Mumbai",204.5,0.5,50.75,99.75,53.5
1254064,2021-04-15,Rajasthan Royals,Delhi Capitals,"Wankhede Stadium, Mumbai",204.5,0.5,47.8,93.0,51.8
1254065,2021-04-16,Punjab Kings,Chennai Super Kings,"Wankhede Stadium, Mumbai",185.33333333333334,0.6666666666666666,44.166666666666664,88.16666666666667,53.166666666666664
1254065,2021-04-16,Chennai Super Kings,Punjab Kings,"Wankhede Stadium, Mumbai",185.33333333333334,0.6666666666666666,41.57142857142857,82.28571428571429,50.285714285714285
1254066,2021-04-17,Mumbai Indians,Sunrisers Hyderabad,"MA Chidambaram Stadium, Chepauk, Chennai",161.75,0.25,44.5,73.625,40.5
1254066,2021-04-17,Sunrisers Hyderabad,Mumbai Indians,"MA Chidambaram Stadium, Chepauk, Chennai",161.75,0.25,45.44444444444444,70.77777777777777,41.44444444444444
1254068,2021-04-18,Delhi Capitals,Punjab Kings,"Wankhede Stadium, Mumbai",165.5,0.75,40.375,80.75,44.625
1254068,2021-04-18,Punjab Kings,Delhi Capitals,"Wankhede Stadium, Mumbai",165.5,0.75,42.77777777777778,81.77777777777777,44.77777777777778
1254067,2021-04-18,Royal Challengers Bangalore,Kolkata Knight Riders,"MA Chidambaram Stadium, Chepauk, Chennai",159.4,0.2,46.6,68.4,40.6
1254067,2021-04-18,Kolkata Knight Riders,Royal Challengers Bangalore,"MA Chidambaram Stadium, Chepauk, Chennai",159.4,0.2,46.45454545454545,70.27272727272727,43.27272727272727
1254069,2021-04-19,Chennai Super Kings,Rajasthan Royals,"Wankhede Stadium, Mumbai",171.4,0.8,44.4,81.7,45.8
1254069,2021-04-19,Rajasthan Royals,Chennai Super Kings,"Wankhede Stadium, Mumbai",171.4,0.8,44.54545454545455,81.63636363636364,47.18181818181818
1254070,2021-04-20,Mumbai Indians,Delhi Capitals,"MA Chidambaram Stadium, Chepauk, Chennai",166.83333333333334,0.16666666666666666,47.333333333333336,69.75,43.416666666666664
1254070,2021-04-20,Delhi Capitals,Mumbai Indians,"MA Chidambaram Stadium, Chepauk, Chennai",166.83333333333334,0.16666666666666666,47.92307692307692,67.92307692307692,42.84615384615385
1254072,2021-04-21,Kolkata Knight Riders,Chennai Super Kings,"Wankhede Stadium, Mumbai",174.16666666666666,0.6666666666666666,44.583333333333336,79.16666666666667,47.083333333333336
1254072,2021-04-21,Chennai Super Kings,Kolkata Knight Riders,"Wankhede Stadium, Mumbai",174.16666666666666,0.6666666666666666,44.61538461538461,80.84615384615384,47.76923076923077
1254071,2021-04-21,Sunrisers Hyderabad,Punjab Kings,"MA Chidambaram Stadium, Chepauk, Chennai",162.57142857142858,0.2857142857142857,47.285714285714285,67.5,42.42857142857143
1254071,2021-04-21,Punjab Kings,Sunrisers Hyderabad,"MA Chidambaram Stadium, Chepauk, Chennai",162.57142857142858,0.2857142857142857,47.46666666666667,66.0,41.333333333333336
1254073,2021-04-22,Rajasthan Royals,Royal Challengers Bangalore,"Wankhede Stadium, Mumbai",180.71428571428572,0.5714285714285714,45.285714285714285,81.5,49.785714285714285
1254073,2021-04-22,Royal Challengers Bangalore,Rajasthan Royals,"Wankhede Stadium, Mumbai",180.71428571428572,0.5714285714285714,44.4,82.46666666666667,49.733333333333334
1254074,2021-04-23,Mumbai Indians,Punjab Kings,"MA Chidambaram Stadium, Chepauk, Chennai",157.25,0.375,46.5,65.75,40.375
1254074,2021-04-23,Punjab Kings,Mumbai Indians,"MA Chidambaram Stadium, Chepauk, Chennai",157.25,0.375,45.0,66.3529411764706,40.0
1254075,2021-04-24,Kolkata Knight Riders,Rajasthan Royals,"Wankhede Stadium, Mumbai",180.25,0.625,45.3125,83.75,47.8125
1254075,2021-04-24,Rajasthan Royals,Kolkata Knight Riders,"Wankhede Stadium, Mumbai",180.25,0.625,44.11764705882353,82.82352941176471,47.35294117647059
1254076,2021-04-25,Chennai Super Kings,Royal Challengers Bangalore,"Wankhede Stadium, Mumbai",175.0,0.6666666666666666,44.44444444444444,81.22222222222223,46.388888888888886
1254076,2021-04-25,Royal Challengers Bangalore,Chennai Super Kings,"Wankhede Stadium, Mumbai",175.0,0.6666666666666666,44.78947368421053,80.42105263157895,47.8421052631579
1254077,2021-04-25,Delhi Capitals,Sunrisers Hyderabad,"MA Chidambaram Stadium, Chepauk, Chennai",154.33333333333334,0.4444444444444444,45.0,65.66666666666667,39.611111111111114
1254077,2021-04-25,Sunrisers Hyderabad,Delhi Capitals,"MA Chidambaram Stadium, Chepauk, Chennai",154.33333333333334,0.4444444444444444,45.31578947368421,65.63157894736842,39.78947368421053
1254078,2021-04-26,Punjab Kings,Kolkata Knight Riders,"Narendra Modi Stadium, Ahmedabad",,,,,
1254078,2021-04-26,Kolkata Knight Riders,Punjab Kings,"Narendra Modi Stadium, Ahmedabad",,,37.0,45.0,41.0
1254079,2021-04-27,Royal Challengers Bangalore,Delhi Capitals,"Narendra Modi Stadium, Ahmedabad",123.0,1.0,39.5,52.5,32.5
1254079,2021-04-27,Delhi Capitals,Royal Challengers Bangalore,"Narendra Modi Stadium, Ahmedabad",123.0,1.0,38.333333333333336,61.333333333333336,40.333333333333336
1254080,2021-04-28,Chennai Super Kings,Sunrisers Hyderabad,"Arun Jaitley Stadium, Delhi",,,,,
1254080,2021-04-28,Sunrisers Hyderabad,Chennai Super Kings,"Arun Jaitley Stadium, Delhi",,,50.0,98.0,25.0
1254081,2021-04-29,Rajasthan Royals,Mumbai Indians,"Arun Jaitley Stadium, Delhi",171.0,1.0,44.5,86.0,41.5
1254081,2021-04-29,Mumbai Indians,Rajasthan Royals,"Arun Jaitley Stadium, Delhi",171.0,1.0,45.333333333333336,83.66666666666667,42.666666666666664
1254082,2021-04-29,Kolkata Knight Riders,Delhi Capitals,"Narendra Modi Stadium, Ahmedabad",147.0,0.5,39.5,63.0,45.0
1254082,2021-04-29,Delhi Capitals,Kolkata Knight Riders,"Narendra Modi Stadium, Ahmedabad",147.0,0.5,40.6,60.4,47.8
1254083,2021-04-30,Punjab Kings,Royal Challengers Bangalore,"Narendra Modi Stadium, Ahmedabad",149.33333333333334,0.6666666666666666,45.0,63.5,41.5
1254083,2021-04-30,Royal Challengers Bangalore,Punjab Kings,"Narendra Modi Stadium, Ahmedabad",149.33333333333334,0.6666666666666666,45.57142857142857,64.42857142857143,44.142857142857146
1254084,2021-05-01,Chennai Super Kings,Mumbai Indians,"Arun Jaitley Stadium, Delhi",171.0,1.0,46.25,83.25,42.25
1254084,2021-05-01,Mumbai Indians,Chennai Super Kings,"Arun Jaitley Stadium, Delhi",171.0,1.0,46.8,84.0,50.2
1254085,2021-05-02,Rajasthan Royals,Sunrisers Hyderabad,"Arun Jaitley Stadium, Delhi",186.66666666666666,1.0,48.666666666666664,85.83333333333333,52.833333333333336
1254085,2021-05-02,Sunrisers Hyderabad,Rajasthan Royals,"Arun Jaitley Stadium, Delhi",186.66666666666666,1.0,47.714285714285715,88.42857142857143,55.857142857142854
1254086,2021-05-02,Punjab Kings,Delhi Capitals,"Narendra Modi Stadium, Ahmedabad",156.75,0.5,44.375,63.375,45.25
1254086,2021-05-02,Delhi Capitals,Punjab Kings,"Narendra Modi Stadium, Ahmedabad",156.75,0.5,43.77777777777778,63.333333333333336,47.333333333333336
1254104,2021-09-19,Chennai Super Kings,Mumbai Indians,Dubai International Cricket Stadium,166.72727272727272,0.3939393939393939,44.71212121212121,67.37878787878788,45.515151515151516
1254104,2021-09-19,Mumbai Indians,Chennai Super Kings,Dubai International Cricket Stadium,166.72727272727272,0.3939393939393939,44.40298507462686,67.31343283582089,45.865671641791046
1254087,2021-09-20,Royal Challengers Bangalore,Kolkata Knight Riders,"Zayed Cricket Stadium, Abu Dhabi",,,,,
1254087,2021-09-20,Kolkata Knight Riders,Royal Challengers Bangalore,"Zayed Cricket Stadium, Abu Dhabi",,,41.0,34.0,17.0
1254111,2021-09-21,Punjab Kings,Rajasthan Royals,Dubai International Cricket Stadium,166.41176470588235,0.38235294117647056,44.35294117647059,67.1470588235294,45.76470588235294
1254111,2021-09-21,Rajasthan Royals,Punjab Kings,Dubai International Cricket Stadium,166.41176470588235,0.38235294117647056,44.42028985507246,67.6086956521739,45.608695652173914
1254105,2021-09-22,Sunrisers Hyderabad,Delhi Capitals,Dubai International Cricket Stadium,166.94285714285715,0.37142857142857144,44.6,67.82857142857142,45.6
1254105,2021-09-22,Delhi Capitals,Sunrisers Hyderabad,Dubai International Cricket Stadium,166.94285714285715,0.37142857142857144,44.42253521126761,67.69014084507042,45.57746478873239
1254096,2021-09-23,Mumbai Indians,Kolkata Knight Riders,"Zayed Cricket Stadium, Abu Dhabi",92.0,1.0,48.5,36.0,8.5
1254096,2021-09-23,Kolkata Knight Riders,Mumbai Indians,"Zayed Cricket Stadium, Abu Dhabi",92.0,1.0,51.0,40.666666666666664,22.0
1254113,2021-09-24,Royal Challengers Bangalore,Chennai Super Kings,Sharjah Cricket Stadium,171.33333333333334,0.6111111111111112,47.02777777777778,72.27777777777777,45.25
1254113,2021-09-24,Chennai Super Kings,Royal Challengers Bangalore,Sharjah Cricket Stadium,171.33333333333334,0.6111111111111112,47.24324324324324,72.02702702702703,45.054054054054056
1254107,2021-09-25,Punjab Kings,Sunrisers Hyderabad,Sharjah Cricket Stadium,170.52631578947367,0.631578947368421,47.55263157894737,71.86842105263158,44.71052631578947
1254107,2021-09-25,Sunrisers Hyderabad,Punjab Kings,Sharjah Cricket Stadium,170.52631578947367,0.631578947368421,47.07692307692308,71.66666666666667,44.38461538461539
1254097,2021-09-25,Rajasthan Royals,Delhi Capitals,"Zayed Cricket Stadium, Abu Dhabi",123.5,1.0,54.0,53.5,17.5
1254097,2021-09-25,Delhi Capitals,Rajasthan Royals,"Zayed Cricket Stadium, Abu Dhabi",123.5,1.0,47.4,55.0,21.8
1254098,2021-09-26,Kolkata Knight Riders,Chennai Super Kings,"Zayed Cricket Stadium, Abu Dhabi",133.66666666666666,0.6666666666666666,45.5,57.166666666666664,26.5
1254098,2021-09-26,Chennai Super Kings,Kolkata Knight Riders,"Zayed Cricket Stadium, Abu Dhabi",133.66666666666666,0.6666666666666666,46.142857142857146,58.714285714285715,30.285714285714285
1254108,2021-09-26,Royal Challengers Bangalore,Mumbai Indians,Dubai International Cricket Stadium,166.02777777777777,0.3888888888888889,44.34722222222222,67.58333333333333,45.5
1254108,2021-09-26,Mumbai Indians,Royal Challengers Bangalore,Dubai International Cricket Stadium,166.02777777777777,0.3888888888888889,44.397260273972606,67.63013698630137,45.50684931506849
1254100,2021-09-27,Rajasthan Royals,Sunrisers Hyderabad,Dubai International Cricket Stadium,166.0,0.3783783783783784,44.554054054054056,67.29729729729729,45.054054054054056
1254100,2021-09-27,Sunrisers Hyderabad,Rajasthan Royals,Dubai International Cricket Stadium,166.0,0.3783783783783784,44.61333333333334,67.25333333333333,45.13333333333333
1254099,2021-09-28,Mumbai Indians,Punjab Kings,"Zayed Cricket Stadium, Abu Dhabi",143.0,0.75,46.875,60.75,32.125
1254099,2021-09-28,Punjab Kings,Mumbai Indians,"Zayed Cricket Stadium, Abu Dhabi",143.0,0.75,45.0,60.888888888888886,33.55555555555556
1254092,2021-09-28,Kolkata Knight Riders,Delhi Capitals,Sharjah Cricket Stadium,168.25,0.6,46.4,71.25,44.4
1254092,2021-09-28,Delhi Capitals,Kolkata Knight Riders,Sharjah Cricket Stadium,168.25,0.6,46.34146341463415,70.82926829268293,44.09756097560975
1254103,2021-09-29,Rajasthan Royals,Royal Challengers Bangalore,Dubai International Cricket Stadium,165.94736842105263,0.39473684210526316,44.85526315789474,67.26315789473684,45.01315789473684
1254103,2021-09-29,Royal Challengers Bangalore,Rajasthan Royals,Dubai International Cricket Stadium,165.94736842105263,0.39473684210526316,45.0,67.22077922077922,44.8051948051948
1254091,2021-09-30,Sunrisers Hyderabad,Chennai Super Kings,Sharjah Cricket Stadium,166.28571428571428,0.6190476190476191,46.166666666666664,70.33333333333333,43.95238095238095
1254091,2021-09-30,Chennai Super Kings,Sunrisers Hyderabad,Sharjah Cricket Stadium,166.28571428571428,0.6190476190476191,46.04651162790697,70.0,43.7906976744186
1254102,2021-10-01,Kolkata Knight Riders,Punjab Kings,Dubai International Cricket Stadium,165.51282051282053,0.41025641025641024,45.11538461538461,67.24358974358974,44.61538461538461
1254102,2021-10-01,Punjab Kings,Kolkata Knight Riders,Dubai International Cricket Stadium,165.51282051282053,0.41025641025641024,45.151898734177216,67.31645569620254,44.607594936708864
1254089,2021-10-02,Chennai Super Kings,Rajasthan Royals,"Zayed Cricket Stadium, Abu Dhabi",141.4,0.8,44.3,61.5,33.2
1254089,2021-10-02,Rajasthan Royals,Chennai Super Kings,"Zayed Cricket Stadium, Abu Dhabi",141.4,0.8,44.27272727272727,62.45454545454545,36.81818181818182
1254112,2021-10-02,Mumbai Indians,Delhi Capitals,Sharjah Cricket Stadium,164.8181818181818,0.6363636363636364,46.06818181818182,69.72727272727273,43.56818181818182
1254112,2021-10-02,Delhi Capitals,Mumbai Indians,Sharjah Cricket Stadium,164.8181818181818,0.6363636363636364,45.82222222222222,69.33333333333333,43.53333333333333
1254090,2021-10-03,Royal Challengers Bangalore,Punjab Kings,Sharjah Cricket Stadium,163.2608695652174,0.6521739130434783,45.82608695652174,69.0,43.28260869565217
1254090,2021-10-03,Punjab Kings,Royal Challengers Bangalore,Sharjah Cricket Stadium,163.2608695652174,0.6521739130434783,46.02127659574468,68.68085106382979,43.53191489361702
1254109,2021-10-03,Sunrisers Hyderabad,Kolkata Knight Riders,Dubai International Cricket Stadium,165.5,0.425,45.1625,67.4125,44.6375
1254109,2021-10-03,Kolkata Knight Riders,Sunrisers Hyderabad,Dubai International Cricket Stadium,165.5,0.425,45.03703703703704,67.12345679012346,44.53086419753087
1254110,2021-10-04,Delhi Capitals,Chennai Super Kings,Dubai International Cricket Stadium,164.26829268292684,0.43902439024390244,44.926829268292686,66.89024390243902,44.41463414634146
1254110,2021-10-04,Chennai Super Kings,Delhi Capitals,Dubai International Cricket Stadium,164.26829268292684,0.43902439024390244,45.0,66.66265060240964,44.36144578313253
1254093,2021-10-05,Rajasthan Royals,Mumbai Indians,Sharjah Cricket Stadium,163.29166666666666,0.625,46.083333333333336,68.58333333333333,43.5625
1254093,2021-10-05,Mumbai Indians,Rajasthan Royals,Sharjah Cricket Stadium,163.29166666666666,0.625,45.97959183673469,67.79591836734694,43.06122448979592
1254095,2021-10-06,Sunrisers Hyderabad,Royal Challengers Bangalore,"Zayed Cricket Stadium, Abu Dhabi",149.33333333333334,0.8333333333333334,47.333333333333336,64.25,35.833333333333336
1254095,2021-10-06,Royal Challengers Bangalore,Sunrisers Hyderabad,"Zayed Cricket Stadium, Abu Dhabi",149.33333333333334,0.8333333333333334,47.53846153846154,63.69230769230769,35.69230769230769
1254106,2021-10-07,Rajasthan Royals,Kolkata Knight Riders,Sharjah Cricket Stadium,160.36,0.64,46.18,67.2,42.2
1254094,2021-10-07,Chennai Super Kings,Punjab Kings,Dubai International Cricket Stadium,163.5952380952381,0.4523809523809524,45.035714285714285,66.4047619047619,44.345238095238095
1254094,2021-10-07,Punjab Kings,Chennai Super Kings,Dubai International Cricket Stadium,163.5952380952381,0.4523809523809524,44.858823529411765,66.23529411764706,44.43529411764706
1254106,2021-10-07,Kolkata Knight Riders,Rajasthan Royals,Sharjah Cricket Stadium,160.36,0.64,45.6078431372549,67.17647058823529,41.411764705882355
1254088,2021-10-08,Mumbai Indians,Sunrisers Hyderabad,"Zayed Cricket Stadium, Abu Dhabi",148.14285714285714,0.7142857142857143,46.785714285714285,63.5,35.92857142857143
1254088,2021-10-08,Sunrisers Hyderabad,Mumbai Indians,"Zayed Cricket Stadium, Abu Dhabi",148.14285714285714,0.7142857142857143,49.2,65.53333333333333,37.4
1254101,2021-10-08,Delhi Capitals,Royal Challengers Bangalore,Dubai International Cricket Stadium,162.90697674418604,0.46511627906976744,44.93023255813954,66.48837209302326,43.91860465116279
1254101,2021-10-08,Royal Challengers Bangalore,Delhi Capitals,Dubai International Cricket Stadium,162.90697674418604,0.46511627906976744,45.04597701149425,66.5632183908046,43.827586206896555
1254114,2021-10-10,Delhi Capitals,Chennai Super Kings,Dubai International Cricket Stadium,162.9318181818182,0.4772727272727273,44.86363636363637,66.70454545454545,43.98863636363637
1254114,2021-10-10,Chennai Super Kings,Delhi Capitals,Dubai International Cricket Stadium,162.9318181818182,0.4772727272727273,44.93258426966292,66.66292134831461,44.146067415730336
1254115,2021-10-11,Kolkata Knight Riders,Royal Challengers Bangalore,Sharjah Cricket Stadium,160.76923076923077,0.6153846153846154,45.38461538461539,67.67307692307692,41.46153846153846
1254115,2021-10-11,Royal Challengers Bangalore,Kolkata Knight Riders,Sharjah Cricket Stadium,160.76923076923077,0.6153846153846154,45.43396226415094,67.60377358490567,41.18867924528302
1254116,2021-10-13,Kolkata Knight Riders,Delhi Capitals,Sharjah Cricket Stadium,159.92592592592592,0.6296296296296297,45.574074074074076,67.37037037037037,40.98148148148148
1254116,2021-10-13,Delhi Capitals,Kolkata Knight Riders,Sharjah Cricket Stadium,159.92592592592592,0.6296296296296297,45.67272727272727,67.27272727272727,40.654545454545456
1254117,2021-10-15,Chennai Super Kings,Kolkata Knight Riders,Dubai International Cricket Stadium,163.13333333333333,0.4888888888888889,45.08888888888889,66.61111111111111,44.233333333333334
1254117,2021-10-15,Kolkata Knight Riders,Chennai Super Kings,Dubai International Cricket Stadium,163.13333333333333,0.4888888888888889,45.142857142857146,66.76923076923077,44.417582417582416
1304047,2022-03-26,Chennai Super Kings,Kolkata Knight Riders,"Wankhede Stadium, Mumbai",176.6,0.6,45.8,77.9,46.8
1304047,2022-03-26,Kolkata Knight Riders,Chennai Super Kings,"Wankhede Stadium, Mumbai",176.6,0.6,45.285714285714285,76.0,47.333333333333336
1304048,2022-03-27,Mumbai Indians,Delhi Capitals,"Brabourne Stadium, Mumbai",180.0,1.0,57.0,72.5,51.0
1304048,2022-03-27,Delhi Capitals,Mumbai Indians,"Brabourne Stadium, Mumbai",180.0,1.0,55.666666666666664,70.0,53.666666666666664
1304049,2022-03-27,Royal Challengers Bangalore,Punjab Kings,"Dr DY Patil Sports Academy, Mumbai",,,,,
1304049,2022-03-27,Punjab Kings,Royal Challengers Bangalore,"Dr DY Patil Sports Academy, Mumbai",,,41.0,101.0,63.0
1304050,2022-03-28,Lucknow Super Giants,Gujarat Titans,"Wankhede Stadium, Mumbai",172.45454545454547,0.6363636363636364,45.18181818181818,75.31818181818181,46.5
1304050,2022-03-28,Gujarat Titans,Lucknow Super Giants,"Wankhede Stadium, Mumbai",172.45454545454547,0.6363636363636364,44.608695652173914,75.3913043478261,46.608695652173914
1304051,2022-03-29,Rajasthan Royals,Sunrisers Hyderabad,"Maharashtra Cricket Association Stadium, Pune",,,,,
1304051,2022-03-29,Sunrisers Hyderabad,Rajasthan Royals,"Maharashtra Cricket Association Stadium, Pune",,,58.0,90.0,62.0
1304052,2022-03-30,Kolkata Knight Riders,Royal Challengers Bangalore,"Dr DY Patil Sports Academy, Mumbai",205.0,1.0,52.0,97.0,57.5
1304052,2022-03-30,Royal Challengers Bangalore,Kolkata Knight Riders,"Dr DY Patil Sports Academy, Mumbai",205.0,1.0,49.333333333333336,83.66666666666667,47.333333333333336
1304053,2022-03-31,Chennai Super Kings,Lucknow Super Giants,"Brabourne Stadium, Mumbai",178.5,1.0,53.25,71.5,54.5
1304053,2022-03-31,Lucknow Super Giants,Chennai Super Kings,"Brabourne Stadium, Mumbai",178.5,1.0,57.2,72.0,56.2
1304054,2022-04-01,Kolkata Knight Riders,Punjab Kings,"Wankhede Stadium, Mumbai",171.25,0.6666666666666666,44.583333333333336,74.20833333333333,47.583333333333336
1304054,2022-04-01,Punjab Kings,Kolkata Knight Riders,"Wankhede Stadium, Mumbai",171.25,0.6666666666666666,44.84,74.84,45.68
1304055,2022-04-02,Rajasthan Royals,Mumbai Indians,"Dr DY Patil Sports Academy, Mumbai",166.5,1.0,46.0,77.0,45.25
1304055,2022-04-02,Mumbai Indians,Rajasthan Royals,"Dr DY Patil Sports Academy, Mumbai",166.5,1.0,46.4,79.6,47.2
1304056,2022-04-02,Gujarat Titans,Delhi Capitals,"Maharashtra Cricket Association Stadium, Pune",210.0,0.0,36.0,76.5,67.0
1304056,2022-04-02,Delhi Capitals,Gujarat Titans,"Maharashtra Cricket Association Stadium, Pune",210.0,0.0,38.666666666666664,76.33333333333333,61.666666666666664
1304057,2022-04-03,Punjab Kings,Chennai Super Kings,"Brabourne Stadium, Mumbai",189.0,1.0,56.833333333333336,74.83333333333333,58.0
1304057,2022-04-03,Chennai Super Kings,Punjab Kings,"Brabourne Stadium, Mumbai",189.0,1.0,59.0,74.85714285714286,54.42857142857143
1304058,2022-04-04,Sunrisers Hyderabad,Lucknow Super Giants,"Dr DY Patil Sports Academy, Mumbai",175.33333333333334,0.6666666666666666,47.0,80.66666666666667,45.0
1304058,2022-04-04,Lucknow Super Giants,Sunrisers Hyderabad,"Dr DY Patil Sports Academy, Mumbai",175.33333333333334,0.6666666666666666,46.0,80.57142857142857,43.857142857142854
1304059,2022-04-05,Royal Challengers Bangalore,Rajasthan Royals,"Wankhede Stadium, Mumbai",168.6153846153846,0.6923076923076923,45.5,73.5,45.26923076923077
1304059,2022-04-05,Rajasthan Royals,Royal Challengers Bangalore,"Wankhede Stadium, Mumbai",168.6153846153846,0.6923076923076923,45.592592592592595,73.62962962962963,45.370370370370374
1304060,2022-04-06,Mumbai Indians,Kolkata Knight Riders,"Maharashtra Cricket Association Stadium, Pune",190.5,0.0,39.75,78.0,54.0
1304060,2022-04-06,Kolkata Knight Riders,Mumbai Indians,"Maharashtra Cricket Association Stadium, Pune",190.5,0.0,38.8,72.4,58.4
1304061,2022-04-07,Delhi Capitals,Lucknow Super Giants,"Dr DY Patil Sports Academy, Mumbai",173.75,0.5,44.25,80.75,45.25
1304061,2022-04-07,Lucknow Super Giants,Delhi Capitals,"Dr DY Patil Sports Academy, Mumbai",173.75,0.5,45.111111111111114,77.0,45.77777777777778
1304062,2022-04-08,Punjab Kings,Gujarat Titans,"Brabourne Stadium, Mumbai",186.75,0.75,55.0,74.375,51.125
1304062,2022-04-08,Gujarat Titans,Punjab Kings,"Brabourne Stadium, Mumbai",186.75,0.75,53.666666666666664,78.22222222222223,49.55555555555556
1304064,2022-04-09,Royal Challengers Bangalore,Mumbai Indians,"Maharashtra Cricket Association Stadium, Pune",180.66666666666666,0.3333333333333333,38.166666666666664,75.66666666666667,54.5
1304064,2022-04-09,Mumbai Indians,Royal Challengers Bangalore,"Maharashtra Cricket Association Stadium, Pune",180.66666666666666,0.3333333333333333,37.0,76.42857142857143,52.57142857142857
1304063,2022-04-09,Sunrisers Hyderabad,Chennai Super Kings,"Dr DY Patil Sports Academy, Mumbai",168.8,0.6,45.4,75.6,45.6
1304063,2022-04-09,Chennai Super Kings,Sunrisers Hyderabad,"Dr DY Patil Sports Academy, Mumbai",168.8,0.6,44.63636363636363,76.36363636363636,44.54545454545455
1304065,2022-04-10,Delhi Capitals,Kolkata Knight Riders,"Brabourne Stadium, Mumbai",187.2,0.8,53.6,78.5,50.2
1304065,2022-04-10,Kolkata Knight Riders,Delhi Capitals,"Brabourne Stadium, Mumbai",187.2,0.8,54.90909090909091,79.81818181818181,50.54545454545455
1304066,2022-04-10,Rajasthan Royals,Lucknow Super Giants,"Wankhede Stadium, Mumbai",168.64285714285714,0.7142857142857143,45.214285714285715,73.42857142857143,46.107142857142854
1304066,2022-04-10,Lucknow Super Giants,Rajasthan Royals,"Wankhede Stadium, Mumbai",168.64285714285714,0.7142857142857143,45.172413793103445,72.55172413793103,47.03448275862069
1304067,2022-04-11,Gujarat Titans,Sunrisers Hyderabad,"Dr DY Patil Sports Academy, Mumbai",166.33333333333334,0.6666666666666666,44.333333333333336,75.58333333333333,44.666666666666664
1304067,2022-04-11,Sunrisers Hyderabad,Gujarat Titans,"Dr DY Patil Sports Academy, Mumbai",166.33333333333334,0.6666666666666666,44.84615384615385,74.92307692307692,44.61538461538461
1304068,2022-04-12,Chennai Super Kings,Royal Challengers Bangalore,"Dr DY Patil Sports Academy, Mumbai",165.71428571428572,0.7142857142857143,44.642857142857146,74.85714285714286,45.142857142857146
1304068,2022-04-12,Royal Challengers Bangalore,Chennai Super Kings,"Dr DY Patil Sports Academy, Mumbai",165.71428571428572,0.7142857142857143,44.0,76.4,47.666666666666664
1304069,2022-04-13,Punjab Kings,Mumbai Indians,"Maharashtra Cricket Association Stadium, Pune",173.25,0.5,38.5,72.25,53.375
1304069,2022-04-13,Mumbai Indians,Punjab Kings,"Maharashtra Cricket Association Stadium, Pune",173.25,0.5,41.44444444444444,71.66666666666667,54.77777777777778
1304070,2022-04-14,Gujarat Titans,Rajasthan Royals,"Dr DY Patil Sports Academy, Mumbai",172.0,0.625,43.875,77.75,48.0
1304070,2022-04-14,Rajasthan Royals,Gujarat Titans,"Dr DY Patil Sports Academy, Mumbai",172.0,0.625,43.76470588235294,78.3529411764706,48.8235294117647
1304071,2022-04-15,Kolkata Knight Riders,Sunrisers Hyderabad,"Brabourne Stadium, Mumbai",191.83333333333334,0.6666666666666666,53.916666666666664,81.0,49.166666666666664
1304071,2022-04-15,Sunrisers Hyderabad,Kolkata Knight Riders,"Brabourne Stadium, Mumbai",191.83333333333334,0.6666666666666666,52.69230769230769,81.07692307692308,49.61538461538461
1304073,2022-04-16,Delhi Capitals,Royal Challengers Bangalore,"Wankhede Stadium, Mumbai",168.4,0.6666666666666666,44.7,72.33333333333333,47.63333333333333
1304073,2022-04-16,Royal Challengers Bangalore,Delhi Capitals,"Wankhede Stadium, Mumbai",168.4,0.6666666666666666,45.096774193548384,71.87096774193549,47.96774193548387
1304072,2022-04-16,Lucknow Super Giants,Mumbai Indians,"Brabourne Stadium, Mumbai",189.42857142857142,0.7142857142857143,52.214285714285715,82.0,48.642857142857146
1304072,2022-04-16,Mumbai Indians,Lucknow Super Giants,"Brabourne Stadium, Mumbai",189.42857142857142,0.7142857142857143,52.53333333333333,82.73333333333333,48.666666666666664
1304074,2022-04-17,Punjab Kings,Sunrisers Hyderabad,"Dr DY Patil Sports Academy, Mumbai",174.22222222222223,0.5555555555555556,44.94444444444444,77.61111111111111,47.5
1304074,2022-04-17,Sunrisers Hyderabad,Punjab Kings,"Dr DY Patil Sports Academy, Mumbai",174.22222222222223,0.5555555555555556,45.10526315789474,77.42105263157895,46.526315789473685
1304075,2022-04-17,Chennai Super Kings,Gujarat Titans,"Maharashtra Cricket Association Stadium, Pune",178.2,0.4,41.5,74.9,53.3
1304075,2022-04-17,Gujarat Titans,Chennai Super Kings,"Maharashtra Cricket Association Stadium, Pune",178.2,0.4,41.27272727272727,75.9090909090909,52.45454545454545
1304076,2022-04-18,Rajasthan Royals,Kolkata Knight Riders,"Brabourne Stadium, Mumbai",190.625,0.625,52.8125,81.8125,49.125
1304076,2022-04-18,Kolkata Knight Riders,Rajasthan Royals,"Brabourne Stadium, Mumbai",190.625,0.625,53.23529411764706,83.05882352941177,49.411764705882355
1304077,2022-04-19,Royal Challengers Bangalore,Lucknow Super Giants,"Dr DY Patil Sports Academy, Mumbai",171.9,0.6,44.8,77.15,46.25
1304077,2022-04-19,Lucknow Super Giants,Royal Challengers Bangalore,"Dr DY Patil Sports Academy, Mumbai",171.9,0.6,44.904761904761905,77.42857142857143,46.476190476190474
1304078,2022-04-20,Punjab Kings,Delhi Capitals,"Brabourne Stadium, Mumbai",193.55555555555554,0.5555555555555556,53.44444444444444,84.55555555555556,49.05555555555556
1304078,2022-04-20,Delhi Capitals,Punjab Kings,"Brabourne Stadium, Mumbai",193.55555555555554,0.5555555555555556,53.10526315789474,82.6842105263158,47.473684210526315
1304079,2022-04-21,Mumbai Indians,Chennai Super Kings,"Dr DY Patil Sports Academy, Mumbai",172.72727272727272,0.5454545454545454,44.86363636363637,77.22727272727273,46.45454545454545
1304079,2022-04-21,Chennai Super Kings,Mumbai Indians,"Dr DY Patil Sports Academy, Mumbai",172.72727272727272,0.5454545454545454,44.73913043478261,76.3913043478261,46.82608695652174
1304080,2022-04-22,Rajasthan Royals,Delhi Capitals,"Wankhede Stadium, Mumbai",169.6875,0.625,44.9375,71.96875,48.78125
1304080,2022-04-22,Delhi Capitals,Rajasthan Royals,"Wankhede Stadium, Mumbai",169.6875,0.625,44.90909090909091,73.15151515151516,49.333333333333336
1304082,2022-04-23,Sunrisers Hyderabad,Royal Challengers Bangalore,"Brabourne Stadium, Mumbai",185.7,0.6,54.5,80.45,45.1
1304082,2022-04-23,Royal Challengers Bangalore,Sunrisers Hyderabad,"Brabourne Stadium, Mumbai",185.7,0.6,54.57142857142857,77.38095238095238,42.95238095238095
1304081,2022-04-23,Kolkata Knight Riders,Gujarat Titans,"Dr DY Patil Sports Academy, Mumbai",171.25,0.5833333333333334,44.791666666666664,75.58333333333333,47.083333333333336
1304081,2022-04-23,Gujarat Titans,Kolkata Knight Riders,"Dr DY Patil Sports Academy, Mumbai",171.25,0.5833333333333334,44.36,75.48,46.84
1304083,2022-04-24,Lucknow Super Giants,Mumbai Indians,"Wankhede Stadium, Mumbai",172.76470588235293,0.5882352941176471,45.205882352941174,73.76470588235294,49.588235294117645
1304083,2022-04-24,Mumbai Indians,Lucknow Super Giants,"Wankhede Stadium, Mumbai",172.76470588235293,0.5882352941176471,44.82857142857143,74.05714285714286,49.65714285714286
1304084,2022-04-25,Punjab Kings,Chennai Super Kings,"Wankhede Stadium, Mumbai",172.5,0.5555555555555556,44.77777777777778,73.52777777777777,49.22222222222222
1304084,2022-04-25,Chennai Super Kings,Punjab Kings,"Wankhede Stadium, Mumbai",172.5,0.5555555555555556,44.567567567567565,73.86486486486487,49.62162162162162
1304085,2022-04-26,Rajasthan Royals,Royal Challengers Bangalore,"Maharashtra Cricket Association Stadium, Pune",176.66666666666666,0.5,40.916666666666664,75.5,53.25
1304085,2022-04-26,Royal Challengers Bangalore,Rajasthan Royals,"Maharashtra Cricket Association Stadium, Pune",176.66666666666666,0.5,41.07692307692308,74.07692307692308,52.53846153846154
1304086,2022-04-27,Sunrisers Hyderabad,Gujarat Titans,"Wankhede Stadium, Mumbai",173.26315789473685,0.5263157894736842,44.23684210526316,74.1842105263158,49.8421052631579
1304086,2022-04-27,Gujarat Titans,Sunrisers Hyderabad,"Wankhede Stadium, Mumbai",173.26315789473685,0.5263157894736842,44.46153846153846,74.51282051282051,49.97435897435897
1304087,2022-04-28,Delhi Capitals,Kolkata Knight Riders,"Wankhede Stadium, Mumbai",174.35,0.55,44.825,74.55,50.325
1304087,2022-04-28,Kolkata Knight Riders,Delhi Capitals,"Wankhede Stadium, Mumbai",174.35,0.55,44.8780487804878,74.34146341463415,50.0
1304088,2022-04-29,Lucknow Super Giants,Punjab Kings,"Maharashtra Cricket Association Stadium, Pune",172.0,0.42857142857142855,40.785714285714285,72.57142857142857,50.57142857142857
1304088,2022-04-29,Punjab Kings,Lucknow Super Giants,"Maharashtra Cricket Association Stadium, Pune",172.0,0.42857142857142855,40.666666666666664,72.4,50.13333333333333
1304089,2022-04-30,Royal Challengers Bangalore,Gujarat Titans,"Brabourne Stadium, Mumbai",175.0,0.6363636363636364,53.5,75.4090909090909,41.13636363636363
1304089,2022-04-30,Gujarat Titans,Royal Challengers Bangalore,"Brabourne Stadium, Mumbai",175.0,0.6363636363636364,53.04347826086956,75.34782608695652,41.65217391304348
1304090,2022-04-30,Rajasthan Royals,Mumbai Indians,"Dr DY Patil Sports Academy, Mumbai",170.07692307692307,0.5384615384615384,44.46153846153846,75.65384615384616,46.15384615384615
1304090,2022-04-30,Mumbai Indians,Rajasthan Royals,"Dr DY Patil Sports Academy, Mumbai",170.07692307692307,0.5384615384615384,44.2962962962963,75.14814814814815,46.51851851851852
1304092,2022-05-01,Sunrisers Hyderabad,Chennai Super Kings,"Maharashtra Cricket Association Stadium, Pune",169.625,0.375,41.0,71.4375,48.875
1304092,2022-05-01,Chennai Super Kings,Sunrisers Hyderabad,"Maharashtra Cricket Association Stadium, Pune",169.625,0.375,42.0,71.52941176470588,49.411764705882355
1304091,2022-05-01,Delhi Capitals,Lucknow Super Giants,"Wankhede Stadium, Mumbai",173.0,0.5714285714285714,44.5,74.0,50.166666666666664
1304091,2022-05-01,Lucknow Super Giants,Delhi Capitals,"Wankhede Stadium, Mumbai",173.0,0.5714285714285714,45.0,73.88372093023256,50.25581395348837
1304093,2022-05-02,Rajasthan Royals,Kolkata Knight Riders,"Wankhede Stadium, Mumbai",174.0,0.5454545454545454,45.27272727272727,74.20454545454545,50.25
1304093,2022-05-02,Kolkata Knight Riders,Rajasthan Royals,"Wankhede Stadium, Mumbai",174.0,0.5454545454545454,45.111111111111114,74.04444444444445,50.17777777777778
1304094,2022-05-03,Gujarat Titans,Punjab Kings,"Dr DY Patil Sports Academy, Mumbai",169.21428571428572,0.5714285714285714,44.17857142857143,75.35714285714286,46.25
1304094,2022-05-03,Punjab Kings,Gujarat Titans,"Dr DY Patil Sports Academy, Mumbai",169.21428571428572,0.5714285714285714,44.10344827586207,74.6896551724138,46.206896551724135
1304095,2022-05-04,Royal Challengers Bangalore,Chennai Super Kings,"Maharashtra Cricket Association Stadium, Pune",173.22222222222223,0.3333333333333333,41.888888888888886,73.83333333333333,49.388888888888886
1304095,2022-05-04,Chennai Super Kings,Royal Challengers Bangalore,"Maharashtra Cricket Association Stadium, Pune",173.22222222222223,0.3333333333333333,42.68421052631579,73.42105263157895,49.421052631578945
1304096,2022-05-05,Sunrisers Hyderabad,Delhi Capitals,"Brabourne Stadium, Mumbai",174.58333333333334,0.6666666666666666,52.75,75.0,42.458333333333336
1304096,2022-05-05,Delhi Capitals,Sunrisers Hyderabad,"Brabourne Stadium, Mumbai",174.58333333333334,0.6666666666666666,52.04,75.96,42.84
1304097,2022-05-06,Mumbai Indians,Gujarat Titans,"Brabourne Stadium, Mumbai",177.07692307692307,0.6153846153846154,51.96153846153846,76.38461538461539,43.88461538461539
1304097,2022-05-06,Gujarat Titans,Mumbai Indians,"Brabourne Stadium, Mumbai",177.07692307692307,0.6153846153846154,52.370370370370374,75.66666666666667,44.370370370370374
1304098,2022-05-07,Punjab Kings,Rajasthan Royals,"Wankhede Stadium, Mumbai",173.04347826086956,0.5652173913043478,44.82608695652174,74.06521739130434,50.19565217391305
1304098,2022-05-07,Rajasthan Royals,Punjab Kings,"Wankhede Stadium, Mumbai",173.04347826086956,0.5652173913043478,44.8936170212766,74.06382978723404,50.5531914893617
1304099,2022-05-07,Lucknow Super Giants,Kolkata Knight Riders,"Maharashtra Cricket Association Stadium, Pune",173.2,0.3,43.1,73.1,49.05
1304099,2022-05-07,Kolkata Knight Riders,Lucknow Super Giants,"Maharashtra Cricket Association Stadium, Pune",173.2,0.3,44.19047619047619,72.33333333333333,49.23809523809524
1304101,2022-05-08,Delhi Capitals,Chennai Super Kings,"Dr DY Patil Sports Academy, Mumbai",167.46666666666667,0.6,44.06666666666667,74.66666666666667,45.6
1304101,2022-05-08,Chennai Super Kings,Delhi Capitals,"Dr DY Patil Sports Academy, Mumbai",167.46666666666667,0.6,44.54838709677419,73.54838709677419,44.70967741935484
1304100,2022-05-08,Royal Challengers Bangalore,Sunrisers Hyderabad,"Wankhede Stadium, Mumbai",173.70833333333334,0.5833333333333334,45.354166666666664,74.10416666666667,50.479166666666664
1304100,2022-05-08,Sunrisers Hyderabad,Royal Challengers Bangalore,"Wankhede Stadium, Mumbai",173.70833333333334,0.5833333333333334,45.38775510204081,74.18367346938776,50.816326530612244
1304102,2022-05-09,Kolkata Knight Riders,Mumbai Indians,"Dr DY Patil Sports Academy, Mumbai",170.0,0.5625,44.9375,74.09375,45.1875
1304102,2022-05-09,Mumbai Indians,Kolkata Knight Riders,"Dr DY Patil Sports Academy, Mumbai",170.0,0.5625,45.515151515151516,74.15151515151516,44.57575757575758
1304103,2022-05-10,Gujarat Titans,Lucknow Super Giants,"Maharashtra Cricket Association Stadium, Pune",173.45454545454547,0.2727272727272727,43.31818181818182,72.5,47.0
1304103,2022-05-10,Lucknow Super Giants,Gujarat Titans,"Maharashtra Cricket Association Stadium, Pune",173.45454545454547,0.2727272727272727,42.95652173913044,71.82608695652173,47.21739130434783
1304104,2022-05-11,Rajasthan Royals,Delhi Capitals,"Dr DY Patil Sports Academy, Mumbai",169.7058823529412,0.5294117647058824,45.26470588235294,73.88235294117646,43.588235294117645
1304104,2022-05-11,Delhi Capitals,Rajasthan Royals,"Dr DY Patil Sports Academy, Mumbai",169.7058823529412,0.5294117647058824,45.2,73.85714285714286,43.6
1304105,2022-05-12,Chennai Super Kings,Mumbai Indians,"Wankhede Stadium, Mumbai",174.44,0.56,45.26,74.14,50.08
1304105,2022-05-12,Mumbai Indians,Chennai Super Kings,"Wankhede Stadium, Mumbai",174.44,0.56,45.0,73.76470588235294,49.294117647058826
1304106,2022-05-13,Punjab Kings,Royal Challengers Bangalore,"Brabourne Stadium, Mumbai",177.07142857142858,0.5714285714285714,52.42857142857143,75.67857142857143,44.285714285714285
1304106,2022-05-13,Royal Challengers Bangalore,Punjab Kings,"Brabourne Stadium, Mumbai",177.07142857142858,0.5714285714285714,53.48275862068966,75.44827586206897,44.724137931034484
1304107,2022-05-14,Kolkata Knight Riders,Sunrisers Hyderabad,"Maharashtra Cricket Association Stadium, Pune",171.0,0.25,42.708333333333336,70.70833333333333,45.25
1304107,2022-05-14,Sunrisers Hyderabad,Kolkata Knight Riders,"Maharashtra Cricket Association Stadium, Pune",171.0,0.25,43.2,70.44,45.76
1304109,2022-05-15,Lucknow Super Giants,Rajasthan Royals,"Brabourne Stadium, Mumbai",179.2,0.5333333333333333,53.166666666666664,75.46666666666667,44.4
1304109,2022-05-15,Rajasthan Royals,Lucknow Super Giants,"Brabourne Stadium, Mumbai",179.2,0.5333333333333333,52.54838709677419,75.38709677419355,44.483870967741936
1304108,2022-05-15,Chennai Super Kings,Gujarat Titans,"Wankhede Stadium, Mumbai",171.46153846153845,0.5769230769230769,44.82692307692308,73.63461538461539,48.34615384615385
1304108,2022-05-15,Gujarat Titans,Chennai Super Kings,"Wankhede Stadium, Mumbai",171.46153846153845,0.5769230769230769,44.867924528301884,73.41509433962264,47.886792452830186
1304110,2022-05-16,Delhi Capitals,Punjab Kings,"Dr DY Patil Sports Academy, Mumbai",169.16666666666666,0.5555555555555556,45.0,73.91666666666667,43.69444444444444
1304110,2022-05-16,Punjab Kings,Delhi Capitals,"Dr DY Patil Sports Academy, Mumbai",169.16666666666666,0.5555555555555556,45.37837837837838,73.45945945945945,43.67567567567568
1304111,2022-05-17,Sunrisers Hyderabad,Mumbai Indians,"Wankhede Stadium, Mumbai",170.03703703703704,0.5925925925925926,45.01851851851852,73.07407407407408,47.53703703703704
1304111,2022-05-17,Mumbai Indians,Sunrisers Hyderabad,"Wankhede Stadium, Mumbai",170.03703703703704,0.5925925925925926,45.236363636363635,73.4,47.49090909090909
1304112,2022-05-18,Lucknow Super Giants,Kolkata Knight Riders,"Dr DY Patil Sports Academy, Mumbai",168.6315789473684,0.5263157894736842,45.60526315789474,72.76315789473684,43.60526315789474
1304112,2022-05-18,Kolkata Knight Riders,Lucknow Super Giants,"Dr DY Patil Sports Academy, Mumbai",168.6315789473684,0.5263157894736842,45.56410256410256,72.8974358974359,44.743589743589745
1304113,2022-05-19,Gujarat Titans,Royal Challengers Bangalore,"Wankhede Stadium, Mumbai",170.85714285714286,0.5714285714285714,45.339285714285715,73.44642857142857,47.767857142857146
1304113,2022-05-19,Royal Challengers Bangalore,Gujarat Titans,"Wankhede Stadium, Mumbai",170.85714285714286,0.5714285714285714,45.21052631578947,73.56140350877193,47.80701754385965
1304114,2022-05-20,Chennai Super Kings,Rajasthan Royals,"Brabourne Stadium, Mumbai",179.125,0.5,52.5,75.5,44.59375
1304114,2022-05-20,Rajasthan Royals,Chennai Super Kings,"Brabourne Stadium, Mumbai",179.125,0.5,53.18181818181818,74.48484848484848,44.24242424242424
1304115,2022-05-21,Delhi Capitals,Mumbai Indians,"Wankhede Stadium, Mumbai",170.75862068965517,0.5862068965517241,45.37931034482759,73.43103448275862,47.827586206896555
1304115,2022-05-21,Mumbai Indians,Delhi Capitals,"Wankhede Stadium, Mumbai",170.75862068965517,0.5862068965517241,45.23728813559322,73.35593220338983,47.91525423728814
1304116,2022-05-22,Sunrisers Hyderabad,Punjab Kings,"Wankhede Stadium, Mumbai",170.36666666666667,0.6,44.93333333333333,73.36666666666666,48.1
1304116,2022-05-22,Punjab Kings,Sunrisers Hyderabad,"Wankhede Stadium, Mumbai",170.36666666666667,0.6,44.90163934426229,73.0327868852459,48.31147540983606
1312197,2022-05-24,Rajasthan Royals,Gujarat Titans,"Eden Gardens, Kolkata",,,,,
1312197,2022-05-24,Gujarat Titans,Rajasthan Royals,"Eden Gardens, Kolkata",,,55.0,69.0,64.0
1312198,2022-05-25,Lucknow Super Giants,Royal Challengers Bangalore,"Eden Gardens, Kolkata",188.0,1.0,59.5,72.0,58.0
1312198,2022-05-25,Royal Challengers Bangalore,Lucknow Super Giants,"Eden Gardens, Kolkata",188.0,1.0,60.333333333333336,75.0,55.333333333333336
1312199,2022-05-27,Royal Challengers Bangalore,Rajasthan Royals,"Narendra Modi Stadium, Ahmedabad",158.6,0.6,45.7,64.6,45.4
1312199,2022-05-27,Rajasthan Royals,Royal Challengers Bangalore,"Narendra Modi Stadium, Ahmedabad",158.6,0.6,45.72727272727273,65.72727272727273,44.36363636363637
1312200,2022-05-29,Rajasthan Royals,Gujarat Titans,"Narendra Modi Stadium, Ahmedabad",158.33333333333334,0.6666666666666666,47.5,65.16666666666667,43.583333333333336
1312200,2022-05-29,Gujarat Titans,Rajasthan Royals,"Narendra Modi Stadium, Ahmedabad",158.33333333333334,0.6666666666666666,47.23076923076923,64.0,43.0
1359475,2023-03-31,Chennai Super Kings,Gujarat Titans,"Narendra Modi Stadium, Ahmedabad",154.28571428571428,0.7142857142857143,46.07142857142857,64.14285714285714,42.5
1359475,2023-03-31,Gujarat Titans,Chennai Super Kings,"Narendra Modi Stadium, Ahmedabad",154.28571428571428,0.7142857142857143,46.4,65.33333333333333,42.666666666666664
1359477,2023-04-01,Delhi Capitals,Lucknow Super Giants,"Bharat Ratna Shri Atal Bihari Vajpayee Ekana Cricket Stadium, Lucknow",,,,,
1359477,2023-04-01,Lucknow Super Giants,Delhi Capitals,"Bharat Ratna Shri Atal Bihari Vajpayee Ekana Cricket Stadium, Lucknow",,,47.0,63.0,33.0
1359476,2023-04-01,Kolkata Knight Riders,Punjab Kings,"Punjab Cricket Association IS Bindra Stadium, Mohali, Chandigarh",,,,,
1359476,2023-04-01,Punjab Kings,Kolkata Knight Riders,"Punjab Cricket Association IS Bindra Stadium, Mohali, Chandigarh",,,46.0,90.0,10.0
1359478,2023-04-02,Rajasthan Royals,Sunrisers Hyderabad,"Rajiv Gandhi International Stadium, Uppal, Hyderabad",,,,,
1359478,2023-04-02,Sunrisers Hyderabad,Rajasthan Royals,"Rajiv Gandhi International Stadium, Uppal, Hyderabad",,,85.0,75.0,43.0
1359479,2023-04-02,Mumbai Indians,Royal Challengers Bangalore,"M Chinnaswamy Stadium, Bengaluru",,,,,
1359479,2023-04-02,Royal Challengers Bangalore,Mumbai Indians,"M Chinnaswamy Stadium, Bengaluru",,,29.0,73.0,69.0
1359480,2023-04-03,Chennai Super Kings,Lucknow Super Giants,"MA Chidambaram Stadium, Chepauk, Chennai",154.8,0.4,45.85,65.05,40.25
1359480,2023-04-03,Lucknow Super Giants,Chennai Super Kings,"MA Chidambaram Stadium, Chepauk, Chennai",154.8,0.4,47.42857142857143,66.0,40.857142857142854
1359481,2023-04-04,Gujarat Titans,Delhi Capitals,"Arun Jaitley Stadium, Delhi",195.0,0.75,48.875,86.375,53.375
1359481,2023-04-04,Delhi Capitals,Gujarat Titans,"Arun Jaitley Stadium, Delhi",195.0,0.75,49.44444444444444,83.77777777777777,52.55555555555556
1359482,2023-04-05,Punjab Kings,Rajasthan Royals,"Barsapara Cricket Stadium, Guwahati",,,,,
1359482,2023-04-05,Rajasthan Royals,Punjab Kings,"Barsapara Cricket Stadium, Guwahati",,,63.0,89.0,45.0
1359483,2023-04-06,Kolkata Knight Riders,Royal Challengers Bangalore,"Eden Gardens, Kolkata",197.5,0.5,58.25,74.0,62.5
1359483,2023-04-06,Royal Challengers Bangalore,Kolkata Knight Riders,"Eden Gardens, Kolkata",197.5,0.5,56.0,77.8,62.8
1359484,2023-04-07,Sunrisers Hyderabad,Lucknow Super Giants,"Bharat Ratna Shri Atal Bihari Vajpayee Ekana Cricket Stadium, Lucknow",193.0,0.0,38.5,80.0,49.5
1359484,2023-04-07,Lucknow Super Giants,Sunrisers Hyderabad,"Bharat Ratna Shri Atal Bihari Vajpayee Ekana Cricket Stadium, Lucknow",193.0,0.0,40.0,66.66666666666667,45.666666666666664
1359486,2023-04-08,Chennai Super Kings,Mumbai Indians,"Wankhede Stadium, Mumbai",169.93548387096774,0.6129032258064516,45.17741935483871,73.37096774193549,47.596774193548384
1359486,2023-04-08,Mumbai Indians,Chennai Super Kings,"Wankhede Stadium, Mumbai",169.93548387096774,0.6129032258064516,45.53968253968254,73.25396825396825,47.23809523809524
1359485,2023-04-08,Rajasthan Royals,Delhi Capitals,"Barsapara Cricket Stadium, Guwahati",197.0,0.0,60.0,78.0,56.5
1359485,2023-04-08,Delhi Capitals,Rajasthan Royals,"Barsapara Cricket Stadium, Guwahati",197.0,0.0,62.666666666666664,72.66666666666667,60.666666666666664
1359487,2023-04-09,Gujarat Titans,Kolkata Knight Riders,"Narendra Modi Stadium, Ahmedabad",157.25,0.75,47.5625,65.8125,42.75
1359487,2023-04-09,Kolkata Knight Riders,Gujarat Titans,"Narendra Modi Stadium, Ahmedabad",157.25,0.75,47.94117647058823,66.52941176470588,44.470588235294116
1359488,2023-04-09,Punjab Kings,Sunrisers Hyderabad,"Rajiv Gandhi International Stadium, Uppal, Hyderabad",203.0,0.0,57.5,65.0,44.5
1359488,2023-04-09,Sunrisers Hyderabad,Punjab Kings,"Rajiv Gandhi International Stadium, Uppal, Hyderabad",203.0,0.0,52.0,59.0,48.0
1359489,2023-04-10,Lucknow Super Giants,Royal Challengers Bangalore,"M Chinnaswamy Stadium, Bengaluru",171.0,1.0,41.0,84.0,46.5
1359489,2023-04-10,Royal Challengers Bangalore,Lucknow Super Giants,"M Chinnaswamy Stadium, Bengaluru",171.0,1.0,39.666666666666664,100.66666666666667,45.0
1359490,2023-04-11,Mumbai Indians,Delhi Capitals,"Arun Jaitley Stadium, Delhi",188.4,0.8,49.7,82.3,51.4
1359490,2023-04-11,Delhi Capitals,Mumbai Indians,"Arun Jaitley Stadium, Delhi",188.4,0.8,51.36363636363637,79.81818181818181,51.27272727272727
1359491,2023-04-12,Rajasthan Royals,Chennai Super Kings,"MA Chidambaram Stadium, Chepauk, Chennai",160.45454545454547,0.36363636363636365,48.90909090909091,66.18181818181819,41.5
1359491,2023-04-12,Chennai Super Kings,Rajasthan Royals,"MA Chidambaram Stadium, Chepauk, Chennai",160.45454545454547,0.36363636363636365,49.26086956521739,66.69565217391305,41.43478260869565
1359492,2023-04-13,Punjab Kings,Gujarat Titans,"Punjab Cricket Association IS Bindra Stadium, Mohali, Chandigarh",191.0,0.0,51.0,88.5,29.0
1359492,2023-04-13,Gujarat Titans,Punjab Kings,"Punjab Cricket Association IS Bindra Stadium, Mohali, Chandigarh",191.0,0.0,51.333333333333336,74.66666666666667,37.333333333333336
1359493,2023-04-14,Sunrisers Hyderabad,Kolkata Knight Riders,"Eden Gardens, Kolkata",199.66666666666666,0.3333333333333333,55.0,73.5,55.833333333333336
1359493,2023-04-14,Kolkata Knight Riders,Sunrisers Hyderabad,"Eden Gardens, Kolkata",199.66666666666666,0.3333333333333333,56.42857142857143,76.14285714285714,58.0
1359494,2023-04-15,Royal Challengers Bangalore,Delhi Capitals,"M Chinnaswamy Stadium, Bengaluru",191.5,1.0,43.75,95.75,52.5
1359494,2023-04-15,Delhi Capitals,Royal Challengers Bangalore,"M Chinnaswamy Stadium, Bengaluru",191.5,1.0,44.4,94.0,50.0
1359495,2023-04-15,Lucknow Super Giants,Punjab Kings,"Bharat Ratna Shri Atal Bihari Vajpayee Ekana Cricket Stadium, Lucknow",157.0,0.5,41.25,68.25,36.5
1359495,2023-04-15,Punjab Kings,Lucknow Super Giants,"Bharat Ratna Shri Atal Bihari Vajpayee Ekana Cricket Stadium, Lucknow",157.0,0.5,42.8,67.0,38.8
1359496,2023-04-16,Kolkata Knight Riders,Mumbai Indians,"Wankhede Stadium, Mumbai",169.53125,0.625,45.78125,72.859375,47.25
1359496,2023-04-16,Mumbai Indians,Kolkata Knight Riders,"Wankhede Stadium, Mumbai",169.53125,0.625,45.95384615384615,73.01538461538462,47.215384615384615
1359497,2023-04-16,Gujarat Titans,Rajasthan Royals,"Narendra Modi Stadium, Ahmedabad",162.44444444444446,0.7777777777777778,47.666666666666664,68.72222222222223,45.22222222222222
1359497,2023-04-16,Rajasthan Royals,Gujarat Titans,"Narendra Modi Stadium, Ahmedabad",162.44444444444446,0.7777777777777778,47.36842105263158,69.15789473684211,45.89473684210526
1359498,2023-04-17,Chennai Super Kings,Royal Challengers Bangalore,"M Chinnaswamy Stadium, Bengaluru",185.66666666666666,0.6666666666666666,42.333333333333336,91.0,48.833333333333336
1359498,2023-04-17,Royal Challengers Bangalore,Chennai Super Kings,"M Chinnaswamy Stadium, Bengaluru",185.66666666666666,0.6666666666666666,43.857142857142854,94.0,50.57142857142857
1359499,2023-04-18,Sunrisers Hyderabad,Mumbai Indians,"Rajiv Gandhi International Stadium, Uppal, Hyderabad",173.0,0.5,47.5,65.25,42.75
1359499,2023-04-18,Mumbai Indians,Sunrisers Hyderabad,"Rajiv Gandhi International Stadium, Uppal, Hyderabad",173.0,0.5,46.4,70.4,43.2
1359500,2023-04-19,Lucknow Super Giants,Rajasthan Royals,"Sawai Mansingh Stadium, Jaipur",,,,,
1359500,2023-04-19,Rajasthan Royals,Lucknow Super Giants,"Sawai Mansingh Stadium, Jaipur",,,37.0,72.0,45.0
1359501,2023-04-20,Royal Challengers Bangalore,Punjab Kings,"Punjab Cricket Association IS Bindra Stadium, Mohali, Chandigarh",172.0,0.5,52.5,69.75,38.75
1359501,2023-04-20,Punjab Kings,Royal Challengers Bangalore,"Punjab Cricket Association IS Bindra Stadium, Mohali, Chandigarh",172.0,0.5,53.8,70.0,39.8
1359502,2023-04-20,Kolkata Knight Riders,Delhi Capitals,"Arun Jaitley Stadium, Delhi",185.66666666666666,0.8333333333333334,51.333333333333336,79.16666666666667,51.083333333333336
1359502,2023-04-20,Delhi Capitals,Kolkata Knight Riders,"Arun Jaitley Stadium, Delhi",185.66666666666666,0.8333333333333334,50.07692307692308,77.61538461538461,49.69230769230769
1359503,2023-04-21,Chennai Super Kings,Sunrisers Hyderabad,"MA Chidambaram Stadium, Chepauk, Chennai",161.66666666666666,0.3333333333333333,49.083333333333336,66.75,42.166666666666664
1359503,2023-04-21,Sunrisers Hyderabad,Chennai Super Kings,"MA Chidambaram Stadium, Chepauk, Chennai",161.66666666666666,0.3333333333333333,49.52,66.12,41.56
1359504,2023-04-22,Gujarat Titans,Lucknow Super Giants,"Bharat Ratna Shri Atal Bihari Vajpayee Ekana Cricket Stadium, Lucknow",157.66666666666666,0.6666666666666666,43.166666666666664,67.5,40.0
1359504,2023-04-22,Lucknow Super Giants,Gujarat Titans,"Bharat Ratna Shri Atal Bihari Vajpayee Ekana Cricket Stadium, Lucknow",157.66666666666666,0.6666666666666666,42.714285714285715,65.28571428571429,40.42857142857143
1359505,2023-04-22,Punjab Kings,Mumbai Indians,"Wankhede Stadium, Mumbai",170.0,0.6363636363636364,46.34848484848485,73.28787878787878,46.84848484848485
1359505,2023-04-22,Mumbai Indians,Punjab Kings,"Wankhede Stadium, Mumbai",170.0,0.6363636363636364,46.52238805970149,73.08955223880596,47.582089552238806
1359507,2023-04-23,Chennai Super Kings,Kolkata Knight Riders,"Eden Gardens, Kolkata",206.75,0.25,57.125,76.625,58.625
1359507,2023-04-23,Kolkata Knight Riders,Chennai Super Kings,"Eden Gardens, Kolkata",206.75,0.25,57.333333333333336,79.33333333333333,60.44444444444444
1359506,2023-04-23,Royal Challengers Bangalore,Rajasthan Royals,"M Chinnaswamy Stadium, Bengaluru",195.75,0.5,47.75,94.0,50.375
1359506,2023-04-23,Rajasthan Royals,Royal Challengers Bangalore,"M Chinnaswamy Stadium, Bengaluru",195.75,0.5,49.333333333333336,94.0,48.44444444444444
1359508,2023-04-24,Sunrisers Hyderabad,Delhi Capitals,"Rajiv Gandhi International Stadium, Uppal, Hyderabad",179.33333333333334,0.3333333333333333,47.5,71.5,46.333333333333336
1359508,2023-04-24,Delhi Capitals,Sunrisers Hyderabad,"Rajiv Gandhi International Stadium, Uppal, Hyderabad",179.33333333333334,0.3333333333333333,45.857142857142854,68.85714285714286,46.57142857142857
1359509,2023-04-25,Gujarat Titans,Mumbai Indians,"Narendra Modi Stadium, Ahmedabad",163.9,0.8,46.3,70.1,46.85
1359509,2023-04-25,Mumbai Indians,Gujarat Titans,"Narendra Modi Stadium, Ahmedabad",163.9,0.8,46.476190476190474,70.57142857142857,48.285714285714285
1359510,2023-04-26,Kolkata Knight Riders,Royal Challengers Bangalore,"M Chinnaswamy Stadium, Bengaluru",194.4,0.4,49.1,92.0,49.7
1359510,2023-04-26,Royal Challengers Bangalore,Kolkata Knight Riders,"M Chinnaswamy Stadium, Bengaluru",194.4,0.4,50.63636363636363,89.54545454545455,51.45454545454545
1359511,2023-04-27,Rajasthan Royals,Chennai Super Kings,"Sawai Mansingh Stadium, Jaipur",154.0,0.0,42.0,64.5,42.5
1359511,2023-04-27,Chennai Super Kings,Rajasthan Royals,"Sawai Mansingh Stadium, Jaipur",154.0,0.0,49.333333333333336,68.0,49.333333333333336
1359512,2023-04-28,Lucknow Super Giants,Punjab Kings,"Punjab Cricket Association IS Bindra Stadium, Mohali, Chandigarh",172.66666666666666,0.3333333333333333,53.0,71.0,37.333333333333336
1359512,2023-04-28,Punjab Kings,Lucknow Super Giants,"Punjab Cricket Association IS Bindra Stadium, Mohali, Chandigarh",172.66666666666666,0.3333333333333333,56.0,76.57142857142857,42.42857142857143
1359513,2023-04-29,Kolkata Knight Riders,Gujarat Titans,"Eden Gardens, Kolkata",212.4,0.2,55.4,81.3,59.3
1359513,2023-04-29,Gujarat Titans,Kolkata Knight Riders,"Eden Gardens, Kolkata",212.4,0.2,55.90909090909091,80.54545454545455,58.0
1359514,2023-04-29,Sunrisers Hyderabad,Delhi Capitals,"Arun Jaitley Stadium, Delhi",177.28571428571428,0.8571428571428571,50.857142857142854,75.14285714285714,47.857142857142854
1359514,2023-04-29,Delhi Capitals,Sunrisers Hyderabad,"Arun Jaitley Stadium, Delhi",177.28571428571428,0.8571428571428571,51.6,75.0,48.8
1359515,2023-04-30,Chennai Super Kings,Punjab Kings,"MA Chidambaram Stadium, Chepauk, Chennai",159.53846153846155,0.38461538461538464,49.34615384615385,65.76923076923077,41.19230769230769
1359515,2023-04-30,Punjab Kings,Chennai Super Kings,"MA Chidambaram Stadium, Chepauk, Chennai",159.53846153846155,0.38461538461538464,49.629629629629626,66.62962962962963,41.666666666666664
1359516,2023-04-30,Rajasthan Royals,Mumbai Indians,"Wankhede Stadium, Mumbai",171.2941176470588,0.6176470588235294,46.63235294117647,73.41176470588235,47.64705882352941
1359516,2023-04-30,Mumbai Indians,Rajasthan Royals,"Wankhede Stadium, Mumbai",171.2941176470588,0.6176470588235294,46.89855072463768,73.47826086956522,47.95652173913044
1359517,2023-05-01,Lucknow Super Giants,Royal Challengers Bangalore,"Bharat Ratna Shri Atal Bihari Vajpayee Ekana Cricket Stadium, Lucknow",152.0,0.5,44.0,63.75,38.125
1359517,2023-05-01,Royal Challengers Bangalore,Lucknow Super Giants,"Bharat Ratna Shri Atal Bihari Vajpayee Ekana Cricket Stadium, Lucknow",152.0,0.5,42.888888888888886,61.55555555555556,37.22222222222222
1359518,2023-05-02,Delhi Capitals,Gujarat Titans,"Narendra Modi Stadium, Ahmedabad",167.8181818181818,0.7272727272727273,45.68181818181818,71.13636363636364,47.90909090909091
1359518,2023-05-02,Gujarat Titans,Delhi Capitals,"Narendra Modi Stadium, Ahmedabad",167.8181818181818,0.7272727272727273,44.91304347826087,70.21739130434783,48.08695652173913
1359520,2023-05-03,Punjab Kings,Mumbai Indians,"Punjab Cricket Association IS Bindra Stadium, Mohali, Chandigarh",193.75,0.25,55.875,79.125,43.25
1359520,2023-05-03,Mumbai Indians,Punjab Kings,"Punjab Cricket Association IS Bindra Stadium, Mohali, Chandigarh",193.75,0.25,55.22222222222222,80.88888888888889,46.111111111111114
1359521,2023-05-04,Kolkata Knight Riders,Sunrisers Hyderabad,"Rajiv Gandhi International Stadium, Uppal, Hyderabad",170.5,0.25,46.25,67.375,45.5
1359521,2023-05-04,Sunrisers Hyderabad,Kolkata Knight Riders,"Rajiv Gandhi International Stadium, Uppal, Hyderabad",170.5,0.25,46.55555555555556,68.77777777777777,45.111111111111114
1359522,2023-05-05,Gujarat Titans,Rajasthan Royals,"Sawai Mansingh Stadium, Jaipur",178.0,0.0,47.5,71.75,48.25
1359522,2023-05-05,Rajasthan Royals,Gujarat Titans,"Sawai Mansingh Stadium, Jaipur",178.0,0.0,47.8,71.4,38.6
1359523,2023-05-06,Mumbai Indians,Chennai Super Kings,"MA Chidambaram Stadium, Chepauk, Chennai",162.42857142857142,0.42857142857142855,50.07142857142857,66.64285714285714,42.75
1359523,2023-05-06,Chennai Super Kings,Mumbai Indians,"MA Chidambaram Stadium, Chepauk, Chennai",162.42857142857142,0.42857142857142855,49.51724137931034,66.37931034482759,42.86206896551724
1359524,2023-05-06,Royal Challengers Bangalore,Delhi Capitals,"Arun Jaitley Stadium, Delhi",179.75,0.75,51.9375,75.375,48.875
1359524,2023-05-06,Delhi Capitals,Royal Challengers Bangalore,"Arun Jaitley Stadium, Delhi",179.75,0.75,51.88235294117647,75.3529411764706,49.23529411764706
1359526,2023-05-07,Rajasthan Royals,Sunrisers Hyderabad,"Sawai Mansingh Stadium, Jaipur",158.0,0.3333333333333333,48.166666666666664,67.83333333333333,35.166666666666664
1359526,2023-05-07,Sunrisers Hyderabad,Rajasthan Royals,"Sawai Mansingh Stadium, Jaipur",158.0,0.3333333333333333,50.0,71.42857142857143,38.714285714285715
1359525,2023-05-07,Gujarat Titans,Lucknow Super Giants,"Narendra Modi Stadium, Ahmedabad",164.66666666666666,0.6666666666666666,44.333333333333336,69.29166666666667,48.0
1359525,2023-05-07,Lucknow Super Giants,Gujarat Titans,"Narendra Modi Stadium, Ahmedabad",164.66666666666666,0.6666666666666666,45.68,70.44,48.12
1359527,2023-05-08,Kolkata Knight Riders,Punjab Kings,"Eden Gardens, Kolkata",206.83333333333334,0.3333333333333333,55.583333333333336,80.25,57.416666666666664
1359527,2023-05-08,Punjab Kings,Kolkata Knight Riders,"Eden Gardens, Kolkata",206.83333333333334,0.3333333333333333,55.30769230769231,79.46153846153847,57.61538461538461
1359528,2023-05-09,Royal Challengers Bangalore,Mumbai Indians,"Wankhede Stadium, Mumbai",172.45714285714286,0.6285714285714286,47.05714285714286,73.74285714285715,48.18571428571428
1359528,2023-05-09,Mumbai Indians,Royal Challengers Bangalore,"Wankhede Stadium, Mumbai",172.45714285714286,0.6285714285714286,47.183098591549296,74.05633802816901,48.16901408450704
1359529,2023-05-10,Chennai Super Kings,Delhi Capitals,"MA Chidambaram Stadium, Chepauk, Chennai",160.86666666666667,0.4666666666666667,49.7,66.43333333333334,42.0
1359529,2023-05-10,Delhi Capitals,Chennai Super Kings,"MA Chidambaram Stadium, Chepauk, Chennai",160.86666666666667,0.4666666666666667,49.67741935483871,66.48387096774194,42.25806451612903
1359530,2023-05-11,Kolkata Knight Riders,Rajasthan Royals,"Eden Gardens, Kolkata",202.85714285714286,0.42857142857142855,55.5,78.5,57.42857142857143
1359530,2023-05-11,Rajasthan Royals,Kolkata Knight Riders,"Eden Gardens, Kolkata",202.85714285714286,0.42857142857142855,54.266666666666666,78.53333333333333,55.8
1359531,2023-05-12,Mumbai Indians,Gujarat Titans,"Wankhede Stadium, Mumbai",173.19444444444446,0.6388888888888888,47.388888888888886,74.58333333333333,47.861111111111114
1359531,2023-05-12,Gujarat Titans,Mumbai Indians,"Wankhede Stadium, Mumbai",173.19444444444446,0.6388888888888888,47.57534246575342,74.79452054794521,48.12328767123287
1359533,2023-05-13,Delhi Capitals,Punjab Kings,"Arun Jaitley Stadium, Delhi",179.88888888888889,0.7777777777777778,52.888888888888886,76.5,47.666666666666664
1359533,2023-05-13,Punjab Kings,Delhi Capitals,"Arun Jaitley Stadium, Delhi",179.88888888888889,0.7777777777777778,53.526315789473685,75.10526315789474,46.26315789473684
1359532,2023-05-13,Sunrisers Hyderabad,Lucknow Super Giants,"Rajiv Gandhi International Stadium, Uppal, Hyderabad",170.6,0.2,47.2,70.0,43.8
1359532,2023-05-13,Lucknow Super Giants,Sunrisers Hyderabad,"Rajiv Gandhi International Stadium, Uppal, Hyderabad",170.6,0.2,48.0,70.36363636363636,44.54545454545455
1359535,2023-05-14,Kolkata Knight Riders,Chennai Super Kings,"MA Chidambaram Stadium, Chepauk, Chennai",161.25,0.4375,49.59375,65.78125,42.46875
1359534,2023-05-14,Royal Challengers Bangalore,Rajasthan Royals,"Sawai Mansingh Stadium, Jaipur",172.0,0.5,50.25,74.25,42.75
1359534,2023-05-14,Rajasthan Royals,Royal Challengers Bangalore,"Sawai Mansingh Stadium, Jaipur",172.0,0.5,49.333333333333336,74.66666666666667,43.666666666666664
1359535,2023-05-14,Chennai Super Kings,Kolkata Knight Riders,"MA Chidambaram Stadium, Chepauk, Chennai",161.25,0.4375,49.484848484848484,65.93939393939394,42.09090909090909
1359536,2023-05-15,Sunrisers Hyderabad,Gujarat Titans,"Narendra Modi Stadium, Ahmedabad",169.46153846153845,0.6153846153846154,46.69230769230769,69.96153846153847,47.84615384615385
1359536,2023-05-15,Gujarat Titans,Sunrisers Hyderabad,"Narendra Modi Stadium, Ahmedabad",169.46153846153845,0.6153846153846154,46.629629629629626,69.81481481481481,47.666666666666664
1359537,2023-05-16,Lucknow Super Giants,Mumbai Indians,"Bharat Ratna Shri Atal Bihari Vajpayee Ekana Cricket Stadium, Lucknow",146.8,0.4,42.8,60.4,36.9
1359537,2023-05-16,Mumbai Indians,Lucknow Super Giants,"Bharat Ratna Shri Atal Bihari Vajpayee Ekana Cricket Stadium, Lucknow",146.8,0.4,42.09090909090909,61.54545454545455,39.81818181818182
1359538,2023-05-17,Delhi Capitals,Punjab Kings,"Himachal Pradesh Cricket Association Stadium, Dharamsala",,,,,
1359538,2023-05-17,Punjab Kings,Delhi Capitals,"Himachal Pradesh Cricket Association Stadium, Dharamsala",,,61.0,87.0,65.0
1359539,2023-05-18,Sunrisers Hyderabad,Royal Challengers Bangalore,"Rajiv Gandhi International Stadium, Uppal, Hyderabad",172.5,0.3333333333333333,46.5,71.5,46.75
1359539,2023-05-18,Royal Challengers Bangalore,Sunrisers Hyderabad,"Rajiv Gandhi International Stadium, Uppal, Hyderabad",172.5,0.3333333333333333,46.69230769230769,72.46153846153847,47.23076923076923
1359540,2023-05-19,Punjab Kings,Rajasthan Royals,"Himachal Pradesh Cricket Association Stadium, Dharamsala",213.0,0.0,54.0,84.0,67.5
1359540,2023-05-19,Rajasthan Royals,Punjab Kings,"Himachal Pradesh Cricket Association Stadium, Dharamsala",213.0,0.0,52.0,79.0,68.33333333333333
1359541,2023-05-20,Chennai Super Kings,Delhi Capitals,"Arun Jaitley Stadium, Delhi",178.6,0.7,53.15,74.9,46.45
1359541,2023-05-20,Delhi Capitals,Chennai Super Kings,"Arun Jaitley Stadium, Delhi",178.6,0.7,53.095238095238095,75.9047619047619,47.80952380952381
1359542,2023-05-20,Lucknow Super Giants,Kolkata Knight Riders,"Eden Gardens, Kolkata",196.125,0.5,55.75,78.1875,52.3125
1359542,2023-05-20,Kolkata Knight Riders,Lucknow Super Giants,"Eden Gardens, Kolkata",196.125,0.5,55.64705882352941,77.41176470588235,52.588235294117645
1359543,2023-05-21,Sunrisers Hyderabad,Mumbai Indians,"Wankhede Stadium, Mumbai",174.40540540540542,0.6216216216216216,47.58108108108108,74.89189189189189,48.2972972972973
1359543,2023-05-21,Mumbai Indians,Sunrisers Hyderabad,"Wankhede Stadium, Mumbai",174.40540540540542,0.6216216216216216,47.653333333333336,75.28,48.22666666666667
1359544,2023-05-21,Royal Challengers Bangalore,Gujarat Titans,"M Chinnaswamy Stadium, Bengaluru",195.33333333333334,0.3333333333333333,51.25,88.75,50.583333333333336
1359544,2023-05-21,Gujarat Titans,Royal Challengers Bangalore,"M Chinnaswamy Stadium, Bengaluru",195.33333333333334,0.3333333333333333,52.07692307692308,87.61538461538461,51.38461538461539
1370350,2023-05-23,Gujarat Titans,Chennai Super Kings,"MA Chidambaram Stadium, Chepauk, Chennai",160.23529411764707,0.47058823529411764,49.55882352941177,65.17647058823529,42.38235294117647
1370350,2023-05-23,Chennai Super Kings,Gujarat Titans,"MA Chidambaram Stadium, Chepauk, Chennai",160.23529411764707,0.47058823529411764,49.31428571428572,65.05714285714286,42.74285714285714
1370351,2023-05-24,Lucknow Super Giants,Mumbai Indians,"MA Chidambaram Stadium, Chepauk, Chennai",160.88888888888889,0.4444444444444444,49.30555555555556,65.36111111111111,42.861111111111114
1370351,2023-05-24,Mumbai Indians,Lucknow Super Giants,"MA Chidambaram Stadium, Chepauk, Chennai",160.88888888888889,0.4444444444444444,49.432432432432435,64.83783783783784,41.729729729729726
1370352,2023-05-26,Gujarat Titans,Mumbai Indians,"Narendra Modi Stadium, Ahmedabad",170.78571428571428,0.5714285714285714,47.285714285714285,70.5,47.17857142857143
1370352,2023-05-26,Mumbai Indians,Gujarat Titans,"Narendra Modi Stadium, Ahmedabad",170.78571428571428,0.5714285714285714,47.37931034482759,72.06896551724138,47.86206896551724
1370353,2023-05-29,Gujarat Titans,Chennai Super Kings,"Narendra Modi Stadium, Ahmedabad",174.93333333333334,0.5333333333333333,48.2,72.46666666666667,46.766666666666666
1370353,2023-05-29,Chennai Super Kings,Gujarat Titans,"Narendra Modi Stadium, Ahmedabad",174.93333333333334,0.5333333333333333,48.645161290322584,72.74193548387096,47.54838709677419
1422119,2024-03-22,Royal Challengers Bengaluru,Chennai Super Kings,"MA Chidambaram Stadium, Chepauk, Chennai",162.0,0.42105263157894735,49.76315789473684,64.94736842105263,41.973684210526315
1422119,2024-03-22,Chennai Super Kings,Royal Challengers Bengaluru,"MA Chidambaram Stadium, Chepauk, Chennai",162.0,0.42105263157894735,49.56410256410256,64.82051282051282,42.717948717948715
1422121,2024-03-23,Kolkata Knight Riders,Sunrisers Hyderabad,"Eden Gardens, Kolkata",193.88888888888889,0.4444444444444444,55.94444444444444,76.05555555555556,53.05555555555556
1422121,2024-03-23,Sunrisers Hyderabad,Kolkata Knight Riders,"Eden Gardens, Kolkata",193.88888888888889,0.4444444444444444,55.26315789473684,76.26315789473684,54.73684210526316
1422120,2024-03-23,Delhi Capitals,Punjab Kings,"Maharaja Yadavindra Singh International Cricket Stadium, Mullanpur",,,,,
1422120,2024-03-23,Punjab Kings,Delhi Capitals,"Maharaja Yadavindra Singh International Cricket Stadium, Mullanpur",,,54.0,70.0,50.0
1422122,2024-03-24,Rajasthan Royals,Lucknow Super Giants,"Sawai Mansingh Stadium, Jaipur",171.8,0.4,47.2,70.3,39.3
1422122,2024-03-24,Lucknow Super Giants,Rajasthan Royals,"Sawai Mansingh Stadium, Jaipur",171.8,0.4,47.81818181818182,72.0,40.27272727272727
1422123,2024-03-24,Gujarat Titans,Mumbai Indians,"Narendra Modi Stadium, Ahmedabad",177.375,0.5625,49.375,73.5625,46.0625
1422123,2024-03-24,Mumbai Indians,Gujarat Titans,"Narendra Modi Stadium, Ahmedabad",177.375,0.5625,49.303030303030305,73.66666666666667,46.0
1422124,2024-03-25,Punjab Kings,Royal Challengers Bengaluru,"M Chinnaswamy Stadium, Bengaluru",195.57142857142858,0.42857142857142855,52.0,88.28571428571429,51.285714285714285
1422124,2024-03-25,Royal Challengers Bengaluru,Punjab Kings,"M Chinnaswamy Stadium, Bengaluru",195.57142857142858,0.42857142857142855,51.2,88.26666666666667,51.06666666666667
1422125,2024-03-26,Gujarat Titans,Chennai Super Kings,"MA Chidambaram Stadium, Chepauk, Chennai",162.55,0.45,49.875,64.85,42.85
1422125,2024-03-26,Chennai Super Kings,Gujarat Titans,"MA Chidambaram Stadium, Chepauk, Chennai",162.55,0.45,49.707317073170735,65.0,42.51219512195122
1422126,2024-03-27,Mumbai Indians,Sunrisers Hyderabad,"Rajiv Gandhi International Stadium, Uppal, Hyderabad",174.42857142857142,0.42857142857142855,47.92857142857143,73.42857142857143,46.5
1422126,2024-03-27,Sunrisers Hyderabad,Mumbai Indians,"Rajiv Gandhi International Stadium, Uppal, Hyderabad",174.42857142857142,0.42857142857142855,49.8,75.8,47.46666666666667
1422127,2024-03-28,Rajasthan Royals,Delhi Capitals,"Sawai Mansingh Stadium, Jaipur",175.33333333333334,0.3333333333333333,47.75,73.25,40.166666666666664
1422127,2024-03-28,Delhi Capitals,Rajasthan Royals,"Sawai Mansingh Stadium, Jaipur",175.33333333333334,0.3333333333333333,46.46153846153846,73.53846153846153,43.0
1422128,2024-03-29,Royal Challengers Bengaluru,Kolkata Knight Riders,"M Chinnaswamy Stadium, Bengaluru",193.125,0.5,51.125,87.0,51.625
1422128,2024-03-29,Kolkata Knight Riders,Royal Challengers Bengaluru,"M Chinnaswamy Stadium, Bengaluru",193.125,0.5,51.705882352941174,86.17647058823529,51.411764705882355
1422129,2024-03-30,Lucknow Super Giants,Punjab Kings,"Bharat Ratna Shri Atal Bihari Vajpayee Ekana Cricket Stadium, Lucknow",151.83333333333334,0.3333333333333333,43.416666666666664,62.0,40.416666666666664
1422129,2024-03-30,Punjab Kings,Lucknow Super Giants,"Bharat Ratna Shri Atal Bihari Vajpayee Ekana Cricket Stadium, Lucknow",151.83333333333334,0.3333333333333333,44.23076923076923,64.3076923076923,41.38461538461539
1422131,2024-03-31,Chennai Super Kings,Delhi Capitals,"Dr. Y.S. Rajasekhara Reddy ACA-VDCA Cricket Stadium, Visakhapatnam",,,,,
1422131,2024-03-31,Delhi Capitals,Chennai Super Kings,"Dr. Y.S. Rajasekhara Reddy ACA-VDCA Cricket Stadium, Visakhapatnam",,,32.0,81.0,58.0
1422130,2024-03-31,Sunrisers Hyderabad,Gujarat Titans,"Narendra Modi Stadium, Ahmedabad",176.8235294117647,0.5294117647058824,49.38235294117647,73.67647058823529,45.705882352941174
1422130,2024-03-31,Gujarat Titans,Sunrisers Hyderabad,"Narendra Modi Stadium, Ahmedabad",176.8235294117647,0.5294117647058824,49.57142857142857,73.45714285714286,45.542857142857144
1422132,2024-04-01,Mumbai Indians,Rajasthan Royals,"Wankhede Stadium, Mumbai",175.07894736842104,0.631578947368421,47.81578947368421,75.60526315789474,48.13157894736842
1422132,2024-04-01,Rajasthan Royals,Mumbai Indians,"Wankhede Stadium, Mumbai",175.07894736842104,0.631578947368421,47.79220779220779,75.35064935064935,47.8051948051948
1422133,2024-04-02,Lucknow Super Giants,Royal Challengers Bengaluru,"M Chinnaswamy Stadium, Bengaluru",191.88888888888889,0.5555555555555556,53.55555555555556,85.94444444444444,49.611111111111114
1422133,2024-04-02,Royal Challengers Bengaluru,Lucknow Super Giants,"M Chinnaswamy Stadium, Bengaluru",191.88888888888889,0.5555555555555556,53.578947368421055,85.47368421052632,49.63157894736842
1422134,2024-04-03,Delhi Capitals,Kolkata Knight Riders,"Dr. Y.S. Rajasekhara Reddy ACA-VDCA Cricket Stadium, Visakhapatnam",191.0,0.0,47.0,76.5,57.5
1422134,2024-04-03,Kolkata Knight Riders,Delhi Capitals,"Dr. Y.S. Rajasekhara Reddy ACA-VDCA Cricket Stadium, Visakhapatnam",191.0,0.0,48.333333333333336,87.0,40.666666666666664
1422135,2024-04-04,Punjab Kings,Gujarat Titans,"Narendra Modi Stadium, Ahmedabad",176.0,0.5555555555555556,49.638888888888886,73.13888888888889,45.77777777777778
1422135,2024-04-04,Gujarat Titans,Punjab Kings,"Narendra Modi Stadium, Ahmedabad",176.0,0.5555555555555556,49.75675675675676,73.43243243243244,46.21621621621622
1422136,2024-04-05,Chennai Super Kings,Sunrisers Hyderabad,"Rajiv Gandhi International Stadium, Uppal, Hyderabad",187.25,0.375,51.75,78.625,49.1875
1422136,2024-04-05,Sunrisers Hyderabad,Chennai Super Kings,"Rajiv Gandhi International Stadium, Uppal, Hyderabad",187.25,0.375,51.529411764705884,78.6470588235294,48.529411764705884
1422137,2024-04-06,Royal Challengers Bengaluru,Rajasthan Royals,"Sawai Mansingh Stadium, Jaipur",176.71428571428572,0.2857142857142857,47.357142857142854,72.64285714285714,43.714285714285715
1422137,2024-04-06,Rajasthan Royals,Royal Challengers Bengaluru,"Sawai Mansingh Stadium, Jaipur",176.71428571428572,0.2857142857142857,47.733333333333334,72.86666666666666,44.4
1422138,2024-04-07,Mumbai Indians,Delhi Capitals,"Wankhede Stadium, Mumbai",173.7948717948718,0.6410256410256411,47.76923076923077,75.21794871794872,47.3974358974359
1422138,2024-04-07,Delhi Capitals,Mumbai Indians,"Wankhede Stadium, Mumbai",173.7948717948718,0.6410256410256411,48.11392405063291,75.0632911392405,48.0126582278481
1422139,2024-04-07,Lucknow Super Giants,Gujarat Titans,"Bharat Ratna Shri Atal Bihari Vajpayee Ekana Cricket Stadium, Lucknow",158.57142857142858,0.2857142857142857,45.42857142857143,65.07142857142857,41.42857142857143
1422139,2024-04-07,Gujarat Titans,Lucknow Super Giants,"Bharat Ratna Shri Atal Bihari Vajpayee Ekana Cricket Stadium, Lucknow",158.57142857142858,0.2857142857142857,45.53333333333333,65.2,41.93333333333333
1426260,2024-04-08,Kolkata Knight Riders,Chennai Super Kings,"MA Chidambaram Stadium, Chepauk, Chennai",164.61904761904762,0.42857142857142855,50.166666666666664,65.5,42.714285714285715
1426260,2024-04-08,Chennai Super Kings,Kolkata Knight Riders,"MA Chidambaram Stadium, Chepauk, Chennai",164.61904761904762,0.42857142857142855,50.30232558139535,64.97674418604652,42.604651162790695
1426261,2024-04-09,Sunrisers Hyderabad,Punjab Kings,"Maharaja Yadavindra Singh International Cricket Stadium, Mullanpur",174.0,1.0,57.0,70.0,48.5
1426261,2024-04-09,Punjab Kings,Sunrisers Hyderabad,"Maharaja Yadavindra Singh International Cricket Stadium, Mullanpur",174.0,1.0,51.333333333333336,77.66666666666667,48.666666666666664
1426262,2024-04-10,Rajasthan Royals,Gujarat Titans,"Sawai Mansingh Stadium, Jaipur",177.5,0.375,48.125,74.4375,43.9375
1426262,2024-04-10,Gujarat Titans,Rajasthan Royals,"Sawai Mansingh Stadium, Jaipur",177.5,0.375,47.8235294117647,75.41176470588235,45.0
1426263,2024-04-11,Royal Challengers Bengaluru,Mumbai Indians,"Wankhede Stadium, Mumbai",175.3,0.625,48.0875,75.35,48.175
1426263,2024-04-11,Mumbai Indians,Royal Challengers Bengaluru,"Wankhede Stadium, Mumbai",175.3,0.625,48.03703703703704,75.48148148148148,48.39506172839506
1426264,2024-04-12,Delhi Capitals,Lucknow Super Giants,"Bharat Ratna Shri Atal Bihari Vajpayee Ekana Cricket Stadium, Lucknow",159.125,0.25,46.0625,63.5625,41.625
1426264,2024-04-12,Lucknow Super Giants,Delhi Capitals,"Bharat Ratna Shri Atal Bihari Vajpayee Ekana Cricket Stadium, Lucknow",159.125,0.25,47.0,64.70588235294117,40.64705882352941
1426265,2024-04-13,Punjab Kings,Rajasthan Royals,"Maharaja Yadavindra Singh International Cricket Stadium, Mullanpur",178.0,0.5,45.25,77.75,55.25
1426265,2024-04-13,Rajasthan Royals,Punjab Kings,"Maharaja Yadavindra Singh International Cricket Stadium, Mullanpur",178.0,0.5,43.8,71.8,56.4
1426266,2024-04-14,Lucknow Super Giants,Kolkata Knight Riders,"Eden Gardens, Kolkata",195.3,0.4,55.75,75.6,55.8
1426266,2024-04-14,Kolkata Knight Riders,Lucknow Super Giants,"Eden Gardens, Kolkata",195.3,0.4,55.42857142857143,75.04761904761905,55.42857142857143
1426267,2024-04-14,Chennai Super Kings,Mumbai Indians,"Wankhede Stadium, Mumbai",175.8048780487805,0.6341463414634146,48.329268292682926,75.97560975609755,47.9390243902439
1426267,2024-04-14,Mumbai Indians,Chennai Super Kings,"Wankhede Stadium, Mumbai",175.8048780487805,0.6341463414634146,48.325301204819276,76.27710843373494,48.04819277108434
1426268,2024-04-15,Royal Challengers Bengaluru,Sunrisers Hyderabad,"M Chinnaswamy Stadium, Bengaluru",190.8,0.5,53.3,84.0,49.6
1426268,2024-04-15,Sunrisers Hyderabad,Royal Challengers Bengaluru,"M Chinnaswamy Stadium, Bengaluru",190.8,0.5,54.523809523809526,85.14285714285714,50.80952380952381
1426269,2024-04-16,Kolkata Knight Riders,Rajasthan Royals,"Eden Gardens, Kolkata",192.1818181818182,0.45454545454545453,55.54545454545455,76.0909090909091,53.18181818181818
1426269,2024-04-16,Rajasthan Royals,Kolkata Knight Riders,"Eden Gardens, Kolkata",192.1818181818182,0.45454545454545453,55.56521739130435,77.34782608695652,53.56521739130435
1426270,2024-04-17,Gujarat Titans,Delhi Capitals,"Narendra Modi Stadium, Ahmedabad",177.21052631578948,0.5789473684210527,49.81578947368421,73.65789473684211,46.71052631578947
1426270,2024-04-17,Delhi Capitals,Gujarat Titans,"Narendra Modi Stadium, Ahmedabad",177.21052631578948,0.5789473684210527,49.30769230769231,73.0,45.794871794871796
1426271,2024-04-18,Mumbai Indians,Punjab Kings,"Maharaja Yadavindra Singh International Cricket Stadium, Mullanpur",167.66666666666666,0.6666666666666666,43.666666666666664,69.16666666666667,55.833333333333336
1426271,2024-04-18,Punjab Kings,Mumbai Indians,"Maharaja Yadavindra Singh International Cricket Stadium, Mullanpur",167.66666666666666,0.6666666666666666,45.142857142857146,70.14285714285714,56.714285714285715
1426272,2024-04-19,Lucknow Super Giants,Chennai Super Kings,"Bharat Ratna Shri Atal Bihari Vajpayee Ekana Cricket Stadium, Lucknow",160.0,0.3333333333333333,47.55555555555556,64.27777777777777,41.333333333333336
1426272,2024-04-19,Chennai Super Kings,Lucknow Super Giants,"Bharat Ratna Shri Atal Bihari Vajpayee Ekana Cricket Stadium, Lucknow",160.0,0.3333333333333333,47.89473684210526,65.10526315789474,41.578947368421055
1426273,2024-04-20,Delhi Capitals,Sunrisers Hyderabad,"Arun Jaitley Stadium, Delhi",182.63636363636363,0.6363636363636364,52.22727272727273,76.18181818181819,47.0
1426273,2024-04-20,Sunrisers Hyderabad,Delhi Capitals,"Arun Jaitley Stadium, Delhi",182.63636363636363,0.6363636363636364,53.78260869565217,76.26086956521739,46.391304347826086
1426274,2024-04-21,Kolkata Knight Riders,Royal Challengers Bengaluru,"Eden Gardens, Kolkata",194.75,0.5,56.416666666666664,77.0,54.625
1426274,2024-04-21,Royal Challengers Bengaluru,Kolkata Knight Riders,"Eden Gardens, Kolkata",194.75,0.5,57.16,76.88,55.36
1426275,2024-04-21,Punjab Kings,Gujarat Titans,"Maharaja Yadavindra Singh International Cricket Stadium, Mullanpur",173.75,0.5,44.5,74.0,54.875
1426275,2024-04-21,Gujarat Titans,Punjab Kings,"Maharaja Yadavindra Singh International Cricket Stadium, Mullanpur",173.75,0.5,45.77777777777778,70.33333333333333,53.77777777777778
1426276,2024-04-22,Mumbai Indians,Rajasthan Royals,"Sawai Mansingh Stadium, Jaipur",179.55555555555554,0.4444444444444444,47.611111111111114,75.66666666666667,46.666666666666664
1426276,2024-04-22,Rajasthan Royals,Mumbai Indians,"Sawai Mansingh Stadium, Jaipur",179.55555555555554,0.4444444444444444,47.473684210526315,76.21052631578948,46.73684210526316
1426277,2024-04-23,Chennai Super Kings,Lucknow Super Giants,"MA Chidambaram Stadium, Chepauk, Chennai",163.36363636363637,0.45454545454545453,50.34090909090909,64.93181818181819,42.22727272727273
1426277,2024-04-23,Lucknow Super Giants,Chennai Super Kings,"MA Chidambaram Stadium, Chepauk, Chennai",163.36363636363637,0.45454545454545453,50.31111111111111,65.4,42.955555555555556
1426278,2024-04-24,Delhi Capitals,Gujarat Titans,"Arun Jaitley Stadium, Delhi",189.58333333333334,0.5833333333333334,56.75,76.41666666666667,47.0
1426278,2024-04-24,Gujarat Titans,Delhi Capitals,"Arun Jaitley Stadium, Delhi",189.58333333333334,0.5833333333333334,56.24,76.68,49.0
1426279,2024-04-25,Royal Challengers Bengaluru,Sunrisers Hyderabad,"Rajiv Gandhi International Stadium, Uppal, Hyderabad",184.77777777777777,0.4444444444444444,53.0,77.44444444444444,47.55555555555556
1426279,2024-04-25,Sunrisers Hyderabad,Royal Challengers Bengaluru,"Rajiv Gandhi International Stadium, Uppal, Hyderabad",184.77777777777777,0.4444444444444444,53.421052631578945,77.63157894736842,48.421052631578945
1426280,2024-04-26,Kolkata Knight Riders,Punjab Kings,"Eden Gardens, Kolkata",196.84615384615384,0.46153846153846156,57.80769230769231,77.76923076923077,55.03846153846154
1426280,2024-04-26,Punjab Kings,Kolkata Knight Riders,"Eden Gardens, Kolkata",196.84615384615384,0.46153846153846156,58.48148148148148,79.11111111111111,55.629629629629626
1426282,2024-04-27,Lucknow Super Giants,Rajasthan Royals,"Bharat Ratna Shri Atal Bihari Vajpayee Ekana Cricket Stadium, Lucknow",161.6,0.4,48.05,64.55,43.05
1426282,2024-04-27,Rajasthan Royals,Lucknow Super Giants,"Bharat Ratna Shri Atal Bihari Vajpayee Ekana Cricket Stadium, Lucknow",161.6,0.4,47.95238095238095,66.42857142857143,43.19047619047619
1426281,2024-04-27,Delhi Capitals,Mumbai Indians,"Arun Jaitley Stadium, Delhi",192.23076923076923,0.5384615384615384,56.65384615384615,76.8076923076923,49.92307692307692
1426281,2024-04-27,Mumbai Indians,Delhi Capitals,"Arun Jaitley Stadium, Delhi",192.23076923076923,0.5384615384615384,57.96296296296296,77.5925925925926,50.55555555555556
1426283,2024-04-28,Gujarat Titans,Royal Challengers Bengaluru,"Narendra Modi Stadium, Ahmedabad",172.8,0.6,49.75,71.8,44.65
1426283,2024-04-28,Royal Challengers Bengaluru,Gujarat Titans,"Narendra Modi Stadium, Ahmedabad",172.8,0.6,49.5609756097561,72.39024390243902,45.073170731707314
1426284,2024-04-28,Chennai Super Kings,Sunrisers Hyderabad,"MA Chidambaram Stadium, Chepauk, Chennai",165.3913043478261,0.4782608695652174,50.19565217391305,65.97826086956522,43.67391304347826
1426284,2024-04-28,Sunrisers Hyderabad,Chennai Super Kings,"MA Chidambaram Stadium, Chepauk, Chennai",165.3913043478261,0.4782608695652174,50.191489361702125,66.65957446808511,44.1063829787234
1426285,2024-04-29,Delhi Capitals,Kolkata Knight Riders,"Eden Gardens, Kolkata",201.42857142857142,0.5,59.714285714285715,80.14285714285714,55.82142857142857
1426285,2024-04-29,Kolkata Knight Riders,Delhi Capitals,"Eden Gardens, Kolkata",201.42857142857142,0.5,59.96551724137931,78.93103448275862,55.310344827586206
1426286,2024-04-30,Lucknow Super Giants,Mumbai Indians,"Bharat Ratna Shri Atal Bihari Vajpayee Ekana Cricket Stadium, Lucknow",164.72727272727272,0.45454545454545453,48.5,67.22727272727273,43.72727272727273
1426286,2024-04-30,Mumbai Indians,Lucknow Super Giants,"Bharat Ratna Shri Atal Bihari Vajpayee Ekana Cricket Stadium, Lucknow",164.72727272727272,0.45454545454545453,48.65217391304348,67.08695652173913,43.08695652173913
1426287,2024-05-01,Chennai Super Kings,Punjab Kings,"MA Chidambaram Stadium, Chepauk, Chennai",167.33333333333334,0.4583333333333333,50.25,66.4375,43.708333333333336
1426287,2024-05-01,Punjab Kings,Chennai Super Kings,"MA Chidambaram Stadium, Chepauk, Chennai",167.33333333333334,0.4583333333333333,50.3469387755102,66.04081632653062,44.04081632653061
1426288,2024-05-02,Sunrisers Hyderabad,Rajasthan Royals,"Rajiv Gandhi International Stadium, Uppal, Hyderabad",186.9,0.4,53.85,77.25,47.95
1426288,2024-05-02,Rajasthan Royals,Sunrisers Hyderabad,"Rajiv Gandhi International Stadium, Uppal, Hyderabad",186.9,0.4,53.04761904761905,78.04761904761905,49.0
1426289,2024-05-03,Kolkata Knight Riders,Mumbai Indians,"Wankhede Stadium, Mumbai",176.52380952380952,0.6190476190476191,48.5,76.19047619047619,48.11904761904762
1426289,2024-05-03,Mumbai Indians,Kolkata Knight Riders,"Wankhede Stadium, Mumbai",176.52380952380952,0.6190476190476191,48.6,76.12941176470588,48.03529411764706
1426290,2024-05-04,Gujarat Titans,Royal Challengers Bengaluru,"M Chinnaswamy Stadium, Bengaluru",199.54545454545453,0.45454545454545453,55.5,87.13636363636364,52.22727272727273
1426290,2024-05-04,Royal Challengers Bengaluru,Gujarat Titans,"M Chinnaswamy Stadium, Bengaluru",199.54545454545453,0.45454545454545453,54.08695652173913,86.78260869565217,51.91304347826087
1426292,2024-05-05,Lucknow Super Giants,Kolkata Knight Riders,"Bharat Ratna Shri Atal Bihari Vajpayee Ekana Cricket Stadium, Lucknow",163.0,0.5,47.791666666666664,67.125,43.291666666666664
1426292,2024-05-05,Kolkata Knight Riders,Lucknow Super Giants,"Bharat Ratna Shri Atal Bihari Vajpayee Ekana Cricket Stadium, Lucknow",163.0,0.5,48.08,67.44,41.84
1426291,2024-05-05,Punjab Kings,Chennai Super Kings,"Himachal Pradesh Cricket Association Stadium, Dharamsala",200.0,0.5,53.25,80.25,63.25
1426291,2024-05-05,Chennai Super Kings,Punjab Kings,"Himachal Pradesh Cricket Association Stadium, Dharamsala",200.0,0.5,52.0,73.0,60.2
1426293,2024-05-06,Sunrisers Hyderabad,Mumbai Indians,"Wankhede Stadium, Mumbai",176.34883720930233,0.6046511627906976,48.56976744186046,76.09302325581395,47.77906976744186
1426293,2024-05-06,Mumbai Indians,Sunrisers Hyderabad,"Wankhede Stadium, Mumbai",176.34883720930233,0.6046511627906976,48.6551724137931,75.95402298850574,47.839080459770116
1426294,2024-05-07,Delhi Capitals,Rajasthan Royals,"Arun Jaitley Stadium, Delhi",196.85714285714286,0.5,58.214285714285715,78.67857142857143,51.392857142857146
1426294,2024-05-07,Rajasthan Royals,Delhi Capitals,"Arun Jaitley Stadium, Delhi",196.85714285714286,0.5,58.89655172413793,78.65517241379311,51.86206896551724
1426295,2024-05-08,Lucknow Super Giants,Sunrisers Hyderabad,"Rajiv Gandhi International Stadium, Uppal, Hyderabad",188.1818181818182,0.36363636363636365,53.36363636363637,78.9090909090909,48.72727272727273
1426295,2024-05-08,Sunrisers Hyderabad,Lucknow Super Giants,"Rajiv Gandhi International Stadium, Uppal, Hyderabad",188.1818181818182,0.36363636363636365,52.21739130434783,78.73913043478261,49.34782608695652
1426296,2024-05-09,Royal Challengers Bengaluru,Punjab Kings,"Himachal Pradesh Cricket Association Stadium, Dharamsala",189.0,0.3333333333333333,53.333333333333336,70.33333333333333,58.5
1426296,2024-05-09,Punjab Kings,Royal Challengers Bengaluru,"Himachal Pradesh Cricket Association Stadium, Dharamsala",189.0,0.3333333333333333,53.714285714285715,75.71428571428571,61.142857142857146
1426297,2024-05-10,Gujarat Titans,Chennai Super Kings,"Narendra Modi Stadium, Ahmedabad",174.0952380952381,0.6190476190476191,49.88095238095238,73.38095238095238,44.69047619047619
1426297,2024-05-10,Chennai Super Kings,Gujarat Titans,"Narendra Modi Stadium, Ahmedabad",174.0952380952381,0.6190476190476191,50.06976744186046,74.74418604651163,44.604651162790695
1426298,2024-05-11,Kolkata Knight Riders,Mumbai Indians,"Eden Gardens, Kolkata",198.2,0.5333333333333333,60.6,78.36666666666666,54.0
1426298,2024-05-11,Mumbai Indians,Kolkata Knight Riders,"Eden Gardens, Kolkata",198.2,0.5333333333333333,60.32258064516129,78.90322580645162,52.58064516129032
1426300,2024-05-12,Royal Challengers Bengaluru,Delhi Capitals,"M Chinnaswamy Stadium, Bengaluru",195.16666666666666,0.5,55.666666666666664,85.66666666666667,49.75
1426300,2024-05-12,Delhi Capitals,Royal Challengers Bengaluru,"M Chinnaswamy Stadium, Bengaluru",195.16666666666666,0.5,55.88,85.32,49.72
1426299,2024-05-12,Rajasthan Royals,Chennai Super Kings,"MA Chidambaram Stadium, Chepauk, Chennai",167.12,0.48,50.38,66.38,43.72
1426299,2024-05-12,Chennai Super Kings,Rajasthan Royals,"MA Chidambaram Stadium, Chepauk, Chennai",167.12,0.48,50.21568627450981,66.09803921568627,43.78431372549019
1426302,2024-05-14,Delhi Capitals,Lucknow Super Giants,"Arun Jaitley Stadium, Delhi",198.46666666666667,0.4666666666666667,59.166666666666664,79.1,51.53333333333333
1426302,2024-05-14,Lucknow Super Giants,Delhi Capitals,"Arun Jaitley Stadium, Delhi",198.46666666666667,0.4666666666666667,59.61290322580645,78.58064516129032,52.193548387096776
1426303,2024-05-15,Rajasthan Royals,Punjab Kings,"Barsapara Cricket Stadium, Guwahati",198.0,0.0,56.5,73.25,52.75
1426303,2024-05-15,Punjab Kings,Rajasthan Royals,"Barsapara Cricket Stadium, Guwahati",198.0,0.0,52.8,71.6,50.4
1426305,2024-05-17,Lucknow Super Giants,Mumbai Indians,"Wankhede Stadium, Mumbai",176.27272727272728,0.6136363636363636,48.69318181818182,76.07954545454545,47.69318181818182
1426305,2024-05-17,Mumbai Indians,Lucknow Super Giants,"Wankhede Stadium, Mumbai",176.27272727272728,0.6136363636363636,48.69662921348315,76.46067415730337,47.7752808988764
1426306,2024-05-18,Chennai Super Kings,Royal Challengers Bengaluru,"M Chinnaswamy Stadium, Bengaluru",194.53846153846155,0.46153846153846156,55.80769230769231,84.84615384615384,48.30769230769231
1426306,2024-05-18,Royal Challengers Bengaluru,Chennai Super Kings,"M Chinnaswamy Stadium, Bengaluru",194.53846153846155,0.46153846153846156,55.888888888888886,84.33333333333333,48.81481481481482
1426307,2024-05-19,Punjab Kings,Sunrisers Hyderabad,"Rajiv Gandhi International Stadium, Uppal, Hyderabad",186.25,0.4166666666666667,54.5,77.95833333333333,47.291666666666664
1426307,2024-05-19,Sunrisers Hyderabad,Punjab Kings,"Rajiv Gandhi International Stadium, Uppal, Hyderabad",186.25,0.4166666666666667,54.76,78.76,47.6
1426309,2024-05-21,Sunrisers Hyderabad,Kolkata Knight Riders,"Narendra Modi Stadium, Ahmedabad",176.6818181818182,0.5909090909090909,49.90909090909091,75.31818181818181,44.79545454545455
1426309,2024-05-21,Kolkata Knight Riders,Sunrisers Hyderabad,"Narendra Modi Stadium, Ahmedabad",176.6818181818182,0.5909090909090909,49.8,75.42222222222222,44.55555555555556
1426310,2024-05-22,Royal Challengers Bengaluru,Rajasthan Royals,"Narendra Modi Stadium, Ahmedabad",175.91304347826087,0.6086956521739131,50.08695652173913,75.97826086956522,43.58695652173913
1426310,2024-05-22,Rajasthan Royals,Royal Challengers Bengaluru,"Narendra Modi Stadium, Ahmedabad",175.91304347826087,0.6086956521739131,50.08510638297872,75.95744680851064,43.659574468085104
1426311,2024-05-24,Rajasthan Royals,Sunrisers Hyderabad,"MA Chidambaram Stadium, Chepauk, Chennai",166.1153846153846,0.5,50.32692307692308,65.98076923076923,43.5
1426311,2024-05-24,Sunrisers Hyderabad,Rajasthan Royals,"MA Chidambaram Stadium, Chepauk, Chennai",166.1153846153846,0.5,50.339622641509436,65.69811320754717,43.37735849056604
1426312,2024-05-26,Kolkata Knight Riders,Sunrisers Hyderabad,"MA Chidambaram Stadium, Chepauk, Chennai",166.44444444444446,0.48148148148148145,50.666666666666664,65.66666666666667,43.370370370370374
1426312,2024-05-26,Sunrisers Hyderabad,Kolkata Knight Riders,"MA Chidambaram Stadium, Chepauk, Chennai",166.44444444444446,0.48148148148148145,51.054545454545455,65.23636363636363,42.58181818181818
1473438,2025-03-22,Kolkata Knight Riders,Royal Challengers Bengaluru,"Eden Gardens, Kolkata",195.625,0.5,60.375,78.75,51.03125
1473438,2025-03-22,Royal Challengers Bengaluru,Kolkata Knight Riders,"Eden Gardens, Kolkata",195.625,0.5,60.36363636363637,78.93939393939394,50.36363636363637
1473439,2025-03-23,Sunrisers Hyderabad,Rajasthan Royals,"Rajiv Gandhi International Stadium, Uppal, Hyderabad",188.3846153846154,0.46153846153846156,55.88461538461539,79.5,47.03846153846154
1473439,2025-03-23,Rajasthan Royals,Sunrisers Hyderabad,"Rajiv Gandhi International Stadium, Uppal, Hyderabad",188.3846153846154,0.46153846153846156,57.2962962962963,80.77777777777777,48.18518518518518
1473440,2025-03-23,Mumbai Indians,Chennai Super Kings,"MA Chidambaram Stadium, Chepauk, Chennai",164.53571428571428,0.5,50.857142857142854,64.96428571428571,42.232142857142854
1473440,2025-03-23,Chennai Super Kings,Mumbai Indians,"MA Chidambaram Stadium, Chepauk, Chennai",164.53571428571428,0.5,50.87719298245614,64.84210526315789,42.280701754385966
1473441,2025-03-24,Lucknow Super Giants,Delhi Capitals,"Dr. Y.S. Rajasekhara Reddy ACA-VDCA Cricket Stadium, Visakhapatnam",231.5,0.0,58.25,92.0,49.75
1473441,2025-03-24,Delhi Capitals,Lucknow Super Giants,"Dr. Y.S. Rajasekhara Reddy ACA-VDCA Cricket Stadium, Visakhapatnam",231.5,0.0,59.4,94.8,47.6
1473442,2025-03-25,Gujarat Titans,Punjab Kings,"Narendra Modi Stadium, Ahmedabad",175.75,0.625,50.020833333333336,76.02083333333333,43.75
1473442,2025-03-25,Punjab Kings,Gujarat Titans,"Narendra Modi Stadium, Ahmedabad",175.75,0.625,50.244897959183675,76.77551020408163,44.04081632653061
1473443,2025-03-26,Rajasthan Royals,Kolkata Knight Riders,"Barsapara Cricket Stadium, Guwahati",180.0,0.3333333333333333,50.5,70.33333333333333,49.0
1473443,2025-03-26,Kolkata Knight Riders,Rajasthan Royals,"Barsapara Cricket Stadium, Guwahati",180.0,0.3333333333333333,51.0,68.28571428571429,47.857142857142854
1473444,2025-03-27,Sunrisers Hyderabad,Lucknow Super Giants,"Rajiv Gandhi International Stadium, Uppal, Hyderabad",195.35714285714286,0.42857142857142855,58.0,81.17857142857143,49.07142857142857
1473444,2025-03-27,Lucknow Super Giants,Sunrisers Hyderabad,"Rajiv Gandhi International Stadium, Uppal, Hyderabad",195.35714285714286,0.42857142857142855,58.13793103448276,81.17241379310344,49.0
1473445,2025-03-28,Royal Challengers Bengaluru,Chennai Super Kings,"MA Chidambaram Stadium, Chepauk, Chennai",164.20689655172413,0.5172413793103449,51.06896551724138,64.70689655172414,42.224137931034484
1473445,2025-03-28,Chennai Super Kings,Royal Challengers Bengaluru,"MA Chidambaram Stadium, Chepauk, Chennai",164.20689655172413,0.5172413793103449,51.152542372881356,65.0,42.49152542372882
1473446,2025-03-29,Mumbai Indians,Gujarat Titans,"Narendra Modi Stadium, Ahmedabad",178.44,0.6,50.7,76.9,44.9
1473446,2025-03-29,Gujarat Titans,Mumbai Indians,"Narendra Modi Stadium, Ahmedabad",178.44,0.6,50.64705882352941,76.76470588235294,44.84313725490196
1473447,2025-03-30,Sunrisers Hyderabad,Delhi Capitals,"Dr. Y.S. Rajasekhara Reddy ACA-VDCA Cricket Stadium, Visakhapatnam",224.0,0.3333333333333333,59.166666666666664,94.0,50.166666666666664
1473447,2025-03-30,Delhi Capitals,Sunrisers Hyderabad,"Dr. Y.S. Rajasekhara Reddy ACA-VDCA Cricket Stadium, Visakhapatnam",224.0,0.3333333333333333,59.0,92.28571428571429,46.285714285714285
1473448,2025-03-30,Rajasthan Royals,Chennai Super Kings,"Barsapara Cricket Stadium, Guwahati",172.75,0.5,49.625,69.5,46.25
1473448,2025-03-30,Chennai Super Kings,Rajasthan Royals,"Barsapara Cricket Stadium, Guwahati",172.75,0.5,52.888888888888886,69.11111111111111,45.22222222222222
1473449,2025-03-31,Kolkata Knight Riders,Mumbai Indians,"Wankhede Stadium, Mumbai",177.11111111111111,0.6,48.74444444444445,76.41111111111111,48.03333333333333
1473449,2025-03-31,Mumbai Indians,Kolkata Knight Riders,"Wankhede Stadium, Mumbai",177.11111111111111,0.6,48.65934065934066,76.23076923076923,47.67032967032967
1473450,2025-04-01,Lucknow Super Giants,Punjab Kings,"Bharat Ratna Shri Atal Bihari Vajpayee Ekana Cricket Stadium, Lucknow",168.53846153846155,0.46153846153846156,48.92307692307692,68.73076923076923,42.69230769230769
1473450,2025-04-01,Punjab Kings,Lucknow Super Giants,"Bharat Ratna Shri Atal Bihari Vajpayee Ekana Cricket Stadium, Lucknow",168.53846153846155,0.46153846153846156,48.55555555555556,69.07407407407408,43.111111111111114
1473451,2025-04-02,Royal Challengers Bengaluru,Gujarat Titans,"M Chinnaswamy Stadium, Bengaluru",196.21428571428572,0.42857142857142855,55.392857142857146,84.75,49.92857142857143
1473451,2025-04-02,Gujarat Titans,Royal Challengers Bengaluru,"M Chinnaswamy Stadium, Bengaluru",196.21428571428572,0.42857142857142855,54.793103448275865,84.13793103448276,50.41379310344828
1473452,2025-04-03,Kolkata Knight Riders,Sunrisers Hyderabad,"Eden Gardens, Kolkata",194.35294117647058,0.5294117647058824,60.94117647058823,78.88235294117646,49.470588235294116
1473452,2025-04-03,Sunrisers Hyderabad,Kolkata Knight Riders,"Eden Gardens, Kolkata",194.35294117647058,0.5294117647058824,60.714285714285715,78.6,50.285714285714285
1473453,2025-04-04,Lucknow Super Giants,Mumbai Indians,"Bharat Ratna Shri Atal Bihari Vajpayee Ekana Cricket Stadium, Lucknow",168.71428571428572,0.5,49.035714285714285,69.92857142857143,42.357142857142854
1473453,2025-04-04,Mumbai Indians,Lucknow Super Giants,"Bharat Ratna Shri Atal Bihari Vajpayee Ekana Cricket Stadium, Lucknow",168.71428571428572,0.5,49.724137931034484,70.17241379310344,42.86206896551724
1473455,2025-04-05,Punjab Kings,Rajasthan Royals,"Maharaja Yadavindra Singh International Cricket Stadium, Mullanpur",167.4,0.6,45.6,69.0,52.9
1473455,2025-04-05,Rajasthan Royals,Punjab Kings,"Maharaja Yadavindra Singh International Cricket Stadium, Mullanpur",167.4,0.6,45.36363636363637,70.72727272727273,50.27272727272727
1473454,2025-04-05,Chennai Super Kings,Delhi Capitals,"MA Chidambaram Stadium, Chepauk, Chennai",165.26666666666668,0.5,50.8,65.05,42.583333333333336
1473454,2025-04-05,Delhi Capitals,Chennai Super Kings,"MA Chidambaram Stadium, Chepauk, Chennai",165.26666666666668,0.5,50.721311475409834,64.9672131147541,42.73770491803279
1473457,2025-04-06,Sunrisers Hyderabad,Gujarat Titans,"Rajiv Gandhi International Stadium, Uppal, Hyderabad",195.0,0.4666666666666667,58.766666666666666,81.76666666666667,47.93333333333333
1473457,2025-04-06,Gujarat Titans,Sunrisers Hyderabad,"Rajiv Gandhi International Stadium, Uppal, Hyderabad",195.0,0.4666666666666667,58.32258064516129,81.06451612903226,47.903225806451616
1473458,2025-04-07,Royal Challengers Bengaluru,Mumbai Indians,"Wankhede Stadium, Mumbai",175.7826086956522,0.6086956521739131,48.72826086956522,76.1195652173913,47.15217391304348
1473458,2025-04-07,Mumbai Indians,Royal Challengers Bengaluru,"Wankhede Stadium, Mumbai",175.7826086956522,0.6086956521739131,48.98924731182796,76.13978494623656,47.39784946236559
1473459,2025-04-08,Chennai Super Kings,Punjab Kings,"Maharaja Yadavindra Singh International Cricket Stadium, Mullanpur",173.66666666666666,0.5,46.0,72.25,51.333333333333336
1473459,2025-04-08,Punjab Kings,Chennai Super Kings,"Maharaja Yadavindra Singh International Cricket Stadium, Mullanpur",173.66666666666666,0.5,47.0,73.3076923076923,51.69230769230769
1473456,2025-04-08,Lucknow Super Giants,Kolkata Knight Riders,"Eden Gardens, Kolkata",194.66666666666666,0.5,59.94444444444444,78.66666666666667,49.05555555555556
1473456,2025-04-08,Kolkata Knight Riders,Lucknow Super Giants,"Eden Gardens, Kolkata",194.66666666666666,0.5,59.91891891891892,79.54054054054055,49.567567567567565
1473460,2025-04-09,Gujarat Titans,Rajasthan Royals,"Narendra Modi Stadium, Ahmedabad",179.1153846153846,0.5769230769230769,50.94230769230769,76.71153846153847,45.05769230769231
1473460,2025-04-09,Rajasthan Royals,Gujarat Titans,"Narendra Modi Stadium, Ahmedabad",179.1153846153846,0.5769230769230769,51.0377358490566,76.94339622641509,45.56603773584906
1473461,2025-04-10,Royal Challengers Bengaluru,Delhi Capitals,"M Chinnaswamy Stadium, Bengaluru",194.4,0.4666666666666667,54.36666666666667,84.4,49.93333333333333
1473461,2025-04-10,Delhi Capitals,Royal Challengers Bengaluru,"M Chinnaswamy Stadium, Bengaluru",194.4,0.4666666666666667,54.67741935483871,83.38709677419355,49.806451612903224
1473462,2025-04-11,Chennai Super Kings,Kolkata Knight Riders,"MA Chidambaram Stadium, Chepauk, Chennai",165.83870967741936,0.4838709677419355,50.725806451612904,65.3225806451613,42.774193548387096
1473462,2025-04-11,Kolkata Knight Riders,Chennai Super Kings,"MA Chidambaram Stadium, Chepauk, Chennai",165.83870967741936,0.4838709677419355,50.41269841269841,64.96825396825396,42.55555555555556
1473464,2025-04-12,Punjab Kings,Sunrisers Hyderabad,"Rajiv Gandhi International Stadium, Uppal, Hyderabad",192.3125,0.5,58.0,81.09375,47.125
1473464,2025-04-12,Sunrisers Hyderabad,Punjab Kings,"Rajiv Gandhi International Stadium, Uppal, Hyderabad",192.3125,0.5,58.93939393939394,81.3030303030303,47.75757575757576
1473463,2025-04-12,Lucknow Super Giants,Gujarat Titans,"Bharat Ratna Shri Atal Bihari Vajpayee Ekana Cricket Stadium, Lucknow",171.0,0.4666666666666667,50.2,70.46666666666667,43.03333333333333
1473463,2025-04-12,Gujarat Titans,Lucknow Super Giants,"Bharat Ratna Shri Atal Bihari Vajpayee Ekana Cricket Stadium, Lucknow",171.0,0.4666666666666667,50.54838709677419,71.19354838709677,42.67741935483871
1473465,2025-04-13,Rajasthan Royals,Royal Challengers Bengaluru,"Sawai Mansingh Stadium, Jaipur",179.5,0.5,48.15,76.9,46.0
1473465,2025-04-13,Royal Challengers Bengaluru,Rajasthan Royals,"Sawai Mansingh Stadium, Jaipur",179.5,0.5,48.0,76.52380952380952,46.61904761904762
1473466,2025-04-13,Mumbai Indians,Delhi Capitals,"Arun Jaitley Stadium, Delhi",199.0625,0.4375,59.59375,78.5,52.25
1473466,2025-04-13,Delhi Capitals,Mumbai Indians,"Arun Jaitley Stadium, Delhi",199.0625,0.4375,59.57575757575758,78.75757575757575,52.45454545454545
1473467,2025-04-14,Lucknow Super Giants,Chennai Super Kings,"Bharat Ratna Shri Atal Bihari Vajpayee Ekana Cricket Stadium, Lucknow",171.5625,0.5,50.65625,71.5,42.75
1473467,2025-04-14,Chennai Super Kings,Lucknow Super Giants,"Bharat Ratna Shri Atal Bihari Vajpayee Ekana Cricket Stadium, Lucknow",171.5625,0.5,50.39393939393939,71.36363636363636,43.18181818181818
1473468,2025-04-15,Punjab Kings,Kolkata Knight Riders,"Maharaja Yadavindra Singh International Cricket Stadium, Mullanpur",180.14285714285714,0.42857142857142855,49.0,74.42857142857143,51.92857142857143
1473468,2025-04-15,Kolkata Knight Riders,Punjab Kings,"Maharaja Yadavindra Singh International Cricket Stadium, Mullanpur",180.14285714285714,0.42857142857142855,49.333333333333336,73.13333333333334,48.6
1473469,2025-04-16,Delhi Capitals,Rajasthan Royals,"Arun Jaitley Stadium, Delhi",199.41176470588235,0.4117647058823529,59.94117647058823,78.97058823529412,51.94117647058823
1473469,2025-04-16,Rajasthan Royals,Delhi Capitals,"Arun Jaitley Stadium, Delhi",199.41176470588235,0.4117647058823529,59.542857142857144,78.57142857142857,52.65714285714286
1473470,2025-04-17,Sunrisers Hyderabad,Mumbai Indians,"Wankhede Stadium, Mumbai",176.74468085106383,0.5957446808510638,49.04255319148936,76.42553191489361,47.4468085106383
1473470,2025-04-17,Mumbai Indians,Sunrisers Hyderabad,"Wankhede Stadium, Mumbai",176.74468085106383,0.5957446808510638,49.01052631578948,76.2421052631579,47.54736842105263
1473471,2025-04-18,Punjab Kings,Royal Challengers Bengaluru,"M Chinnaswamy Stadium, Bengaluru",192.4375,0.5,54.1875,83.34375,49.75
1473471,2025-04-18,Royal Challengers Bengaluru,Punjab Kings,"M Chinnaswamy Stadium, Bengaluru",192.4375,0.5,53.93939393939394,82.39393939393939,48.24242424242424
1473473,2025-04-19,Lucknow Super Giants,Rajasthan Royals,"Sawai Mansingh Stadium, Jaipur",178.9090909090909,0.5454545454545454,48.77272727272727,76.72727272727273,45.81818181818182
1473473,2025-04-19,Rajasthan Royals,Lucknow Super Giants,"Sawai Mansingh Stadium, Jaipur",178.9090909090909,0.5454545454545454,48.65217391304348,76.65217391304348,46.391304347826086
1473472,2025-04-19,Delhi Capitals,Gujarat Titans,"Narendra Modi Stadium, Ahmedabad",180.5185185185185,0.5555555555555556,51.148148148148145,77.03703703703704,45.092592592592595
1473472,2025-04-19,Gujarat Titans,Delhi Capitals,"Narendra Modi Stadium, Ahmedabad",180.5185185185185,0.5555555555555556,51.54545454545455,77.03636363636363,45.236363636363635
1473474,2025-04-20,Punjab Kings,Royal Challengers Bengaluru,"Maharaja Yadavindra Singh International Cricket Stadium, Mullanpur",171.5,0.375,49.6875,71.0625,45.5625
1473474,2025-04-20,Royal Challengers Bengaluru,Punjab Kings,"Maharaja Yadavindra Singh International Cricket Stadium, Mullanpur",171.5,0.375,50.411764705882355,70.23529411764706,45.11764705882353
1473475,2025-04-20,Chennai Super Kings,Mumbai Indians,"Wankhede Stadium, Mumbai",176.4375,0.6041666666666666,49.072916666666664,76.30208333333333,47.354166666666664
1473475,2025-04-20,Mumbai Indians,Chennai Super Kings,"Wankhede Stadium, Mumbai",176.4375,0.6041666666666666,49.06185567010309,76.23711340206185,47.4639175257732
1473476,2025-04-21,Gujarat Titans,Kolkata Knight Riders,"Eden Gardens, Kolkata",196.94736842105263,0.47368421052631576,60.71052631578947,79.63157894736842,49.86842105263158
1473476,2025-04-21,Kolkata Knight Riders,Gujarat Titans,"Eden Gardens, Kolkata",196.94736842105263,0.47368421052631576,60.30769230769231,80.0,50.1025641025641
1473477,2025-04-22,Lucknow Super Giants,Delhi Capitals,"Bharat Ratna Shri Atal Bihari Vajpayee Ekana Cricket Stadium, Lucknow",171.23529411764707,0.5294117647058824,50.64705882352941,70.79411764705883,43.588235294117645
1473477,2025-04-22,Delhi Capitals,Lucknow Super Giants,"Bharat Ratna Shri Atal Bihari Vajpayee Ekana Cricket Stadium, Lucknow",171.23529411764707,0.5294117647058824,50.65714285714286,70.68571428571428,43.51428571428571
1473478,2025-04-23,Sunrisers Hyderabad,Mumbai Indians,"Rajiv Gandhi International Stadium, Uppal, Hyderabad",195.41176470588235,0.5294117647058824,59.64705882352941,82.5,47.588235294117645
1473478,2025-04-23,Mumbai Indians,Sunrisers Hyderabad,"Rajiv Gandhi International Stadium, Uppal, Hyderabad",195.41176470588235,0.5294117647058824,58.628571428571426,82.02857142857142,47.74285714285714
1473479,2025-04-24,Royal Challengers Bengaluru,Rajasthan Royals,"M Chinnaswamy Stadium, Bengaluru",186.7058823529412,0.5294117647058824,53.3235294117647,81.79411764705883,46.8235294117647
1473479,2025-04-24,Rajasthan Royals,Royal Challengers Bengaluru,"M Chinnaswamy Stadium, Bengaluru",186.7058823529412,0.5294117647058824,53.48571428571429,82.22857142857143,46.885714285714286
1473480,2025-04-25,Chennai Super Kings,Sunrisers Hyderabad,"MA Chidambaram Stadium, Chepauk, Chennai",163.875,0.5,50.734375,64.515625,41.890625
1473480,2025-04-25,Sunrisers Hyderabad,Chennai Super Kings,"MA Chidambaram Stadium, Chepauk, Chennai",163.875,0.5,50.723076923076924,64.70769230769231,41.66153846153846
1473481,2025-04-26,Kolkata Knight Riders,Punjab Kings,"Eden Gardens, Kolkata",197.0,0.45,59.925,79.725,49.975
1473481,2025-04-26,Punjab Kings,Kolkata Knight Riders,"Eden Gardens, Kolkata",197.0,0.45,58.63414634146341,77.78048780487805,48.75609756097561
1473482,2025-04-27,Mumbai Indians,Lucknow Super Giants,"Wankhede Stadium, Mumbai",176.42857142857142,0.6122448979591837,49.19387755102041,76.42857142857143,47.183673469387756
1473482,2025-04-27,Lucknow Super Giants,Mumbai Indians,"Wankhede Stadium, Mumbai",176.42857142857142,0.6122448979591837,49.36363636363637,76.57575757575758,47.292929292929294
1473483,2025-04-27,Delhi Capitals,Royal Challengers Bengaluru,"Arun Jaitley Stadium, Delhi",198.77777777777777,0.3888888888888889,59.638888888888886,78.30555555555556,52.75
1473483,2025-04-27,Royal Challengers Bengaluru,Delhi Capitals,"Arun Jaitley Stadium, Delhi",198.77777777777777,0.3888888888888889,59.432432432432435,77.70270270270271,52.78378378378378
1473484,2025-04-28,Gujarat Titans,Rajasthan Royals,"Sawai Mansingh Stadium, Jaipur",179.0,0.5,49.166666666666664,76.54166666666667,46.25
1473484,2025-04-28,Rajasthan Royals,Gujarat Titans,"Sawai Mansingh Stadium, Jaipur",179.0,0.5,49.32,77.32,46.8
1473485,2025-04-29,Delhi Capitals,Kolkata Knight Riders,"Arun Jaitley Stadium, Delhi",196.8421052631579,0.42105263157894735,58.78947368421053,77.73684210526316,52.73684210526316
1473485,2025-04-29,Kolkata Knight Riders,Delhi Capitals,"Arun Jaitley Stadium, Delhi",196.8421052631579,0.42105263157894735,58.76923076923077,78.0,52.51282051282051
1473486,2025-04-30,Chennai Super Kings,Punjab Kings,"MA Chidambaram Stadium, Chepauk, Chennai",163.57575757575756,0.5151515151515151,50.515151515151516,64.89393939393939,41.65151515151515
1473486,2025-04-30,Punjab Kings,Chennai Super Kings,"MA Chidambaram Stadium, Chepauk, Chennai",163.57575757575756,0.5151515151515151,50.47761194029851,65.2089552238806,41.865671641791046
1473487,2025-05-01,Mumbai Indians,Rajasthan Royals,"Sawai Mansingh Stadium, Jaipur",181.30769230769232,0.5384615384615384,50.76923076923077,78.65384615384616,45.5
1473487,2025-05-01,Rajasthan Royals,Mumbai Indians,"Sawai Mansingh Stadium, Jaipur",181.30769230769232,0.5384615384615384,51.03703703703704,79.0,46.44444444444444
1473488,2025-05-02,Gujarat Titans,Sunrisers Hyderabad,"Narendra Modi Stadium, Ahmedabad",181.32142857142858,0.5714285714285714,51.82142857142857,77.28571428571429,45.25
1473488,2025-05-02,Sunrisers Hyderabad,Gujarat Titans,"Narendra Modi Stadium, Ahmedabad",181.32142857142858,0.5714285714285714,52.35087719298246,77.33333333333333,45.54385964912281
1473489,2025-05-03,Royal Challengers Bengaluru,Chennai Super Kings,"M Chinnaswamy Stadium, Bengaluru",187.72222222222223,0.5,54.0,82.05555555555556,46.861111111111114
1473489,2025-05-03,Chennai Super Kings,Royal Challengers Bengaluru,"M Chinnaswamy Stadium, Bengaluru",187.72222222222223,0.5,54.45945945945946,81.8108108108108,47.45945945945946
1473491,2025-05-04,Lucknow Super Giants,Punjab Kings,"Himachal Pradesh Cricket Association Stadium, Dharamsala",202.0,0.25,56.375,77.375,55.625
1473491,2025-05-04,Punjab Kings,Lucknow Super Giants,"Himachal Pradesh Cricket Association Stadium, Dharamsala",202.0,0.25,54.333333333333336,80.44444444444444,55.666666666666664
1473490,2025-05-04,Kolkata Knight Riders,Rajasthan Royals,"Eden Gardens, Kolkata",197.1904761904762,0.42857142857142855,58.57142857142857,78.42857142857143,48.54761904761905
1473490,2025-05-04,Rajasthan Royals,Kolkata Knight Riders,"Eden Gardens, Kolkata",197.1904761904762,0.42857142857142855,58.51162790697674,78.11627906976744,49.395348837209305
1473493,2025-05-06,Mumbai Indians,Gujarat Titans,"Wankhede Stadium, Mumbai",177.2,0.6,49.47,76.61,47.03
1473493,2025-05-06,Gujarat Titans,Mumbai Indians,"Wankhede Stadium, Mumbai",177.2,0.6,49.53465346534654,76.44554455445545,46.95049504950495
1473494,2025-05-07,Kolkata Knight Riders,Chennai Super Kings,"Eden Gardens, Kolkata",197.5909090909091,0.4090909090909091,58.52272727272727,78.52272727272727,49.40909090909091
1473494,2025-05-07,Chennai Super Kings,Kolkata Knight Riders,"Eden Gardens, Kolkata",197.5909090909091,0.4090909090909091,58.71111111111111,78.04444444444445,49.53333333333333
1473498,2025-05-18,Delhi Capitals,Gujarat Titans,"Arun Jaitley Stadium, Delhi",197.2,0.4,59.275,78.05,52.325
1473498,2025-05-18,Gujarat Titans,Delhi Capitals,"Arun Jaitley Stadium, Delhi",197.2,0.4,58.926829268292686,78.36585365853658,52.58536585365854
1473497,2025-05-18,Punjab Kings,Rajasthan Royals,"Sawai Mansingh Stadium, Jaipur",183.85714285714286,0.5,51.42857142857143,78.0,44.92857142857143
1473497,2025-05-18,Rajasthan Royals,Punjab Kings,"Sawai Mansingh Stadium, Jaipur",183.85714285714286,0.5,51.6551724137931,78.37931034482759,45.86206896551724
1473499,2025-05-19,Sunrisers Hyderabad,Lucknow Super Giants,"Bharat Ratna Shri Atal Bihari Vajpayee Ekana Cricket Stadium, Lucknow",170.55555555555554,0.5555555555555556,50.75,70.75,43.25
1473499,2025-05-19,Lucknow Super Giants,Sunrisers Hyderabad,"Bharat Ratna Shri Atal Bihari Vajpayee Ekana Cricket Stadium, Lucknow",170.55555555555554,0.5555555555555556,51.32432432432432,71.51351351351352,43.027027027027025
1473500,2025-05-20,Chennai Super Kings,Rajasthan Royals,"Arun Jaitley Stadium, Delhi",197.28571428571428,0.42857142857142855,58.92857142857143,78.76190476190476,52.54761904761905
1473500,2025-05-20,Rajasthan Royals,Chennai Super Kings,"Arun Jaitley Stadium, Delhi",197.28571428571428,0.42857142857142855,59.13953488372093,78.74418604651163,52.27906976744186
1473501,2025-05-21,Mumbai Indians,Delhi Capitals,"Wankhede Stadium, Mumbai",176.76470588235293,0.6078431372549019,49.333333333333336,76.51960784313725,46.8235294117647
1473501,2025-05-21,Delhi Capitals,Mumbai Indians,"Wankhede Stadium, Mumbai",176.76470588235293,0.6078431372549019,49.37864077669903,76.35922330097087,47.00970873786408
1473502,2025-05-22,Gujarat Titans,Lucknow Super Giants,"Narendra Modi Stadium, Ahmedabad",182.79310344827587,0.5517241379310345,52.43103448275862,77.41379310344827,45.56896551724138
1473502,2025-05-22,Lucknow Super Giants,Gujarat Titans,"Narendra Modi Stadium, Ahmedabad",182.79310344827587,0.5517241379310345,52.67796610169491,77.76271186440678,45.42372881355932
1473503,2025-05-23,Royal Challengers Bengaluru,Sunrisers Hyderabad,"Bharat Ratna Shri Atal Bihari Vajpayee Ekana Cricket Stadium, Lucknow",172.3684210526316,0.5789473684210527,51.78947368421053,71.65789473684211,43.44736842105263
1473503,2025-05-23,Sunrisers Hyderabad,Royal Challengers Bengaluru,"Bharat Ratna Shri Atal Bihari Vajpayee Ekana Cricket Stadium, Lucknow",172.3684210526316,0.5789473684210527,52.30769230769231,72.25641025641026,42.8974358974359
1485779,2025-05-24,Punjab Kings,Delhi Capitals,"Sawai Mansingh Stadium, Jaipur",186.2,0.4666666666666667,52.9,77.93333333333334,46.166666666666664
1485779,2025-05-24,Delhi Capitals,Punjab Kings,"Sawai Mansingh Stadium, Jaipur",186.2,0.4666666666666667,53.12903225806452,78.06451612903226,46.74193548387097
1473504,2025-05-25,Chennai Super Kings,Gujarat Titans,"Narendra Modi Stadium, Ahmedabad",184.53333333333333,0.5333333333333333,52.68333333333333,78.25,45.916666666666664
1473504,2025-05-25,Gujarat Titans,Chennai Super Kings,"Narendra Modi Stadium, Ahmedabad",184.53333333333333,0.5333333333333333,52.9344262295082,78.52459016393442,46.26229508196721
1473505,2025-05-25,Sunrisers Hyderabad,Kolkata Knight Riders,"Arun Jaitley Stadium, Delhi",196.8181818181818,0.45454545454545453,59.06818181818182,79.0909090909091,51.95454545454545
1473505,2025-05-25,Kolkata Knight Riders,Sunrisers Hyderabad,"Arun Jaitley Stadium, Delhi",196.8181818181818,0.45454545454545453,59.51111111111111,80.11111111111111,52.44444444444444
1473506,2025-05-26,Mumbai Indians,Punjab Kings,"Sawai Mansingh Stadium, Jaipur",187.4375,0.5,53.375,78.5625,46.9375
1473506,2025-05-26,Punjab Kings,Mumbai Indians,"Sawai Mansingh Stadium, Jaipur",187.4375,0.5,53.333333333333336,78.57575757575758,47.121212121212125
1473507,2025-05-27,Royal Challengers Bengaluru,Lucknow Super Giants,"Bharat Ratna Shri Atal Bihari Vajpayee Ekana Cricket Stadium, Lucknow",175.3,0.55,52.775,72.875,43.4
1473507,2025-05-27,Lucknow Super Giants,Royal Challengers Bengaluru,"Bharat Ratna Shri Atal Bihari Vajpayee Ekana Cricket Stadium, Lucknow",175.3,0.55,53.09756097560975,73.8048780487805,43.63414634146341
1473508,2025-05-29,Punjab Kings,Royal Challengers Bengaluru,"Maharaja Yadavindra Singh International Cricket Stadium, Mullanpur",169.88888888888889,0.4444444444444444,50.611111111111114,70.11111111111111,44.666666666666664
1473508,2025-05-29,Royal Challengers Bengaluru,Punjab Kings,"Maharaja Yadavindra Singh International Cricket Stadium, Mullanpur",169.88888888888889,0.4444444444444444,50.473684210526315,69.21052631578948,42.31578947368421
1473509,2025-05-30,Mumbai Indians,Gujarat Titans,"Maharaja Yadavindra Singh International Cricket Stadium, New Chandigarh",,,,,
1473509,2025-05-30,Gujarat Titans,Mumbai Indians,"Maharaja Yadavindra Singh International Cricket Stadium, New Chandigarh",,,79.0,81.0,68.0
1473510,2025-06-01,Mumbai Indians,Punjab Kings,"Narendra Modi Stadium, Ahmedabad",186.0,0.5161290322580645,52.645161290322584,78.70967741935483,45.87096774193548
1473510,2025-06-01,Punjab Kings,Mumbai Indians,"Narendra Modi Stadium, Ahmedabad",186.0,0.5161290322580645,52.84126984126984,78.74603174603175,46.04761904761905
1473511,2025-06-03,Royal Challengers Bengaluru,Punjab Kings,"Narendra Modi Stadium, Ahmedabad",186.53125,0.53125,53.015625,78.8125,46.265625
1473511,2025-06-03,Punjab Kings,Royal Challengers Bengaluru,"Narendra Modi Stadium, Ahmedabad",186.53125,0.53125,53.04615384615385,78.78461538461538,46.44615384615385
